"ReportId","CommitteeCode","CommitteeName","CommitteeType","CandidateName","IsStateWide","IsGeneralAssembly","IsLocal","Party","FecNumber","ReportYear","FilingDate","StartDate","EndDate","AddressLine1","AddressLine2","AddressLine3","City","StateCode","ZipCode","FilingType","IsFinalReport","IsAmendment","AmendmentCount","SubmitterPhone","SubmitterEmail","ElectionCycle","ElectionCycleStartDate","ElectionCycleEndDate","OfficeSought","District","NoActivity","BalanceLastReportingPeriod","DateOfReferendum","SubmittedDate","AccountId","DueDate","IsXmlUpload","ReportUID"
"508333","PAC-12-00209","Democratic Asian Americans of Virginia","Political Action Committee","","False","False","False","","","2026","2026-10-08 18:13:02.663000000","2026-09-01 00:00:00","2026-10-07 00:00:00","3757 Madison Lane","","","Falls Church","VA","22041","Report","False","False","0","7033710023","rccmason@gmail.com","","2026-01-01 00:00:00","2026-12-31 00:00:00","","","True","1108.10","","2026-10-08 18:13:28.513000000","{C387D8FE-D874-E111-86D3-984BE103F032}","2026-10-15 23:59:59","False","{6B5D7C8C-A0D2-4FC3-F14B-F98CEB7897EF}"
"508334","CC-26-00620","Kate Spence for Clerk","Candidate Campaign Committee","Kathryn Lindsay Spence","False","False","True","Independent","","2026","2026-10-08 18:20:21.457000000","2026-07-24 00:00:00","2026-08-31 00:00:00","PO Box 148","","","Nottoway","VA","23955","Report","False","False","0","4342947530","kls511@icloud.com","11/2026","2019-01-01 00:00:00","2026-12-31 00:00:00","Clerk Of Court","","True",".00","","2026-10-08 18:21:01.410000000","{8AF85F9F-BFB6-4CAD-BF36-5C9EA752B8DA}","2026-09-15 23:59:59","False","{22E506E2-CD31-50C1-6908-6DE1DFA9B8E4}"
"508335","CC-24-00187","Friends of Aaron Weaver","Candidate Campaign Committee","Mr Aaron T Weaver","False","False","True","Independent","","2026","2026-10-08 18:22:37.177000000","2026-09-01 00:00:00","2026-09-30 00:00:00","379 Catalpa Avenue","","","Hampton","VA","23661","Report","False","False","0","757-968-0971","1aaronweaver@gmail.com","11/2026","2023-01-01 00:00:00","2026-12-31 00:00:00","Member City Council","","False","410.54","","2026-10-08 18:25:20.130000000","{2D7F80F5-18C9-449B-89B3-F6B4AD38D55C}","2026-10-15 23:59:59","False","{A137960F-BD83-323B-BDA2-73674B7E8E3E}"
"508336","PAC-12-00363","Ferguson Victory Fund","Political Action Committee","","False","False","False","","","2026","2026-10-08 18:28:01.840000000","2026-09-01 00:00:00","2026-10-07 00:00:00","4458 1st Place South","","","Arlington","VA","22204","Report","False","False","0","703 859 0661","paulferguson196@gmail.com","","2026-01-01 00:00:00","2026-12-31 00:00:00","","","False","1311.11","","2026-10-08 18:30:06.077000000","{720401E8-457F-E111-9BED-984BE103F032}","2026-10-15 23:59:59","False","{DE84E3D3-D2A7-640C-0153-4E8246DD6FB8}"
"508337","CC-18-00033","Friends of Kelly Burk","Candidate Campaign Committee","Ms. C.B Kelly Burke Burk","False","False","True","Democratic","","2026","2026-10-08 18:42:15.690000000","2026-09-01 00:00:00","2026-09-30 00:00:00","111 Carlton Street Southwest","","","Leesburg","VA","20175","Report","False","False","0","7034314728","Kellyburk2011@gmail.com","11/2026","2025-01-01 00:00:00","2026-12-31 00:00:00","Mayor - Leesburg","Town - Leesburg","False","64959.14","","2026-10-08 18:43:26.297000000","{B62D24CC-A202-E811-8018-984BE103F032}","2026-10-15 23:59:59","False","{05F7C8F9-1D7A-48CD-3381-EAD61A749FA7}"
"508338","PP-12-00053","Albemarle County Democratic Committee","Political Party Committee","","False","False","False","","","2026","2026-10-08 18:44:16.537000000","2026-07-01 00:00:00","2026-09-30 00:00:00","PO Box 5698","","","Charlottesville","VA","22905","Report","False","False","0","","TreasurerACDC@gmail.com","","2026-01-01 00:00:00","2026-12-31 00:00:00","","","False","131660.05","","2026-10-08 18:47:43.523000000","{721A354E-6677-E111-86D3-984BE103F032}","2026-10-15 23:59:59","False","{26B11F2E-1FF4-DE9A-EA53-636DF23797C3}"
"508339","PAC-14-00231","One Commonwealth PAC","Political Action Committee","","False","False","False","","","2026","2026-10-08 18:45:32.540000000","2026-09-01 00:00:00","2026-10-07 00:00:00","1103 Johanna Bay Drive","","","Midlothian","VA","23114","Report","False","False","0","7578972015","elise@blueridgecampaigns.com","","2026-01-01 00:00:00","2026-12-31 00:00:00","","","False","20962.89","","2026-10-08 18:47:53.097000000","{3ED899CC-9CFB-E311-93F7-984BE103F032}","2026-10-15 23:59:59","False","{B89297BE-E153-BA0D-CC34-C24ED18F1811}"
"508341","PAC-14-00231","One Commonwealth PAC","Political Action Committee","","False","False","False","","","2026","2026-10-08 18:59:01.980000000","2026-10-08 00:00:00","2026-10-08 00:00:00","P.O. Box 1753","","","Richmond","VA","23218","Large Expenditure Report","False","False","0","7578972015","elise@blueridgecampaigns.com","","2026-01-01 00:00:00","2026-12-31 00:00:00","","","False","","","2026-10-08 18:59:57.687000000","{3ED899CC-9CFB-E311-93F7-984BE103F032}","2026-10-09 23:59:59","False","{2FBDCAAB-543E-B0A0-25D6-B218D920419E}"
"508342","PAC-14-00231","One Commonwealth PAC","Political Action Committee","","False","False","False","","","2026","2026-10-08 19:00:18.810000000","2026-10-08 00:00:00","2026-10-08 00:00:00","P.O. Box 1753","","","Richmond","VA","23218","Large Expenditure Report","False","False","0","7578972015","elise@blueridgecampaigns.com","","2026-01-01 00:00:00","2026-12-31 00:00:00","","","False","","","2026-10-08 19:01:21.470000000","{3ED899CC-9CFB-E311-93F7-984BE103F032}","2026-10-09 23:59:59","False","{EF467ABA-9F77-78B6-73CE-D372AC34A5F5}"
"508345","PAC-22-00068","Virginia Future Generations PAC","Political Action Committee","","False","False","False","","","2026","2026-10-08 19:07:28.963000000","2026-10-08 00:00:00","2026-10-08 00:00:00","2628 Anwell Dr.","","","Richmond","VA","23235","Large Expenditure Report","False","False","0","2025520221","donscott@mbacg.com","","2026-01-01 00:00:00","2026-12-31 00:00:00","","","False","","","2026-10-09 10:56:06.013000000","{A545BB9C-838D-4A1E-84EF-6D6302189763}","2026-10-09 23:59:59","False","{5BC9D677-B466-2239-CB49-E0C7C1D52C91}"
"508346","PAC-12-00569","HCA For Good Government","Political Action Committee","","False","False","False","","","2026","2026-10-08 19:12:59.313000000","2026-10-08 00:00:00","2026-10-08 00:00:00","901 E. Cary Street","Suite 2100","","Richmond","VA","23219","Large Contribution Report","False","False","0","(804) 327-7624","vival.weatherford@hcahealthcare.com","","2026-01-01 00:00:00","2026-12-31 00:00:00","","","False","","","2026-10-08 19:17:21.130000000","{F451339A-0F84-E111-9BED-984BE103F032}","2026-10-09 23:59:59","True","{CB6FA0DD-6F26-AB29-DEEB-7698194B989F}"
"508347","PAC-12-00569","HCA For Good Government","Political Action Committee","","False","False","False","","","2026","2026-10-08 19:12:59.360000000","2026-10-08 00:00:00","2026-10-08 00:00:00","901 E. Cary Street","Suite 2100","","Richmond","VA","23219","Large Contribution Report","False","False","0","(804) 327-7624","vival.weatherford@hcahealthcare.com","","2026-01-01 00:00:00","2026-12-31 00:00:00","","","False","","","2026-10-08 19:17:10.193000000","{F451339A-0F84-E111-9BED-984BE103F032}","2026-10-09 23:59:59","True","{530BA172-6AA9-1387-F5A4-0B468E7C24C2}"
"508348","PAC-12-00569","HCA For Good Government","Political Action Committee","","False","False","False","","","2026","2026-10-08 19:12:59.423000000","2026-10-08 00:00:00","2026-10-08 00:00:00","901 E. Cary Street","Suite 2100","","Richmond","VA","23219","Large Contribution Report","False","False","0","(804) 327-7624","vival.weatherford@hcahealthcare.com","","2026-01-01 00:00:00","2026-12-31 00:00:00","","","False","","","2026-10-08 19:16:59.440000000","{F451339A-0F84-E111-9BED-984BE103F032}","2026-10-09 23:59:59","True","{22F75AFE-037D-31C4-7A5E-ABC860126256}"
"508349","PAC-12-00569","HCA For Good Government","Political Action Committee","","False","False","False","","","2026","2026-10-08 19:12:59.470000000","2026-10-08 00:00:00","2026-10-08 00:00:00","901 E. Cary Street","Suite 2100","","Richmond","VA","23219","Large Contribution Report","False","False","0","(804) 327-7624","vival.weatherford@hcahealthcare.com","","2026-01-01 00:00:00","2026-12-31 00:00:00","","","False","","","2026-10-08 19:16:44.700000000","{F451339A-0F84-E111-9BED-984BE103F032}","2026-10-09 23:59:59","True","{D66A33C1-FE26-4109-5234-365B9A8E1B90}"
"508350","PAC-12-00569","HCA For Good Government","Political Action Committee","","False","False","False","","","2026","2026-10-08 19:12:59.517000000","2026-10-08 00:00:00","2026-10-08 00:00:00","901 E. Cary Street","Suite 2100","","Richmond","VA","23219","Large Contribution Report","False","False","0","(804) 327-7624","vival.weatherford@hcahealthcare.com","","2026-01-01 00:00:00","2026-12-31 00:00:00","","","False","","","2026-10-08 19:16:29.800000000","{F451339A-0F84-E111-9BED-984BE103F032}","2026-10-09 23:59:59","True","{A46E5AA4-DD39-8DAA-4E67-6A516FAC25E4}"
"508351","PAC-12-00569","HCA For Good Government","Political Action Committee","","False","False","False","","","2026","2026-10-08 19:12:59.563000000","2026-10-08 00:00:00","2026-10-08 00:00:00","901 E. Cary Street","Suite 2100","","Richmond","VA","23219","Large Contribution Report","False","False","0","(804) 327-7624","vival.weatherford@hcahealthcare.com","","2026-01-01 00:00:00","2026-12-31 00:00:00","","","False","","","2026-10-08 19:16:21.020000000","{F451339A-0F84-E111-9BED-984BE103F032}","2026-10-09 23:59:59","True","{D9849648-238F-BB3F-3730-BFAAA41B4730}"
"508352","PAC-12-00569","HCA For Good Government","Political Action Committee","","False","False","False","","","2026","2026-10-08 19:12:59.610000000","2026-10-08 00:00:00","2026-10-08 00:00:00","901 E. Cary Street","Suite 2100","","Richmond","VA","23219","Large Contribution Report","False","False","0","(804) 327-7624","vival.weatherford@hcahealthcare.com","","2026-01-01 00:00:00","2026-12-31 00:00:00","","","False","","","2026-10-08 19:16:08.733000000","{F451339A-0F84-E111-9BED-984BE103F032}","2026-10-09 23:59:59","True","{F12732B4-471C-5105-EB06-FC871946CF69}"
"508353","PAC-12-00569","HCA For Good Government","Political Action Committee","","False","False","False","","","2026","2026-10-08 19:12:59.657000000","2026-10-08 00:00:00","2026-10-08 00:00:00","901 E. Cary Street","Suite 2100","","Richmond","VA","23219","Large Contribution Report","False","False","0","(804) 327-7624","vival.weatherford@hcahealthcare.com","","2026-01-01 00:00:00","2026-12-31 00:00:00","","","False","","","2026-10-08 19:15:58.973000000","{F451339A-0F84-E111-9BED-984BE103F032}","2026-10-09 23:59:59","True","{236D21CF-73EE-4EF9-01D2-FF6BDBBD9E81}"
"508354","PAC-12-00569","HCA For Good Government","Political Action Committee","","False","False","False","","","2026","2026-10-08 19:12:59.707000000","2026-10-08 00:00:00","2026-10-08 00:00:00","901 E. Cary Street","Suite 2100","","Richmond","VA","23219","Large Contribution Report","False","False","0","(804) 327-7624","vival.weatherford@hcahealthcare.com","","2026-01-01 00:00:00","2026-12-31 00:00:00","","","False","","","2026-10-08 19:15:51.627000000","{F451339A-0F84-E111-9BED-984BE103F032}","2026-10-09 23:59:59","True","{1A69481C-6D9D-186A-A65B-BB80CFD56DDB}"
"508355","PAC-12-00569","HCA For Good Government","Political Action Committee","","False","False","False","","","2026","2026-10-08 19:12:59.753000000","2026-10-08 00:00:00","2026-10-08 00:00:00","901 E. Cary Street","Suite 2100","","Richmond","VA","23219","Large Contribution Report","False","False","0","(804) 327-7624","vival.weatherford@hcahealthcare.com","","2026-01-01 00:00:00","2026-12-31 00:00:00","","","False","","","2026-10-08 19:15:43.637000000","{F451339A-0F84-E111-9BED-984BE103F032}","2026-10-09 23:59:59","True","{E15B526C-6749-0E6E-1889-54222AF37D84}"
"508356","PAC-12-00569","HCA For Good Government","Political Action Committee","","False","False","False","","","2026","2026-10-08 19:12:59.800000000","2026-10-08 00:00:00","2026-10-08 00:00:00","901 E. Cary Street","Suite 2100","","Richmond","VA","23219","Large Contribution Report","False","False","0","(804) 327-7624","vival.weatherford@hcahealthcare.com","","2026-01-01 00:00:00","2026-12-31 00:00:00","","","False","","","2026-10-08 19:15:35.520000000","{F451339A-0F84-E111-9BED-984BE103F032}","2026-10-09 23:59:59","True","{2D34DB73-5D2C-54B1-8E13-DEBE5D4928DE}"
"508357","PAC-12-00569","HCA For Good Government","Political Action Committee","","False","False","False","","","2026","2026-10-08 19:12:59.847000000","2026-10-08 00:00:00","2026-10-08 00:00:00","901 E. Cary Street","Suite 2100","","Richmond","VA","23219","Large Contribution Report","False","False","0","(804) 327-7624","vival.weatherford@hcahealthcare.com","","2026-01-01 00:00:00","2026-12-31 00:00:00","","","False","","","2026-10-08 19:14:02.013000000","{F451339A-0F84-E111-9BED-984BE103F032}","2026-10-09 23:59:59","True","{CD82596F-D55B-F235-5446-738BF809BDC3}"
"508358","PAC-12-00569","HCA For Good Government","Political Action Committee","","False","False","False","","","2026","2026-10-08 19:12:59.893000000","2026-10-08 00:00:00","2026-10-08 00:00:00","901 E. Cary Street","Suite 2100","","Richmond","VA","23219","Large Contribution Report","False","False","0","(804) 327-7624","vival.weatherford@hcahealthcare.com","","2026-01-01 00:00:00","2026-12-31 00:00:00","","","False","","","2026-10-08 19:13:52.987000000","{F451339A-0F84-E111-9BED-984BE103F032}","2026-10-09 23:59:59","True","{523A9942-E474-3B3A-324B-40AA1D4E5700}"
"508361","CC-26-00620","Kate Spence for Clerk","Candidate Campaign Committee","Kathryn Lindsay Spence","False","False","True","Independent","","2026","2026-10-08 19:30:55.827000000","2026-09-01 00:00:00","2026-09-30 00:00:00","PO Box 148","","","Nottoway","VA","23955","Report","False","False","0","4342947530","kls511@icloud.com","11/2026","2019-01-01 00:00:00","2026-12-31 00:00:00","Clerk Of Court","","False",".00","","2026-10-08 19:31:51.597000000","{8AF85F9F-BFB6-4CAD-BF36-5C9EA752B8DA}","2026-10-15 23:59:59","False","{E783EF8B-CF82-F8AA-D362-BFD2D9F514F8}"
"508363","CC-26-00052","Lisa Lucas-Burke for Portsmouth City Council","Candidate Campaign Committee","Mrs. Lisa Louise Lucas-Burke","False","False","True","Independent","","2026","2026-10-08 19:53:35.267000000","2026-10-07 00:00:00","2026-10-07 00:00:00","1214 County Street","","","Portsmouth","VA","23704","Large Contribution Report","False","False","0","7573282966","senateaide@lucaslodge.com","11/2026","2023-01-01 00:00:00","2026-12-31 00:00:00","Member City Council","","False","","","2026-10-08 19:53:58.083000000","{6D21104D-A474-43E5-A796-0A1FBDD0F339}","2026-10-08 23:59:59","False","{81C24FED-C5EB-6C86-6910-087008B207E5}"
"508367","CC-26-00052","Lisa Lucas-Burke for Portsmouth City Council","Candidate Campaign Committee","Mrs. Lisa Louise Lucas-Burke","False","False","True","Independent","","2026","2026-10-08 19:57:08.897000000","2026-09-01 00:00:00","2026-09-30 00:00:00","1214 County Street","","","Portsmouth","VA","23704","Report","False","True","2","7573282966","senateaide@lucaslodge.com","11/2026","2023-01-01 00:00:00","2026-12-31 00:00:00","Member City Council","","False","20473.21","","2026-10-08 20:00:15.120000000","{6D21104D-A474-43E5-A796-0A1FBDD0F339}","2026-10-15 23:59:59","False","{F129F0D3-FCDD-B52C-B737-FFC71B0EC9F9}"
"507849","CC-26-00216","Friends of Rhoda Blackwell","Candidate Campaign Committee","Rhoda  Blackwell","False","False","True","Independent","","2026","2026-10-06 17:02:06.533000000","2026-09-01 00:00:00","2026-09-30 00:00:00","1501 Overhill Rd","","","Bristol","VA","24201","Report","False","False","0","4235980349","rhoda.blackwell@gmail.com","11/2026","2023-01-01 00:00:00","2026-12-31 00:00:00","Member School Board","","False","369.66","","2026-10-06 17:03:41.947000000","{F6DB3D22-B117-47BA-B9D4-2467031F7B3E}","2026-10-15 23:59:59","False","{CBDB86FB-B720-377A-01F7-60F47A4B0F74}"
"507850","CC-26-00406","Shelley S Butler Barlow for Chuckatuck","Candidate Campaign Committee","Shelley S Butler-Barlow","False","False","True","Independent","","2026","2026-10-06 17:04:48.897000000","2026-09-01 00:00:00","2026-09-30 00:00:00","696 Cherry Grove Rd N","#2116","","Suffolk","VA","23432","Report","False","False","0","7575441846","shellsbb@gmail.com","11/2026","2023-01-01 00:00:00","2026-12-31 00:00:00","Member City Council","Election - Chuckatuck Borough","False","1100.00","","2026-10-06 17:16:48.020000000","{68D62A28-E59B-4321-B51F-C7C9C98FAD60}","2026-10-15 23:59:59","False","{4D8788C2-C557-AD84-0521-C8AFDF25E69A}"
"507852","PP-25-00004","Williamsburg - James City County Republican Committee '25","Political Party Committee","","False","False","False","","","2026","2026-10-06 17:23:57.770000000","2026-07-01 00:00:00","2026-09-30 00:00:00","P.O. Box 2104","","","Williamsburg","VA","23187","Report","False","False","0","413-329-8554","Nburton1945@gmail.com","","2026-01-01 00:00:00","2026-12-31 00:00:00","","","False","16264.34","","2026-10-06 17:25:52.840000000","{7422F79B-E36B-4DCB-9BDA-434E38C9AFB0}","2026-10-15 23:59:59","False","{2176CFEB-4389-FEA0-DDDC-CAF64EC82B7A}"
"507853","RC-26-00004","Virginians for Reproductive Freedom","Referendum Committee","","False","False","False","","","2026","2026-10-06 17:30:19.997000000","2026-10-06 00:00:00","2026-10-06 00:00:00","232 E 14th St.","","","Richmond","VA","23224","Large Contribution Report","False","False","0","","vrf@mbacg.com","11/03/2026","2026-01-01 00:00:00","2026-12-31 00:00:00","","","False","","2026-11-03 00:00:00","2026-10-07 11:01:42.543000000","{68970971-AAB0-4214-A04A-CB06C1D64199}","2026-10-09 23:59:59","False","{E6011E6D-90F7-E66A-A50E-4A745930EF43}"
"507857","CC-26-00294","Rucker for Treasurer","Candidate Campaign Committee","Kimberly M Rucker","False","False","True","Democratic","","2026","2026-10-06 18:51:33.820000000","2026-09-01 00:00:00","2026-09-30 00:00:00","886 N Nottingham Street","","","Arlington","VA","22205","Report","False","False","0","703-655-4014","l_braz75@hotmail.com","11/2026","2023-01-01 00:00:00","2026-12-31 00:00:00","Treasurer","","False","10492.13","","2026-10-06 18:53:41.637000000","{848E67D3-F309-4298-A9F6-FEED366263B2}","2026-10-15 23:59:59","False","{F5CC7B86-585E-3F56-10C8-7ACE74F816C8}"
"507858","PP-12-00431","Fauquier County Democratic Committee","Political Party Committee","","False","False","False","","","2026","2026-10-06 18:56:37.733000000","2026-07-01 00:00:00","2026-09-30 00:00:00","P.O. Box 213","","","Warrenton","VA","20188","Report","False","False","0","540-905-9787","treasurer@fauquierdemocrats.org","","2026-01-01 00:00:00","2026-12-31 00:00:00","","","False","25401.80","","2026-10-06 19:04:13.153000000","{AF79EEFD-E783-E111-9BED-984BE103F032}","2026-10-15 23:59:59","False","{90064B78-4CA2-06C4-EEBD-EF90ED0E302F}"
"507859","CC-26-00507","Brit Adam Thomas - PCPS School Board - 2026","Candidate Campaign Committee","Brit Adam Thomas","False","False","True","Independent","","2026","2026-10-06 19:00:10.600000000","2026-09-01 00:00:00","2026-09-30 00:00:00","118 Marcus Street","","","Shenandoah","VA","22849","Report","False","False","0","5409086431","bthomas@pagecounty.k12.va.us","11/2026","2023-01-01 00:00:00","2026-12-31 00:00:00","Member School Board","Election - District 5","True","22.24","","2026-10-06 19:00:37.497000000","{B9149F87-05A2-4992-BB0E-A5B60C8D8EA4}","2026-10-15 23:59:59","False","{15C56826-4728-A16F-E402-6D2AD0D3D1C1}"
"507860","CC-26-00237","John Eley for Council","Candidate Campaign Committee","Mr. John R Eley","False","False","True","Democratic","","2026","2026-10-06 19:09:16.440000000","2026-10-05 00:00:00","2026-10-05 00:00:00","1800 Roanoke Ave","","","Newport News","VA","23607","Large Contribution Report","False","False","0","","jonkelly4@me.com","11/2026","2023-01-01 00:00:00","2026-12-31 00:00:00","Member City Council - Seat B","Election - South District","False","","","2026-10-06 19:11:14.853000000","{F8DD8D81-5D96-4166-B5C3-2571D39AD52E}","2026-10-06 23:59:59","False","{24794DE8-635B-1D0A-E20D-974BFC1E6623}"
"507863","CC-20-00309","Friends of Clark Hedrick","Candidate Campaign Committee","Clark  Hedrick","False","False","True","Independent","","2026","2026-10-06 22:23:35.370000000","2026-10-06 00:00:00","2026-10-06 00:00:00","828 Van Buren St.","","","Herndon","VA","20170","Large Contribution Report","False","False","0","","hedrickforherndon@gmail.com","11/2026","2025-01-01 00:00:00","2026-12-31 00:00:00","Member Town Council","Town - Herndon","False","","","2026-10-06 22:24:58.743000000","{3342044A-2312-4966-9386-C978B4128CF6}","2026-10-07 23:59:59","False","{AA273B72-AF12-2FCC-9C6F-C07AACD2E05A}"
"507865","CC-20-00309","Friends of Clark Hedrick","Candidate Campaign Committee","Clark  Hedrick","False","False","True","Independent","","2026","2026-10-06 22:24:31.010000000","2026-10-06 00:00:00","2026-10-06 00:00:00","828 Van Buren St.","","","Herndon","VA","20170","Large Contribution Report","False","False","0","","hedrickforherndon@gmail.com","11/2026","2025-01-01 00:00:00","2026-12-31 00:00:00","Member Town Council","Town - Herndon","False","","","2026-10-06 22:24:40.683000000","{3342044A-2312-4966-9386-C978B4128CF6}","2026-10-07 23:59:59","False","{1D5DD654-0FA7-42F7-EF83-3EAF77EEBADB}"
"507869","CC-22-00088","Friends of Daniel W. Whitaker","Candidate Campaign Committee","Daniel Wessley Whitaker","False","False","True","Republican","","2026","2026-10-07 07:29:08.697000000","2026-10-06 00:00:00","2026-10-06 00:00:00","204 Ballahack Rd.","","","Chesapeake","VA","23322","Large Contribution Report","False","False","0","7576528896","daniel.whitaker4chesapeake@gmail.com","11/2026","2023-01-01 00:00:00","2026-12-31 00:00:00","Member City Council","","False","","","2026-10-07 07:29:15.520000000","{FD32CA7D-0B31-4144-B122-2494405D2B3F}","2026-10-07 23:59:59","False","{B0E0B20D-4D3B-371A-8658-6C5E7273D914}"
"508417","CC-26-00274","Jeff Bruzzesi For City Council","Candidate Campaign Committee","Jeff L Bruzzesi","False","False","True","Republican","","2026","2026-10-09 09:24:35.207000000","2026-09-01 00:00:00","2026-09-30 00:00:00","2632 Production Road","","","Virginia Beach","VA","23452","Report","False","False","0","757-491-7024","myronnahra@cox.net","11/2026","2023-01-01 00:00:00","2026-12-31 00:00:00","Member City Council","Election - District 2","False","148856.01","","2026-10-09 09:26:20.383000000","{36D60000-5A43-4366-8F75-197A52B838AA}","2026-10-15 23:59:59","False","{25215352-291E-6F1E-B73A-C83B760A3ED2}"
"508418","PAC-12-00484","Virginia Petroleum and Convenience Marketers Association, Inc. PAC","Political Action Committee","","False","False","False","","","2026","2026-10-09 09:25:42.147000000","2026-09-01 00:00:00","2026-10-07 00:00:00","7275 Glen Forest Drive","204","","Richmond","VA","23226","Report","False","False","0","8042827534","elizabeth@vpcga.com","","2026-01-01 00:00:00","2026-12-31 00:00:00","","","True","52984.25","","2026-10-09 09:25:50.827000000","{FFA4C06B-7D82-E111-9BED-984BE103F032}","2026-10-15 23:59:59","False","{FD1FECB2-80F3-2AA7-78E9-B2D2DAD24C66}"
"508419","PAC-12-01453","Chesterfield County Small Business PAC, LLC","Political Action Committee","","False","False","False","","","2026","2026-10-09 09:27:39.633000000","2026-09-01 00:00:00","2026-10-07 00:00:00","311 Warbro","","","Midlothian","VA","23112","Report","False","False","0","8047454242","DAVID.DYE@TAXBIZSOL.COM","","2026-01-01 00:00:00","2026-12-31 00:00:00","","","True","21594.00","","2026-10-09 09:28:15.597000000","{4AB34DB7-2B3A-E211-BA9F-984BE103F032}","2026-10-15 23:59:59","False","{8DBF9E7D-C458-4B66-666B-89818BAE808B}"
"508421","PAC-25-00063","Friends of Richmond Coalition of Police","Political Action Committee","","False","False","False","","","2026","2026-10-09 09:28:04.633000000","2026-09-01 00:00:00","2026-10-07 00:00:00","3204 Cutshaw Avenue","","","Richmond","VA","23230","Report","False","False","0","8045031313","knye@nyestrategies.com","","2026-01-01 00:00:00","2026-12-31 00:00:00","","","False","467.53","","2026-10-09 09:29:32.573000000","{99471C11-D740-4418-8890-DCA0A1510233}","2026-10-15 23:59:59","False","{0351F55E-9EB2-5D02-FED8-004A119A4C97}"
"508422","PAC-12-00198","Skyline Political Action Committee","Political Action Committee","","False","False","False","","","2026","2026-10-09 09:29:30.997000000","2026-05-26 00:00:00","2026-08-31 00:00:00","39 Southgate Court","101","","Harrisonburg","VA","22801","Report","False","True","1","","amymoyers@comcast.net","","2026-01-01 00:00:00","2026-12-31 00:00:00","","","False","7049.35","","2026-10-09 09:49:49.590000000","{BD50F4C6-5374-E111-86D3-984BE103F032}","2026-09-15 23:59:59","False","{B74FD902-E60F-5867-8687-4CF42C190720}"
"508424","CC-25-00901","Zachary R. Hulo for Treasurer","Candidate Campaign Committee","Mr. Zachary Raymond Hulo","False","False","True","Independent","","2026","2026-10-09 09:32:39.327000000","2026-07-01 00:00:00","2026-12-31 00:00:00","P.O. Box 671","","","Ladysmith","VA","22501","Report","True","False","0","8045725649","zacharyhulo@yahoo.com","2/2026","2023-01-01 00:00:00","2026-12-31 00:00:00","Treasurer","","False","95.50","","2026-10-09 10:01:59.543000000","{1FA3887D-20F6-483C-8B51-85B65447CBA2}","2027-01-15 23:59:59","False","{8FABDCA7-807A-608A-E918-AFBDEF519CFD}"
"508426","PAC-19-00825","Proud Patriots of Smith Mountain Lake","Political Action Committee","","False","False","False","","","2026","2026-10-09 09:35:19.863000000","2026-09-01 00:00:00","2026-10-07 00:00:00","142 Deer Creek Dr.","","","Moneta","VA","24121","Report","False","False","0","5405205957","lakelovin@aol.com","","2026-01-01 00:00:00","2026-12-31 00:00:00","","","False","667.69","","2026-10-09 09:38:18.323000000","{E6EB769E-B283-E911-ACC7-984BE103F032}","2026-10-15 23:59:59","False","{CD8727A3-191F-F31E-1660-0051928E5C88}"
"508427","PAC-23-00078","Prevent Gun Tragedies PAC","Political Action Committee","","False","False","False","","","2026","2026-10-09 09:35:30.910000000","2026-09-01 00:00:00","2026-10-07 00:00:00","3324 Valley Dr","","","Alexandria","VA","22302-2110","Report","False","False","0","703-671-3843","lorifriedman@comcast.net","","2026-01-01 00:00:00","2026-12-31 00:00:00","","","True","1327.28","","2026-10-09 09:36:35.923000000","{9B23B5A8-1DB9-428C-9D76-492BFDB1304C}","2026-10-15 23:59:59","False","{425D061B-767B-31E9-6A61-B9060FDCB9FA}"
"508433","PAC-12-00335","Committee for Responsible Advertising","Political Action Committee","","False","False","False","","","2026","2026-10-09 10:00:16.477000000","2026-09-01 00:00:00","2026-10-07 00:00:00","1495 Manakin Road","","","Manakin Sabot","VA","23103","Report","False","False","0","","steve@hughesoutdoor.com","","2026-01-01 00:00:00","2026-12-31 00:00:00","","","False","8027.57","","2026-10-09 10:01:34.900000000","{882C1166-817D-E111-9BED-984BE103F032}","2026-10-15 23:59:59","False","{35FF7038-9436-0019-57D7-5EB0F2EB79E5}"
"508435","PAC-26-00055","Taproot Collective Fund Committee","Political Action Committee","","False","False","False","","","2026","2026-10-09 10:00:44.323000000","2026-09-01 00:00:00","2026-10-07 00:00:00","8573 Blackfoot Ct","","","Lorton","VA","22079","Report","False","False","0","5713311872","marlon@trustinrooted.com","","2026-01-01 00:00:00","2026-12-31 00:00:00","","","False",".00","","2026-10-09 10:01:19.503000000","{EDFFB11C-7EB8-48B4-8BDD-39EDC4D5A713}","2026-10-15 23:59:59","False","{A43E3D94-E4E1-1C13-B90A-D032A39E39FA}"
"508438","CC-26-00429","Mark W Henrickson for City Council","Candidate Campaign Committee","Mark W Henrickson","False","False","True","Independent","","2026","2026-10-09 10:05:58.893000000","2026-09-01 00:00:00","2026-09-30 00:00:00","527 E Burwell St","","","Salem","VA","24153","Report","False","False","0","5405374020","henmark1@aol.com","11/2026","2023-01-01 00:00:00","2026-12-31 00:00:00","Member City Council","","True","100.00","","2026-10-09 10:06:37.407000000","{965B4DC3-44D3-4844-A663-4840461E0D4F}","2026-10-15 23:59:59","False","{E3CA6A8D-1FB9-6B64-8C7D-5AD08CDEDD50}"
"508439","CC-26-00429","Mark W Henrickson for City Council","Candidate Campaign Committee","Mark W Henrickson","False","False","True","Independent","","2026","2026-10-09 10:08:35.773000000","2026-09-01 00:00:00","2026-09-30 00:00:00","527 E Burwell St","","","Salem","VA","24153","Report","False","True","1","5405374020","henmark1@aol.com","11/2026","2023-01-01 00:00:00","2026-12-31 00:00:00","Member City Council","","True","100.00","","2026-10-09 15:31:12.690000000","{965B4DC3-44D3-4844-A663-4840461E0D4F}","2026-10-15 23:59:59","False","{E3CA6A8D-1FB9-6B64-8C7D-5AD08CDEDD50}"
"508455","CC-12-00825","Robert D. "Bobby" Orrock for House Committee","Candidate Campaign Committee","Robert D. Orrock Sr","False","False","True","Republican","","2025","2026-10-09 11:01:23.240000000","2025-01-01 00:00:00","2025-03-31 00:00:00","P. O. Box 458","","","Thornburg","VA","22565","Report","False","True","2","540-848-4676","oldrosenow@verizon.net","11/2025","2024-01-01 00:00:00","2025-12-31 00:00:00","Member, House Of Delegates","House Of Delegates - 66th District","False","174202.73","","2026-10-09 11:02:23.687000000","{242BBDEF-9C93-E111-8DEF-984BE103F032}","2025-04-15 23:59:59","False","{4478B53D-28E5-34F3-193D-77F28AED3694}"
"508456","PAC-25-00030","Go RED Virginia Political Action Committee","Political Action Committee","","False","False","False","","","2026","2026-10-09 11:01:59.193000000","2026-10-09 00:00:00","2026-10-09 00:00:00","PO Box 1442","","","Virginia Beach","VA","23451","Large Expenditure Report","False","False","0","18047313459","teamtatavirginia@gmail.com","","2026-01-01 00:00:00","2026-12-31 00:00:00","","","False","","","2026-10-09 11:03:00.493000000","{3CCF11FF-BEB6-46E7-97D1-BA01683895E8}","2026-10-10 23:59:59","False","{3FA04473-4005-D653-71EC-67AFB30EC8AA}"
"508457","PAC-12-00260","Virginia Transportation Construction Alliance Political Action Committee","Political Action Committee","","False","False","False","","","2026","2026-10-09 11:04:12.010000000","2026-10-08 00:00:00","2026-10-08 00:00:00","620 Moorefield Park Drive","120","","Richmond","VA","23236-3692","Large Contribution Report","False","False","0","(804) 330-3312","greg@vtca.org","","2026-01-01 00:00:00","2026-12-31 00:00:00","","","False","","","2026-10-09 11:06:11.350000000","{EA438865-2578-E111-86D3-984BE103F032}","2026-10-09 23:59:59","False","{E1A6AE30-FAE0-FB08-9100-584BA9C12319}"
"508458","PAC-21-00087","COmmunity-Owned Power PAC","Political Action Committee","","False","False","False","","","2026","2026-10-09 11:09:11.940000000","2026-10-08 00:00:00","2026-10-08 00:00:00","4201 Dominion Boulevard","Suite 101","","Glen Allen","VA","23060","Large Expenditure Report","False","False","0","8042973492","davery@vmdaec.com","","2026-01-01 00:00:00","2026-12-31 00:00:00","","","False","","","2026-10-09 11:10:04.347000000","{10E14766-4F4A-4046-94AA-BED4635D4BAC}","2026-10-09 23:59:59","False","{6FD6A972-7CDA-1D94-CC32-499B23C5787E}"
"508462","PAC-18-00390","TREASURER'S ASSOCIATION OF VIRGINIA - POLITICAL ACTION COMMITTEE","Political Action Committee","","False","False","False","","","2026","2026-10-09 11:12:13.740000000","2026-09-01 00:00:00","2026-10-07 00:00:00","2401 Courthouse Drive","","","Virginia Beach","VA","23456","Report","False","False","0","7573855713","lwhenderson@vbgov.com","","2026-01-01 00:00:00","2026-12-31 00:00:00","","","False","31987.27","","2026-10-09 11:13:52.360000000","{5CF0D141-0DAA-E811-A517-984BE103F032}","2026-10-15 23:59:59","False","{729E1F85-3ADE-B969-A692-035DCB84B015}"
"508464","PAC-12-00260","Virginia Transportation Construction Alliance Political Action Committee","Political Action Committee","","False","False","False","","","2026","2026-10-09 11:12:33.803000000","2026-10-08 00:00:00","2026-10-08 00:00:00","620 Moorefield Park Drive","120","","Richmond","VA","23236-3692","Large Contribution Report","False","False","0","(804) 330-3312","greg@vtca.org","","2026-01-01 00:00:00","2026-12-31 00:00:00","","","False","","","2026-10-09 11:12:52.240000000","{EA438865-2578-E111-86D3-984BE103F032}","2026-10-09 23:59:59","False","{6B30BC5D-E68B-B49D-F20D-C6180BC3F419}"
"508465","PAC-12-00260","Virginia Transportation Construction Alliance Political Action Committee","Political Action Committee","","False","False","False","","","2026","2026-10-09 11:13:00.493000000","2026-10-08 00:00:00","2026-10-08 00:00:00","620 Moorefield Park Drive","120","","Richmond","VA","23236-3692","Large Contribution Report","False","False","0","(804) 330-3312","greg@vtca.org","","2026-01-01 00:00:00","2026-12-31 00:00:00","","","False","","","2026-10-09 11:13:08.230000000","{EA438865-2578-E111-86D3-984BE103F032}","2026-10-09 23:59:59","False","{1D5AE862-9260-4FFC-BA7C-95467E8D6420}"
"508467","PAC-12-00260","Virginia Transportation Construction Alliance Political Action Committee","Political Action Committee","","False","False","False","","","2026","2026-10-09 11:13:19.257000000","2026-10-08 00:00:00","2026-10-08 00:00:00","620 Moorefield Park Drive","120","","Richmond","VA","23236-3692","Large Contribution Report","False","False","0","(804) 330-3312","greg@vtca.org","","2026-01-01 00:00:00","2026-12-31 00:00:00","","","False","","","2026-10-09 11:13:26.077000000","{EA438865-2578-E111-86D3-984BE103F032}","2026-10-09 23:59:59","False","{75D46141-6881-ACC3-10A8-7C41EDCFC456}"
"508471","PAC-21-00087","COmmunity-Owned Power PAC","Political Action Committee","","False","False","False","","","2026","2026-10-09 11:34:30.650000000","2026-09-01 00:00:00","2026-10-07 00:00:00","4201 Dominion Boulevard","Suite 101","","Glen Allen","VA","23060","Report","False","False","0","8042973492","davery@vmdaec.com","","2026-01-01 00:00:00","2026-12-31 00:00:00","","","False","89944.53","","2026-10-09 11:35:33.040000000","{10E14766-4F4A-4046-94AA-BED4635D4BAC}","2026-10-15 23:59:59","False","{93AB22C3-F428-0D6F-6F2F-E2B1B3D72625}"
"508472","CC-22-00088","Friends of Daniel W. Whitaker","Candidate Campaign Committee","Daniel Wessley Whitaker","False","False","True","Republican","","2026","2026-10-09 11:41:15.237000000","2026-07-24 00:00:00","2026-08-31 00:00:00","204 Ballahack Rd.","","","Chesapeake","VA","23322","Report","False","True","1","7576528896","daniel.whitaker4chesapeake@gmail.com","11/2026","2023-01-01 00:00:00","2026-12-31 00:00:00","Member City Council","","False","34366.82","","2026-10-09 11:47:34.860000000","{FD32CA7D-0B31-4144-B122-2494405D2B3F}","2026-09-15 23:59:59","False","{B52AA7DE-208D-F507-1D29-4D91A6A95079}"
"508473","CC-12-00825","Robert D. "Bobby" Orrock for House Committee","Candidate Campaign Committee","Robert D. Orrock Sr","False","False","True","Republican","","2025","2026-10-09 11:41:49.833000000","2025-04-01 00:00:00","2025-06-05 00:00:00","P. O. Box 458","","","Thornburg","VA","22565","Report","False","True","3","540-848-4676","oldrosenow@verizon.net","11/2025","2024-01-01 00:00:00","2025-12-31 00:00:00","Member, House Of Delegates","House Of Delegates - 66th District","False","176152.73","","2026-10-09 11:42:24.210000000","{242BBDEF-9C93-E111-8DEF-984BE103F032}","2025-06-09 23:59:59","False","{94353ADC-C755-B21A-DE74-1F024F8ED771}"
"508475","PAC-22-00008","Blue Ridge Conservative","Political Action Committee","","False","False","False","","","2026","2026-10-09 11:42:50.927000000","2026-09-01 00:00:00","2026-10-07 00:00:00","304 East Main Street","","","Front Royal","VA","22630","Report","False","False","0","540-683-6112","Rwaller462002@yahoo.com","","2026-01-01 00:00:00","2026-12-31 00:00:00","","","False","522.02","","2026-10-09 11:43:48.437000000","{05504BDD-1A32-4E6A-8216-7EDA8A0184FE}","2026-10-15 23:59:59","False","{7FEF063A-DE0F-2F8F-BEC4-2677B986F066}"
"508476","PAC-26-00010","Tidewater PAC","Political Action Committee","","False","False","False","","","2027","2026-10-09 11:45:26.353000000","2026-09-01 00:00:00","2026-10-07 00:00:00","8401 Mayland Drive","8177","","Richmond","VA","23294","Report","False","False","0","2022709506","hello@tidewaterpac.org","","2026-01-01 00:00:00","2026-12-31 00:00:00","","","False","159.92","","2026-10-09 11:46:10.563000000","{04722E7F-9C93-4B0F-A7DB-4048E83D51F5}","2026-10-15 23:59:59","True","{917FCD29-929B-9167-EAED-4E8E01E18447}"
"508478","CC-22-00088","Friends of Daniel W. Whitaker","Candidate Campaign Committee","Daniel Wessley Whitaker","False","False","True","Republican","","2026","2026-10-09 11:48:30.840000000","2026-09-01 00:00:00","2026-09-30 00:00:00","204 Ballahack Rd.","","","Chesapeake","VA","23322","Report","False","False","0","7576528896","daniel.whitaker4chesapeake@gmail.com","11/2026","2023-01-01 00:00:00","2026-12-31 00:00:00","Member City Council","","False","54820.55","","2026-10-09 11:49:49.727000000","{FD32CA7D-0B31-4144-B122-2494405D2B3F}","2026-10-15 23:59:59","False","{ED525E59-8B63-9B62-DCE1-39ECBFF16FAE}"
"508506","PAC-13-00159","Virginia Forest Resources Political Action Committee","Political Action Committee","","False","False","False","","","2026","2026-10-09 13:11:37.637000000","2026-09-01 00:00:00","2026-10-07 00:00:00","3808 Augusta Avenue","","","Richmond","VA","23230","Report","False","False","0","8042788733","cfrost@vaforestry.org","","2026-01-01 00:00:00","2026-12-31 00:00:00","","","False","31699.93","","2026-10-09 13:16:21.170000000","{9846E115-56ED-E211-A92F-984BE103F032}","2026-10-15 23:59:59","False","{D785E4D4-4C27-3FC1-1797-CA587D540945}"
"508507","PP-20-00005","Roanoke City Democratic Committee 1","Political Party Committee","","False","False","False","","","2021","2026-10-09 13:13:14.983000000","2021-04-01 00:00:00","2021-06-30 00:00:00","P.O. Box 2516","","","Roanoke","VA","24010","Report","False","True","1","","brinkmanlindsey@gmail.com","","2021-01-01 00:00:00","2021-12-31 00:00:00","","","False","1915.89","","2026-10-09 13:14:48.003000000","{C949DF94-16BF-4912-AE0E-CE1A0B43B7E1}","2021-07-15 23:59:59","False","{FE574275-A192-9D12-89E1-E487FDCB5B8E}"
"508508","PAC-12-00135","Virginia Radiology Political Action Committee","Political Action Committee","","False","False","False","","","2026","2026-10-09 13:14:50.517000000","2026-09-01 00:00:00","2026-10-07 00:00:00","2821 Emerywood Pkwy","200","","Richmond","VA","23294","Report","False","False","0","804-643-6631","sattalla@ramdocs.org","","2026-01-01 00:00:00","2026-12-31 00:00:00","","","False","9375.09","","2026-10-09 13:16:41.883000000","{8B05F7E8-C972-E111-86D3-984BE103F032}","2026-10-15 23:59:59","False","{913D0DF3-C653-BD4C-C6C0-1DF752DB7A06}"
"508509","PAC-12-00223","Chesapeake Education Association Political Action Committee","Political Action Committee","","False","False","False","","","2026","2026-10-09 13:21:48.557000000","2026-09-01 00:00:00","2026-10-07 00:00:00","392 South Battlefield Blvd.","102","","Chesapeake","VA","23322","Report","False","False","0","7574789771","granddiva1220@gmail.com","","2026-01-01 00:00:00","2026-12-31 00:00:00","","","False","1366.22","","2026-10-09 13:24:19.873000000","{422281B7-EA78-E111-86D3-984BE103F032}","2026-10-15 23:59:59","False","{0DD54E72-45F9-369A-0785-B3DD769B245E}"
"508510","PAC-17-00240","Justice Forward Virginia PAC","Political Action Committee","","False","False","False","","","2026","2026-10-09 13:22:11.590000000","2026-09-01 00:00:00","2026-10-07 00:00:00","2611 Franklin Road","","","Arlington","47","22201","Report","False","False","0","7742180326","kennedy.btd@gmail.com","","2026-01-01 00:00:00","2026-12-31 00:00:00","","","True","671.96","","2026-10-09 13:22:23.090000000","{11037732-8718-E711-8413-984BE103F032}","2026-10-15 23:59:59","False","{044678A9-7D5C-DAE1-042A-1464B88B09F0}"
"508511","PAC-21-00092","Winsome Political Action Committee","Political Action Committee","","False","False","False","","","2026","2026-10-09 13:26:50.363000000","2026-10-08 00:00:00","2026-10-08 00:00:00","PO Box 71596","","","Henrico","VA","23255","Large Contribution Report","False","False","0","804 270-0791","","","2026-01-01 00:00:00","2026-12-31 00:00:00","","","True","","","2026-10-09 13:27:09.010000000","{F7FB2655-4605-4112-90DB-E739AE7D82B7}","2026-10-09 23:59:59","True","{CAC80E8E-FC87-2C56-A791-02114E0AC7F6}"
"508512","PP-20-00005","Roanoke City Democratic Committee 1","Political Party Committee","","False","False","False","","","2021","2026-10-09 13:35:27.187000000","2021-07-01 00:00:00","2021-09-30 00:00:00","P.O. Box 2516","","","Roanoke","VA","24010","Report","False","True","1","","brinkmanlindsey@gmail.com","","2021-01-01 00:00:00","2021-12-31 00:00:00","","","False","2785.13","","2026-10-09 13:36:44.523000000","{C949DF94-16BF-4912-AE0E-CE1A0B43B7E1}","2021-10-15 23:59:59","False","{FC1D6B6C-E679-6053-C869-48B37031E82A}"
"508515","PP-20-00005","Roanoke City Democratic Committee 1","Political Party Committee","","False","False","False","","","2021","2026-10-09 13:57:34.767000000","2021-10-01 00:00:00","2021-12-31 00:00:00","P.O. Box 2516","","","Roanoke","VA","24010","Report","False","True","1","","brinkmanlindsey@gmail.com","","2021-01-01 00:00:00","2021-12-31 00:00:00","","","False","732.13","","2026-10-09 13:59:14.340000000","{C949DF94-16BF-4912-AE0E-CE1A0B43B7E1}","2022-01-18 23:59:59","False","{99E07E02-4F12-AE3C-D02C-9F2AABC7AA2C}"
"508519","PP-23-00004","Gloucester County Republican Party","Political Party Committee","","False","False","False","","","2026","2026-10-09 14:02:12.977000000","2026-07-01 00:00:00","2026-09-30 00:00:00","P.O. Box 1639","","","Gloucester","VA","23061","Report","False","False","0","8048324491","memorymakersunlimited@gmail.com","","2026-01-01 00:00:00","2026-12-31 00:00:00","","","False","34361.94","","2026-10-09 14:03:17.240000000","{85522F96-F33D-4515-BE82-6650A2FF0613}","2026-10-15 23:59:59","False","{F3D16077-D169-FF2E-FDD4-930EB97EBA8A}"
"508521","CC-25-00700","Joe E. Moran for School Board, LLC","Candidate Campaign Committee","Joseph Edward Moran III","False","False","True","Independent","","2025","2026-10-09 14:15:01.760000000","2025-11-28 00:00:00","2025-12-31 00:00:00","120 Rotunda Dr","","","Stephenson","VA","22656","Report","False","False","0","5712122340","joemoranforschoolboard@gmail.com","11/2025","2022-01-01 00:00:00","2025-12-31 00:00:00","Member School Board","Election - Stonewall District","False","728.13","","2026-10-09 14:16:41.240000000","{C0304322-A566-4FBE-9125-495629E4839C}","2026-01-15 23:59:59","False","{AD95BA47-E064-6E35-48CB-B5DE8BCA27C5}"
"508523","CC-25-00700","Joe E. Moran for School Board, LLC","Candidate Campaign Committee","Joseph Edward Moran III","False","False","True","Independent","","2026","2026-10-09 14:21:21.490000000","2026-01-01 00:00:00","2026-06-30 00:00:00","120 Rotunda Dr","","","Stephenson","VA","22656","Report","False","False","0","5712122340","joemoranforschoolboard@gmail.com","11/2029","2026-01-01 00:00:00","2029-12-31 00:00:00","Member School Board","Election - Stonewall District","False","728.13","","2026-10-09 14:22:41.040000000","{C0304322-A566-4FBE-9125-495629E4839C}","2026-07-15 23:59:59","False","{FF85B4F1-F490-3B76-8D98-48D6325ED715}"
"508524","PAC-12-00494","Virginia Preservation PAC","Political Action Committee","","False","False","False","","","2026","2026-10-09 14:30:53.020000000","2026-09-01 00:00:00","2026-10-07 00:00:00","1021 East Cary Street,","Suite 1002","","Richmond","VA","23219","Report","False","False","0","7576752292","angela@assemblystrategies.com","","2026-01-01 00:00:00","2026-12-31 00:00:00","","","False","10230.67","","2026-10-09 14:32:26.080000000","{218B6777-A285-E111-9BED-984BE103F032}","2026-10-15 23:59:59","False","{F74DE0CD-34B5-FC30-C6C6-70776EB22D41}"
"508552","PAC-21-00092","Winsome Political Action Committee","Political Action Committee","","False","False","False","","","2026","2026-10-09 16:54:43.247000000","2026-10-09 00:00:00","2026-10-09 00:00:00","PO Box 71596","","","Richmond","VA","23294","Large Expenditure Report","False","False","0","804-270-0791","john@forestcs.com","","2026-01-01 00:00:00","2026-12-31 00:00:00","","","False","","","2026-10-09 16:55:21.140000000","{F7FB2655-4605-4112-90DB-E739AE7D82B7}","2026-10-10 23:59:59","False","{89515787-0619-F6FB-C307-B82CADBA702F}"
"508555","PAC-26-00022","Conserve Virginia Beach","Political Action Committee","","False","False","False","","","2026","2026-10-09 17:24:49.387000000","2026-09-01 00:00:00","2026-10-07 00:00:00","P.O.Box 5021","","","Virginia Beach","VA","23471","Report","False","True","1","7576468056","conservevb@Gmail.com","","2026-01-01 00:00:00","2026-12-31 00:00:00","","","False","547.29","","2026-10-09 17:25:21.317000000","{5D971A8F-33EA-4789-949D-CD05CD3E84A9}","2026-10-15 23:59:59","False","{6C26B0BD-E792-CC49-73E6-F6CE01A83B61}"
"508556","PAC-12-00348","The Tejada Victory Fund","Political Action Committee","","False","False","False","","","2026","2026-10-09 17:29:34.877000000","2026-09-01 00:00:00","2026-10-07 00:00:00","859 N. Larrimore Street","","","Arlington","VA","22205","Report","False","False","0","703-855-5114","Rlitentejada@yahoo.com","","2026-01-01 00:00:00","2026-12-31 00:00:00","","","True","427.21","","2026-10-09 17:29:56.593000000","{BDE0BDDA-9D7D-E111-9BED-984BE103F032}","2026-10-15 23:59:59","False","{CE004AB0-F29A-0AE6-B6A3-D24024810D94}"
"508557","PAC-26-00016","Justice for Democracy","Political Action Committee","","False","False","False","","","2026","2026-10-09 17:30:05.613000000","2026-09-01 00:00:00","2026-10-07 00:00:00","800 E. Rochambeau Rd. Suite F #135","","","Williamsburg","VA","23188","Report","False","False","0","757-559-1505","office@woodfinlaw-va.com","","2026-01-01 00:00:00","2026-12-31 00:00:00","","","False","2627.41","","2026-10-09 17:31:42.790000000","{B87B0FCB-F227-4DBB-AAA2-3570CDD764EE}","2026-10-15 23:59:59","False","{BE34F263-27AD-804E-2BF2-7DE62B35AD12}"
"508558","CC-26-00478","Friends of Sharon P Scott For Mayor","Candidate Campaign Committee","Ms Sharon Patricia Scott","False","False","True","Independent","","2026","2026-10-09 17:30:52.427000000","2026-10-09 00:00:00","2026-10-09 00:00:00","252 Susan Constant Drive","","","Newport News","VA","23608","Large Contribution Report","False","False","0","7576130245","campaigntreasurer.sharonscott@gmail.com","11/2026","2023-01-01 00:00:00","2026-12-31 00:00:00","Mayor","","False","","","2026-10-09 17:31:39.837000000","{E1B95689-CF41-4FBA-ACCA-32AAC9443CB5}","2026-10-10 23:59:59","False","{1B922303-3411-C915-DF97-94F97D88D952}"
"508559","PAC-23-00060","King William NOW","Political Action Committee","","False","False","False","","","2026","2026-10-09 17:34:19.493000000","2026-09-01 00:00:00","2026-10-07 00:00:00","115 Commerce Park Dr.","G","","Manquin","VA","23106","Report","False","False","0","757-559-1505","office@woodfinlaw-va.com","","2026-01-01 00:00:00","2026-12-31 00:00:00","","","False","350.00","","2026-10-09 17:35:31.213000000","{803A0707-1913-4D08-B9F2-4A394C64DE99}","2026-10-15 23:59:59","False","{1D1C7ADD-3A41-D3C4-B3DD-31EB2D328F9D}"
"508561","PAC-25-00036","MAGA Proud","Political Action Committee","","False","False","False","","","2026","2026-10-09 17:37:20.423000000","2026-09-01 00:00:00","2026-10-07 00:00:00","123 Bulifants Blvd","","","Williamsburg","VA","23188","Report","False","False","0","757-559-1505","office@woodfinlaw-va.com","","2026-01-01 00:00:00","2026-12-31 00:00:00","","","True","50.00","","2026-10-09 17:38:12.483000000","{3A150BD1-122A-4B89-9EEA-4C542D8F417B}","2026-10-15 23:59:59","False","{0264B844-045B-B98F-CA72-54AC06875B0C}"
"508562","PAC-26-00033","Pic of Litter 4 VA","Political Action Committee","","False","False","False","","","2026","2026-10-09 17:40:14.727000000","2026-09-01 00:00:00","2026-10-07 00:00:00","800 E. Rochambeau Rd.","Suite F, #135","","Williamsburg","VA","23188","Report","False","False","0","757-559-1505","office@woodfinlaw-va.com","","2026-01-01 00:00:00","2026-12-31 00:00:00","","","False","3050.00","","2026-10-09 17:41:41.950000000","{D18D36E1-1DA7-4405-8A81-1A64A0E63E4C}","2026-10-15 23:59:59","False","{4F722529-C60F-4597-917C-C19F587DEDC2}"
"508563","PAC-20-00031","Proud American PAC","Political Action Committee","","False","False","False","","","2026","2026-10-09 17:42:42.947000000","2026-09-01 00:00:00","2026-10-07 00:00:00","1055 Rector Lane","","","McLean","VA","22102","Report","False","False","0","757-559-1505","office@woodfinlaw-va.com","","2026-01-01 00:00:00","2026-12-31 00:00:00","","","True","4854.39","","2026-10-09 17:43:02.430000000","{5E2FAAEB-1375-49B9-A8B4-B2CF7B2F9380}","2026-10-15 23:59:59","False","{C2B76768-457C-EA07-59F9-CE47D8AE5A76}"
"508564","PAC-22-00041","Silent Majority PAC","Political Action Committee","","False","False","False","","","2026","2026-10-09 17:44:15.983000000","2026-09-01 00:00:00","2026-10-07 00:00:00","123 Bulifants Blvd","","","Williamsburg","VA","23188","Report","False","False","0","757-559-1505","office@woodfinlaw-va.com","","2026-01-01 00:00:00","2026-12-31 00:00:00","","","False","10423.29","","2026-10-09 17:45:28.320000000","{82ED6D37-6D9B-49BA-BE5D-9658D2ED460B}","2026-10-15 23:59:59","False","{B835F0E1-88BB-AD3A-47E2-2941D664E166}"
"508565","PAC-24-00027","Southern Virginia First PAC","Political Action Committee","","False","False","False","","","2026","2026-10-09 17:47:36.580000000","2026-09-01 00:00:00","2026-10-07 00:00:00","123 Bulifants Blvd","","","Williamsburg","VA","23188","Report","False","False","0","757-559-1505","office@woodfinlaw-va.com","","2026-01-01 00:00:00","2026-12-31 00:00:00","","","True","1600.00","","2026-10-09 17:48:10.653000000","{9E9260AF-58C5-45C6-900C-C6658732CF53}","2026-10-15 23:59:59","False","{527467EE-2D3D-58D2-EE2F-2AF455D1EB12}"
"508566","PP-12-00583","Fairfax County Democratic Committee","Political Party Committee","","False","False","False","","","2026","2026-10-09 17:48:53.520000000","2026-07-01 00:00:00","2026-09-30 00:00:00","8500 Executive Park Avenue","Suite 402","","Fairfax","VA","22031","Report","False","False","0","(703) 573-6811","treasurer@fairfaxdems.org","","2026-01-01 00:00:00","2026-12-31 00:00:00","","","False","30741.23","","2026-10-09 17:50:17.783000000","{16C6E0C6-A385-E111-9BED-984BE103F032}","2026-10-15 23:59:59","True","{63E4566E-FB0F-4ED4-489B-6BA038B84470}"
"508567","PAC-25-00069","Virginia Votes PAC","Political Action Committee","","False","False","False","","","2026","2026-10-09 17:49:03.223000000","2026-09-01 00:00:00","2026-10-07 00:00:00","123 Bulifants Blvd","","","Williamsburg","VA","23188","Report","False","False","0","757-559-1505","office@woodfinlaw-va.com","","2026-01-01 00:00:00","2026-12-31 00:00:00","","","True","35.98","","2026-10-09 17:49:27.150000000","{CD6AFCF6-F13E-4282-8A65-3DD4BF30DEFF}","2026-10-15 23:59:59","False","{A641580E-854B-8D37-165E-B78229A18784}"
"508568","PAC-19-00567","The Impact Center","Political Action Committee","","False","False","False","","","2026","2026-10-09 17:55:09.153000000","2026-09-01 00:00:00","2026-10-07 00:00:00","PO Box 13842","","","Roanoke","VA","24037","Report","False","False","0","5403129449","sam@samrasoul.us","","2026-01-01 00:00:00","2026-12-31 00:00:00","","","False","17792.79","","2026-10-09 18:03:57.877000000","{2D5859AA-DF57-E911-B2A4-984BE103F032}","2026-10-15 23:59:59","False","{ABD0661A-25DB-329C-5480-A57303D75154}"
"508569","PAC-12-00146","Verizon Good Government Club of Virginia","Political Action Committee","","False","False","False","","","2026","2026-10-09 18:04:30.213000000","2026-09-01 00:00:00","2026-10-07 00:00:00","703 E Grace St 7th Fl","","","Richmond","VA","23219","Report","False","False","0","(703) 864-2488","pleeman@omc.com","","2026-01-01 00:00:00","2026-12-31 00:00:00","","","False","102637.69","","2026-10-09 18:04:49.747000000","{3687A2E9-2C7F-E111-9BED-984BE103F032}","2026-10-15 23:59:59","True","{14AA69CF-C315-253C-8547-E3776347001F}"
"508570","CC-26-00549","RDCOX FOR SUPERVISOR","Candidate Campaign Committee","Mr Richard D Cox","False","False","True","Republican","","2026","2026-10-09 18:07:17.360000000","2026-08-06 14:16:05.910000000","2026-08-31 00:00:00","7888 Woolwine Hwy.","","","WOOLWINE","VA","24185","Report","False","False","0","2769303265","richard.cox1693@gmail.com","11/2026","2023-01-01 00:00:00","2026-12-31 00:00:00","Member Board Of Supervisors","Election - Smith River District","True",".00","","2026-10-09 18:07:37.560000000","{9D971623-BF80-4B05-94A7-9D1F40585846}","2026-09-15 23:59:59","False","{4464301D-A2E8-D6FF-7038-1B27060853FD}"
"508573","CC-26-00125","Gayle M. Gilmore for Chesapeake City Council","Candidate Campaign Committee","Gayle M Gilmore","False","False","True","Democratic","","2026","2026-10-09 18:22:12.287000000","2026-09-01 00:00:00","2026-09-30 00:00:00","4836 Charlton Drive","","","Chesapeake","VA","23321","Report","False","False","0","7576504218","ggilmore29@hotmail.com","11/2026","2023-01-01 00:00:00","2026-12-31 00:00:00","Member City Council","","False","3410.00","","2026-10-09 18:25:03.307000000","{E90B850B-F6DB-4C45-827F-B13B3B1F32C5}","2026-10-15 23:59:59","False","{0CA30D05-011F-67ED-7F29-F55B8B78FFA8}"
"508575","CC-26-00445","Hailey For Manassas City School Board","Candidate Campaign Committee","Ms Javanese M Hailey","False","False","True","Independent","","2026","2026-10-09 19:22:08.737000000","2026-09-01 00:00:00","2026-09-30 00:00:00","10335 Gent Court","","","Manassas","VA","20110","Report","False","False","0","6462954690","Haileyforschoolboard@gmail.com","11/2026","2023-01-01 00:00:00","2026-12-31 00:00:00","Member School Board","Election - Manassas City District","False","335.88","","2026-10-09 19:24:53.850000000","{0D0C1D7C-2E18-4D49-ADEF-4589E7B47E02}","2026-10-15 23:59:59","False","{4CC6B64C-B894-A545-73A9-B182079C181A}"
"508576","PAC-13-00051","Lynchburg Voters League","Political Action Committee","","False","False","False","","","2026","2026-10-09 19:44:49.673000000","2026-09-01 00:00:00","2026-10-07 00:00:00","P.O. Box 2012","","","Lynchburg","VA","24504","Report","False","False","0","4344735453","saritagardner87@gmail.com","","2026-01-01 00:00:00","2026-12-31 00:00:00","","","False","2511.96","","2026-10-09 20:08:48.160000000","{AEBFF78B-A165-E211-9152-984BE103F032}","2026-10-15 23:59:59","False","{043EB5BB-23E4-D013-9417-76958F56A518}"
"508577","PP-26-00012","City of Manassas Republican Party 2026","Political Party Committee","","False","False","False","","","2026","2026-10-09 19:47:26.787000000","2026-07-01 00:00:00","2026-09-30 00:00:00","8665 Sudley Road  #224","","","Manassas","VA","20110","Report","True","False","0","7035777702","dedenhart@securitytitleinsurance.com","","2026-01-01 00:00:00","2026-12-31 00:00:00","","","False","1683.02","","2026-10-09 19:48:50.193000000","{6707124D-E7DF-4DAC-A289-FABB452AD201}","2026-10-15 23:59:59","False","{741DDE4C-0373-0671-B99A-A239BB2060C4}"
"508579","PAC-25-00090","Russell for Virginia's Future","Political Action Committee","","False","False","False","","","2026","2026-10-09 20:38:49.567000000","2026-09-03 00:00:00","2026-09-03 00:00:00","7403 Dunnington Place","","","Alexandria","VA","22315","Large Contribution Report","False","False","0","571-332-9243","Lujones124@aol.com","","2026-01-01 00:00:00","2026-12-31 00:00:00","","","False","","","2026-10-09 21:10:05.357000000","{9125D8A1-C13A-4045-8443-FB992BF9D6AF}","2026-09-04 23:59:59","False","{1F7B9029-EA76-8B71-111B-70797B8B6829}"
"508581","CC-26-00190","Seipel for Waynesboro","Candidate Campaign Committee","Adam Lewis Seipel","False","False","True","Independent","","2026","2026-10-09 21:50:56.797000000","2026-10-01 00:00:00","2026-10-01 00:00:00","229 Lee Drive","","","Waynesboro","VA","22980","Large Contribution Report","False","True","1","4344226419","adamseipel@gmail.com","11/2026","2023-01-01 00:00:00","2026-12-31 00:00:00","Member School Board","Election - Ward D","False","","","2026-10-09 21:51:14.717000000","{D7D0A413-ED9D-4692-9C5C-C7C9B84F517F}","2026-10-02 23:59:59","False","{A954F561-32CA-A376-F999-16523C02634A}"
"508584","CC-25-00855","Suzanne Berman for School Board","Candidate Campaign Committee","Suzanne  Berman","False","False","True","Democratic","","2026","2026-10-09 23:05:43.800000000","2026-10-07 00:00:00","2026-10-07 00:00:00","P.O. Box 5123","","","Virginia Beach","VA","23471","Large Contribution Report","False","False","0","7573754559","sfb4vb@gmail.com","11/2026","2023-01-01 00:00:00","2026-12-31 00:00:00","Member School Board","Election - District 9","False","","","2026-10-09 23:06:08.957000000","{80B279CE-3F47-47BD-9EA1-C6C704F03993}","2026-10-08 23:59:59","False","{9E19C767-8A8F-6E81-6E60-AA0073C3E8FD}"
"507957","CC-17-00565","Steinberg For Leesburg","Candidate Campaign Committee","Mr. Neil Robert Steinberg","False","False","True","Democratic","","2026","2026-10-07 11:58:49.597000000","2026-09-01 00:00:00","2026-09-30 00:00:00","2a Loudoun Street SW","","","Leesburg","VA","20175","Report","False","False","0","703.675.1229","neil@forsteinberg.com","11/2026","2023-01-01 00:00:00","2026-12-31 00:00:00","Member Town Council - Leesburg","Town - Leesburg","False","12957.85","","2026-10-07 11:59:37.350000000","{A2F8BAFE-146B-E711-B01E-984BE103F032}","2026-10-15 23:59:59","False","{827F0B19-543E-FA9B-FE32-58456D2F281D}"
"507958","PP-12-00327","Albemarle County Republican Committee","Political Party Committee","","False","False","False","","","2026","2026-10-07 12:05:28.090000000","2026-01-01 00:00:00","2026-03-31 00:00:00","P. O. Box 4721","","","Charlottesville","VA","22905","Report","False","True","1","","bob.keysar@gmail.com","","2026-01-01 00:00:00","2026-12-31 00:00:00","","","False","6273.61","","2026-10-07 12:06:33.220000000","{8DEC2965-BB7C-E111-9BED-984BE103F032}","2026-04-15 23:59:59","False","{0A818558-0C4B-215B-9999-4276AF320D67}"
"507959","CC-26-00229","FRIENDS OF HERI CORTES","Candidate Campaign Committee","Mr. HERIBERTO  CORTES MENDEZ","False","False","True","Independent","","2026","2026-10-07 12:07:27.843000000","2026-09-01 00:00:00","2026-09-30 00:00:00","924 Greendale  rd.","","","HARRISONBURG","VA","22801","Report","False","False","0","(540) 746-2678","hericortes@yahoo.com","11/2026","2023-01-01 00:00:00","2026-12-31 00:00:00","Member City Council","","False","37.78","","2026-10-07 12:08:36.013000000","{8D4AA0DC-D0F2-494E-9E33-4AB29C477DCB}","2026-10-15 23:59:59","False","{6073320E-A9F6-F465-D3F6-60C305E63E43}"
"507961","PP-12-00327","Albemarle County Republican Committee","Political Party Committee","","False","False","False","","","2026","2026-10-07 12:09:11.283000000","2026-04-01 00:00:00","2026-06-30 00:00:00","P. O. Box 4721","","","Charlottesville","VA","22905","Report","False","True","2","","bob.keysar@gmail.com","","2026-01-01 00:00:00","2026-12-31 00:00:00","","","False","5287.47","","2026-10-07 12:10:49.923000000","{8DEC2965-BB7C-E111-9BED-984BE103F032}","2026-07-15 23:59:59","False","{D4B29FE5-9C42-0D69-EDA7-D908ABD9FED6}"
"507962","PP-12-00327","Albemarle County Republican Committee","Political Party Committee","","False","False","False","","","2026","2026-10-07 12:13:31.920000000","2026-07-01 00:00:00","2026-09-30 00:00:00","P. O. Box 4721","","","Charlottesville","VA","22905","Report","False","False","0","","bob.keysar@gmail.com","","2026-01-01 00:00:00","2026-12-31 00:00:00","","","False","15093.34","","2026-10-07 12:19:10.377000000","{8DEC2965-BB7C-E111-9BED-984BE103F032}","2026-10-15 23:59:59","False","{8045FD8A-29DF-B74B-0A8F-A8F5512EFC95}"
"507964","CC-12-00825","Robert D. "Bobby" Orrock for House Committee","Candidate Campaign Committee","Robert D. Orrock Sr","False","False","True","Republican","","2023","2026-10-07 12:22:24.243000000","2023-10-01 00:00:00","2023-10-26 00:00:00","P. O. Box 458","","","Thornburg","VA","22565","Report","False","True","1","540-848-4676","oldrosenow@verizon.net","11/2023","2022-01-01 00:00:00","2023-12-31 00:00:00","Member, House Of Delegates","House Of Delegates - 66th District","False","252498.28","","2026-10-07 12:23:24.520000000","{242BBDEF-9C93-E111-8DEF-984BE103F032}","2023-10-30 23:59:59","False","{566C0035-9C5E-B0D7-6F29-0832A4919973}"
"507965","CC-12-00825","Robert D. "Bobby" Orrock for House Committee","Candidate Campaign Committee","Robert D. Orrock Sr","False","False","True","Republican","","2023","2026-10-07 12:24:13.280000000","2023-10-27 00:00:00","2023-11-30 00:00:00","P. O. Box 458","","","Thornburg","VA","22565","Report","False","True","1","540-848-4676","oldrosenow@verizon.net","11/2023","2022-01-01 00:00:00","2023-12-31 00:00:00","Member, House Of Delegates","House Of Delegates - 66th District","False","146969.12","","2026-10-07 12:25:25.800000000","{242BBDEF-9C93-E111-8DEF-984BE103F032}","2023-12-07 23:59:59","False","{7BDBBB0B-CAD5-D2B0-256E-C4F8FE66958E}"
"507966","CC-12-00825","Robert D. "Bobby" Orrock for House Committee","Candidate Campaign Committee","Robert D. Orrock Sr","False","False","True","Republican","","2023","2026-10-07 12:26:08.673000000","2023-12-01 00:00:00","2023-12-31 00:00:00","P. O. Box 458","","","Thornburg","VA","22565","Report","False","True","1","540-848-4676","oldrosenow@verizon.net","11/2023","2022-01-01 00:00:00","2023-12-31 00:00:00","Member, House Of Delegates","House Of Delegates - 66th District","False","156139.53","","2026-10-07 12:28:00.043000000","{242BBDEF-9C93-E111-8DEF-984BE103F032}","2024-01-16 23:59:59","False","{2A77C68A-FCF3-2966-2F27-20A29BEE1B35}"
"507970","CC-26-00234","MOON4ROANOKE COMMITTEE","Candidate Campaign Committee","STEPHANIE Miranda Moon","False","False","True","Independent","","2026","2026-10-07 13:05:41.010000000","2026-10-06 00:00:00","2026-10-06 00:00:00","P.O.BOX 323","","","Salem","VA","24153","Large Contribution Report","False","False","0","5408192047","movingstarforward@yahoo.com","11/2026","2023-01-01 00:00:00","2026-12-31 00:00:00","Member City Council","","False","","","2026-10-07 13:05:53.640000000","{BE78A9AA-156D-4FFD-90D4-7298DA9530D7}","2026-10-07 23:59:59","False","{59CF55BA-7C16-8ABB-150E-DA9F718617D7}"
"507974","CC-21-00121","Friends of Karen Bowden for Sheriff","Candidate Campaign Committee","Mrs. Karen E Bowden","False","False","True","Democratic","","2026","2026-10-07 13:18:26.343000000","2026-10-06 00:00:00","2026-10-06 00:00:00","P.O. Box 484","","","Hampton","VA","23669","Large Contribution Report","False","False","0","7578384354","bowdenfamily234@cox.net","11/2029","2026-01-01 00:00:00","2029-12-31 00:00:00","Sheriff","","False","","","2026-10-07 13:18:38.353000000","{9781D45E-7B37-41BA-9C33-4DB6DE9C5657}","2026-10-07 23:59:59","False","{BC43E096-E0C2-C2C8-CDE4-CEC0B69DF308}"
"507977","CC-23-02263","Jim for Waynesboro '26","Candidate Campaign Committee","James  Wood","False","False","True","Republican","","2026","2026-10-07 13:24:35.790000000","2026-09-01 00:00:00","2026-09-30 00:00:00","1901 Mt Veron St","","","Waynesboro","VA","22980","Report","False","False","0","5404904156","chad@cwhcpa.com","11/2026","2023-01-01 00:00:00","2026-12-31 00:00:00","Member City Council","Election - Ward D","False","1269.08","","2026-10-07 13:27:36.397000000","{C5BE99E8-DC38-44D5-B814-ECE83196B017}","2026-10-15 23:59:59","False","{3D249945-901F-F530-14CD-EFB56E50113B}"
"507978","CC-21-00121","Friends of Karen Bowden for Sheriff","Candidate Campaign Committee","Mrs. Karen E Bowden","False","False","True","Democratic","","2025","2026-10-07 13:31:43.330000000","2025-10-14 00:00:00","2025-10-14 00:00:00","P.O. Box 484","","","Hampton","VA","23669","Large Contribution Report","False","False","0","7578384354","bowdenfamily234@cox.net","11/2025","2022-01-01 00:00:00","2025-12-31 00:00:00","Sheriff","","False","","","2026-10-07 13:31:52.780000000","{9781D45E-7B37-41BA-9C33-4DB6DE9C5657}","2025-10-15 23:59:59","False","{0549B3A7-44D0-B4E8-7E0B-9B33A5E9580B}"
"507979","CC-21-00121","Friends of Karen Bowden for Sheriff","Candidate Campaign Committee","Mrs. Karen E Bowden","False","False","True","Democratic","","2025","2026-10-07 13:32:11.020000000","2025-10-12 00:00:00","2025-10-12 00:00:00","P.O. Box 484","","","Hampton","VA","23669","Large Contribution Report","False","False","0","7578384354","bowdenfamily234@cox.net","11/2025","2022-01-01 00:00:00","2025-12-31 00:00:00","Sheriff","","False","","","2026-10-07 13:32:20.907000000","{9781D45E-7B37-41BA-9C33-4DB6DE9C5657}","2025-10-13 23:59:59","False","{04A4AFE7-01C2-2EB2-BFE3-7BDC976CC6D2}"
"507980","CC-21-00121","Friends of Karen Bowden for Sheriff","Candidate Campaign Committee","Mrs. Karen E Bowden","False","False","True","Democratic","","2025","2026-10-07 13:32:35.193000000","2025-09-21 00:00:00","2025-09-21 00:00:00","P.O. Box 484","","","Hampton","VA","23669","Large Contribution Report","False","False","0","7578384354","bowdenfamily234@cox.net","11/2025","2022-01-01 00:00:00","2025-12-31 00:00:00","Sheriff","","False","","","2026-10-07 13:32:42.190000000","{9781D45E-7B37-41BA-9C33-4DB6DE9C5657}","2025-09-22 23:59:59","False","{585BE9DC-6786-1692-8022-03FBFAFBCCC9}"
"507981","PP-12-00672","Montgomery County Democratic Committee","Political Party Committee","","False","False","False","","","2026","2026-10-07 13:36:25.480000000","2026-07-01 00:00:00","2026-09-30 00:00:00","610 North Main Street","Suite 291","","Blacksburg","VA","24060","Report","False","False","0","540-588-2584","treasurer@mcdemocrats.org","","2026-01-01 00:00:00","2026-12-31 00:00:00","","","False","45876.95","","2026-10-07 13:38:07.900000000","{204B042D-B787-E111-9BED-984BE103F032}","2026-10-15 23:59:59","False","{9D7AF93C-FEEF-A1F2-609C-4BD92F5E27B3}"
"508005","CC-16-00096","The Committee to Elect Nate Peterson","Candidate Campaign Committee","Nate  Peterson","False","False","True","Independent","","2016","2026-10-07 15:13:17.483000000","2016-10-01 00:00:00","2016-10-27 00:00:00","312 East Broad St","401","","Richmond","VA","23219","Report","False","True","1","7036746132","getzer123@yahoo.com","11/2016","2013-01-01 00:00:00","2016-12-31 00:00:00","Mayor","Election - DISTRICT 6","False",".00","","2026-10-07 15:14:30.837000000","{41CA8AA6-29F8-E511-B6DC-984BE103F032}","2016-10-31 23:59:00","False","{FA2C15AB-FE7C-386C-A252-7C3C52997336}"
"508006","CC-16-00096","The Committee to Elect Nate Peterson","Candidate Campaign Committee","Nate  Peterson","False","False","True","Independent","","2016","2026-10-07 15:14:45.233000000","2016-10-28 00:00:00","2016-12-01 00:00:00","312 East Broad St","401","","Richmond","VA","23219","Report","False","True","1","7036746132","getzer123@yahoo.com","11/2016","2013-01-01 00:00:00","2016-12-31 00:00:00","Mayor","Election - DISTRICT 6","False",".00","","2026-10-07 15:15:58.013000000","{41CA8AA6-29F8-E511-B6DC-984BE103F032}","2016-12-08 23:59:00","False","{78F817D0-0266-EC45-0162-6FDEC8836A3C}"
"508007","PAC-13-00456","Baltimore Washington Construction & Public Employees Laborers PAC","Political Action Committee","","False","False","False","","","2026","2026-10-07 15:32:31.900000000","2026-10-07 00:00:00","2026-10-07 00:00:00","11951 Freedom Drive, Suite 310","","","Reston","VA","20190","Large Contribution Report","False","False","0","773-327-6811","jen@lebinyates.com","","2026-01-01 00:00:00","2026-12-31 00:00:00","","","False","","","2026-10-07 15:32:42.110000000","{C3403763-0B0C-E311-A92F-984BE103F032}","2026-10-13 23:59:59","False","{66453342-C578-7891-2538-3423A2025B0A}"
"508008","PP-12-00450","1st District Republican Committee","Political Party Committee","","False","False","False","","","2026","2026-10-07 15:33:33.480000000","2026-07-01 00:00:00","2026-09-30 00:00:00","103 Cove Drive","","","Seaford","VA","23696","Report","False","False","0","7572236591","george@kscbenefits.com","","2026-01-01 00:00:00","2026-12-31 00:00:00","","","False","3175.42","","2026-10-07 15:34:15.087000000","{341646C1-4082-E111-9BED-984BE103F032}","2026-10-15 23:59:59","False","{06D847A0-4902-3E9E-E444-C477731852D0}"
"508009","CC-25-00386","Re Elect Fairchild for Supervisor","Candidate Campaign Committee","Christopher Sean Fairchild","False","False","True","Republican","","2025","2026-10-07 15:34:21.577000000","2025-04-03 00:00:00","2025-06-05 00:00:00","PO ox 140","","","Palmyra","VA","22963","Report","False","True","1","4349894009","Chrisf@nationalfilterservice.com","11/2025","2022-01-01 00:00:00","2025-12-31 00:00:00","Member Board Of Supervisors","Election - Cunningham District","False","1477.00","","2026-10-07 15:35:35.140000000","{8C3D24A5-B74B-4EE3-9649-5DFF0D8150E1}","2025-06-09 23:59:59","False","{F8EFC12E-D16D-1B8C-1436-8D6656AFB071}"
"508010","CC-25-00386","Re Elect Fairchild for Supervisor","Candidate Campaign Committee","Christopher Sean Fairchild","False","False","True","Republican","","2025","2026-10-07 15:36:17.500000000","2025-06-06 00:00:00","2025-06-30 00:00:00","PO ox 140","","","Palmyra","VA","22963","Report","False","True","2","4349894009","Chrisf@nationalfilterservice.com","11/2025","2022-01-01 00:00:00","2025-12-31 00:00:00","Member Board Of Supervisors","Election - Cunningham District","False","1473.00","","2026-10-07 15:37:36.517000000","{8C3D24A5-B74B-4EE3-9649-5DFF0D8150E1}","2025-07-15 23:59:59","False","{BA589F12-4F41-83E5-262B-6C0B6514F637}"
"508012","CC-26-00180","Chris Lewis for VB Schools","Candidate Campaign Committee","James Christopher Lewis","False","False","True","Independent","","2026","2026-10-07 15:37:41.050000000","2026-10-07 00:00:00","2026-10-07 00:00:00","PO BOX 6144","","","Virginia Beach","VA","23456","Large Contribution Report","False","False","0","757-831-9361","treasurer@chrislewisforschools.com","11/2026","2023-01-01 00:00:00","2026-12-31 00:00:00","Member School Board","Election - District 2","False","","","2026-10-07 15:38:41.453000000","{D29FC5DB-A689-4DB0-AAA3-B04979AC7E90}","2026-10-08 23:59:59","False","{6DB72806-904E-1160-40DD-4AE5F080A3C2}"
"508014","PP-12-00632","2nd District Republican Committee of Virginia","Political Party Committee","","False","False","False","","","2026","2026-10-07 15:38:39.927000000","2026-07-01 00:00:00","2026-09-30 00:00:00","2348 Huckleberry Trail","","","Virginia Beach","VA","23456","Report","False","False","0","7572236591","george@kscbenefits.com","","2026-01-01 00:00:00","2026-12-31 00:00:00","","","False","14122.66","","2026-10-07 15:39:19.687000000","{411861D3-7B85-E111-9BED-984BE103F032}","2026-10-15 23:59:59","False","{1A6FAF56-95F3-7727-8388-335DC7FF2829}"
"508015","CC-25-00386","Re Elect Fairchild for Supervisor","Candidate Campaign Committee","Christopher Sean Fairchild","False","False","True","Republican","","2025","2026-10-07 15:38:50.630000000","2025-07-01 00:00:00","2025-08-31 00:00:00","PO ox 140","","","Palmyra","VA","22963","Report","False","True","1","4349894009","Chrisf@nationalfilterservice.com","11/2025","2022-01-01 00:00:00","2025-12-31 00:00:00","Member Board Of Supervisors","Election - Cunningham District","False","1921.00","","2026-10-07 15:39:19.633000000","{8C3D24A5-B74B-4EE3-9649-5DFF0D8150E1}","2025-09-15 23:59:59","False","{D5F40B21-834F-9C67-7C78-69F8970A3586}"
"508017","CC-25-00386","Re Elect Fairchild for Supervisor","Candidate Campaign Committee","Christopher Sean Fairchild","False","False","True","Republican","","2025","2026-10-07 15:39:28.850000000","2025-09-01 00:00:00","2025-09-30 00:00:00","PO ox 140","","","Palmyra","VA","22963","Report","False","True","1","4349894009","Chrisf@nationalfilterservice.com","11/2025","2022-01-01 00:00:00","2025-12-31 00:00:00","Member Board Of Supervisors","Election - Cunningham District","False","1917.00","","2026-10-07 15:40:18.340000000","{8C3D24A5-B74B-4EE3-9649-5DFF0D8150E1}","2025-10-15 23:59:59","False","{905AADBC-8840-E9FD-49A6-AB9933A91911}"
"508018","CC-25-00386","Re Elect Fairchild for Supervisor","Candidate Campaign Committee","Christopher Sean Fairchild","False","False","True","Republican","","2025","2026-10-07 15:40:32.757000000","2025-10-01 00:00:00","2025-10-23 00:00:00","PO ox 140","","","Palmyra","VA","22963","Report","False","True","1","4349894009","Chrisf@nationalfilterservice.com","11/2025","2022-01-01 00:00:00","2025-12-31 00:00:00","Member Board Of Supervisors","Election - Cunningham District","False","1915.00","","2026-10-07 15:41:18.510000000","{8C3D24A5-B74B-4EE3-9649-5DFF0D8150E1}","2025-10-27 23:59:59","False","{08BC223D-982B-C7F1-0E5A-32D8DA4D0B2B}"
"508036","CC-16-00096","The Committee to Elect Nate Peterson","Candidate Campaign Committee","Nate  Peterson","False","False","True","Independent","","2020","2026-10-07 16:19:54.150000000","2020-01-01 00:00:00","2020-03-31 00:00:00","312 East Broad St","401","","Richmond","VA","23219","Report","False","True","2","7036746132","getzer123@yahoo.com","11/2020","2017-01-01 00:00:00","2020-12-31 00:00:00","Mayor","Election - DISTRICT 6","False",".00","","2026-10-07 16:20:24.547000000","{41CA8AA6-29F8-E511-B6DC-984BE103F032}","2020-04-15 23:59:00","False","{6B121F12-C1BC-A0B5-757C-F3B2E0F1C2CF}"
"508037","CC-16-00096","The Committee to Elect Nate Peterson","Candidate Campaign Committee","Nate  Peterson","False","False","True","Independent","","2020","2026-10-07 16:20:50.637000000","2020-04-01 00:00:00","2020-06-11 00:00:00","312 East Broad St","401","","Richmond","VA","23219","Report","False","True","2","7036746132","getzer123@yahoo.com","11/2020","2017-01-01 00:00:00","2020-12-31 00:00:00","Mayor","Election - DISTRICT 6","False",".00","","2026-10-07 16:21:25.003000000","{41CA8AA6-29F8-E511-B6DC-984BE103F032}","2020-06-15 23:59:59","False","{C3B67F07-3133-2D15-2D64-5559B9DD5381}"
"508038","CC-16-00096","The Committee to Elect Nate Peterson","Candidate Campaign Committee","Nate  Peterson","False","False","True","Independent","","2020","2026-10-07 16:21:44.137000000","2020-06-12 00:00:00","2020-06-30 00:00:00","312 East Broad St","401","","Richmond","VA","23219","Report","False","True","2","7036746132","getzer123@yahoo.com","11/2020","2017-01-01 00:00:00","2020-12-31 00:00:00","Mayor","Election - DISTRICT 6","False",".00","","2026-10-07 16:22:17.737000000","{41CA8AA6-29F8-E511-B6DC-984BE103F032}","2020-07-15 23:59:59","False","{558248F4-7EC6-9190-9573-78E80FB0C375}"
"508039","CC-16-00096","The Committee to Elect Nate Peterson","Candidate Campaign Committee","Nate  Peterson","False","False","True","Independent","","2020","2026-10-07 16:22:39.717000000","2020-07-01 00:00:00","2020-08-31 00:00:00","312 East Broad St","401","","Richmond","VA","23219","Report","False","True","1","7036746132","getzer123@yahoo.com","11/2020","2017-01-01 00:00:00","2020-12-31 00:00:00","Mayor","Election - DISTRICT 6","False",".00","","2026-10-07 16:23:22.933000000","{41CA8AA6-29F8-E511-B6DC-984BE103F032}","2020-09-15 23:59:59","False","{452D6BF2-597F-41B5-B259-588F0E99EE9C}"
"508040","CC-16-00096","The Committee to Elect Nate Peterson","Candidate Campaign Committee","Nate  Peterson","False","False","True","Independent","","2020","2026-10-07 16:23:39.627000000","2020-09-01 00:00:00","2020-09-30 00:00:00","312 East Broad St","401","","Richmond","VA","23219","Report","False","True","1","7036746132","getzer123@yahoo.com","11/2020","2017-01-01 00:00:00","2020-12-31 00:00:00","Mayor","Election - DISTRICT 6","False",".00","","2026-10-07 16:24:23.493000000","{41CA8AA6-29F8-E511-B6DC-984BE103F032}","2020-10-15 23:59:59","False","{242506E5-8EEE-07C1-70F8-807597063542}"
"508041","CC-16-00096","The Committee to Elect Nate Peterson","Candidate Campaign Committee","Nate  Peterson","False","False","True","Independent","","2020","2026-10-07 16:24:37.440000000","2020-10-01 00:00:00","2020-10-22 00:00:00","312 East Broad St","401","","Richmond","VA","23219","Report","False","True","1","7036746132","getzer123@yahoo.com","11/2020","2017-01-01 00:00:00","2020-12-31 00:00:00","Mayor","Election - DISTRICT 6","False",".00","","2026-10-07 16:25:42.257000000","{41CA8AA6-29F8-E511-B6DC-984BE103F032}","2020-10-26 23:59:59","False","{BB62B2CD-FED5-B29E-B836-ABBA4EAB61A1}"
"508042","CC-16-00096","The Committee to Elect Nate Peterson","Candidate Campaign Committee","Nate  Peterson","False","False","True","Independent","","2020","2026-10-07 16:26:05.707000000","2020-10-23 00:00:00","2020-11-26 00:00:00","312 East Broad St","401","","Richmond","VA","23219","Report","False","True","1","7036746132","getzer123@yahoo.com","11/2020","2017-01-01 00:00:00","2020-12-31 00:00:00","Mayor","Election - DISTRICT 6","False",".00","","2026-10-07 16:27:41.310000000","{41CA8AA6-29F8-E511-B6DC-984BE103F032}","2020-12-03 23:59:59","False","{BB534429-C218-75B2-EE0D-2CEEBF769A12}"
"508043","CC-16-00096","The Committee to Elect Nate Peterson","Candidate Campaign Committee","Nate  Peterson","False","False","True","Independent","","2020","2026-10-07 16:27:54.257000000","2020-11-27 00:00:00","2020-12-31 00:00:00","312 East Broad St","401","","Richmond","VA","23219","Report","False","True","1","7036746132","getzer123@yahoo.com","11/2020","2017-01-01 00:00:00","2020-12-31 00:00:00","Mayor","Election - DISTRICT 6","False",".00","","2026-10-07 16:28:18.660000000","{41CA8AA6-29F8-E511-B6DC-984BE103F032}","2021-01-15 23:59:59","False","{855EFB9C-F3ED-F0FF-E6F6-AA336DB032C9}"
"508044","CC-16-00096","The Committee to Elect Nate Peterson","Candidate Campaign Committee","Nate  Peterson","False","False","True","Independent","","2021","2026-10-07 16:28:31.743000000","2021-01-01 00:00:00","2021-06-30 00:00:00","312 East Broad St","401","","Richmond","VA","23219","Report","False","True","1","7036746132","getzer123@yahoo.com","11/2024","2021-01-01 00:00:00","2024-12-31 00:00:00","Mayor","Election - DISTRICT 6","False",".00","","2026-10-07 16:29:13.583000000","{41CA8AA6-29F8-E511-B6DC-984BE103F032}","2021-07-15 23:59:59","False","{57529274-BC1E-8E24-3425-46791BAC4498}"
"508045","CC-16-00096","The Committee to Elect Nate Peterson","Candidate Campaign Committee","Nate  Peterson","False","False","True","Independent","","2021","2026-10-07 16:29:29.010000000","2021-07-01 00:00:00","2021-12-31 00:00:00","312 East Broad St","401","","Richmond","VA","23219","Report","False","True","1","7036746132","getzer123@yahoo.com","11/2024","2021-01-01 00:00:00","2024-12-31 00:00:00","Mayor","Election - DISTRICT 6","False",".00","","2026-10-07 16:30:47.053000000","{41CA8AA6-29F8-E511-B6DC-984BE103F032}","2022-01-18 23:59:59","False","{8F12787A-8114-2F7A-0DFB-E7F947508002}"
"508046","CC-16-00096","The Committee to Elect Nate Peterson","Candidate Campaign Committee","Nate  Peterson","False","False","True","Independent","","2022","2026-10-07 16:31:08.793000000","2022-01-01 00:00:00","2022-06-30 00:00:00","312 East Broad St","401","","Richmond","VA","23219","Report","False","True","1","7036746132","getzer123@yahoo.com","11/2024","2021-01-01 00:00:00","2024-12-31 00:00:00","Mayor","Election - DISTRICT 6","False",".00","","2026-10-07 16:32:41.133000000","{41CA8AA6-29F8-E511-B6DC-984BE103F032}","2022-07-15 23:59:59","False","{46925884-B237-74D3-A54F-6578410A533A}"
"508047","CC-16-00096","The Committee to Elect Nate Peterson","Candidate Campaign Committee","Nate  Peterson","False","False","True","Independent","","2022","2026-10-07 16:33:21.250000000","2022-07-01 00:00:00","2022-12-31 00:00:00","312 East Broad St","401","","Richmond","VA","23219","Report","False","True","1","7036746132","getzer123@yahoo.com","11/2024","2021-01-01 00:00:00","2024-12-31 00:00:00","Mayor","Election - DISTRICT 6","False",".00","","2026-10-07 16:34:33.300000000","{41CA8AA6-29F8-E511-B6DC-984BE103F032}","2023-01-17 23:59:59","False","{B1313E7D-E07C-9504-B92E-FF3798F02A40}"
"508048","CC-16-00096","The Committee to Elect Nate Peterson","Candidate Campaign Committee","Nate  Peterson","False","False","True","Independent","","2023","2026-10-07 16:35:53.877000000","2023-01-01 00:00:00","2023-06-30 00:00:00","312 East Broad St","401","","Richmond","VA","23219","Report","False","True","1","7036746132","getzer123@yahoo.com","11/2024","2021-01-01 00:00:00","2024-12-31 00:00:00","Mayor","Election - DISTRICT 6","False",".00","","2026-10-07 16:36:18.493000000","{41CA8AA6-29F8-E511-B6DC-984BE103F032}","2023-07-17 23:59:59","False","{70202A63-5D42-9226-9454-561C03C21520}"
"508049","CC-16-00096","The Committee to Elect Nate Peterson","Candidate Campaign Committee","Nate  Peterson","False","False","True","Independent","","2023","2026-10-07 16:36:40.223000000","2023-07-01 00:00:00","2023-12-31 00:00:00","312 East Broad St","401","","Richmond","VA","23219","Report","False","True","1","7036746132","getzer123@yahoo.com","11/2024","2021-01-01 00:00:00","2024-12-31 00:00:00","Mayor","Election - DISTRICT 6","False",".00","","2026-10-07 16:37:27.757000000","{41CA8AA6-29F8-E511-B6DC-984BE103F032}","2024-01-16 23:59:59","False","{8DD48E85-CFF8-2843-3A01-C367CAA2EB52}"
"508050","CC-16-00096","The Committee to Elect Nate Peterson","Candidate Campaign Committee","Nate  Peterson","False","False","True","Independent","","2024","2026-10-07 16:38:17.350000000","2024-01-01 00:00:00","2024-03-31 00:00:00","312 East Broad St","401","","Richmond","VA","23219","Report","False","True","1","7036746132","getzer123@yahoo.com","11/2024","2021-01-01 00:00:00","2024-12-31 00:00:00","Mayor","Election - DISTRICT 6","False",".00","","2026-10-07 16:39:39.210000000","{41CA8AA6-29F8-E511-B6DC-984BE103F032}","2024-04-15 23:59:59","False","{7F6F2A35-5CDC-C77B-0DCB-58857BF88937}"
"508051","CC-16-00096","The Committee to Elect Nate Peterson","Candidate Campaign Committee","Nate  Peterson","False","False","True","Independent","","2024","2026-10-07 16:40:18.777000000","2024-04-01 00:00:00","2024-06-06 00:00:00","312 East Broad St","401","","Richmond","VA","23219","Report","False","True","1","7036746132","getzer123@yahoo.com","11/2024","2021-01-01 00:00:00","2024-12-31 00:00:00","Mayor","Election - DISTRICT 6","False",".00","","2026-10-07 16:42:16.347000000","{41CA8AA6-29F8-E511-B6DC-984BE103F032}","2024-06-10 23:59:59","False","{B25BF691-C9B1-55A4-7A72-6F5EC5345D0D}"
"508054","CC-16-00096","The Committee to Elect Nate Peterson","Candidate Campaign Committee","Nate  Peterson","False","False","True","Independent","","2024","2026-10-07 16:48:05.333000000","2024-04-01 00:00:00","2024-06-06 00:00:00","312 East Broad St","401","","Richmond","VA","23219","Report","False","True","2","7036746132","getzer123@yahoo.com","11/2024","2021-01-01 00:00:00","2024-12-31 00:00:00","Mayor","Election - DISTRICT 6","False",".00","","2026-10-07 16:49:35.290000000","{41CA8AA6-29F8-E511-B6DC-984BE103F032}","2024-06-10 23:59:59","False","{B25BF691-C9B1-55A4-7A72-6F5EC5345D0D}"
"508056","CC-16-00096","The Committee to Elect Nate Peterson","Candidate Campaign Committee","Nate  Peterson","False","False","True","Independent","","2024","2026-10-07 16:58:25.910000000","2024-06-07 00:00:00","2024-06-30 00:00:00","312 East Broad St","401","","Richmond","VA","23219","Report","False","True","1","7036746132","getzer123@yahoo.com","11/2024","2021-01-01 00:00:00","2024-12-31 00:00:00","Mayor","Election - DISTRICT 6","False",".00","","2026-10-07 16:59:25.493000000","{41CA8AA6-29F8-E511-B6DC-984BE103F032}","2024-07-15 23:59:59","False","{3DD195CC-4BAF-4575-0188-90D85912B480}"
"508057","CC-16-00096","The Committee to Elect Nate Peterson","Candidate Campaign Committee","Nate  Peterson","False","False","True","Independent","","2024","2026-10-07 16:59:47.460000000","2024-07-01 00:00:00","2024-08-31 00:00:00","312 East Broad St","401","","Richmond","VA","23219","Report","False","True","1","7036746132","getzer123@yahoo.com","11/2024","2021-01-01 00:00:00","2024-12-31 00:00:00","Mayor","Election - DISTRICT 6","False",".00","","2026-10-07 17:00:19.423000000","{41CA8AA6-29F8-E511-B6DC-984BE103F032}","2024-09-16 23:59:59","False","{BC7EE110-3238-198F-818C-BF28796C3900}"
"508058","CC-16-00096","The Committee to Elect Nate Peterson","Candidate Campaign Committee","Nate  Peterson","False","False","True","Independent","","2024","2026-10-07 17:00:35.820000000","2024-09-01 00:00:00","2024-09-30 00:00:00","312 East Broad St","401","","Richmond","VA","23219","Report","False","True","1","7036746132","getzer123@yahoo.com","11/2024","2021-01-01 00:00:00","2024-12-31 00:00:00","Mayor","Election - DISTRICT 6","False",".00","","2026-10-07 17:01:29.630000000","{41CA8AA6-29F8-E511-B6DC-984BE103F032}","2024-10-15 23:59:59","False","{D2323F98-B0A7-DCA5-5657-47BDD1BD6810}"
"508059","CC-16-00096","The Committee to Elect Nate Peterson","Candidate Campaign Committee","Nate  Peterson","False","False","True","Independent","","2024","2026-10-07 17:01:59.213000000","2024-10-01 00:00:00","2024-10-24 00:00:00","312 East Broad St","401","","Richmond","VA","23219","Report","False","True","1","7036746132","getzer123@yahoo.com","11/2024","2021-01-01 00:00:00","2024-12-31 00:00:00","Mayor","Election - DISTRICT 6","False",".00","","2026-10-07 17:02:50.430000000","{41CA8AA6-29F8-E511-B6DC-984BE103F032}","2024-10-28 23:59:59","False","{B47C624D-BB44-2823-1F5F-F79ACF532A7C}"
"508060","CC-16-00096","The Committee to Elect Nate Peterson","Candidate Campaign Committee","Nate  Peterson","False","False","True","Independent","","2024","2026-10-07 17:03:47.653000000","2024-10-25 00:00:00","2024-11-28 00:00:00","312 East Broad St","401","","Richmond","VA","23219","Report","False","True","1","7036746132","getzer123@yahoo.com","11/2024","2021-01-01 00:00:00","2024-12-31 00:00:00","Mayor","Election - DISTRICT 6","False",".00","","2026-10-07 17:04:34.203000000","{41CA8AA6-29F8-E511-B6DC-984BE103F032}","2024-12-05 23:59:59","False","{C4245A65-14FC-B62C-0B43-8DEFE8A2F76B}"
"508061","CC-16-00096","The Committee to Elect Nate Peterson","Candidate Campaign Committee","Nate  Peterson","False","False","True","Independent","","2024","2026-10-07 17:05:04.047000000","2024-11-29 00:00:00","2024-12-31 00:00:00","312 East Broad St","401","","Richmond","VA","23219","Report","False","True","1","7036746132","getzer123@yahoo.com","11/2024","2021-01-01 00:00:00","2024-12-31 00:00:00","Mayor","Election - DISTRICT 6","False",".00","","2026-10-07 17:06:21.437000000","{41CA8AA6-29F8-E511-B6DC-984BE103F032}","2025-01-15 23:59:59","False","{38DF4822-E5E7-0126-0F90-CD16A55108C8}"
"508062","CC-16-00096","The Committee to Elect Nate Peterson","Candidate Campaign Committee","Nate  Peterson","False","False","True","Independent","","2025","2026-10-07 17:07:31.957000000","2025-01-01 00:00:00","2025-06-30 00:00:00","312 East Broad St","401","","Richmond","VA","23219","Report","False","True","2","7036746132","getzer123@yahoo.com","11/2028","2025-01-01 00:00:00","2028-12-31 00:00:00","Mayor","Election - DISTRICT 6","False",".00","","2026-10-07 17:08:19.520000000","{41CA8AA6-29F8-E511-B6DC-984BE103F032}","2025-07-15 23:59:59","False","{90D50B7F-0399-6DDD-257B-C7B7663216B8}"
"508063","CC-16-00096","The Committee to Elect Nate Peterson","Candidate Campaign Committee","Nate  Peterson","False","False","True","Independent","","2025","2026-10-07 17:08:40.833000000","2025-07-01 00:00:00","2025-12-31 00:00:00","312 East Broad St","401","","Richmond","VA","23219","Report","False","True","1","7036746132","getzer123@yahoo.com","11/2028","2025-01-01 00:00:00","2028-12-31 00:00:00","Mayor","Election - DISTRICT 6","False",".00","","2026-10-07 17:09:20.947000000","{41CA8AA6-29F8-E511-B6DC-984BE103F032}","2026-01-15 23:59:59","False","{F8D6D46C-0B48-29E3-A86F-28FEB732B706}"
"508065","CC-16-00096","The Committee to Elect Nate Peterson","Candidate Campaign Committee","Nate  Peterson","False","False","True","Independent","","2026","2026-10-07 17:10:11.460000000","2026-01-01 00:00:00","2026-06-30 00:00:00","312 East Broad St","401","","Richmond","VA","23219","Report","True","True","1","7036746132","getzer123@yahoo.com","11/2028","2025-01-01 00:00:00","2028-12-31 00:00:00","Mayor","Election - DISTRICT 6","False",".00","","2026-10-07 17:11:17.080000000","{41CA8AA6-29F8-E511-B6DC-984BE103F032}","2026-07-15 23:59:59","False","{7E74E494-CFA4-25F0-9216-164F71E490CF}"
"508067","PP-18-00466","Nelson County Democratic Committee","Political Party Committee","","False","False","False","","","2026","2026-10-07 17:21:34.353000000","2026-07-01 00:00:00","2026-09-30 00:00:00","P.O. Box 178","","","Lovingston","VA","22958","Report","False","False","0","4348821957","marinakelley55@gmail.com","","2026-01-01 00:00:00","2026-12-31 00:00:00","","","False","9091.02","","2026-10-09 17:04:31.517000000","{324E2406-EACB-E811-B5BF-984BE103F032}","2026-10-15 23:59:59","False","{22A9B39A-F1B5-78FF-3661-4ECAAEF2BF1D}"
"508079","PP-12-00457","11th Congressional District of VA Republican Committee","Political Party Committee","","False","False","False","","","2026","2026-10-07 20:03:13.700000000","2026-07-01 00:00:00","2026-09-30 00:00:00","PO Box 8593","","","Reston","VA","20195","Report","False","False","0","703-585-4761","michael.rumberg@verizon.net","","2026-01-01 00:00:00","2026-12-31 00:00:00","","","False","3571.61","","2026-10-07 20:12:02.057000000","{69376BAE-3E82-E111-9BED-984BE103F032}","2026-10-15 23:59:59","False","{094EB9B6-2BA6-C139-622E-0BBF828F72CE}"
"508084","RC-26-00025","Virginians Against 3","Referendum Committee","","False","False","False","","","2026","2026-10-07 21:12:12.977000000","2026-09-03 00:00:00","2026-09-03 00:00:00","707 E. Franklin St.","","","Richmond","VA","23219","Large Contribution Report","False","False","0","5408721282","rivermarshfarm@outlook.com","11/03/2026","2026-01-01 00:00:00","2026-12-31 00:00:00","","","False","","2026-11-03 00:00:00","2026-10-07 21:18:32.320000000","{B32038E7-B762-417B-B244-FE5C04C09437}","2026-09-09 23:59:59","False","{DF129761-274D-B5C6-1125-9EE9D5CD8394}"
"508085","CC-20-00004","Stevan Porter for Herndon Council","Candidate Campaign Committee","Stevan Michael Porter","False","False","True","Independent","","2026","2026-10-07 21:36:15.980000000","2026-09-01 00:00:00","2026-09-30 00:00:00","PO Box 403","","","Herndon","VA","20172","Report","False","False","0","7035946923","Porter4herndon@gmail.com","11/2026","2025-01-01 00:00:00","2026-12-31 00:00:00","Member Town Council","Town - Herndon","False","294.73","","2026-10-07 21:38:00.577000000","{99CBEA12-5222-469B-A311-61895D243C5B}","2026-10-15 23:59:59","False","{D87D4DC8-9B7B-F9AE-922A-F5016CD143C7}"
"508093","CC-26-00452","Christopher Taylor for City Council","Candidate Campaign Committee","Hon. Chris  Taylor","False","False","True","Independent","","2026","2026-10-07 22:28:52.513000000","2026-10-06 00:00:00","2026-10-06 00:00:00","636 Congress Street","","","Virginia Beach","VA","23452","Large Contribution Report","False","False","0","757-752-9144","kingdomhoriz@gmail.com","11/2026","2023-01-01 00:00:00","2026-12-31 00:00:00","Member City Council","Election - District 8","False","","","2026-10-07 22:29:24.437000000","{8421F7ED-A5AD-4CCB-81F3-D62917964BE1}","2026-10-07 23:59:59","False","{8085CE40-165E-7B27-ACD9-846BA5208882}"
"507722","CC-26-00554","Katherine J. McElveen for Augusta County School Board","Candidate Campaign Committee","Katherine Johnson McElveen","False","False","True","Independent","","2026","2026-10-05 16:04:34.527000000","2026-09-01 00:00:00","2026-09-30 00:00:00","158 Walnut Hills Rd","","","Staunton","VA","24401","Report","False","False","0","540-292-4442","mcelveenkatie@gmail.com","11/2026","2023-01-01 00:00:00","2026-12-31 00:00:00","Member School Board","Election - Riverheads District","False","737.69","","2026-10-05 16:05:44.733000000","{D8AB65B6-4B3D-4B45-92E3-FC3A8F712105}","2026-10-15 23:59:59","False","{342232E8-2BA4-6411-3EDA-F15D6B904D2A}"
"507724","PAC-12-00096","Home Builders Association of Virginia Build-PAC","Political Action Committee","","False","False","False","","","2026","2026-10-05 16:05:04.963000000","2026-10-05 00:00:00","2026-10-05 00:00:00","1051 E. Cary Street","1400","","Richmond","VA","23219","Large Contribution Report","False","False","0","804-643-2797","rtucker@hbav.com","","2026-01-01 00:00:00","2026-12-31 00:00:00","","","False","","","2026-10-05 16:05:21.910000000","{FC0A0B25-1683-E111-9BED-984BE103F032}","2026-10-08 23:59:59","False","{C52EC05E-EC4B-2D2C-D078-72147964ADE2}"
"507727","CC-19-00124","Friends of Anton Bell","Candidate Campaign Committee","Mr Anton Arnett Bell Sr.","False","False","True","Democratic","","2026","2026-10-05 16:16:36.403000000","2026-01-01 00:00:00","2026-06-30 00:00:00","3 Quarterhorse Turn","","","Hampton","VA","23669","Report","False","False","0","7577283059","Antonbell2012@gmail.com","11/2029","2026-01-01 00:00:00","2029-12-31 00:00:00","Commonwealth's Attorney","","False","17953.00","","2026-10-05 16:18:44.560000000","{D0C8714D-AB19-E911-94E1-984BE103F032}","2026-07-15 23:59:59","False","{9A765102-B6EA-63B3-B987-1582A9F48939}"
"507728","PP-12-00131","Arlington County Republican Committee","Political Party Committee","","False","False","False","","","2026","2026-10-05 16:20:02.893000000","2026-07-01 00:00:00","2026-09-30 00:00:00","405 South Glebe Road","","","Arlington","VA","22204","Report","False","False","0","703-528-4834","spannpj@verizon.net","","2026-01-01 00:00:00","2026-12-31 00:00:00","","","False","13908.05","","2026-10-05 16:21:36.600000000","{F5F96F3D-5273-E111-86D3-984BE103F032}","2026-10-15 23:59:59","False","{8372667C-8F68-7105-F9F9-A9FD6D1AF598}"
"507730","CC-20-00340","Pitek for Delegate","Candidate Campaign Committee","Kara Alice Pitek","False","False","True","Democratic","","2021","2026-10-05 16:24:14.087000000","2021-05-28 00:00:00","2021-06-30 00:00:00","15234 Bowmans Folly Drive","","","Manassas","VA","20112","Report","False","True","2","3472244485","karapitek@gmail.com","11/2021","2020-01-01 00:00:00","2021-12-31 00:00:00","Member House Of Delegates","House Of Delegates - 31st District","False","13229.38","","2026-10-05 16:42:55.430000000","{4AD29DB6-06B7-4217-8B6E-F6924D70192F}","2021-07-15 23:59:59","False","{985DAC74-28AD-92C3-FBF0-B9D8B192ADDA}"
"507736","CC-23-01232","Friends of Jonathan Christy","Candidate Campaign Committee","Jonathan  Christy","False","False","True","Republican","","2023","2026-10-05 16:56:36.197000000","2023-07-01 00:00:00","2023-08-31 00:00:00","2701 Davis Mill Rd","","","Goochland, VA","VA","23063","Report","False","True","1","","jonathanchristy314@gmail.com","11/2023","2020-01-01 00:00:00","2023-12-31 00:00:00","Member Board Of Supervisors","Election - District 1","False","706.60","","2026-10-05 17:02:52.943000000","{82C7E85A-2DA1-4DAC-ACDC-2515478FE432}","2023-09-15 23:59:59","False","{7C180278-77CF-BBC2-0F9D-3F1E834D24A5}"
"507740","CC-22-00272","Windle for Winchester","Candidate Campaign Committee","Emily Rose  Windle","False","False","True","Independent","","2026","2026-10-05 17:05:24.397000000","2026-09-01 00:00:00","2026-09-30 00:00:00","741 Woodland Ave","","","Winchester","VA","22601","Report","False","False","0","2153503216","Electemily2@gmail.com","11/2026","2023-01-01 00:00:00","2026-12-31 00:00:00","Member City Council","Election - Second Ward","False","10393.69","","2026-10-05 17:06:17.887000000","{8AA8834C-9341-4B01-A45B-233DAD07AE4D}","2026-10-15 23:59:59","False","{10E06DD8-0521-9942-F2D6-51BFCE4D8A0D}"
"507741","CC-26-00145","Lieutenant Dan for Chesapeake","Candidate Campaign Committee","Daniel Evan Rosinski","False","False","True","Independent","","2026","2026-10-05 17:33:18.033000000","2026-09-01 00:00:00","2026-09-30 00:00:00","2308 Marcia Court","","","Chesapeake","VA","23323","Report","False","False","0","267-804-2230","jeremyrodden@hotmail.com","11/2026","2023-01-01 00:00:00","2026-12-31 00:00:00","Member City Council","","False","12261.91","","2026-10-05 17:35:48.907000000","{F7FC0EF6-8A18-450C-9CDF-D86628AB34D6}","2026-10-15 23:59:59","False","{557D53BF-A761-2B45-56AB-A925D7A4AB45}"
"507742","CC-26-00052","Lisa Lucas-Burke for Portsmouth City Council","Candidate Campaign Committee","Mrs. Lisa Louise Lucas-Burke","False","False","True","Independent","","2026","2026-10-05 17:50:07.417000000","2026-07-24 00:00:00","2026-08-31 00:00:00","1214 County Street","","","Portsmouth","VA","23704","Report","False","True","1","7573282966","senateaide@lucaslodge.com","11/2026","2023-01-01 00:00:00","2026-12-31 00:00:00","Member City Council","","False","6792.74","","2026-10-05 17:54:29.430000000","{6D21104D-A474-43E5-A796-0A1FBDD0F339}","2026-09-15 23:59:59","False","{7D5F218E-4B9C-542C-3716-70DDC2D23AEA}"
"507743","CC-26-00052","Lisa Lucas-Burke for Portsmouth City Council","Candidate Campaign Committee","Mrs. Lisa Louise Lucas-Burke","False","False","True","Independent","","2026","2026-10-05 17:58:35.727000000","2026-09-01 00:00:00","2026-09-30 00:00:00","1214 County Street","","","Portsmouth","VA","23704","Report","False","True","1","7573282966","senateaide@lucaslodge.com","11/2026","2023-01-01 00:00:00","2026-12-31 00:00:00","Member City Council","","False","20473.21","","2026-10-05 18:01:23.030000000","{6D21104D-A474-43E5-A796-0A1FBDD0F339}","2026-10-15 23:59:59","False","{F129F0D3-FCDD-B52C-B737-FFC71B0EC9F9}"
"507540","CC-26-00102","Nolan Rayfield Treasurer","Candidate Campaign Committee","Nolan Thomas Rayfield","False","False","True","Independent","","2026","2026-10-02 12:35:40.613000000","2026-09-01 00:00:00","2026-09-30 00:00:00","3277 Sherwood Gate","","","Cape Charles","VA","23310","Report","False","False","0","7573500147","nolantrayfield@gmail.com","11/2026","2023-01-01 00:00:00","2026-12-31 00:00:00","Treasurer","","False","1145.68","","2026-10-02 12:36:28.640000000","{B9E0B3DD-F5F4-4707-9F44-F543827C3F97}","2026-10-15 23:59:59","False","{8854F9A9-6893-00F3-B4D7-74C1657C95B7}"
"507541","CC-21-00094","Friends of Irene Shin","Candidate Campaign Committee","Irene  Shin","False","False","True","Democratic","","2026","2026-10-02 13:04:51.203000000","2026-10-02 00:00:00","2026-10-02 00:00:00","PO Box 5501","","","Herndon","VA","20172","Large Contribution Report","False","False","0","703-435-2891","les.halpern@gmail.com","11/2025","2024-01-01 00:00:00","2025-12-31 00:00:00","Delegate","8","False","","2027-11-02 00:00:00","2026-10-02 13:05:10.357000000","{14E3BECA-E495-4D1C-9A04-276B8837B333}","2026-10-03 23:59:59","True","{E122A31D-DB61-731F-4581-7F27925DD79C}"
"507543","CC-26-00326","Carolyn Murphy for City Council","Candidate Campaign Committee","Carolyn A Murphy","False","False","True","Independent","","2026","2026-10-02 13:44:17.747000000","2026-09-01 00:00:00","2026-09-30 00:00:00","P O BOX 217","","","WILLIAMSBURG","VA","23187","Report","False","False","0","410-267-1610","wilstar2001@gmail.com","11/2026","2023-01-01 00:00:00","2026-12-31 00:00:00","Member City Council","","False","1629.43","","2026-10-02 13:47:24.893000000","{2BA4A73B-7F5D-4026-BD1F-51416F569508}","2026-10-15 23:59:59","False","{E0164E19-A461-F181-ED54-175FE65C576D}"
"507546","PP-24-00003","Staunton Democratic Committee","Political Party Committee","","False","False","False","","","2026","2026-10-02 14:04:52.980000000","2026-07-01 00:00:00","2026-09-30 00:00:00","P.O. Box 152","","","Staunton","VA","24402","Report","False","False","0","540-836-0846","treasurer@staunton-democrats.care","","2026-01-01 00:00:00","2026-12-31 00:00:00","","","False","22332.47","","2026-10-02 14:05:20.753000000","{2F63F429-A9C9-41F8-9B38-8E7AD09D6C3A}","2026-10-15 23:59:59","False","{4297EB09-E0B6-EBD4-270A-51C1146270F7}"
"507547","RC-26-00004","Virginians for Reproductive Freedom","Referendum Committee","","False","False","False","","","2026","2026-10-02 14:29:52.360000000","2026-10-01 00:00:00","2026-10-01 00:00:00","232 E 14th St.","","","Richmond","VA","23224","Large Contribution Report","False","False","0","","vrf@mbacg.com","11/03/2026","2026-01-01 00:00:00","2026-12-31 00:00:00","","","False","","2026-11-03 00:00:00","2026-10-02 14:54:06.213000000","{68970971-AAB0-4214-A04A-CB06C1D64199}","2026-10-06 23:59:59","False","{7CD493BB-D324-3F61-5D59-842C16DE3537}"
"507548","RC-26-00004","Virginians for Reproductive Freedom","Referendum Committee","","False","False","False","","","2026","2026-10-02 14:35:25.260000000","2026-10-02 00:00:00","2026-10-02 00:00:00","232 E 14th St.","","","Richmond","VA","23224","Large Contribution Report","False","False","0","","vrf@mbacg.com","11/03/2026","2026-01-01 00:00:00","2026-12-31 00:00:00","","","False","","2026-11-03 00:00:00","2026-10-02 15:34:08.007000000","{68970971-AAB0-4214-A04A-CB06C1D64199}","2026-10-07 23:59:59","False","{1A53BC0A-46BE-6710-9DA9-5FD9F3A7C180}"
"507550","PP-26-00017","Fluvanna County Democratic Committee","Political Party Committee","","False","False","False","","","2026","2026-10-02 15:10:38.297000000","2026-01-01 00:00:00","2026-03-31 00:00:00","PO Box 144","","","Palmyra","VA","22963","Report","False","False","0","7573900583","jds12@vt.edu","","2026-01-01 00:00:00","2026-12-31 00:00:00","","","False","3996.36","","2026-10-02 15:11:21.323000000","{B1075E0B-27BE-4AF2-A7AE-EBC685E35B3A}","2026-04-15 23:59:59","False","{C12875A2-3CB1-93AA-412F-B16D130E6440}"
"507551","RC-26-00004","Virginians for Reproductive Freedom","Referendum Committee","","False","False","False","","","2026","2026-10-02 15:40:27.340000000","2026-10-01 00:00:00","2026-10-01 00:00:00","232 E 14th St.","","","Richmond","VA","23224","Large Contribution Report","False","False","0","","vrf@mbacg.com","11/03/2026","2026-01-01 00:00:00","2026-12-31 00:00:00","","","False","","2026-11-03 00:00:00","2026-10-02 18:00:07.257000000","{68970971-AAB0-4214-A04A-CB06C1D64199}","2026-10-06 23:59:59","False","{F6EA73A1-779C-F658-0AB5-3CC2E9ACA588}"
"507557","CC-21-01047","Friends of CB3","Candidate Campaign Committee","Mr. Curtis D Bethany III","False","False","True","Independent","","2026","2026-10-02 16:01:53.263000000","2026-09-01 00:00:00","2026-09-30 00:00:00","P.O Box 15523","","","Newport News","VA","23608","Report","False","False","0","7573166764","cbeth003@me.com","11/2026","2023-01-01 00:00:00","2026-12-31 00:00:00","Member City Council - Seat B","Election - North District","False","1070.38","","2026-10-02 16:03:01.847000000","{87067FD2-551C-4FBE-80BC-9544967D3A75}","2026-10-15 23:59:59","False","{0EFF7AC8-EA45-66A8-1075-577F4C9569BD}"
"507558","PP-26-00017","Fluvanna County Democratic Committee","Political Party Committee","","False","False","False","","","2026","2026-10-02 16:02:20.997000000","2026-04-01 00:00:00","2026-06-30 00:00:00","PO Box 144","","","Palmyra","VA","22963","Report","False","False","0","7573900583","jds12@vt.edu","","2026-01-01 00:00:00","2026-12-31 00:00:00","","","False","5384.02","","2026-10-02 16:03:34.783000000","{B1075E0B-27BE-4AF2-A7AE-EBC685E35B3A}","2026-07-15 23:59:59","False","{1DC4612C-7F90-DB78-6512-F2911BB8283D}"
"507563","PP-12-00537","Democratic Party of Virginia","Political Party Committee","","False","False","False","","","2026","2026-10-02 16:20:10.947000000","2026-10-02 00:00:00","2026-10-02 00:00:00","919 E Main St","Ste 2050","","Richmond","VA","23219","Large Contribution Report","False","False","0","(202) 240-7451","vadems@acuitypolitics.com","","2026-01-01 00:00:00","2026-12-31 00:00:00","","","False","","","2026-10-02 16:20:43.713000000","{62E3C822-C883-E111-9BED-984BE103F032}","2026-10-03 23:59:59","True","{AA09A5EF-83ED-A05D-8FCA-AC5C4AB8BD0F}"
"507567","PP-12-00127","Spotsylvania County Democratic Committee","Political Party Committee","","False","False","False","","","2026","2026-10-02 16:57:03.487000000","2026-07-01 00:00:00","2026-09-30 00:00:00","P.O. Box 1231","","","Spotsylvania","VA","22553","Report","False","False","0","540-760-8833","pcarl11416@gmail.com","","2026-01-01 00:00:00","2026-12-31 00:00:00","","","False","17795.13","","2026-10-02 16:59:05.427000000","{C7948866-C272-E111-86D3-984BE103F032}","2026-10-15 23:59:59","False","{9E8210A6-0EEF-DFF8-20E7-B08236EC93C5}"
"507571","CC-26-00561","Spears For Mathews","Candidate Campaign Committee","Jefferson Grant Spears","False","False","True","Independent","","2026","2026-10-02 17:56:50.873000000","2026-09-01 00:00:00","2026-09-30 00:00:00","716 Holly Point Road","","","Mathews","VA","23109","Report","False","False","0","8609869334","JGSpears15@gmail.com","11/2026","2023-01-01 00:00:00","2026-12-31 00:00:00","Commonwealth's Attorney","","False","10.00","","2026-10-02 17:57:58.743000000","{35419A78-3D1A-4A5D-AB40-4FD174D9B2FC}","2026-10-15 23:59:59","False","{2FA0E623-ECCD-92F7-DCAE-BC8922F7F313}"
"507401","PP-12-01038","Spotsylvania County Republican Committee","Political Party Committee","","False","False","False","","","2026","2026-10-01 08:26:36.760000000","2026-07-01 00:00:00","2026-09-30 00:00:00","P.O. Box 533","","","Thornburg","VA","22565","Report","False","False","0","603-505-6984","allenleb@aol.com","","2026-01-01 00:00:00","2026-12-31 00:00:00","","","False","13043.73","","2026-10-01 08:27:34.897000000","{F4FD8343-DBEA-E111-A665-984BE103F032}","2026-10-15 23:59:59","False","{9ED6D438-5D75-7C58-8124-5C590D6D67BB}"
"507404","CC-18-00178","Laura Hughes for Virginia Beach School Board","Candidate Campaign Committee","Laura King Hughes","False","False","True","Independent","","2026","2026-10-01 08:51:43.390000000","2026-09-01 00:00:00","2026-09-30 00:00:00","3822 Mystic Cove Court","","","VIRGINIA BEACH","VA","23455-2914","Report","False","False","0","7576470795","Hughesvbsb@gmail.com","11/2026","2023-01-01 00:00:00","2026-12-31 00:00:00","Member School Board - At Large","","True","246.51","","2026-10-01 08:52:04.087000000","{BDAACD88-9A41-E811-A3E3-984BE103F032}","2026-10-15 23:59:59","False","{1D7EBFEB-BA1E-D2AB-DEC4-F78C7890E1C7}"
"507405","CC-26-00407","Jeffrey Nickels for City Council","Candidate Campaign Committee","Jeffrey Kim Hoeflich-Nickels","False","False","True","Independent","","2026","2026-10-01 08:57:03.290000000","2026-09-01 00:00:00","2026-09-30 00:00:00","405 Pennsylvania Ave.","","","Salem","VA","24153","Report","False","False","0","(540) 761-4550","jeff@i77strategies.com","11/2026","2023-01-01 00:00:00","2026-12-31 00:00:00","Member City Council","","False","24841.89","","2026-10-01 09:05:54.710000000","{5A76D754-9D6E-40E6-BCF4-8A0FD24E9D1B}","2026-10-15 23:59:59","False","{605C768F-F1F0-FBD9-FA28-E9BC4C9C9728}"
"507406","CC-22-00013","Friends of Phillip Jones","Candidate Campaign Committee","Phillip  Jones","False","False","True","Independent","","2026","2026-10-01 09:06:18.570000000","2026-09-01 00:00:00","2026-09-30 00:00:00","PO Box 12055","","","Newport News","VA","23612","Report","False","False","0","7573206266","pipdjones@gmail.com","11/2026","2023-01-01 00:00:00","2026-12-31 00:00:00","Mayor","","False","196930.91","","2026-10-01 09:08:42.153000000","{03D6DA2A-4D2C-42F5-88AC-C9706CA3C6D8}","2026-10-15 23:59:59","False","{57DD677C-5BBC-86F6-E622-76E4408446F4}"
"507407","CC-26-00248","Citizens for Jackie Stewart","Candidate Campaign Committee","Ms Jacqueline S Stewart","False","False","True","Independent","","2026","2026-10-01 09:11:21.560000000","2026-09-01 00:00:00","2026-09-30 00:00:00","19000 The Glebe Lane","","","CHARLES CITY","VA","23030","Report","False","False","0","8043808301","Jackie.stewart.atlarge@gmail.com","11/2026","2023-01-01 00:00:00","2026-12-31 00:00:00","Member Board Of Supervisors At Large","","False","1897.78","","2026-10-01 09:12:24.903000000","{E31BB78E-A555-48F4-8D10-82721EE58E2A}","2026-10-15 23:59:59","False","{0D693855-E519-EB8E-D16A-F92FA5D4A5D2}"
"507408","CC-22-00050","Campaign Committee of Mike Callan for School Board","Candidate Campaign Committee","Mr. Michael Robert Callan","False","False","True","Independent","","2026","2026-10-01 09:11:29.513000000","2026-09-01 00:00:00","2026-09-30 00:00:00","1629 Wildwood Dr.","","","Va. Beach","VA","23454","Report","False","False","0","757-749-1209","mrcflf757@gmail.com","11/2026","2023-01-01 00:00:00","2026-12-31 00:00:00","Member School Board","Election - District 6","False","809.33","","2026-10-01 09:13:11.573000000","{89E6C6FD-1C3D-4567-8C43-6F2DE9A43B9E}","2026-10-15 23:59:59","False","{A1E2557C-54CC-3E25-3CAC-D74F6C78F639}"
"507409","CC-26-00248","Citizens for Jackie Stewart","Candidate Campaign Committee","Ms Jacqueline S Stewart","False","False","True","Independent","","2026","2026-10-01 09:12:56.687000000","2026-09-01 00:00:00","2026-09-30 00:00:00","19000 The Glebe Lane","","","CHARLES CITY","VA","23030","Report","False","True","1","8043808301","Jackie.stewart.atlarge@gmail.com","11/2026","2023-01-01 00:00:00","2026-12-31 00:00:00","Member Board Of Supervisors At Large","","False","1897.78","","2026-10-01 09:15:09.443000000","{E31BB78E-A555-48F4-8D10-82721EE58E2A}","2026-10-15 23:59:59","False","{0D693855-E519-EB8E-D16A-F92FA5D4A5D2}"
"507410","CC-26-00194","Friends of Amanda Marko","Candidate Campaign Committee","Amanda  Marko","False","False","True","Republican","","2026","2026-10-01 09:13:05.487000000","2026-09-01 00:00:00","2026-09-30 00:00:00","PO Box 21174","","","Roanoke","VA","24018","Report","False","False","0","(540) 761-4550","jeff@i77strategies.com","11/2026","2023-01-01 00:00:00","2026-12-31 00:00:00","Member City Council","","False","23377.48","","2026-10-01 09:33:00.383000000","{7E0F6C74-B592-42BC-8955-53575F763576}","2026-10-15 23:59:59","False","{667EFAB9-4F0B-2F9E-A9FD-DF75897F822D}"
"507411","CC-26-00624","Waddell for Board of Supervisors","Candidate Campaign Committee","Joseph Clint Waddell","False","False","True","Write-In","","2026","2026-10-01 09:32:11.560000000","2026-09-25 00:00:00","2026-09-30 00:00:00","30173 Tobias Drive","","","Meadowview","VA","24361-4151","Report","False","False","0","2766962210","Clintwaddell+BOS@gmail.com","11/2026","2023-01-01 00:00:00","2026-12-31 00:00:00","Member Board Of Supervisors","Election - District D","True",".00","","2026-10-01 09:32:29.760000000","{B711CA56-6268-461C-B48C-2A40F3C52CE3}","2026-10-15 23:59:59","False","{828261F4-9032-7612-8CF8-491C5B4F49F0}"
"507412","CC-25-00961","Veleka for Schoolboard","Candidate Campaign Committee","Dr Veleka Studivant Gatling","False","False","True","Independent","","2026","2026-10-01 09:59:18.570000000","2026-09-01 00:00:00","2026-09-30 00:00:00","420 Monticello Ave #416B","","","Norfolk","VA","23510","Report","False","False","0","7577556250","latonyapaige897@gmail.com","11/2026","2023-01-01 00:00:00","2026-12-31 00:00:00","Member School Board","Election - Ward 2","False","3773.00","","2026-10-01 10:01:18.393000000","{91D5A2EE-B129-4B33-B0B2-151CBDABF10A}","2026-10-15 23:59:59","False","{F5F34B29-5AA6-7CEB-5525-2A1804001032}"
"507446","CC-26-00050","Friends of Michele Beck","Candidate Campaign Committee","Michele L Beck","False","False","True","Republican","","2026","2026-10-01 12:26:09.600000000","2026-09-01 00:00:00","2026-09-30 00:00:00","7330 Creekview Rd","","","Gloucester","VA","23061","Report","False","False","0","804-815-2667","friendsofmichelebeck@gmail.com","11/2026","2019-01-01 00:00:00","2026-12-31 00:00:00","Clerk Of Court","","False","496.79","","2026-10-01 12:27:22.983000000","{720FFAD3-71FE-464F-9183-8C4CEC0D3F9D}","2026-10-15 23:59:59","False","{0DAB912F-B67E-B0B8-97E6-8AB94450CBD1}"
"507449","CC-26-00594","Friends of Barry","Candidate Campaign Committee","Mr. Barry  Cheatham","False","False","True","Independent","","2026","2026-10-01 12:35:16.380000000","2026-09-03 10:23:08.780000000","2026-09-30 00:00:00","113 Wild Turkey Lane","","","FRANKLIN CITY","VA","23851","Report","False","False","0","757-822-8206","Bwcheatham@hotmail.com","11/2026","2025-01-01 00:00:00","2026-12-31 00:00:00","Mayor","","False",".00","","2026-10-01 12:37:21.430000000","{4B95917D-950B-40BD-BDF5-623361754855}","2026-10-15 23:59:59","False","{F3551644-2640-B53B-3FA0-DD0A1E345036}"
"507450","CC-26-00178","Election Committee for Candidate M. E. Greene","Candidate Campaign Committee","Mr Michael Eric Greene","False","False","True","Independent","","2026","2026-10-01 12:39:25.667000000","2026-09-01 00:00:00","2026-09-30 00:00:00","402 Oakdale Street","","","Martinsville","VA","24112","Report","False","False","0","(276) 252-8549","1357appraisals@gmail.com","11/2026","2023-01-01 00:00:00","2026-12-31 00:00:00","Member City Council","","False","1874.19","","2026-10-01 12:40:31.993000000","{7C7BA511-0075-4E30-A380-3FF85DDEF2A0}","2026-10-15 23:59:59","False","{1566DB57-2E42-FB48-73A9-3D624C2AB334}"
"507451","RC-26-00038","Respect The Vote Amherst","Referendum Committee","","False","False","False","","","2026","2026-10-01 12:43:10.563000000","2026-09-01 00:00:00","2026-09-30 00:00:00","804 Pendleton Dr","","","Amherst","VA","24521","Report","False","False","0","","votenotorosies@gmail.com","11/03/2026","2026-01-01 00:00:00","2026-12-31 00:00:00","","","False","445.00","2026-11-03 00:00:00","2026-10-01 12:44:53.930000000","{F949784A-3201-4663-8693-ECEBD278DD5E}","2026-10-15 23:59:59","False","{4C51215D-559C-85EF-3BB1-D95A88B01EF1}"
"507452","CC-26-00092","Jill Spall For Manassas","Candidate Campaign Committee","Jill  Spall","False","False","True","Democratic","","2026","2026-10-01 12:49:40.603000000","2026-09-01 00:00:00","2026-09-30 00:00:00","10407 SPRAGGINS COURT","","","MANASSAS","VA","20110","Report","False","False","0","7035862411","spallmom@aol.com","11/2026","2023-01-01 00:00:00","2026-12-31 00:00:00","Member City Council","","False","9052.40","","2026-10-01 12:50:25.020000000","{3F19095B-9234-46E2-8894-6C44801D4FB7}","2026-10-15 23:59:59","False","{7BEAB7DD-BA8F-893F-A498-BEE44D134AE9}"
"507453","CC-26-00001","Friends of Dianne Lane for Manassas City","Candidate Campaign Committee","Dianne  Lane","False","False","True","Democratic","","2026","2026-10-01 12:51:48.280000000","2026-09-01 00:00:00","2026-09-30 00:00:00","9532 Liberia Ave","173","","Manassas","VA","20110","Report","False","False","0","7036283195","diannelaneformanassas@gmail.com","11/2026","2023-01-01 00:00:00","2026-12-31 00:00:00","Member City Council","","False","10858.11","","2026-10-01 12:55:37.087000000","{AF07D792-AC3F-4D92-96E3-663870DCC4A9}","2026-10-15 23:59:59","False","{A26F9BE0-EB3E-225B-F0D7-44766D59893C}"
"507454","CC-26-00397","Bowers for Council 2026","Candidate Campaign Committee","David A. Bowers","False","False","True","Independent","","2026","2026-10-01 13:06:07.427000000","2026-09-01 00:00:00","2026-09-30 00:00:00","335  Church Avenue, SW","","","Roanoke","VA","24016","Report","False","False","0","540-345-6622","davidbowersroanoke@gmail.com","11/2026","2023-01-01 00:00:00","2026-12-31 00:00:00","Member City Council","","False","875.70","","2026-10-01 13:08:06.760000000","{F9E4A9AD-8679-4700-A10E-F64F0656F6A7}","2026-10-15 23:59:59","False","{54E6BBB0-0174-0432-A954-9467D12E2063}"
"507455","RC-26-00004","Virginians for Reproductive Freedom","Referendum Committee","","False","False","False","","","2026","2026-10-01 13:08:46.757000000","2026-09-30 00:00:00","2026-09-30 00:00:00","232 E 14th St.","","","Richmond","VA","23224","Large Contribution Report","False","False","0","","vrf@mbacg.com","11/03/2026","2026-01-01 00:00:00","2026-12-31 00:00:00","","","False","","2026-11-03 00:00:00","2026-10-01 14:13:01.727000000","{68970971-AAB0-4214-A04A-CB06C1D64199}","2026-10-05 23:59:59","False","{D04741AE-EE32-4920-F6B2-9FDE1BF88B62}"
"507456","CC-26-00234","MOON4ROANOKE COMMITTEE","Candidate Campaign Committee","STEPHANIE Miranda Moon","False","False","True","Independent","","2026","2026-10-01 13:42:51.370000000","2026-09-01 00:00:00","2026-09-30 00:00:00","P.O.BOX 323","","","Salem","VA","24153","Report","False","False","0","5408192047","movingstarforward@yahoo.com","11/2026","2023-01-01 00:00:00","2026-12-31 00:00:00","Member City Council","","False","6402.22","","2026-10-03 17:42:51.553000000","{BE78A9AA-156D-4FFD-90D4-7298DA9530D7}","2026-10-15 23:59:59","False","{0CCD6969-A4B2-DD69-46FB-313A7B5CA862}"
"507457","CC-26-00052","Lisa Lucas-Burke for Portsmouth City Council","Candidate Campaign Committee","Mrs. Lisa Louise Lucas-Burke","False","False","True","Independent","","2026","2026-10-01 13:49:50.850000000","2026-09-30 00:00:00","2026-09-30 00:00:00","1214 County Street","","","Portsmouth","VA","23704","Large Contribution Report","False","False","0","7573282966","senateaide@lucaslodge.com","11/2026","2023-01-01 00:00:00","2026-12-31 00:00:00","Member City Council","","False","","","2026-10-01 13:50:11.637000000","{6D21104D-A474-43E5-A796-0A1FBDD0F339}","2026-10-01 23:59:59","False","{F32EC9A8-967C-C3BB-8135-42EDD4F182C4}"
"507460","CC-24-00412","Jack Ryan for City Council","Candidate Campaign Committee","Mr. John Francis Ryan","False","False","True","Independent","","2026","2026-10-01 14:05:39.967000000","2026-09-01 00:00:00","2026-09-30 00:00:00","10304 Eaton Pl Suite 100 Ste 100","","","Fairfax","VA","22030","Report","False","False","0","7037890942","jfr5053@gmail.com","11/2026","2025-01-01 00:00:00","2026-12-31 00:00:00","Member City Council","","True","373.00","","2026-10-01 14:05:52.490000000","{D2991FBF-E008-415C-89FA-F0152B1056CF}","2026-10-15 23:59:59","False","{D9BB2B56-3BF1-66B5-4578-94F8ABDD01D2}"
"507464","RC-26-00039","No New Taxes York County","Referendum Committee","","False","False","False","","","2026","2026-10-01 14:35:12.137000000","2026-09-25 00:00:00","2026-09-30 00:00:00","5007-C Victory Blvd.","Unit 124","","Yorktown","VA","23693","Report","False","False","0","7579035075","tchamberlain7@cox.net","11/03/2026","2026-01-01 00:00:00","2026-12-31 00:00:00","","","True",".00","2026-11-03 00:00:00","2026-10-01 14:35:23.693000000","{3305F114-34FD-4C6D-9489-A2D32C6F6828}","2026-10-15 23:59:59","False","{C1AC3FEF-AEB2-A611-122B-5DC6F718ACF7}"
"508094","CC-26-00168","J.D. for Salem","Candidate Campaign Committee","Jonathan David Taylor","False","False","True","Republican","","2026","2026-10-07 22:29:26.153000000","2026-10-07 00:00:00","2026-10-07 00:00:00","1534 Azalea St","","","Salem","VA","24153","Large Contribution Report","False","False","0","2769714603","jdforsalem@gmail.com","11/2026","2023-01-01 00:00:00","2026-12-31 00:00:00","Member City Council","","False","","","2026-10-07 22:29:50.300000000","{AAFBA342-4FB5-4250-A8D0-4F1CFD27E87A}","2026-10-08 23:59:59","False","{46DA4119-CCE0-0984-A719-4CD364285A6A}"
"508095","CC-26-00330","Yasmin for Herndon","Candidate Campaign Committee","Yasmin  Shafiq","False","False","True","Independent","","2026","2026-10-07 22:36:29.900000000","2026-09-01 00:00:00","2026-09-30 00:00:00","937 Longfellow Court","Herndon","","Herndon","VA","20170","Report","False","False","0","5713856131","rasha8saad@gmail.com","11/2026","2025-01-01 00:00:00","2026-12-31 00:00:00","Member Town Council","Town - Herndon","False","9608.71","","2026-10-07 22:38:00.517000000","{079304F9-EC01-4FF4-A452-C8A2C66F5DE3}","2026-10-15 23:59:59","False","{ED59442E-0C25-84F1-DEBC-82CA7255FC4B}"
"508096","PAC-22-00066","Support the School Bond PAC","Political Action Committee","","False","False","False","","","2026","2026-10-08 01:14:15.930000000","2026-09-01 00:00:00","2026-10-07 00:00:00","PO Box 25094","","","Arlington","VA","22202","Report","False","False","0","703-486-1466","bob@racepacket.com","","2026-01-01 00:00:00","2026-12-31 00:00:00","","","False","607.71","","2026-10-08 01:20:34.503000000","{C9DFA5AA-7045-47FE-AF6F-8E3D1C1A8F07}","2026-10-15 23:59:59","False","{98E9B5DF-6480-4DAB-FAF4-ED12112AB493}"
"508098","PAC-26-00046","Leesburg Democratic Caucus","Political Action Committee","","False","False","False","","","2026","2026-10-08 01:21:25.203000000","2026-09-01 00:00:00","2026-10-07 00:00:00","43418 WESTCHESTER SQ","","","Leesburg","VA","20176","Report","False","False","0","571-249-0118","d127@me.com","","2026-01-01 00:00:00","2026-12-31 00:00:00","","","False","175.00","","2026-10-08 01:22:31.627000000","{2591E6EF-D3C6-420B-A766-F2D5C97C4E33}","2026-10-15 23:59:59","False","{C15922B6-B92F-ECAE-EA3A-0003F9C57F2A}"
"508099","CC-26-00004","Reelect Mark Hugel for Portsmouth City Council","Candidate Campaign Committee","RADM Mark A Hugel","False","False","True","Independent","","2026","2026-10-08 06:08:59.180000000","2026-09-01 00:00:00","2026-09-30 00:00:00","2705 Island Road","","","Portsmouth","VA","23703","Report","False","False","0","202-236-7012","garybahena@windspirits.us","11/2026","2023-01-01 00:00:00","2026-12-31 00:00:00","Member City Council","","False","17809.16","","2026-10-08 06:40:17.270000000","{FF93C2A4-918B-4EB3-9683-F612791AADDA}","2026-10-15 23:59:59","False","{5A20B8E3-8EFF-C5CA-FB77-AEEADEC83492}"
"508101","PAC-22-00083","Good News","Political Action Committee","","False","False","False","","","2026","2026-10-08 06:21:23.980000000","2026-09-01 00:00:00","2026-10-07 00:00:00","PO Box 12055","","","Newport News","VA","23612","Report","False","False","0","7573206266","pipdjones@gmail.com","","2026-01-01 00:00:00","2026-12-31 00:00:00","","","False","27046.42","","2026-10-08 06:23:02.980000000","{0FFCC2C3-16D4-48E7-95E6-64F7659EDC02}","2026-10-15 23:59:59","False","{58C97B8A-F364-C0FC-24C5-408D3BAC6801}"
"508102","CC-26-00194","Friends of Amanda Marko","Candidate Campaign Committee","Amanda  Marko","False","False","True","Republican","","2026","2026-10-08 06:39:57.740000000","2026-10-07 00:00:00","2026-10-07 00:00:00","PO Box 21174","","","Roanoke","VA","24018","Large Contribution Report","False","False","0","(540) 761-4550","jeff@i77strategies.com","11/2026","2023-01-01 00:00:00","2026-12-31 00:00:00","Member City Council","","False","","","2026-10-08 06:40:04.920000000","{7E0F6C74-B592-42BC-8955-53575F763576}","2026-10-08 23:59:59","False","{02FE45EA-F4BB-B903-5374-6EA189AD71E7}"
"508104","PAC-26-00045","Republicans for Liberty","Political Action Committee","","False","False","False","","","2026","2026-10-08 06:40:55.760000000","2026-10-08 00:00:00","2026-10-08 00:00:00","8401 Mayland Dr","S","","Richmond","VA","23294","Large Expenditure Report","False","False","0","4348269813","jmnorris3@liberty.edu","","2026-01-01 00:00:00","2026-12-31 00:00:00","","","False","","","2026-10-08 10:15:53.970000000","{2AE36C20-C3F6-4D2D-BFA4-D55C67C7CD45}","2026-10-09 23:59:59","False","{1784A41E-0462-41FD-226A-BEC9C4C107B1}"
"508106","PAC-19-01066","Chesapeake Public Safety Alliance","Political Action Committee","","False","False","False","","","2026","2026-10-08 06:45:18.157000000","2026-09-01 00:00:00","2026-10-07 00:00:00","P.O. Box 16887","","","Chesapeake","VA","23328","Report","False","False","0","","chesapeakePSA@gmail.com","","2026-01-01 00:00:00","2026-12-31 00:00:00","","","True","300.00","","2026-10-08 06:45:42.483000000","{320F65F2-862E-4219-9568-D68E51EB40A0}","2026-10-15 23:59:59","False","{A125176A-C147-6F3A-E315-075E49E3B953}"
"508108","PAC-25-00035","Virginia Leads","Political Action Committee","","False","False","False","","","2026","2026-10-08 06:57:04.953000000","2026-09-01 00:00:00","2026-10-07 00:00:00","PO Box 24874","","","Richmond","VA","23224","Report","False","False","0","2028102807","virginialeads56@gmail.com","","2026-01-01 00:00:00","2026-12-31 00:00:00","","","True","14472.89","","2026-10-08 06:57:18.057000000","{0ADF0ED7-BF92-46DB-A3DD-906B3EB0E517}","2026-10-15 23:59:59","False","{FEA148E2-88A5-C0AE-2023-68E53D5232B8}"
"508110","PAC-24-00044","The Botetourt Leadership PAC","Political Action Committee","","False","False","False","","","2026","2026-10-08 07:41:29.630000000","2026-09-01 00:00:00","2026-10-07 00:00:00","P.O. Box 156","","","Fincastle","VA","24090","Report","False","False","0","5403534578","marybesssmith@gmail.com","","2026-01-01 00:00:00","2026-12-31 00:00:00","","","False","1325.00","","2026-10-08 16:51:01.340000000","{386EAAFA-B181-47AA-B269-596F420C24C3}","2026-10-15 23:59:59","False","{9792BDE7-6FE0-D660-B967-8F7B85531C0B}"
"508111","PAC-15-00837","The Greater Hampton Roads Black Democrats Political Action Committee","Political Action Committee","","False","False","False","","","2026","2026-10-08 07:49:59.330000000","2026-09-01 00:00:00","2026-10-07 00:00:00","P.O. Box 4305","","","Suffolk","VA","23434-4305","Report","False","False","0","757-409-1898","clintjenkins@aol.com","","2026-01-01 00:00:00","2026-12-31 00:00:00","","","True","1812.21","","2026-10-08 07:50:17.230000000","{A65B4E61-4C4B-E511-A23C-984BE103F032}","2026-10-15 23:59:59","False","{CB360EFE-0399-CDC0-FA26-C4F16F8E9698}"
"508112","PAC-12-00805","Piedmont Stone Center Political Action Committee","Political Action Committee","","False","False","False","","","2026","2026-10-08 08:41:43.097000000","2026-09-01 00:00:00","2026-10-07 00:00:00","PO Box 25866","","","Winston-Salem","NC","27114-5866","Report","False","False","0","3367142552","cbaker@pdllc.com","","2026-01-01 00:00:00","2026-12-31 00:00:00","","","True","7910.90","","2026-10-08 08:42:03.310000000","{285524CA-128A-E111-9BED-984BE103F032}","2026-10-15 23:59:59","False","{3DDB9635-A389-E36C-FFAC-DC94E99A61B1}"
"508127","RC-26-00024","One For Prince Edward","Referendum Committee","","False","False","False","","","2026","2026-10-08 09:04:47.223000000","2026-09-01 00:00:00","2026-09-30 00:00:00","611 High Street","","","Farmville","VA","23901","Report","False","False","0","6174627922","jnn_pope97@yahoo.com","11/03/2026","2026-01-01 00:00:00","2026-12-31 00:00:00","","","False","1849.79","2026-11-03 00:00:00","2026-10-08 09:05:30.243000000","{BE08C620-2E1A-4421-986B-4B065CC42C94}","2026-10-15 23:59:59","False","{0069C9A6-FE45-8A3B-BB02-6E235F6E2C2F}"
"508128","PAC-12-00254","Northern Virginia Democratic Council PAC","Political Action Committee","","False","False","False","","","2026","2026-10-08 09:05:27.723000000","2026-09-01 00:00:00","2026-10-07 00:00:00","1808 N. Quinn St.","#220","","Arlington","VA","22209","Report","False","False","0","571-213-8578","allisondickert@gmail.com","","2026-01-01 00:00:00","2026-12-31 00:00:00","","","True","647.85","","2026-10-08 09:05:37.147000000","{9ACB3E77-CE83-E111-9BED-984BE103F032}","2026-10-15 23:59:59","False","{63292B09-AE62-99F9-43A9-A2D4BE647D75}"
"508129","PAC-12-00056","Virginia Sheriffs' Association Political Action Committee","Political Action Committee","","False","False","False","","","2026","2026-10-08 09:05:28.867000000","2026-09-01 00:00:00","2026-10-07 00:00:00","901 East Byrd Street","1301","","Richmond","VA","23219","Report","False","False","0","804-225-7152","mwilliams@virginiasheriffs.org","","2026-01-01 00:00:00","2026-12-31 00:00:00","","","False","14882.82","","2026-10-08 09:07:40.930000000","{F92B8A04-E771-E111-86D3-984BE103F032}","2026-10-15 23:59:59","False","{109DD8BE-B58A-EC12-F087-04711B0B6549}"
"508131","PAC-13-00052","Virginia Democratic Business Caucus","Political Action Committee","","False","False","False","","","2026","2026-10-08 09:06:11.350000000","2026-09-01 00:00:00","2026-10-07 00:00:00","2023 Approach Lane","","","Reston","VA","20191","Report","False","False","0","571-213-8578","allisondickert@gmail.com","","2026-01-01 00:00:00","2026-12-31 00:00:00","","","True","1383.16","","2026-10-08 09:06:24.830000000","{FBF2DE0E-AB6B-E211-A7EC-984BE103F032}","2026-10-15 23:59:59","False","{89353969-B36E-3ACC-7539-0BCEC44675E3}"
"508132","PAC-12-00190","Heavy Construction Contractors Association (HCCA) PAC","Political Action Committee","","False","False","False","","","2026","2026-10-08 09:11:51.813000000","2026-09-01 00:00:00","2026-10-07 00:00:00","9251 Industrial Court","201","","Manassas","VA","20109","Report","False","False","0","703-392-7410","julie@hcca.net","","2026-01-01 00:00:00","2026-12-31 00:00:00","","","False","18940.98","","2026-10-08 09:13:13.903000000","{0053EAEB-2B74-E111-86D3-984BE103F032}","2026-10-15 23:59:59","False","{2258DF98-C705-3780-D116-BBDCA21167C7}"
"508133","PAC-12-00253","Virginia Dental Political Action Committee","Political Action Committee","","False","False","False","","","2026","2026-10-08 09:17:07.663000000","2026-09-01 00:00:00","2026-10-07 00:00:00","3460 Mayland Ct.","Ste. 110","","Richmond","VA","23233","Report","False","False","0","804-523-2185","givens@vadental.org","","2026-01-01 00:00:00","2026-12-31 00:00:00","","","False","285481.71","","2026-10-08 09:19:59.080000000","{49105082-B079-E111-BF23-984BE103F032}","2026-10-15 23:59:59","False","{FE2982E5-A8B3-A65A-FD76-D265B5F7979C}"
"508136","CC-24-00468","Friends of Michelle Taylor Ferebee","Candidate Campaign Committee","Mrs. Michelle  Ferebee","False","False","True","Independent","","2026","2026-10-08 09:29:22.463000000","2026-09-01 00:00:00","2026-09-30 00:00:00","26 Town Center Way #705","","","Hampton","VA","23666","Report","False","False","0","7573036704","mferebee@cox.net","11/2026","2023-01-01 00:00:00","2026-12-31 00:00:00","Member City Council - Special","","False","28118.87","","2026-10-08 09:30:17.390000000","{D2826A8B-2CCF-4C31-B135-CC484361B596}","2026-10-15 23:59:59","False","{BC673B48-7DFE-73AC-9539-B3647BAADBCB}"
"508137","PAC-24-00045","VALLEY OUTDOOR INFRASTRUCTURE COMMITTEE","Political Action Committee","","False","False","False","","","2026","2026-10-08 09:29:59.573000000","2026-09-01 00:00:00","2026-10-07 00:00:00","2917 Penn Forest BLVD","","","Roanoke","VA","24018","Report","False","False","0","540-344-9246","fhancock@fflc.com","","2026-01-01 00:00:00","2026-12-31 00:00:00","","","False","380.99","","2026-10-08 09:30:44.403000000","{CAB2D8DF-7187-4691-8F17-6506B2473B55}","2026-10-15 23:59:59","False","{DF427D97-6C75-F6B0-36F5-FD02C3BECC1D}"
"508139","PAC-12-00535","Virginia Vision","Political Action Committee","","False","False","False","","","2026","2026-10-08 09:35:31.033000000","2026-09-01 00:00:00","2026-10-07 00:00:00","2917 Penn Forest Blvd","","","Roanoke","VA","24018","Report","False","False","0","540-344-9246","fhancock@fflc.com","","2026-01-01 00:00:00","2026-12-31 00:00:00","","","False","21817.48","","2026-10-08 09:36:28.913000000","{528CC199-CB83-E111-9BED-984BE103F032}","2026-10-15 23:59:59","False","{2C19CF6D-C560-6B6D-486C-2EBF213699B0}"
"508142","PAC-12-00524","Va Automobile and Truck Dealers Political Action Committee","Political Action Committee","","False","False","False","","","2026","2026-10-08 09:43:00.890000000","2026-10-08 00:00:00","2026-10-08 00:00:00","PO Box 5407","","","Richmond","VA","23220","Large Contribution Report","False","False","0","","ntoler@vada.com","","2026-01-01 00:00:00","2026-12-31 00:00:00","","","False","","","2026-10-08 09:43:11.667000000","{3CF827C9-2A83-E111-9BED-984BE103F032}","2026-10-09 23:59:59","False","{DFBE9047-A81C-E161-BEF8-93306B8DA5AF}"
"508144","PAC-17-00701","Constitution Party of VA","Political Action Committee","","False","False","False","","","2026","2026-10-08 09:51:52.450000000","2026-09-01 00:00:00","2026-10-07 00:00:00","754 WARRENTON ROAD SUITE","113-101","","FREDERICKSBURG","VA","22406","Report","False","False","0","5407526252","TC@TCCOUNTRY.COM","","2026-01-01 00:00:00","2026-12-31 00:00:00","","","True","763.44","","2026-10-08 09:52:58.640000000","{BD5F492A-DFB4-E711-B6B9-984BE103F032}","2026-10-15 23:59:59","False","{58E5BF99-ADC1-4FAD-6929-F3CBA369FFF8}"
"508147","PAC-12-00523","Virginia Manufactured and Modular Housing Association PAC","Political Action Committee","","False","False","False","","","2026","2026-10-08 09:59:19.430000000","2026-09-01 00:00:00","2026-10-07 00:00:00","8413 Patterson Ave.","","","Henrico","VA","23229","Report","False","False","0","8047502500","vammha@vammha.org","","2026-01-01 00:00:00","2026-12-31 00:00:00","","","False","75221.20","","2026-10-08 10:01:08.160000000","{D8B882F1-2B83-E111-9BED-984BE103F032}","2026-10-15 23:59:59","False","{A9486F1D-2401-7C96-3047-E3534381D632}"
"508148","PAC-25-00023","uNNity PAC","Political Action Committee","","False","False","False","","","2026","2026-10-08 10:00:04.913000000","2026-10-07 00:00:00","2026-10-07 00:00:00","P.O Box 15523","","","Newport News","VA","23608","Large Contribution Report","False","False","0","7573166764","cbeth003@me.com","","2026-01-01 00:00:00","2026-12-31 00:00:00","","","False","","","2026-10-08 10:00:14.997000000","{13CBE5DF-000A-4538-A0A2-3C8D5D5CADE6}","2026-10-08 23:59:59","False","{962C66AB-6E30-629E-79F8-04AC804D95CF}"
"508149","PAC-25-00023","uNNity PAC","Political Action Committee","","False","False","False","","","2026","2026-10-08 10:01:19.807000000","2026-09-01 00:00:00","2026-10-07 00:00:00","P.O Box 15523","","","Newport News","VA","23608","Report","False","False","0","7573166764","cbeth003@me.com","","2026-01-01 00:00:00","2026-12-31 00:00:00","","","False","24000.18","","2026-10-08 10:10:03.713000000","{13CBE5DF-000A-4538-A0A2-3C8D5D5CADE6}","2026-10-15 23:59:59","False","{D8325CD1-83E7-6E5C-DD1D-24A69DFD5927}"
"508192","CC-26-00185","Friends of Zach Melder","Candidate Campaign Committee","Mr. Zachary Stephen Melder","False","False","True","Republican","","2026","2026-10-08 10:43:51.480000000","2026-09-01 00:00:00","2026-09-30 00:00:00","132 Turtle Creek Road","","","Lynchburg","VA","24501","Report","False","False","0","4344205846","briankeithtriplett@gmail.com","11/2026","2023-01-01 00:00:00","2026-12-31 00:00:00","Member City Council - At Large","","True","55.27","","2026-10-08 10:44:20.710000000","{62C32478-BF8F-430E-8586-6A595B61265E}","2026-10-15 23:59:59","False","{B013FDE1-7B99-E6D5-C919-1BA2DFA2DABF}"
"508194","PAC-21-00086","FIBER Virginia, Inc.","Political Action Committee","","False","False","False","","","2026","2026-10-08 10:46:00.013000000","2026-09-01 00:00:00","2026-10-07 00:00:00","4201 Dominion Boulevard","Suite 101","","Glen Allen","VA","23060","Report","False","False","0","8042973492","davery@vmdaec.com","","2026-01-01 00:00:00","2026-12-31 00:00:00","","","False","12432.45","","2026-10-08 10:46:54.470000000","{78928B3F-EC97-4564-8DDF-DDD64C02283C}","2026-10-15 23:59:59","False","{3417BEEF-D479-5BE0-742D-3D450E66BFEF}"
"508197","PAC-25-00065","W, Terry Hardgrave, LLC","Political Action Committee","","False","False","False","","","2026","2026-10-08 10:53:59.557000000","2026-09-01 00:00:00","2026-10-07 00:00:00","118 Lake Shore Drive","","","Cross Junction","VA","22625","Report","False","False","0","3018734440","wterry4@verizon.net","","2026-01-01 00:00:00","2026-12-31 00:00:00","","","True",".00","","2026-10-08 10:54:23.867000000","{E480FA91-7862-4596-9216-6BAEE2E78CC2}","2026-10-15 23:59:59","False","{5F57E51A-0BD2-3C72-8EB4-4E6EFC232629}"
"508198","PAC-25-00013","Virginia Asphalt Association Political Action Committee, Inc.","Political Action Committee","","False","False","False","","","2026","2026-10-08 10:54:21.807000000","2026-09-01 00:00:00","2026-10-07 00:00:00","7814 Carousel Lane","310","","Henrico","VA","23294","Report","False","False","0","8042883169","cfahed@vaasphalt.com","","2026-01-01 00:00:00","2026-12-31 00:00:00","","","False","38527.62","","2026-10-08 10:58:01.470000000","{212E6FC0-F16D-46FA-8707-5CDF89797CA0}","2026-10-15 23:59:59","False","{2CBAF7F3-35FD-952A-3245-C10579323F39}"
"508200","PAC-14-00123","80-20 Asian American PAC Washington DC Area Chapter","Political Action Committee","","False","False","False","","","2026","2026-10-08 10:55:29.700000000","2026-09-01 00:00:00","2026-10-07 00:00:00","PO BOX 1414","","","Ashburn","VA","20146","Report","False","False","0","7034703292","AsianPac.Dc@gmail.com","","2026-01-01 00:00:00","2026-12-31 00:00:00","","","True","5180.72","","2026-10-08 10:55:38.037000000","{F665D833-64BA-E311-996A-984BE103F032}","2026-10-15 23:59:59","False","{78679BC3-B322-F211-22A3-01DFBE5E9926}"
"508201","PAC-14-00177","The Alexandria Chamber of Commerce","Political Action Committee","","False","False","False","","","2026","2026-10-08 10:56:44.437000000","2026-09-01 00:00:00","2026-10-07 00:00:00","333 N. Fairfax Sreet","Suite 302","","Alexandria","VA","22314","Report","False","False","0","703-739-3802","sbrinkley@alexchamber.com","","2026-01-01 00:00:00","2026-12-31 00:00:00","","","False",".00","","2026-10-08 10:59:59.230000000","{325EE300-92C9-E311-996A-984BE103F032}","2026-10-15 23:59:59","False","{069BFAC0-6406-2955-22DE-439BCF16E3F3}"
"508203","PAC-12-00645","Metropolitan Washington PAC for Virginia","Political Action Committee","","False","False","False","","","2026","2026-10-08 10:58:23.627000000","2026-09-01 00:00:00","2026-10-07 00:00:00","1025 Connecticut Avenue, NW","Suite 1005","","Washington","DC","20036","Report","False","False","0","202-296-3390","jclarke@aoba-metro.org","","2026-01-01 00:00:00","2026-12-31 00:00:00","","","False","45558.98","","2026-10-08 10:59:19.240000000","{7EA90939-A385-E111-9BED-984BE103F032}","2026-10-15 23:59:59","False","{847CBBBE-7EB1-19DB-E90C-D2B4215240F5}"
"508206","PAC-14-00177","The Alexandria Chamber of Commerce","Political Action Committee","","False","False","False","","","2026","2026-10-08 11:00:33.160000000","2026-09-01 00:00:00","2026-10-07 00:00:00","333 N. Fairfax Sreet","Suite 302","","Alexandria","VA","22314","Report","False","True","1","703-739-3802","sbrinkley@alexchamber.com","","2026-01-01 00:00:00","2026-12-31 00:00:00","","","True",".00","","2026-10-08 11:01:01.350000000","{325EE300-92C9-E311-996A-984BE103F032}","2026-10-15 23:59:59","False","{069BFAC0-6406-2955-22DE-439BCF16E3F3}"
"508212","CC-26-00151","JohnJewellforChairman","Candidate Campaign Committee","John Francis Jewell","False","False","True","Republican","","2026","2026-10-08 11:06:16.373000000","2026-09-01 00:00:00","2026-09-30 00:00:00","4743 Middle Rd","","","Winchester","VA","22602","Report","False","False","0","2023595071","jewell.john@gmail.com","11/2026","2023-01-01 00:00:00","2026-12-31 00:00:00","Chairman Board Of Supervisors","","False","4115.02","","2026-10-08 11:07:55.730000000","{44B9996A-6761-46A9-A1D0-D0D959432611}","2026-10-15 23:59:59","False","{22FD721E-5441-D3F9-2BCB-A8B38C519517}"
"508213","CC-26-00360","McGuire for Warrenton","Candidate Campaign Committee","Mr David Andrew McGuire","False","False","True","Independent","","2026","2026-10-08 11:06:20.687000000","2026-09-01 00:00:00","2026-09-30 00:00:00","229 Winchester Street","","","Warrenton","VA","20186","Report","False","False","0","540-229-5440","eric.maybach@gmail.com","11/2026","2023-01-01 00:00:00","2026-12-31 00:00:00","Mayor","Town - Warrenton","False","355.00","","2026-10-08 11:07:50.150000000","{D4328449-8878-4D87-87C2-95842F853059}","2026-10-15 23:59:59","False","{DCDD1A9F-4A0E-C3E2-84D0-F57C4219F731}"
"508216","CC-26-00273","Veronica for Virginia","Candidate Campaign Committee","Mrs. Veronica Taylor Bratton","False","False","True","Republican","","2026","2026-10-08 11:10:08.643000000","2026-09-01 00:00:00","2026-09-30 00:00:00","103 Wyndsong Place","","","Lynchburg","VA","24502","Report","False","False","0","4344205846","briankeithtriplett@gmail.com","11/2026","2023-01-01 00:00:00","2026-12-31 00:00:00","Member City Council - At Large","","False","810.75","","2026-10-08 11:11:48.513000000","{C761D28C-F25A-47DA-81A3-351ABEFA2573}","2026-10-15 23:59:59","False","{AF115BCD-ECB0-047F-4B19-81CFB3E95F97}"
"508221","CC-26-00620","Kate Spence for Clerk","Candidate Campaign Committee","Kathryn Lindsay Spence","False","False","True","Independent","","2026","2026-10-08 11:14:48.040000000","2026-05-12 00:00:00","2026-06-30 00:00:00","PO Box 148","","","Nottoway","VA","23955","Report","True","False","0","4342947530","kls511@icloud.com","11/2026","2019-01-01 00:00:00","2026-12-31 00:00:00","Clerk Of Court","","True",".00","","2026-10-08 11:15:46.313000000","{8AF85F9F-BFB6-4CAD-BF36-5C9EA752B8DA}","2026-07-15 23:59:59","False","{5640C6F4-BF5F-0ACD-5671-B17662AB7BEB}"
"508224","CC-26-00175","Greg “Waldo” Warden for Sheriff","Candidate Campaign Committee","Gregory Dale-Ray Warden","False","False","True","Democratic","","2026","2026-10-08 11:17:40.310000000","2026-09-01 00:00:00","2026-09-30 00:00:00","220 Rosehill drive","","","Christiansburg","VA","24073","Report","True","False","0","5404494005","Gdwarden00@yahoo.com","11/2026","2023-01-01 00:00:00","2026-12-31 00:00:00","Sheriff","","False","968.93","","2026-10-08 11:18:44.800000000","{F1A53F9D-20AE-4B2E-A874-D969584B4F9F}","2026-10-15 23:59:59","False","{6F879D15-DBE0-4FA6-B16B-B976E51C9D0A}"
"508249","CC-26-00603","Sandra Williams for Mayor","Candidate Campaign Committee","Mrs. Sandra  Williams","False","False","True","Independent","","2026","2026-10-08 12:05:03.257000000","2026-09-14 00:00:00","2026-09-30 00:00:00","306 Vaughans Lane","","","Franklin","VA","23851","Report","False","False","0","4346321734","sandradeewms@yahoo.com","11/2026","2025-01-01 00:00:00","2026-12-31 00:00:00","Mayor","","True",".00","","2026-10-08 12:06:13.273000000","{4E06D9B7-0817-43D0-85DD-5F81E11C7B39}","2026-10-15 23:59:59","False","{704E8A10-E437-01AF-CDA7-CD080499ED83}"
"508250","PAC-15-00082","Eastern Loudoun Moderates","Political Action Committee","","False","False","False","","","2026","2026-10-08 12:10:22.297000000","2026-09-01 00:00:00","2026-10-07 00:00:00","26074 Sarazen Drive","","","Chantilly","VA","20152","Report","False","False","0","703-835-6019","elm@vavote.org","","2026-01-01 00:00:00","2026-12-31 00:00:00","","","True","126.80","","2026-10-08 12:10:36.047000000","{3DDE4F6F-EBA7-E411-B268-984BE103F032}","2026-10-15 23:59:59","False","{5443D1BC-577F-D683-1295-652213458BC6}"
"508251","CC-21-01119","Jackie Glass for Delegate","Candidate Campaign Committee","Jacqueline Hope Glass","False","False","True","Democratic","","2023","2026-10-08 12:25:50.867000000","2023-09-01 00:00:00","2023-09-30 00:00:00","PO Box 99071","","","Norfolk","VA","23509","Report","False","True","1","7576796234","jacqueline.h.glass@gmail.com","11/2023","2022-01-01 00:00:00","2023-12-31 00:00:00","Member, House Of Delegates","House Of Delegates - 93rd District","False","15238.19","","2026-10-08 12:27:05.170000000","{C166FB0D-B9C0-4784-B52A-EF294C101F31}","2023-10-16 23:59:59","False","{EB5086F3-6F63-7F7D-8D6E-EB31862D972E}"
"508252","PAC-12-00483","United Mine Workers of America Coal Miners Political Action Committee","Political Action Committee","","False","False","False","","","2026","2026-10-08 12:29:01.700000000","2026-09-01 00:00:00","2026-10-07 00:00:00","18354 Quantico Gateway Drive","200","","Triangle","VA","22172","Report","False","False","0","7032912406","aroberts@umwa.org","","2026-01-01 00:00:00","2026-12-31 00:00:00","","","False","42444.82","","2026-10-08 12:32:22.643000000","{2A9792E9-5782-E111-9BED-984BE103F032}","2026-10-15 23:59:59","False","{7FDCE71F-2BF5-1529-49E4-378813C78342}"
"508254","PAC-12-00071","Commissioner of Revenue Political Action Committee","Political Action Committee","","False","False","False","","","2026","2026-10-08 12:39:00.527000000","2026-09-03 00:00:00","2026-09-03 00:00:00","9389 Cloudberry Way","","","Manassas","VA","20110","Large Expenditure Report","False","False","0","5403323830","ragonma@ci.staunton.va.us","","2026-01-01 00:00:00","2026-12-31 00:00:00","","","False","","","2026-10-08 12:40:06.573000000","{A5D0FBDB-EA71-E111-86D3-984BE103F032}","2026-09-04 23:59:59","False","{3531265A-E73B-0C2A-8166-2662DD6962E2}"
"508255","PAC-12-00071","Commissioner of Revenue Political Action Committee","Political Action Committee","","False","False","False","","","2026","2026-10-08 12:40:17.497000000","2026-09-01 00:00:00","2026-10-07 00:00:00","893 Preston Dr","","","Staunton","VA","24401","Report","False","False","0","5403323830","ragonma@ci.staunton.va.us","","2026-01-01 00:00:00","2026-12-31 00:00:00","","","False","21570.65","","2026-10-08 12:41:35.657000000","{A5D0FBDB-EA71-E111-86D3-984BE103F032}","2026-10-15 23:59:59","False","{C4B2A8C0-01FA-E239-A7F1-CB16D2BB38AB}"
"508256","CC-26-00329","Dustin Whittle for City Council","Candidate Campaign Committee","Mr Dustin Corey Whittle","False","False","True","Independent","","2026","2026-10-08 12:42:11.467000000","2026-09-01 00:00:00","2026-09-30 00:00:00","P.O. Box 10368","","","Danville","VA","24541","Report","False","False","0","434-770-9658","nora.eaton@primehomeoptions.com","11/2026","2023-01-01 00:00:00","2026-12-31 00:00:00","Member City Council","","False","2107.04","","2026-10-08 12:45:34.527000000","{C98337C7-2881-4AEF-A47D-14E1CD7067D1}","2026-10-15 23:59:59","False","{9000CCFE-5491-5060-1979-A3F858CD0A63}"
"508257","PAC-12-00258","Piedmont Education Associations Regional-Political Action Committee","Political Action Committee","","False","False","False","","","2026","2026-10-08 13:00:35.933000000","2026-09-01 00:00:00","2026-10-07 00:00:00","625 Piney Forest Road","Suite 301-C","","Danville","VA","24540","Report","False","False","0","434-799-5498","piedmontveanea@verizon.net","","2026-01-01 00:00:00","2026-12-31 00:00:00","","","True","13852.75","","2026-10-08 13:02:05.157000000","{BA49A546-7E77-E111-86D3-984BE103F032}","2026-10-15 23:59:59","False","{4F35E501-37CF-9D0D-BB44-062B0092C849}"
"508259","PAC-15-00133","Rappahannock Conservative Women's Coalition","Political Action Committee","","False","False","False","","","2026","2026-10-08 13:04:51.690000000","2026-09-01 00:00:00","2026-10-07 00:00:00","3205 Waverly Drive","","","Fredericksburg","VA","22407","Report","False","False","0","5408406068","Lizzrcwc07@gmail.com","","2026-01-01 00:00:00","2026-12-31 00:00:00","","","False","8119.30","","2026-10-08 13:05:53.443000000","{CB71F874-EDC8-E411-9733-984BE103F032}","2026-10-15 23:59:59","False","{74FB6E98-6FF1-1049-0B5E-880099CA17A6}"
"508283","CC-26-00573","T. Justin Rose for School Board","Candidate Campaign Committee","Mr. Thomas Justin Rose","False","False","True","Independent","","2026","2026-10-08 14:57:51.640000000","2026-09-01 00:00:00","2026-09-30 00:00:00","2299 Chaptico Road","","","South Hill","VA","23970","Report","False","False","0","4349172010","justin@rosemontofvirginia.com","11/2026","2023-01-01 00:00:00","2026-12-31 00:00:00","Member School Board","Election - District 4","True",".00","","2026-10-08 14:58:09.100000000","{DF45EA8E-A4CD-4CF1-A44A-A63559249B43}","2026-10-15 23:59:59","False","{51606070-EEFF-B884-B0C8-FD919E221FBF}"
"508284","PAC-12-00255","Planned Parenthood Virginia PAC","Political Action Committee","","False","False","False","","","2026","2026-10-08 14:57:53.187000000","2026-09-01 00:00:00","2026-10-07 00:00:00","201 N. Hamilton St.","","","Richmond","VA","23221","Report","False","False","0","7578972015","elise@blueridgecampaigns.com","","2026-01-01 00:00:00","2026-12-31 00:00:00","","","False","191071.43","","2026-10-08 15:44:29.033000000","{9E3F8A49-7C77-E111-86D3-984BE103F032}","2026-10-15 23:59:59","False","{AB8EEAB2-B2AE-7FAD-240F-3B71C000CF70}"
"508286","PAC-12-00543","The American Electric Power Company - Virginia - Committee for Responsible Government","Political Action Committee","","False","False","False","","","2026","2026-10-08 15:01:13.783000000","2026-09-01 00:00:00","2026-10-07 00:00:00","1 Riverside Plaza","26th Floor","","Columbus","OH","43215","Report","False","False","0","(202) 320-8123","rhamill@aep.com","","2026-01-01 00:00:00","2026-12-31 00:00:00","","","False","310450.34","","2026-10-08 15:02:21.673000000","{26FA1055-F183-E111-9BED-984BE103F032}","2026-10-15 23:59:59","True","{A0DB5CCC-F23A-3EE0-677E-3364DAC06AC7}"
"508290","PAC-21-00043","Humane World Action Fund of Virginia Political Action Committee","Political Action Committee","","False","False","False","","","2026","2026-10-08 15:21:30.503000000","2026-09-01 00:00:00","2026-10-07 00:00:00","1255 23rd St NW","455","","Washington","DC","20037","Report","False","False","0","202-543-8345","brittany.ashenfelter@aristotle.com","","2026-01-01 00:00:00","2026-12-31 00:00:00","","","False","8800.49","","2026-10-09 11:45:04.730000000","{1A5F6808-8FD9-4605-AA99-507FA7AE06C1}","2026-10-15 23:59:59","False","{7435FB40-3481-1832-EB5C-3E3D98FECFF9}"
"508293","CC-22-00013","Friends of Phillip Jones","Candidate Campaign Committee","Phillip  Jones","False","False","True","Independent","","2026","2026-10-08 15:38:54.480000000","2026-10-08 00:00:00","2026-10-08 00:00:00","PO Box 12055","","","Newport News","VA","23612","Large Contribution Report","False","False","0","7573206266","pipdjones@gmail.com","11/2026","2023-01-01 00:00:00","2026-12-31 00:00:00","Mayor","","False","","","2026-10-08 15:39:00.043000000","{03D6DA2A-4D2C-42F5-88AC-C9706CA3C6D8}","2026-10-09 23:59:59","False","{0CC75BAB-840F-8962-493F-2F17B998A372}"
"508294","CC-26-00535","William Edward Kerr","Candidate Campaign Committee","William Edward Kerr","False","False","True","Republican","","2026","2026-10-08 15:39:11.230000000","2026-09-01 00:00:00","2026-09-30 00:00:00","2524 HOLLY AVE","","","BUENA VISTA","VA","24416","Report","False","False","0","5407849369","william.kerr@buenavistava.gov","11/2026","2023-01-01 00:00:00","2026-12-31 00:00:00","Member City Council - Special","","True",".00","","2026-10-08 15:39:26.763000000","{618F37DD-C032-42DA-B692-5D8D07AC8C2E}","2026-10-15 23:59:59","False","{ECF5A9AE-3F49-8F9D-8145-FB12B0D4A6B2}"
"508295","PAC-26-00015","Murphy for Virginia LLC","Political Action Committee","","False","False","False","","","2026","2026-10-08 15:45:54.897000000","2026-09-01 00:00:00","2026-10-07 00:00:00","1123 Crest Ln","","","McLean","VA","22101","Report","False","False","0","7578972015","elise@blueridgecampaigns.com","","2026-01-01 00:00:00","2026-12-31 00:00:00","","","True","23355.57","","2026-10-08 15:46:19.933000000","{C7D8CFDA-1E88-4A73-92B1-FB723B9F386F}","2026-10-15 23:59:59","False","{1C244A39-74B0-2647-A85C-D48D6A911F9C}"
"508297","CC-22-00043","Friends of Todd Cimino-Johnson","Candidate Campaign Committee","Dr. Todd Arron Cimino-Johnson","False","False","True","Democratic","","2026","2026-10-08 15:48:49.137000000","2026-09-01 00:00:00","2026-09-30 00:00:00","PO Box 2003","","","Leesburg","VA","20177","Report","False","False","0","3042792599","votefortoddcj@gmail.com","11/2026","2023-01-01 00:00:00","2026-12-31 00:00:00","Member Town Council - Leesburg","Town - Leesburg","False","9825.31","","2026-10-08 15:49:36.560000000","{D27E03CD-EB50-4BED-A2A9-3C22647BA834}","2026-10-15 23:59:59","False","{0494EB07-7101-53C3-4049-319B8BE48C09}"
"508298","PAC-12-00356","Virginia Chamber Political Action Committee","Political Action Committee","","False","False","False","","","2026","2026-10-08 15:50:41.420000000","2026-09-01 00:00:00","2026-10-07 00:00:00","919 East Main Street","900","","Richmond","VA","23219","Report","False","False","0","","e.betterton@vachamber.com","","2026-01-01 00:00:00","2026-12-31 00:00:00","","","False","26074.38","","2026-10-08 15:51:43.703000000","{C231E092-E87C-E111-9BED-984BE103F032}","2026-10-15 23:59:59","False","{9A526E50-B1B3-DBD1-B63B-667DEF4A0ECF}"
"508299","PAC-22-00068","Virginia Future Generations PAC","Political Action Committee","","False","False","False","","","2026","2026-10-08 15:57:39.367000000","2026-10-05 00:00:00","2026-10-05 00:00:00","PO Box 3604","","","Richmond","VA","23235","Large Contribution Report","False","False","0","(202) 552-0221","donscott@mbacg.com","","2026-01-01 00:00:00","2026-12-31 00:00:00","","","False","","","2026-10-08 15:58:25.087000000","{A545BB9C-838D-4A1E-84EF-6D6302189763}","2026-10-06 23:59:59","True","{BD87CC55-97F9-81DC-9AFF-80BAE6AEDD7B}"
"508300","PAC-22-00068","Virginia Future Generations PAC","Political Action Committee","","False","False","False","","","2026","2026-10-08 15:57:39.413000000","2026-10-05 00:00:00","2026-10-05 00:00:00","PO Box 3604","","","Richmond","VA","23235","Large Contribution Report","False","False","0","(202) 552-0221","donscott@mbacg.com","","2026-01-01 00:00:00","2026-12-31 00:00:00","","","False","","","2026-10-08 15:58:32.593000000","{A545BB9C-838D-4A1E-84EF-6D6302189763}","2026-10-06 23:59:59","True","{F4C7781E-096A-3229-2576-A331585687B0}"
"508301","PAC-22-00068","Virginia Future Generations PAC","Political Action Committee","","False","False","False","","","2026","2026-10-08 15:57:45.963000000","2026-10-06 00:00:00","2026-10-06 00:00:00","PO Box 3604","","","Richmond","VA","23235","Large Contribution Report","False","False","0","(202) 552-0221","donscott@mbacg.com","","2026-01-01 00:00:00","2026-12-31 00:00:00","","","False","","","2026-10-08 15:58:48.427000000","{A545BB9C-838D-4A1E-84EF-6D6302189763}","2026-10-07 23:59:59","True","{956129BA-8CAD-2FB8-1B8F-887FB467DE14}"
"508303","CC-12-00825","Robert D. "Bobby" Orrock for House Committee","Candidate Campaign Committee","Robert D. Orrock Sr","False","False","True","Republican","","2024","2026-10-08 16:09:06.417000000","2024-07-01 00:00:00","2024-12-31 00:00:00","P. O. Box 458","","","Thornburg","VA","22565","Report","False","True","2","540-848-4676","oldrosenow@verizon.net","11/2025","2024-01-01 00:00:00","2025-12-31 00:00:00","Member, House Of Delegates","House Of Delegates - 66th District","False","106466.08","","2026-10-08 16:12:14.540000000","{242BBDEF-9C93-E111-8DEF-984BE103F032}","2025-01-15 23:59:59","False","{9F5DCCD1-BC58-D65C-EFF5-8F470960174F}"
"508304","PAC-12-01483","Main Street Virginia Political Action Committee","Political Action Committee","","False","False","False","","","2026","2026-10-08 16:17:08.850000000","2026-09-01 00:00:00","2026-10-07 00:00:00","602 Cameron Street","102","","Alexandria","VA","22314","Report","False","False","0","202-246-7662","rob.nelson@mindspring.com","","2026-01-01 00:00:00","2026-12-31 00:00:00","","","False","3270.86","","2026-10-08 16:18:54.097000000","{3AD8DE34-2655-E211-9152-984BE103F032}","2026-10-15 23:59:59","False","{36E1CDEC-34C0-7A96-6AB1-9AFF895A2542}"
"508306","CC-26-00325","Friends of H Hunter Holliday III for Salem City Council","Candidate Campaign Committee","Mr. Henry Hunter Holliday III","False","False","True","Republican","","2026","2026-10-08 16:25:52.643000000","2026-09-01 00:00:00","2026-09-30 00:00:00","218 Academy Street","","","Salem","VA","24153","Report","False","False","0","908-291-8657","SaveOurCountryABWH@gmail.com","11/2026","2023-01-01 00:00:00","2026-12-31 00:00:00","Member City Council","","False","952.04","","2026-10-08 16:47:39.537000000","{C1E709AC-DA9E-4EA9-93A5-1407233CB4FE}","2026-10-15 23:59:59","False","{47A4ADA9-EF6A-BC6A-B250-E2C8E5A38D05}"
"508307","PAC-26-00039","Colonial Area Republican Victory Alliance","Political Action Committee","","False","False","False","","","2026","2026-10-08 16:29:07.947000000","2026-09-01 00:00:00","2026-10-07 00:00:00","PO Box 814","VA","","williamsburg","VA","23187","Report","False","False","0","8042100822","Rudeyes45@gmail.com","","2026-01-01 00:00:00","2026-12-31 00:00:00","","","False","893.20","","2026-10-08 16:31:39.170000000","{361F78B8-C357-414C-98FA-54D403E6018E}","2026-10-15 23:59:59","False","{04D00141-63D8-785B-93BE-778F278FF12A}"
"508309","PAC-12-01308","Independent Green Rail Virginia State PAC","Political Action Committee","","False","False","False","","","2026","2026-10-08 16:29:39.773000000","2026-09-01 00:00:00","2026-10-07 00:00:00","5522 Hinton Street","","","Springfield","VA","22151","Report","False","False","0","70393909700","Careychetcampbell@gmail.com","","2026-01-01 00:00:00","2026-12-31 00:00:00","","","True","30070.00","","2026-10-08 16:29:58.650000000","{2CD73B1D-81CF-E111-B0B8-984BE103F032}","2026-10-15 23:59:59","False","{1B00160A-2BEB-07C9-6CDA-95F3CB30CC7A}"
"507746","CC-19-00177","Friends of Scott Wyatt.","Candidate Campaign Committee","Scott Andrew Wyatt","False","False","True","Republican","","2026","2026-10-05 18:07:12.020000000","2026-10-05 00:00:00","2026-10-05 00:00:00","P.O. Box 365","","","Mechanicsville","VA","23111","Large Contribution Report","False","False","0","804-781-0814","scott@votescottwyatt.com","11/2027","2026-01-01 00:00:00","2027-12-31 00:00:00","Member, House Of Delegates","House Of Delegates - 60th District","False","","","2026-10-05 18:07:17.997000000","{82F3A3CD-3A1F-E911-94E1-984BE103F032}","2026-10-06 23:59:59","False","{5ECDFCC6-46C4-12E0-D12B-F755EF225F97}"
"507747","CC-19-00177","Friends of Scott Wyatt.","Candidate Campaign Committee","Scott Andrew Wyatt","False","False","True","Republican","","2026","2026-10-05 18:07:32.147000000","2026-10-05 00:00:00","2026-10-05 00:00:00","P.O. Box 365","","","Mechanicsville","VA","23111","Large Contribution Report","False","False","0","804-781-0814","scott@votescottwyatt.com","11/2027","2026-01-01 00:00:00","2027-12-31 00:00:00","Member, House Of Delegates","House Of Delegates - 60th District","False","","","2026-10-05 18:07:38.843000000","{82F3A3CD-3A1F-E911-94E1-984BE103F032}","2026-10-06 23:59:59","False","{2A89DBC5-3717-691F-0234-6CFDA6BAC4A0}"
"507758","CC-26-00162","Katherine Salgado for Clerk of Court","Candidate Campaign Committee","Mrs. Katherine Minter Salgado","False","False","True","Independent","","2026","2026-10-05 18:46:21.703000000","2026-09-01 00:00:00","2026-09-30 00:00:00","3160 Kings Mountain Road","B","","Martinsville","VA","24112","Report","False","False","0","276-634-4892","ksalgado@vacourts.gov","11/2026","2019-01-01 00:00:00","2026-12-31 00:00:00","Clerk Of Court","","False","20.00","","2026-10-05 18:50:02.330000000","{280D62B3-35EC-4189-A87D-D150FB11D0FC}","2026-10-15 23:59:59","False","{3D13306C-E646-D076-1C55-464A85FA6564}"
"507759","CC-26-00180","Chris Lewis for VB Schools","Candidate Campaign Committee","James Christopher Lewis","False","False","True","Independent","","2026","2026-10-05 19:00:51.727000000","2026-10-05 00:00:00","2026-10-05 00:00:00","PO BOX 6144","","","Virginia Beach","VA","23456","Large Contribution Report","False","False","0","757-831-9361","treasurer@chrislewisforschools.com","11/2026","2023-01-01 00:00:00","2026-12-31 00:00:00","Member School Board","Election - District 2","False","","","2026-10-05 19:01:12.857000000","{D29FC5DB-A689-4DB0-AAA3-B04979AC7E90}","2026-10-06 23:59:59","False","{0DDDE0E0-0DD4-75FF-1EFB-8441FD1101D2}"
"507760","PP-25-00003","New Kent County Republican Committee","Political Party Committee","","False","False","False","","","2026","2026-10-05 19:11:54.070000000","2026-07-01 00:00:00","2026-09-30 00:00:00","P.O. Box 831","","","Quinton","VA","23141","Report","False","False","0","7576456373","tidalwater1@yahoo.com","","2026-01-01 00:00:00","2026-12-31 00:00:00","","","False","6057.88","","2026-10-05 19:12:42.797000000","{AD4E0EFD-7454-4BD9-841D-DACA08EFC541}","2026-10-15 23:59:59","False","{D864231F-B008-2DEB-37FD-903552B02F42}"
"507761","CC-22-00411","Friends of Amit Hickman","Candidate Campaign Committee","Amit  Hickman","False","False","True","Democratic","","2026","2026-10-05 19:33:49.170000000","2026-09-01 00:00:00","2026-09-30 00:00:00","3503 Cornell Road","","","Fairfax","VA","22030","Report","False","False","0","","amit.hickman@gmail.com","11/2026","2025-01-01 00:00:00","2026-12-31 00:00:00","Member School Board","","True","61.20","","2026-10-05 19:33:59.513000000","{276901D2-52AF-4F9E-9801-B85697E485F3}","2026-10-15 23:59:59","False","{7CE12917-7AA5-FCF1-61CC-923025EF0F8C}"
"507762","CC-23-02174","Young for School Board","Candidate Campaign Committee","Mr Ryan Edward Young","False","False","True","Independent","","2026","2026-10-05 20:03:03.980000000","2026-01-01 00:00:00","2026-06-30 00:00:00","309 Hummingbird Rd","","","Richmond","VA","23227","Report","False","False","0","8043478545","young.ryan.e@gmail.com","11/2027","2024-01-01 00:00:00","2027-12-31 00:00:00","Member School Board","Election - Fairfield District","True","1189.61","","2026-10-05 20:03:18.460000000","{FB2A5C75-5937-4C2D-A618-744BA0542E72}","2026-07-15 23:59:59","False","{10DF9147-D80E-6DB3-D34A-92992543E9CD}"
"507768","CC-22-00148","Michael Moore-Storrs 2026","Candidate Campaign Committee","Michael Lindsey Moore-Storrs","False","False","True","Democratic","","2026","2026-10-05 23:30:08.537000000","2026-09-01 00:00:00","2026-09-30 00:00:00","1705 Johnson Rd","","","Petersburg","VA","23805","Report","False","False","0","8046156182","mlmoore1969@gmail.com","11/2026","2023-01-01 00:00:00","2026-12-31 00:00:00","Member City Council","Election - Third Ward","False","891.18","","2026-10-05 23:33:20.090000000","{AF9F213C-5D96-4260-8A02-E3D901D8909F}","2026-10-15 23:59:59","False","{3C1A4FDF-8ACB-4E3D-D496-209C4025A3E1}"
"507779","CC-23-01856","Friends of Philip Pugh","Candidate Campaign Committee","Philip Thomas Pugh","False","False","True","Republican","","2026","2026-10-06 08:43:54.060000000","2026-01-01 00:00:00","2026-06-30 00:00:00","4813 Takach Rd","","","Prince George","VA","23875","Report","False","False","0","804-720-1583","philippugh@comcast.net","11/2027","2024-01-01 00:00:00","2027-12-31 00:00:00","Member Board Of Supervisors","Election - District 2","True",".00","","2026-10-06 08:44:11.610000000","{53C975A6-ADBE-4522-8903-2883226F61F2}","2026-07-15 23:59:59","False","{CEA4A070-B133-833D-0681-4A3CCD4B2568}"
"507780","PAC-14-00294","Virginia Beach Hospitality PAC","Political Action Committee","","False","False","False","","","2026","2026-10-06 09:18:14.987000000","2026-09-01 00:00:00","2026-10-07 00:00:00","1206 Laskin Rd","Suite 140 D","","Virginia Beach","VA","23451","Report","True","False","0","757-428-8015","Diana.burke@vbha.net","","2026-01-01 00:00:00","2026-12-31 00:00:00","","","False","8797.14","","2026-10-06 09:19:36.973000000","{61E982DB-A21D-E411-80FE-984BE103F032}","2026-10-15 23:59:59","False","{1FACD630-C73A-39B6-10CF-ABB039E02327}"
"507781","PAC-12-00347","The Business Leadership Fund","Political Action Committee","","False","False","False","","","2025","2026-10-06 09:30:14.770000000","2025-10-27 00:00:00","2025-10-27 00:00:00","210 S. Jefferson St.","","","Roanoke","VA","24011","Large Contribution Report","False","False","0","5406822105","esichau@roanokechamber.org","","2025-01-01 00:00:00","2025-12-31 00:00:00","","","False","","","2026-10-06 09:30:53.580000000","{0C01B257-CD7C-E111-9BED-984BE103F032}","2025-10-28 23:59:59","False","{C5826A39-9AEA-B541-F4A5-9B23F7B05C42}"
"508369","PAC-12-00209","Democratic Asian Americans of Virginia","Political Action Committee","","False","False","False","","","2026","2026-10-08 20:02:51.200000000","2026-10-08 00:00:00","2026-10-08 00:00:00","3757 Madison Lane","","","Falls Church","VA","22041","Large Expenditure Report","False","False","0","7033710023","rccmason@gmail.com","","2026-01-01 00:00:00","2026-12-31 00:00:00","","","False","","","2026-10-08 20:03:19.357000000","{C387D8FE-D874-E111-86D3-984BE103F032}","2026-10-09 23:59:59","False","{4D4286B2-3DDF-AE79-A110-D2C523BB895F}"
"508370","PP-12-00112","Eighth District Democratic Committee","Political Party Committee","","False","False","False","","","2026","2026-10-08 20:05:26.173000000","2026-07-01 00:00:00","2026-09-30 00:00:00","3757 Madison Lane","","","Falls Church","VA","22041","Report","False","False","0","7033710023","rccmason@gmail.com","","2026-01-01 00:00:00","2026-12-31 00:00:00","","","True","7456.40","","2026-10-08 20:05:57.263000000","{06959382-2074-E111-86D3-984BE103F032}","2026-10-15 23:59:59","False","{705B9060-E148-6EE3-A0D0-D4BA0EB6F337}"
"508373","PAC-12-00208","Asian American Action Fund - Virginia","Political Action Committee","","False","False","False","","","2026","2026-10-08 20:10:31.713000000","2026-09-01 00:00:00","2026-10-07 00:00:00","3757 Madison Lane","","","Falls Church","VA","22041","Report","False","False","0","7033710023","rccmason@gmail.com","","2026-01-01 00:00:00","2026-12-31 00:00:00","","","False","129.94","","2026-10-08 20:11:10.410000000","{9A6776D2-D974-E111-86D3-984BE103F032}","2026-10-15 23:59:59","False","{180FB76B-4865-C3CA-22B5-A3A0F646DBA7}"
"508374","CC-26-00146","Friends of Herbert Coulton Jr for Petersburg City Council","Candidate Campaign Committee","Mr. Herbert  Coulton Jr","False","False","True","Independent","","2026","2026-10-08 20:19:22.787000000","2026-09-01 00:00:00","2026-09-30 00:00:00","1640 Drury Road","","","Petersburg","VA","23805","Report","False","False","0","","hcoultonjrward7citycouncil@gmail.com","11/2026","2023-01-01 00:00:00","2026-12-31 00:00:00","Member City Council","Election - Seventh Ward","False","1.01","","2026-10-08 20:20:33.637000000","{FC1F2460-96E6-4F3C-A853-8B5BC344B74C}","2026-10-15 23:59:59","False","{FAC9C28C-7606-9BB4-318C-E8A7EF856BD0}"
"508376","PP-12-00366","11th Congressional District Democratic Committee","Political Party Committee","","False","False","False","","","2025","2026-10-08 20:58:43.970000000","2026-07-01 00:00:00","2026-09-30 00:00:00","4104 Daniels Ave","Apt 101","","Annandale, VA","VA","22003","Report","False","False","0","703-435-2891","les.halpern@gmail.com","","2026-01-01 00:00:00","2026-12-31 00:00:00","House of Representatives","11th Congressional","False","10139.99","2025-11-04 00:00:00","2026-10-08 20:59:27.170000000","{92B38BAD-2583-E111-9BED-984BE103F032}","2026-10-15 23:59:59","True","{4ED75CE6-E57F-E254-8982-E893F1350A87}"
"508377","PAC-14-00192","Virginia Way PAC","Political Action Committee","","False","False","False","","","2026","2026-10-08 21:34:32.890000000","2026-09-01 00:00:00","2026-10-07 00:00:00","P.O. Box 4611","","","Glen Allen","VA","23058","Report","False","False","0","","matt4va@gmail.com","","2026-01-01 00:00:00","2026-12-31 00:00:00","","","True","372.43","","2026-10-08 21:34:42.577000000","{45D9F9F7-7EEA-E311-BE29-984BE103F032}","2026-10-15 23:59:59","False","{430664D1-A081-04E2-2791-F805ED0ED57C}"
"508378","PP-12-00626","Virginia 3rd District GOP","Political Party Committee","","False","False","False","","","2026","2026-10-08 21:43:18.340000000","2026-07-01 00:00:00","2026-09-30 00:00:00","900 High Street","","","Portsmouth","VA","23704","Report","False","False","0","7573203496","agoodwinre1@gmail.com","","2026-01-01 00:00:00","2026-12-31 00:00:00","","","False","261.12","","2026-10-08 21:45:51.877000000","{4A103782-5B85-E111-9BED-984BE103F032}","2026-10-15 23:59:59","False","{73D475CA-A1DB-6FFC-CB81-3C1C7CB97C07}"
"508379","PP-24-00005","City of Fairfax Democratic Committee","Political Party Committee","","False","False","False","","","2026","2026-10-08 21:43:38.810000000","2026-07-01 00:00:00","2026-09-30 00:00:00","PO Box 3167","","","Fairfax","VA","22038","Report","False","False","0","7733223670","jondnix@gmail.com","","2026-01-01 00:00:00","2026-12-31 00:00:00","","","False","8201.50","","2026-10-08 21:46:39.610000000","{D5C661C8-BAAF-4789-BD5C-2AE27710D7E0}","2026-10-15 23:59:59","False","{BE50CF69-459F-73EA-1A95-8EB08F41D721}"
"508380","CC-26-00439","Friends of Charlie Ashburn","Candidate Campaign Committee","Mr. Charile Lewis Ashburn Jr.","False","False","True","Independent","","2026","2026-10-08 22:05:05.373000000","2026-09-01 00:00:00","2026-09-30 00:00:00","1200 South Street","","","Franklin","VA","23851","Report","False","False","0","7207325028","ghou0711@aol.com","11/2026","2023-01-01 00:00:00","2026-12-31 00:00:00","Member City Council","Election - District 3","False","2982.60","","2026-10-08 22:07:04.893000000","{3F93EF60-9715-4DFC-8BA8-4CBB9051DC95}","2026-10-15 23:59:59","False","{6A3D4460-C3E9-1641-AEE5-C173C12661F2}"
"508381","CC-26-00060","Friends of Eino Korpela","Candidate Campaign Committee","Eino  Korpela","False","False","True","Independent","","2026","2026-10-08 22:22:58.477000000","2026-09-01 00:00:00","2026-09-30 00:00:00","PO Box 185","","","Williamsburg","VA","23187","Report","False","False","0","9086663022","eino.i.korpela@gmail.com","11/2026","2023-01-01 00:00:00","2026-12-31 00:00:00","Member City Council","","False","4492.11","","2026-10-08 22:24:06.613000000","{7ED27883-D0F4-48F6-9AF3-BBE631108002}","2026-10-15 23:59:59","False","{4DBD8D2B-F184-44CC-D2C9-84CDE9C454AB}"
"508383","PP-24-00005","City of Fairfax Democratic Committee","Political Party Committee","","False","False","False","","","2026","2026-10-08 22:48:22.750000000","2026-07-01 00:00:00","2026-09-30 00:00:00","PO Box 3167","","","Fairfax","VA","22038","Report","False","True","1","7733223670","jondnix@gmail.com","","2026-01-01 00:00:00","2026-12-31 00:00:00","","","False","8201.50","","2026-10-08 22:49:20.733000000","{D5C661C8-BAAF-4789-BD5C-2AE27710D7E0}","2026-10-15 23:59:59","False","{BE50CF69-459F-73EA-1A95-8EB08F41D721}"
"508385","PAC-20-00076","National Umbrella Party","Political Action Committee","","False","False","False","","","2026","2026-10-08 22:57:45.467000000","2026-09-01 00:00:00","2026-10-07 00:00:00","4525 Franconia Road","","","Alexandria","VA","22310","Report","False","False","0","","stephenwit@verizon.net","","2026-01-01 00:00:00","2026-12-31 00:00:00","","","True","554.02","","2026-10-08 22:59:32.893000000","{CCBF7607-274E-4BCE-A3A2-A90EC1235EF1}","2026-10-15 23:59:59","False","{34DD0AB1-73DA-02FA-48F4-40C4DE2A7324}"
"507626","CC-24-00401","Lauren Bartelme for School Board","Candidate Campaign Committee","Ms. Lauren Ann Bartelme","False","False","True","Democratic","","2026","2026-10-03 21:59:57.177000000","2026-09-01 00:00:00","2026-09-30 00:00:00","3583 Sharpes Meadow ln","","","Fairfax","VA","22030","Report","False","False","0","4109054732","lauren.bartelme@gmail.com","11/2026","2025-01-01 00:00:00","2026-12-31 00:00:00","Member School Board","","False","550.00","","2026-10-03 22:00:27.733000000","{97DF4CE7-88CA-46EE-9FEB-AD6AD265B219}","2026-10-15 23:59:59","False","{0E52B2D2-A2DB-01A8-E7D9-BE53CF1981B4}"
"507627","RC-26-00031","Yes For RPS","Referendum Committee","","False","False","False","","","2026","2026-10-03 21:59:59.177000000","2026-09-01 00:00:00","2026-09-30 00:00:00","PO Box 25014","","","Richmond","VA","23260","Report","False","False","0","7578972015","elise@blueridgecampaigns.com","11/03/2026","2026-01-01 00:00:00","2026-12-31 00:00:00","","","False","21777.90","2026-11-03 00:00:00","2026-10-05 14:00:51.557000000","{0023676F-BC6F-480B-A842-4807155A2BAE}","2026-10-15 23:59:59","False","{3F11BCF2-C3F6-40FF-DF07-75AB46EEC0BB}"
"507628","CC-26-00301","Sonia Vasquez Luna for Delegate","Candidate Campaign Committee","Ms Sonia Ruth Vasquez Luna","False","False","True","Democratic","","2026","2026-10-03 22:02:38.633000000","2026-10-02 00:00:00","2026-10-02 00:00:00","P.O. Box 1171","","","Manassas","VA","20108-1171","Large Contribution Report","False","False","0","5716824325","Sonialunavirginia@gmail.com","11/2026","2025-01-01 00:00:00","2026-12-31 00:00:00","Member, House Of Delegates","House Of Delegates - 20th District","False","","","2026-10-03 22:03:30.070000000","{1D4263CF-43E3-4B1C-9943-DF6C457CE5EC}","2026-10-03 23:59:59","False","{46A01A54-A27E-BF2A-9E71-8E704ADD3677}"
"507629","CC-26-00042","Committee to Elect Michael Pollard to Bristol Virginia City Council, 2026","Candidate Campaign Committee","Mr. Michael William Pollard","False","False","True","Independent","","2026","2026-10-03 22:53:41.037000000","2026-09-01 00:00:00","2026-09-30 00:00:00","140 Ashley Dr","","","Bristol","VA","24201-3074","Report","False","False","0","276-821-8327","Michael@MichaelPollard.us","11/2026","2023-01-01 00:00:00","2026-12-31 00:00:00","Member City Council","","False","297.74","","2026-10-03 22:55:29.223000000","{FEE3EE92-DDF7-4365-845D-465C7E28557D}","2026-10-15 23:59:59","False","{63E4BA44-B436-C8CD-AA5E-2F51BDE4B58A}"
"507632","CC-26-00190","Seipel for Waynesboro","Candidate Campaign Committee","Adam Lewis Seipel","False","False","True","Independent","","2026","2026-10-04 07:12:55.510000000","2026-09-01 00:00:00","2026-09-30 00:00:00","229 Lee Drive","","","Waynesboro","VA","22980","Report","False","False","0","4344226419","adamseipel@gmail.com","11/2026","2023-01-01 00:00:00","2026-12-31 00:00:00","Member School Board","Election - Ward D","False","240.22","","2026-10-04 07:14:05.687000000","{D7D0A413-ED9D-4692-9C5C-C7C9B84F517F}","2026-10-15 23:59:59","False","{4FA8CC5A-50D0-F669-CB7F-58EABDBD081A}"
"507633","CC-26-00190","Seipel for Waynesboro","Candidate Campaign Committee","Adam Lewis Seipel","False","False","True","Independent","","2026","2026-10-04 07:16:51","2026-10-01 00:00:00","2026-10-01 00:00:00","229 Lee Drive","","","Waynesboro","VA","22980","Large Contribution Report","False","False","0","4344226419","adamseipel@gmail.com","11/2026","2023-01-01 00:00:00","2026-12-31 00:00:00","Member School Board","Election - Ward D","False","","","2026-10-04 07:17:20.057000000","{D7D0A413-ED9D-4692-9C5C-C7C9B84F517F}","2026-10-02 23:59:59","False","{A954F561-32CA-A376-F999-16523C02634A}"
"507634","CC-26-00190","Seipel for Waynesboro","Candidate Campaign Committee","Adam Lewis Seipel","False","False","True","Independent","","2026","2026-10-04 07:19:19.863000000","2026-09-11 00:00:00","2026-09-11 00:00:00","229 Lee Drive","","","Waynesboro","VA","22980","Large Contribution Report","False","False","0","4344226419","adamseipel@gmail.com","11/2026","2023-01-01 00:00:00","2026-12-31 00:00:00","Member School Board","Election - Ward D","False","","","2026-10-04 07:19:41.877000000","{D7D0A413-ED9D-4692-9C5C-C7C9B84F517F}","2026-09-12 23:59:59","False","{863FD834-BF0F-FBA4-50D6-128F8E22EA9C}"
"507635","CC-26-00190","Seipel for Waynesboro","Candidate Campaign Committee","Adam Lewis Seipel","False","False","True","Independent","","2026","2026-10-04 07:19:55.783000000","2026-09-11 00:00:00","2026-09-11 00:00:00","229 Lee Drive","","","Waynesboro","VA","22980","Large Contribution Report","False","False","0","4344226419","adamseipel@gmail.com","11/2026","2023-01-01 00:00:00","2026-12-31 00:00:00","Member School Board","Election - Ward D","False","","","2026-10-04 07:20:05.727000000","{D7D0A413-ED9D-4692-9C5C-C7C9B84F517F}","2026-09-12 23:59:59","False","{CECE261C-37CB-DA30-9EE0-497E64317A60}"
"507638","CC-25-00851","DeVita For Arlington 2","Candidate Campaign Committee","Mr. James Arthur DeVita","False","False","True","Democratic","","2026","2026-10-04 08:10:49.533000000","2026-09-01 00:00:00","2026-09-30 00:00:00","2111 Wilson Boulevard","800","","Arlington","VA","22201","Report","False","False","0","7033515015","jdevitalaw@gmail.com","11/2026","2023-01-01 00:00:00","2026-12-31 00:00:00","Member County Board","","False","1300.33","","2026-10-04 08:11:23.307000000","{17903021-50D6-4099-8D62-A26488DE8FFE}","2026-10-15 23:59:59","False","{C3C74882-6CB2-CB4C-A134-CF4458018003}"
"507640","PP-21-00011","Washington County Democratic Committee","Political Party Committee","","False","False","False","","","2026","2026-10-04 09:50:27.087000000","2026-07-01 00:00:00","2026-09-30 00:00:00","P.O. Box 1332","","","Abingdon","VA","24212-1332","Report","False","False","0","276 356-8517","mbiew@comcast.net","","2026-01-01 00:00:00","2026-12-31 00:00:00","","","False","1298.95","","2026-10-04 09:53:11.540000000","{4AF75E13-FAD4-4591-87B8-D5537500F1B0}","2026-10-15 23:59:59","False","{802C1026-0C6A-9CF7-561B-F9E26FE33818}"
"507642","CC-26-00056","Lonnie Jones for Danville","Candidate Campaign Committee","Lonnie F Jones","False","False","True","Independent","","2026","2026-10-04 10:32:19.337000000","2026-09-01 00:00:00","2026-09-30 00:00:00","610 Mt Cross Rd","D4","","Danville","VA","24540","Report","False","False","0","434-347-0531","lonnie4danville@gmail.com","11/2026","2023-01-01 00:00:00","2026-12-31 00:00:00","Member City Council","","False","106.70","","2026-10-04 10:35:08.573000000","{547CB2B6-539F-4275-9E70-20FE5B9BA77C}","2026-10-15 23:59:59","False","{40490EAD-E73D-43B9-3F92-CCDF670A85FD}"
"507645","PP-26-00002","Floyd County Democratic Committee","Political Party Committee","","False","False","False","","","2026","2026-10-04 11:53:40.767000000","2026-01-01 00:00:00","2026-03-31 00:00:00","P.O. Box 627","","","Floyd","VA","24091","Report","False","True","2","","sanborn.susannah@gmail.com","","2026-01-01 00:00:00","2026-12-31 00:00:00","","","False","6580.66","","2026-10-04 12:03:07.393000000","{87390247-A659-4CA1-B3D1-E5764B6ACBD6}","2026-04-15 23:59:59","False","{A8186549-9092-2F23-B344-C3814378EB3B}"
"507647","PP-12-00123","Loudoun County Republican Committee","Political Party Committee","","False","False","False","","","2026","2026-10-04 12:28:47.163000000","2026-07-01 00:00:00","2026-09-30 00:00:00","525-K East Market Street #268","","","Leesburg","VA","20176","Report","False","False","0","571-292-4563","darris.hess@gmail.com","","2026-01-01 00:00:00","2026-12-31 00:00:00","","","False","32395.29","","2026-10-09 14:31:53.977000000","{5ADAA29B-AE72-E111-86D3-984BE103F032}","2026-10-15 23:59:59","False","{9DB5E36C-A196-81A7-2144-462017AC1E62}"
"507648","PP-26-00002","Floyd County Democratic Committee","Political Party Committee","","False","False","False","","","2026","2026-10-04 13:07:22.830000000","2026-04-01 00:00:00","2026-06-30 00:00:00","P.O. Box 627","","","Floyd","VA","24091","Report","False","True","2","","sanborn.susannah@gmail.com","","2026-01-01 00:00:00","2026-12-31 00:00:00","","","False","7615.50","","2026-10-04 13:11:22.530000000","{87390247-A659-4CA1-B3D1-E5764B6ACBD6}","2026-07-15 23:59:59","False","{2B556D3E-904F-0A6E-C7B3-4A4DAE76FDCD}"
"507649","CC-26-00076","Henderson for Lynchburg","Candidate Campaign Committee","Ronald David Henderson Jr","False","False","True","Democratic","","2026","2026-10-04 14:00:52.253000000","2026-09-01 00:00:00","2026-09-30 00:00:00","309 Madison St","","","Lynchburg","VA","24504","Report","False","False","0","9102806744","shelleylblades@gmail.com","11/2026","2023-01-01 00:00:00","2026-12-31 00:00:00","Member City Council - At Large","","False","10973.67","","2026-10-04 14:01:24.513000000","{DF056210-7D56-44C2-A3E2-DC9F8B9A4A13}","2026-10-15 23:59:59","False","{E6B1610C-5EB0-91EC-CC5C-54956CDA613E}"
"507650","CC-24-00105","Friends of Keven for Mayor","Candidate Campaign Committee","Keven Joseph LeBlanc Jr","False","False","True","Independent","","2026","2026-10-04 14:42:50.613000000","2026-09-01 00:00:00","2026-09-30 00:00:00","818 Locust St","","","Herndon","VA","20170","Report","False","False","0","703-899-6192","les.halpern@gmail.com","11/2024","2023-01-01 00:00:00","2024-12-31 00:00:00","Mayor","Herndon","True","835.82","2026-11-03 00:00:00","2026-10-04 14:42:59.850000000","{F878BE19-CBF1-4415-90F2-2036FB8C7EE9}","2026-10-15 23:59:59","True","{5EE3883D-5F20-B717-D2CC-603B18F96C93}"
"507511","CC-26-00077","Committee to Elect Kylie Zoller","Candidate Campaign Committee","Mrs. Kylie Gaynor Zoller","False","False","True","Independent","","2026","2026-10-02 08:53:33.513000000","2026-09-01 00:00:00","2026-09-30 00:00:00","449 N. Braddock St","","","Winchester","VA","22601","Report","False","False","0","5404097281","kylie7281@gmail.com","11/2026","2023-01-01 00:00:00","2026-12-31 00:00:00","Member School Board","","False","372.25","","2026-10-02 08:54:32.417000000","{76E8F597-96FF-4548-AC37-012248562F4C}","2026-10-15 23:59:59","False","{6FDA2BE4-1651-8F5D-87D4-C11DB94FDCED}"
"507516","PP-12-00048","Colonial Area Republican Men's Association (CARMA)","Political Party Committee","","False","False","False","","","2026","2026-10-02 09:45:35.750000000","2026-07-01 00:00:00","2026-09-30 00:00:00","PO Box 814","","","Williamsburg","VA","23187-0814","Report","False","False","0","8042100822","Rudeyes45@gmail.com","","2026-01-01 00:00:00","2026-12-31 00:00:00","","","False","7034.21","","2026-10-02 09:46:19.253000000","{94036266-C071-E111-86D3-984BE103F032}","2026-10-15 23:59:59","False","{8CA7DE6A-2248-69AA-63BB-8E783376DAF3}"
"507517","RC-26-00021","Virginians for Safe Reproductive Policy","Referendum Committee","","False","False","False","","","2026","2026-10-02 09:56:07.390000000","2026-10-02 00:00:00","2026-10-02 00:00:00","PO Box 26141","","","Alexandria","VA","22313","Large Contribution Report","False","False","0","7035589063","vsrp@cc.electioncfo.com","11/03/2026","2026-01-01 00:00:00","2026-12-31 00:00:00","","","False","","2026-11-03 00:00:00","2026-10-02 09:56:39.893000000","{0DDFD243-6FDC-4CC6-9513-99047BE9FC78}","2026-10-03 23:59:59","True","{A53BAC2D-35FB-F474-4137-690EDC26A9A4}"
"507519","CC-20-00182","Friends of Jon Buttram","Candidate Campaign Committee","Jon Andrew Buttram","False","False","True","Write-In","","2026","2026-10-02 09:57:40.347000000","2026-09-01 00:00:00","2026-09-30 00:00:00","4305 Sideburn Rd","","","Fairfax","VA","22030","Report","False","False","0","","Buttram.jon@gmail.com","11/2026","2025-01-01 00:00:00","2026-12-31 00:00:00","Member School Board","","True","62.74","","2026-10-02 09:59:08.837000000","{03BD56AA-EA27-439C-A047-0158D453840C}","2026-10-15 23:59:59","False","{7057C569-AF9A-3EFC-2C33-E14AE35E9024}"
"507520","CC-26-00357","Henley for City Council","Candidate Campaign Committee","Mrs. Barbara Murden Henley","False","False","True","Independent","","2026","2026-10-02 10:05:03.983000000","2026-09-01 00:00:00","2026-09-30 00:00:00","3513 Charity Neck Road","","","Virginia Beach","VA","23456","Report","False","False","0","7574267501","barbarahenley@cox.net","11/2026","2023-01-01 00:00:00","2026-12-31 00:00:00","Member City Council","Election - District 2","False","10469.32","","2026-10-02 10:07:58.660000000","{57CBDCC3-2F1E-4F3A-9643-A4F4C6364AF2}","2026-10-15 23:59:59","False","{4570524D-78B7-0303-C36D-5AA1F55EBB1C}"
"507521","CC-26-00001","Friends of Dianne Lane for Manassas City","Candidate Campaign Committee","Dianne  Lane","False","False","True","Democratic","","2026","2026-10-02 10:08:10.517000000","2026-10-01 00:00:00","2026-10-01 00:00:00","9532 Liberia Ave","173","","Manassas","VA","20110","Large Contribution Report","False","False","0","7036283195","diannelaneformanassas@gmail.com","11/2026","2023-01-01 00:00:00","2026-12-31 00:00:00","Member City Council","","False","","","2026-10-02 10:08:22.573000000","{AF07D792-AC3F-4D92-96E3-663870DCC4A9}","2026-10-02 23:59:59","False","{427048EA-A918-52C3-42F0-14E038A001C3}"
"507523","PP-17-00650","Harrisonburg Democratic Committee","Political Party Committee","","False","False","False","","","2026","2026-10-02 10:38:08.813000000","2026-07-01 00:00:00","2026-09-30 00:00:00","850 W. Market Street","Suite 120","","Harrisonburg","VA","22801","Report","False","False","0","5402468212","Mattwade25@gmail.com","","2026-01-01 00:00:00","2026-12-31 00:00:00","","","False","9797.68","","2026-10-02 10:41:19.957000000","{A565A9D9-CF93-E711-B3FF-984BE103F032}","2026-10-15 23:59:59","False","{BB9D8F95-A660-020E-6119-4A8ED1D8022F}"
"507524","CC-26-00217","We Want Miles","Candidate Campaign Committee","Dr Miles Kevin Davis","False","False","True","Democratic","","2026","2026-10-02 10:40:27.627000000","2026-09-01 00:00:00","2026-09-30 00:00:00","637 Tennyson Ave","","","Winchester","VA","22601","Report","False","False","0","5406649839","skonate@su.edu","11/2026","2023-01-01 00:00:00","2026-12-31 00:00:00","Member City Council","Election - First Ward","False","9723.73","","2026-10-02 10:50:48.293000000","{62091A9B-851D-4FB1-A8F5-6EF63558AA1B}","2026-10-15 23:59:59","False","{505CC0F4-01AE-8CF8-3375-A603948DC5F0}"
"507530","CC-26-00537","Puckett for School Board","Candidate Campaign Committee","Benjamin Andrew Puckett","False","False","True","Independent","","2026","2026-10-02 11:22:34.143000000","2026-09-01 00:00:00","2026-09-30 00:00:00","13352 Prices Bridge Road","","","Glade Spring","VA","24340","Report","False","False","0","(276) 608-1829","andyp@wcs.k12.va.us","11/2029","2026-01-01 00:00:00","2029-12-31 00:00:00","Member School Board","Election - District G","False","220.78","","2026-10-02 11:26:39.070000000","{E45F30CF-33FA-4972-B362-2CBA9ABA9883}","2026-10-15 23:59:59","False","{CD4834A1-0604-FAEF-671E-EE22CB8143DB}"
"507531","CC-26-00250","Dove 4 School Board","Candidate Campaign Committee","Mrs Murina Virginia Dove","False","False","True","Independent","","2026","2026-10-02 11:41:09.047000000","2026-10-02 00:00:00","2026-10-02 00:00:00","10086 Greenleaf Drive","","","Manassas","VA","20110","Large Contribution Report","False","False","0","(571) 268-1773","Dove4schoolboard@gmail.com","11/2026","2023-01-01 00:00:00","2026-12-31 00:00:00","Member School Board","","False","","","2026-10-02 11:42:10.707000000","{0D749523-D4AA-497A-BC19-CF06EC662A5E}","2026-10-03 23:59:59","False","{40D55F58-EA6B-8B14-029D-B636AE88E2C5}"
"507539","PP-12-00712","Henrico County Democratic Committee","Political Party Committee","","False","False","False","","","2026","2026-10-02 12:33:21.390000000","2026-07-01 00:00:00","2026-09-30 00:00:00","PO Box 70134","","","Richmond","VA","23225","Report","False","False","0","","nmoakes@gmail.com","","2026-01-01 00:00:00","2026-12-31 00:00:00","","","False","62812.91","","2026-10-03 17:00:42.700000000","{2352F919-D787-E111-9BED-984BE103F032}","2026-10-15 23:59:59","False","{530C8297-9BA2-45D4-CA2C-ECC70415C4DF}"
"507579","CC-22-00318","Kelsey for Fairfax","Candidate Campaign Committee","Sarah Marie Kelsey","False","False","True","Independent","","2026","2026-10-02 19:36:17.753000000","2026-09-01 00:00:00","2026-09-30 00:00:00","3137 Concord Circle","","","Fairfax","VA","22030","Report","False","False","0","816-853-0837","kelseyforkids@gmail.com","11/2026","2025-01-01 00:00:00","2026-12-31 00:00:00","Member School Board","","True","1003.38","","2026-10-02 19:36:30.973000000","{604E7C14-4E3D-42C9-8EA1-FEA0D358FF56}","2026-10-15 23:59:59","False","{BFA24901-EE1D-BDE3-D9A3-93CD7F037787}"
"507581","PP-12-00453","Fauquier County Republican Committee","Political Party Committee","","False","False","False","","","2026","2026-10-02 19:36:45.957000000","2026-07-01 00:00:00","2026-09-30 00:00:00","PO Box 925","","","Warrenton","VA","20188-0925","Report","False","False","0","703-625-2522","ghoura@comcast.net","","2026-01-01 00:00:00","2026-12-31 00:00:00","","","False","51882.74","","2026-10-02 19:37:45.397000000","{79EEBE8D-FE82-E111-9BED-984BE103F032}","2026-10-15 23:59:59","False","{0A1670A6-7974-089B-260A-7F8389EC0F04}"
"507587","PP-12-00592","Rockingham County Democratic Committee","Political Party Committee","","False","False","False","","","2026","2026-10-03 10:39:22.683000000","2026-07-01 00:00:00","2026-09-30 00:00:00","850 W. Market St.","","","Harrisonburg","VA","22801","Report","False","False","0","540-820-5300","diannefulk@gmail.com","","2026-01-01 00:00:00","2026-12-31 00:00:00","","","False","8577.55","","2026-10-03 10:41:21.693000000","{45888FCF-D784-E111-9BED-984BE103F032}","2026-10-15 23:59:59","False","{DFE3465D-1C6C-E01C-0CA7-E009CDCF794E}"
"507592","CC-26-00234","MOON4ROANOKE COMMITTEE","Candidate Campaign Committee","STEPHANIE Miranda Moon","False","False","True","Independent","","2026","2026-10-03 11:06:35.427000000","2026-10-02 00:00:00","2026-10-02 00:00:00","P.O.BOX 323","","","Salem","VA","24153","Large Contribution Report","False","False","0","5408192047","movingstarforward@yahoo.com","11/2026","2023-01-01 00:00:00","2026-12-31 00:00:00","Member City Council","","False","","","2026-10-03 11:06:46.753000000","{BE78A9AA-156D-4FFD-90D4-7298DA9530D7}","2026-10-03 23:59:59","False","{C79144B2-D438-2A8E-39CE-865FA474DA57}"
"507593","CC-26-00281","Schenk for School Board","Candidate Campaign Committee","Joseph Henry Schenk Jr.","False","False","True","Republican","","2026","2026-10-03 11:52:06.540000000","2026-09-01 00:00:00","2026-09-30 00:00:00","Post Office Box 31","","","Axton","VA","24054","Report","False","False","0","7572861565","Josephhmschenkjr@gmail.com","11/2026","2023-01-01 00:00:00","2026-12-31 00:00:00","Member School Board At Large","","False","100.00","","2026-10-03 11:57:23.590000000","{AC81195E-072E-4C16-9587-9ED413308618}","2026-10-15 23:59:59","False","{FCC188B9-6505-5F62-1339-7528EE66F019}"
"507595","CC-26-00075","Friends of Mina A. Nolen","Candidate Campaign Committee","Mina  Nolen","False","False","True","Republican","","2026","2026-10-03 11:58:24.520000000","2026-09-01 00:00:00","2026-09-30 00:00:00","3713 Cannon Point Drive","","","Cheapeeake","VA","23321","Report","False","False","0","757-567-4622","m.nolen23@yahoo.com","11/2026","2023-01-01 00:00:00","2026-12-31 00:00:00","Member School Board","","False","5089.20","","2026-10-03 12:02:04.013000000","{93C57324-CBB6-477E-A6C8-A5FE4EB8775B}","2026-10-15 23:59:59","False","{BC863F37-9034-B3D4-EB46-6F0219D77510}"
"507596","CC-21-00094","Friends of Irene Shin","Candidate Campaign Committee","Irene  Shin","False","False","True","Democratic","","2026","2026-10-03 12:36:39.327000000","2026-10-03 00:00:00","2026-10-03 00:00:00","PO Box 5501","","","Herndon","VA","20172","Large Contribution Report","False","False","0","703-435-2891","les.halpern@gmail.com","11/2025","2024-01-01 00:00:00","2025-12-31 00:00:00","Delegate","8","False","","2027-11-02 00:00:00","2026-10-03 12:37:02.770000000","{14E3BECA-E495-4D1C-9A04-276B8837B333}","2026-10-04 23:59:59","True","{4A0107BD-A35C-4449-E159-FA9EF55E35EB}"
"507605","PP-12-00587","Loudoun County Democratic Committee","Political Party Committee","","False","False","False","","","2026","2026-10-03 15:26:15.640000000","2026-07-01 00:00:00","2026-09-30 00:00:00","P.O. Box 544","","","Leesburg","VA","20178","Report","False","False","0","(571) 207-7594","treasurer@loudoundemocrats.org","","2026-01-01 00:00:00","2026-12-31 00:00:00","","","False","40558.24","","2026-10-03 15:26:33.187000000","{7A42BAA6-BA84-E111-9BED-984BE103F032}","2026-10-15 23:59:59","True","{23316C5D-8979-124C-50FA-D41F629026C1}"
"507606","PAC-16-00410","Reagan Majority for Virginia","Political Action Committee","","False","False","False","","","2026","2026-10-03 15:32:41.617000000","2026-10-02 00:00:00","2026-10-02 00:00:00","PO Box 187","","","Mechanicsville","47","23111","Large Contribution Report","False","False","0","","jordan@ryanmcdougle.com","","2026-01-01 00:00:00","2026-12-31 00:00:00","","","False","","","2026-10-03 15:32:54.590000000","{C507AB4F-B39B-E611-B294-984BE103F032}","2026-10-07 23:59:59","False","{238C5EC7-7275-3016-25BA-8B798BF73CF0}"
"507609","PP-18-00008","Historic Triangle Democrats","Political Party Committee","","False","False","False","","","2026","2026-10-03 16:16:28.590000000","2026-07-01 00:00:00","2026-09-30 00:00:00","P. O. Box 2032","","","Williamsburg","VA","23187","Report","False","False","0","(757) 784-7432","jimicenhour@msn.com","","2026-01-01 00:00:00","2026-12-31 00:00:00","","","False","27858.84","","2026-10-03 16:18:13.500000000","{1CD1AA22-B2F4-E711-B37B-984BE103F032}","2026-10-15 23:59:59","True","{0B68C258-60DE-F9AC-7BDE-72E5444CC87C}"
"507615","CC-26-00113","Friends of Stephen Kim","Candidate Campaign Committee","Stephen  Kim","False","False","True","Independent","","2026","2026-10-03 18:16:37.080000000","2026-09-01 00:00:00","2026-09-30 00:00:00","4031 Colonel Mendez Way","","","Fairfax","VA","22032","Report","False","False","0","","skim789@gmail.com","11/2026","2025-01-01 00:00:00","2026-12-31 00:00:00","Member City Council","","True","234.00","","2026-10-03 18:17:24.713000000","{BCDD3F82-3346-47D6-9FB2-7F87CB649D56}","2026-10-15 23:59:59","False","{1F24CF0B-0DC4-2302-F824-1ED5806DFD2A}"
"507623","PP-24-00014","Gloucester County Democratic Committee","Political Party Committee","","False","False","False","","","2026","2026-10-03 21:05:44.143000000","2026-07-01 00:00:00","2026-09-30 00:00:00","PO Box 522","","","Hayes","VA","23072","Report","False","False","0","804 684-1717","chair@glodemsva.org","","2026-01-01 00:00:00","2026-12-31 00:00:00","","","False","3878.08","","2026-10-08 17:56:02.993000000","{70AE6569-7CA6-44DA-AEDA-6D8E5F6F8335}","2026-10-15 23:59:59","False","{D7D037B1-39DB-F2CE-0AD2-188BC04C7A97}"
"508359","PAC-12-00569","HCA For Good Government","Political Action Committee","","False","False","False","","","2026","2026-10-08 19:12:59.940000000","2026-10-08 00:00:00","2026-10-08 00:00:00","901 E. Cary Street","Suite 2100","","Richmond","VA","23219","Large Contribution Report","False","False","0","(804) 327-7624","vival.weatherford@hcahealthcare.com","","2026-01-01 00:00:00","2026-12-31 00:00:00","","","False","","","2026-10-08 19:13:39.803000000","{F451339A-0F84-E111-9BED-984BE103F032}","2026-10-09 23:59:59","True","{C6444734-D705-C283-39B8-FE0AEA7B7763}"
"508586","PAC-21-00063","Rural GroundGame","Political Action Committee","","False","False","False","","","2026","2026-10-09 23:48:25.253000000","2026-10-08 00:00:00","2026-10-08 00:00:00","676 Melrose Rd","","","Rockingham","VA","22802","Large Expenditure Report","False","False","0","","ian@ruralgroundgame.org","","2026-01-01 00:00:00","2026-12-31 00:00:00","","","False","","","2026-10-09 23:48:35.910000000","{FEFE4215-6468-4285-9839-02AF91243382}","2026-10-09 23:59:59","False","{C910838D-5E7E-91E1-360C-DE9538E8271A}"
"508585","CC-25-00855","Suzanne Berman for School Board","Candidate Campaign Committee","Suzanne  Berman","False","False","True","Democratic","","2026","2026-10-09 23:08:38.867000000","2026-05-22 00:00:00","2026-05-22 00:00:00","P.O. Box 5123","","","Virginia Beach","VA","23471","Large Contribution Report","False","False","0","7573754559","sfb4vb@gmail.com","11/2026","2023-01-01 00:00:00","2026-12-31 00:00:00","Member School Board","Election - District 9","False","","","2026-10-09 23:08:57.153000000","{80B279CE-3F47-47BD-9EA1-C6C704F03993}","2026-05-23 23:59:59","False","{11210320-8496-2315-4FDA-882315AB6B2C}"
"508113","PAC-15-00807","Virginia Beach Freedom Fighters","Political Action Committee","","False","False","False","","","2026","2026-10-08 08:43:42.380000000","2026-09-01 00:00:00","2026-10-07 00:00:00","588 Central Drive","","","Virginia Beach","VA","23454","Report","False","False","0","7573218180","jillheyler@verizon.net","","2026-01-01 00:00:00","2026-12-31 00:00:00","","","False","122889.73","","2026-10-08 08:44:16.140000000","{0757C77E-C22F-E511-8F2C-984BE103F032}","2026-10-15 23:59:59","False","{363C5AE4-80F6-B460-01C2-997CCE6DEBE8}"
"508114","PAC-12-00069","Virginia Professional Fire Fighters","Political Action Committee","","False","False","False","","","2026","2026-10-08 08:47:43.730000000","2026-09-01 00:00:00","2026-10-07 00:00:00","455 Hidden Country Lane","","","Hardy","VA","24101","Report","False","False","0","540-890-1394","vpffst@aol.com","","2026-01-01 00:00:00","2026-12-31 00:00:00","","","False","317005.88","","2026-10-08 08:53:01.683000000","{2945DE94-EA71-E111-86D3-984BE103F032}","2026-10-15 23:59:59","False","{17A32789-9B26-F7C0-DBBE-F0FA010EFC38}"
"508115","PAC-14-00290","VACBP Behavioral Health Improvement PAC","Political Action Committee","","False","False","False","","","2026","2026-10-08 08:47:51.870000000","2026-09-01 00:00:00","2026-10-07 00:00:00","PO Box 378","","","King George","VA","22485","Report","False","False","0","8042147191","admin@vacbp.org","","2026-01-01 00:00:00","2026-12-31 00:00:00","","","False","22431.32","","2026-10-08 11:29:59.330000000","{66EC0DA4-A21D-E411-80FE-984BE103F032}","2026-10-15 23:59:59","False","{A2068B72-BEE1-9B7B-AC2B-C85EF1764134}"
"508116","CC-26-00159","Friends of Deb Fitzgerald","Candidate Campaign Committee","Ms. Debra Stevens Fitzgerald","False","False","True","Independent","","2026","2026-10-08 08:50:46.687000000","2026-09-01 00:00:00","2026-09-30 00:00:00","93 Middlebrook Street","","","Harrisonburg","VA","22801","Report","False","False","0","540-476-2948","deb.stevens.fitzgerald@gmail.com","11/2026","2023-01-01 00:00:00","2026-12-31 00:00:00","Member School Board","","False","500.00","","2026-10-08 08:51:17.493000000","{AC6BAE83-C6E5-4036-AEE7-AAE0BFFBEFCE}","2026-10-15 23:59:59","False","{DBA816E4-9688-CE7E-E6BE-E7D85BFDE726}"
"508117","CC-26-00153","Friends of Emma Phillips for School Board","Candidate Campaign Committee","EmmaRose  Phillips","False","False","True","Independent","","2026","2026-10-08 08:51:47","2026-09-01 00:00:00","2026-09-30 00:00:00","1121 Star Crest Dr","","","Harrisonburg","VA","22802","Report","False","False","0","540-476-2948","deb.stevens.fitzgerald@gmail.com","11/2026","2023-01-01 00:00:00","2026-12-31 00:00:00","Member School Board","","True","100.00","","2026-10-08 08:52:45.233000000","{9E59122C-CC52-4B06-8AC1-C754F6BE6618}","2026-10-15 23:59:59","False","{98CBBE74-9150-AAB7-E089-4A1ABE2F9136}"
"508120","PAC-22-00069","Friends of Re-Elect Bill Overton","Political Action Committee","","False","False","False","","","2026","2026-10-08 08:53:23.613000000","2026-09-01 00:00:00","2026-10-07 00:00:00","P. O. Box 201 140 Greenview Drive","","","Rocky Mount","VA","24151","Report","False","False","0","540-814-1724","hlnolen@icloud.com","","2026-01-01 00:00:00","2026-12-31 00:00:00","","","True","9102.69","","2026-10-08 08:53:39.743000000","{2873FDD4-C43A-4B78-BDFA-D5A13BE881D0}","2026-10-15 23:59:59","False","{3F971E75-A3C9-E136-7CFF-B3E54AE286E6}"
"508122","CC-26-00384","Rachel Smallwood Candidacy","Candidate Campaign Committee","Rachel  Smallwood","False","False","True","Independent","","2026","2026-10-08 08:54:05.847000000","2026-09-01 00:00:00","2026-09-30 00:00:00","1144 Nelson Drive","","","Harrisonburg","VA","22801","Report","False","False","0","540-476-2948","deb.stevens.fitzgerald@gmail.com","11/2026","2023-01-01 00:00:00","2026-12-31 00:00:00","Member School Board","","True","5.00","","2026-10-08 08:54:18.757000000","{CBD1BCAA-5269-4FF0-8619-5547802E19D2}","2026-10-15 23:59:59","False","{5109A747-43CF-2644-A664-39CDBE31C020}"
"508123","PAC-20-00001","Chairman's PAC","Political Action Committee","","False","False","False","","","2026","2026-10-08 08:54:12.990000000","2026-09-01 00:00:00","2026-10-07 00:00:00","1919 Withers Larue Rd./PO Box 771","","","Berryville","VA","22611","Report","False","False","0","540-336-1900","matt@mattleeds.gop","","2026-01-01 00:00:00","2026-12-31 00:00:00","","","True","13.60","","2026-10-08 08:54:24.907000000","{E3EE85A9-F7F7-4012-AEEE-5023CF814FAC}","2026-10-15 23:59:59","False","{DB68641D-E75B-D0E9-C795-27670D289D73}"
"508124","CC-26-00159","Friends of Deb Fitzgerald","Candidate Campaign Committee","Ms. Debra Stevens Fitzgerald","False","False","True","Independent","","2026","2026-10-08 08:54:46.613000000","2026-09-01 00:00:00","2026-09-30 00:00:00","93 Middlebrook Street","","","Harrisonburg","VA","22801","Report","False","True","1","540-476-2948","deb.stevens.fitzgerald@gmail.com","11/2026","2023-01-01 00:00:00","2026-12-31 00:00:00","Member School Board","","True","500.00","","2026-10-08 08:55:01.930000000","{AC6BAE83-C6E5-4036-AEE7-AAE0BFFBEFCE}","2026-10-15 23:59:59","False","{DBA816E4-9688-CE7E-E6BE-E7D85BFDE726}"
"508125","PAC-22-00013","Plumbers & Steamfitters Local Union 110 Local PAC Fund","Political Action Committee","","False","False","False","","","2026","2026-10-08 08:55:44.617000000","2026-09-01 00:00:00","2026-10-07 00:00:00","520 Naval Base Road","","","Norfolk","VA","23505","Report","False","False","0","7576135901","localunion110@yahoo.com","","2026-01-01 00:00:00","2026-12-31 00:00:00","","","False","191783.09","","2026-10-08 09:09:58.453000000","{BC746200-01CA-47ED-994F-D6BA48E04C4A}","2026-10-15 23:59:59","False","{7358F175-2205-9674-B067-F3B413F5D4A8}"
"508126","CC-24-00394","Friends of Mike","Candidate Campaign Committee","Mr. Michael  Lloyd","False","False","True","Independent","","2026","2026-10-08 08:58:26.700000000","2026-09-01 00:00:00","2026-09-30 00:00:00","651 Nathaniel Chase Lane","","","Herndon","VA","20170","Report","False","False","0","3123880501","mt_lloyd@yahoo.com","11/2026","2025-01-01 00:00:00","2026-12-31 00:00:00","Member Town Council","Town - Herndon","True",".00","","2026-10-08 08:59:12.763000000","{DDE5F453-5A99-4A61-8B8F-07E865A1A2A5}","2026-10-15 23:59:59","False","{9F9389D3-7D16-B85E-BA0D-E8483895F279}"
"508151","PAC-12-00275","FamDocPAC","Political Action Committee","","False","False","False","","","2026","2026-10-08 10:03:36.530000000","2026-09-01 00:00:00","2026-10-07 00:00:00","7113 Three Chopt Road","Suite 101","","Richmond","VA","23226","Report","False","False","0","804-968-5200","kduncan@vafp.org","","2026-01-01 00:00:00","2026-12-31 00:00:00","","","False","64645.36","","2026-10-08 10:07:30.740000000","{0DBA79C4-A97A-E111-BF23-984BE103F032}","2026-10-15 23:59:59","False","{02F41406-5CD6-6D58-C319-F37B4F0A4ED8}"
"508154","CC-26-00325","Friends of H Hunter Holliday III for Salem City Council","Candidate Campaign Committee","Mr. Henry Hunter Holliday III","False","False","True","Republican","","2026","2026-10-08 10:08:11.037000000","2026-10-07 00:00:00","2026-10-07 00:00:00","218 Academy Street","","","Salem","VA","24153","Large Contribution Report","False","False","0","908-291-8657","SaveOurCountryABWH@gmail.com","11/2026","2023-01-01 00:00:00","2026-12-31 00:00:00","Member City Council","","False","","","2026-10-08 10:08:59.763000000","{C1E709AC-DA9E-4EA9-93A5-1407233CB4FE}","2026-10-08 23:59:59","False","{0DAEA6B1-618D-543C-D12F-266B2DEEE212}"
"508155","PAC-25-00020","Laborers Local 980 VA PAC","Political Action Committee","","False","False","False","","","2026","2026-10-08 10:09:55.600000000","2026-09-01 00:00:00","2026-10-07 00:00:00","PO Box 19628","","","Roanoke","VA","24019","Report","False","False","0","5403663401","casey@laborerslocal980.org","","2026-01-01 00:00:00","2026-12-31 00:00:00","","","False","16110.28","","2026-10-08 10:10:16.463000000","{AD689568-860F-4FA2-9F45-D765387D5237}","2026-10-15 23:59:59","False","{BACA0061-81B5-AEC6-1A3F-9809E95C2C25}"
"508157","CC-21-01047","Friends of CB3","Candidate Campaign Committee","Mr. Curtis D Bethany III","False","False","True","Independent","","2026","2026-10-08 10:11:30.837000000","2026-10-08 00:00:00","2026-10-08 00:00:00","P.O Box 15523","","","Newport News","VA","23608","Large Contribution Report","False","False","0","7573166764","cbeth003@me.com","11/2026","2023-01-01 00:00:00","2026-12-31 00:00:00","Member City Council - Seat B","Election - North District","False","","","2026-10-08 10:11:37.313000000","{87067FD2-551C-4FBE-80BC-9544967D3A75}","2026-10-09 23:59:59","False","{C1AABCAD-3726-E798-6EB9-5AA6C35B9924}"
"508158","CC-26-00175","Greg “Waldo” Warden for Sheriff","Candidate Campaign Committee","Gregory Dale-Ray Warden","False","False","True","Democratic","","2026","2026-10-08 10:11:51.480000000","2026-03-20 00:00:00","2026-03-31 00:00:00","220 Rosehill drive","","","Christiansburg","VA","24073","Report","False","True","3","5404494005","Gdwarden00@yahoo.com","11/2026","2023-01-01 00:00:00","2026-12-31 00:00:00","Sheriff","","False",".00","","2026-10-08 10:12:34.563000000","{F1A53F9D-20AE-4B2E-A874-D969584B4F9F}","2026-04-15 23:59:59","False","{C0B5C6A5-2279-756D-52EE-D59799C82798}"
"508160","CC-26-00175","Greg “Waldo” Warden for Sheriff","Candidate Campaign Committee","Gregory Dale-Ray Warden","False","False","True","Democratic","","2026","2026-10-08 10:12:52.200000000","2026-04-01 00:00:00","2026-06-30 00:00:00","220 Rosehill drive","","","Christiansburg","VA","24073","Report","False","True","1","5404494005","Gdwarden00@yahoo.com","11/2026","2023-01-01 00:00:00","2026-12-31 00:00:00","Sheriff","","False","152.72","","2026-10-08 10:13:32.290000000","{F1A53F9D-20AE-4B2E-A874-D969584B4F9F}","2026-07-15 23:59:59","False","{F2BD88A8-EA04-0BDC-84E0-CB0EDADD6F72}"
"508161","CC-26-00175","Greg “Waldo” Warden for Sheriff","Candidate Campaign Committee","Gregory Dale-Ray Warden","False","False","True","Democratic","","2026","2026-10-08 10:13:49.263000000","2026-07-01 00:00:00","2026-07-23 00:00:00","220 Rosehill drive","","","Christiansburg","VA","24073","Report","False","True","1","5404494005","Gdwarden00@yahoo.com","11/2026","2023-01-01 00:00:00","2026-12-31 00:00:00","Sheriff","","False","1115.93","","2026-10-08 10:14:35.400000000","{F1A53F9D-20AE-4B2E-A874-D969584B4F9F}","2026-07-27 23:59:59","False","{DABEF551-13D7-29B4-8A2E-DDC1979A22EC}"
"508166","PAC-12-00545","ActBlue Virginia","Political Action Committee","","False","False","False","","","2026","2026-10-08 10:19:52.180000000","2026-10-07 00:00:00","2026-10-07 00:00:00","9431 Goldfield Lane","","","Burke","VA","22015","Large Contribution Report","False","False","0","617 517-7600","treasurer@actblue.com","","2026-01-01 00:00:00","2026-12-31 00:00:00","","","False","","","2026-10-08 10:20:05.013000000","{76FAFFED-0784-E111-9BED-984BE103F032}","2026-10-08 23:59:59","True","{F2E71E43-B038-F483-2FBB-54F163D85D0B}"
"508169","PAC-12-00256","Independent Insurance Agents of VA Political Affairs Committee","Political Action Committee","","False","False","False","","","2026","2026-10-08 10:23:27.073000000","2026-09-01 00:00:00","2026-10-07 00:00:00","8600 Mayland Dr","","","Richmond","VA","23294","Report","True","False","0","8047479300","sarmor@iiav.com","","2026-01-01 00:00:00","2026-12-31 00:00:00","","","False","7059.80","","2026-10-08 13:40:25.420000000","{7CC9715A-1278-E111-86D3-984BE103F032}","2026-10-15 23:59:59","False","{CB6FB481-0BF4-D6EC-9007-9763F6DDFC42}"
"508171","PAC-26-00039","Colonial Area Republican Victory Alliance","Political Action Committee","","False","False","False","","","2026","2026-10-08 10:26:37.063000000","2026-06-02 00:00:00","2026-08-31 00:00:00","PO Box 814","VA","","williamsburg","VA","23187","Report","False","False","0","8042100822","Rudeyes45@gmail.com","","2026-01-01 00:00:00","2026-12-31 00:00:00","","","False",".00","","2026-10-08 10:30:31.263000000","{361F78B8-C357-414C-98FA-54D403E6018E}","2026-09-15 23:59:59","False","{EE1EBB76-33B2-2251-9A4B-F128EAD6738E}"
"508176","PAC-25-00053","Good People of Arlington","Political Action Committee","","False","False","False","","","2026","2026-10-08 10:29:16.567000000","2026-09-01 00:00:00","2026-10-07 00:00:00","900 N STUART ST","1220","","Arlington","VA","22203-4109","Report","False","False","0","2059030902","lockeaustin@gmail.com","","2026-01-01 00:00:00","2026-12-31 00:00:00","","","True",".00","","2026-10-08 10:29:27.473000000","{508399DB-78BF-40BB-84B9-66450E26031B}","2026-10-15 23:59:59","False","{A50C546D-C721-2BAB-0ACD-A61CD8A68891}"
"508179","PAC-25-00012","Join Our Effort PAC","Political Action Committee","","False","False","False","","","2026","2026-10-08 10:30:14.663000000","2026-09-01 00:00:00","2026-10-07 00:00:00","2318 Brookfield Drive","","","Roanoke","VA","24018","Report","False","False","0","540-353-3700","snowshoeescapes@cox.net","","2026-01-01 00:00:00","2026-12-31 00:00:00","","","False","11621.17","","2026-10-08 10:31:17.603000000","{2486591E-5C48-47E1-AD25-A11EB5F708C2}","2026-10-15 23:59:59","False","{D8EFA8EF-75D3-25FD-8774-79F4F02C91AA}"
"508188","CC-26-00175","Greg “Waldo” Warden for Sheriff","Candidate Campaign Committee","Gregory Dale-Ray Warden","False","False","True","Democratic","","2026","2026-10-08 10:41:08.507000000","2026-07-24 00:00:00","2026-08-31 00:00:00","220 Rosehill drive","","","Christiansburg","VA","24073","Report","False","True","1","5404494005","Gdwarden00@yahoo.com","11/2026","2023-01-01 00:00:00","2026-12-31 00:00:00","Sheriff","","False","1115.93","","2026-10-08 10:48:49.220000000","{F1A53F9D-20AE-4B2E-A874-D969584B4F9F}","2026-09-15 23:59:59","False","{109839B3-0F93-B7AE-0491-EA527C805346}"
"508226","PAC-12-00005","Committe for Effective Government Virginia Natural Gas","Political Action Committee","","False","False","False","","","2026","2026-10-08 11:19:24.813000000","2026-10-08 00:00:00","2026-10-08 00:00:00","544 S. Independence Blvd","","","Virginia Beach","VA","23452","Large Expenditure Report","False","False","0","2025438345","noah.koven@aristotle.com","","2026-01-01 00:00:00","2026-12-31 00:00:00","","","False","","","2026-10-08 13:00:48.637000000","{A025C739-266E-E111-86D3-984BE103F032}","2026-10-09 23:59:59","False","{D6170ECF-B628-F5E2-C430-F092A4BC380C}"
"508228","PAC-12-00586","NoVa Build PAC","Political Action Committee","","False","False","False","","","2026","2026-10-08 11:23:31.633000000","2026-09-01 00:00:00","2026-10-07 00:00:00","3684 Centerview DR","110-B","","Chantilly","VA","20151","Report","False","False","0","7039533502","mchristian@nvbia.com","","2026-01-01 00:00:00","2026-12-31 00:00:00","","","False","232629.02","","2026-10-08 11:24:27.030000000","{B51DF1C6-C487-E111-9BED-984BE103F032}","2026-10-15 23:59:59","False","{032B79DF-DE0A-651F-A1F6-73650BD51A70}"
"508229","PAC-12-00645","Metropolitan Washington PAC for Virginia","Political Action Committee","","False","False","False","","","2026","2026-10-08 11:24:15.023000000","2026-09-01 00:00:00","2026-10-07 00:00:00","1025 Connecticut Avenue, NW","Suite 1005","","Washington","DC","20036","Report","False","True","1","202-296-3390","jclarke@aoba-metro.org","","2026-01-01 00:00:00","2026-12-31 00:00:00","","","False","45558.98","","2026-10-08 11:29:13.597000000","{7EA90939-A385-E111-9BED-984BE103F032}","2026-10-15 23:59:59","False","{847CBBBE-7EB1-19DB-E90C-D2B4215240F5}"
"508230","PAC-17-00392","WinVirginia","Political Action Committee","","False","False","False","","","2026","2026-10-08 11:29:00.750000000","2026-09-01 00:00:00","2026-10-07 00:00:00","2217 Halcyon Lane","","","Vienna","VA","22181","Report","False","False","0","5712764425","info@winvirginia.org","","2026-01-01 00:00:00","2026-12-31 00:00:00","","","False","674.34","","2026-10-08 11:30:51.627000000","{BD1F1571-D83C-E711-A2BA-984BE103F032}","2026-10-15 23:59:59","False","{34FAA89F-1581-9F3C-5FEF-FD7843A94CC3}"
"508231","PAC-24-00040","Virginia's Future Political Action Committee","Political Action Committee","","False","False","False","","","2026","2026-10-08 11:32:09.130000000","2026-09-01 00:00:00","2026-10-07 00:00:00","P.O. Box 58","","","Woodbridge","VA","22194","Report","False","False","0","7037303740","pac@vafuture.com","","2026-01-01 00:00:00","2026-12-31 00:00:00","","","True","45.00","","2026-10-08 11:32:16.993000000","{07496BE1-A954-4D0A-AB7A-9AC2623226AE}","2026-10-15 23:59:59","False","{3CF5DF22-8ECB-E3AB-C972-BBCC79921287}"
"508232","PAC-12-00602","CIGAR ASSOCIATION OF VIRGINIA","Political Action Committee","","False","False","False","","","2026","2026-10-08 11:33:13.710000000","2026-09-01 00:00:00","2026-10-07 00:00:00","5325 CLEVELAND STREET","301","","VIRGINIA BEACH","VA","23462","Report","False","False","0","757-962-3906","ruth.farnett@emersonscigars.com","","2026-01-01 00:00:00","2026-12-31 00:00:00","","","True","3388.25","","2026-10-08 11:33:21.760000000","{BDEDB43A-D984-E111-9BED-984BE103F032}","2026-10-15 23:59:59","False","{24AF2ED3-1C5E-3151-9754-F22D6F5643FC}"
"508236","PAC-12-00063","Universal Leaf Tobacco Company Incorporated Political Action Committee (State)","Political Action Committee","","False","False","False","","","2026","2026-10-08 11:39:49.530000000","2026-09-01 00:00:00","2026-10-07 00:00:00","9201 Forest Hill Avenue, Stony Point II Building","","","Richmond","VA","23235","Report","False","False","0","804-775-1937","mtogna@mwcllc.com","","2026-01-01 00:00:00","2026-12-31 00:00:00","","","False","18059.10","","2026-10-08 12:28:44.653000000","{AB2E5008-B179-E111-BF23-984BE103F032}","2026-10-15 23:59:59","False","{F938E67E-E0C1-3BCF-F843-6EDCED295AC3}"
"508240","CC-26-00218","Copeland for City Council","Candidate Campaign Committee","Wynndolyn Hilliard Copeland","False","False","True","Democratic","","2026","2026-10-08 11:45:37.620000000","2026-09-01 00:00:00","2026-09-30 00:00:00","1508 West Circle","","","Franklin","VA","23851","Report","False","False","0","7576519069","jcwhc95@gmail.com","11/2026","2023-01-01 00:00:00","2026-12-31 00:00:00","Member City Council","Election - District 5","False","281.00","","2026-10-08 11:46:33.940000000","{E7AE0A8D-221B-424F-85F4-A723ADAAA695}","2026-10-15 23:59:59","False","{C4727C7E-6266-076A-D814-4A89B3B75EFF}"
"508241","PAC-12-00485","Virginia Society of Health-System Pharmacists Political Action Committee","Political Action Committee","","False","False","False","","","2026","2026-10-08 11:47:39.573000000","2026-09-01 00:00:00","2026-10-07 00:00:00","8100 Three Chopt Road","226","","Henrico","VA","23229","Report","False","False","0","804-673-5684","tcraddock@LSGteam.com","","2026-01-01 00:00:00","2026-12-31 00:00:00","","","False","15047.62","","2026-10-08 11:50:48.870000000","{63474BBB-6582-E111-9BED-984BE103F032}","2026-10-15 23:59:59","False","{15A66A9A-63C7-B9A0-9C5B-9BB4BA2608FD}"
"508242","PAC-17-00651","National Democratic Redistricting Committee - VA","Political Action Committee","","False","False","False","","","2026","2026-10-08 11:48:07.433000000","2026-09-01 00:00:00","2026-10-07 00:00:00","16423 Boatswain Circle","","","Woodbridge","VA","22191","Report","False","False","0","18479871087","state@premier-compliance.com","","2026-01-01 00:00:00","2026-12-31 00:00:00","","","True","8361.20","","2026-10-08 11:48:16.793000000","{62D6AB49-CE94-E711-B3FF-984BE103F032}","2026-10-15 23:59:59","False","{42086F34-0BED-F906-C6C1-5C17EB5BCE45}"
"508243","PAC-26-00048","Northern Virginia Democratic Black Caucus","Political Action Committee","","False","False","False","","","2026","2026-10-08 11:55:17.243000000","2026-09-01 00:00:00","2026-10-07 00:00:00","7403 Dunnington Place","","","Alexandria","VA","22315","Report","False","False","0","","meredithray@ymail.com","","2026-01-01 00:00:00","2026-12-31 00:00:00","","","False",".00","","2026-10-08 11:56:47.087000000","{267B1005-949A-47E2-9812-82C2DE0103EE}","2026-10-15 23:59:59","False","{522A31D1-D64C-26A3-1FF5-41A9E91BA2A9}"
"508244","PAC-24-00036","Citizens for Responsible Leadership in Smithfield","Political Action Committee","","False","False","False","","","2026","2026-10-08 11:56:16.260000000","2026-09-01 00:00:00","2026-10-07 00:00:00","303 Red Point Drive","","","Smithfield","VA","23430","Report","False","False","0","7578716262","renee.d.bevan@gmail.com","","2026-01-01 00:00:00","2026-12-31 00:00:00","","","True","5.47","","2026-10-08 11:56:32.550000000","{193EC661-CB97-431E-9E62-70203A4BB2C6}","2026-10-15 23:59:59","False","{ECA32C58-C117-7B3A-63AC-1A49CF7A8460}"
"508245","PAC-23-00046","Hill City Young Republicans","Political Action Committee","","False","False","False","","","2026","2026-10-08 11:59:14.530000000","2026-09-01 00:00:00","2026-10-07 00:00:00","6231 Old Mill Road","Unit 221","","Lynchburg","VA","24502","Report","False","False","0","9193569147","info@hillcityyr.com","","2026-01-01 00:00:00","2026-12-31 00:00:00","","","True","538.60","","2026-10-08 11:59:43.583000000","{B718096D-F11E-49A5-8081-D5EE0A4ED4F4}","2026-10-15 23:59:59","False","{591E94F1-6AF4-0F05-F235-9EB08B29E8B1}"
"508246","PAC-12-00373","Virginia Retail Federation Political Action Committee","Political Action Committee","","False","False","False","","","2026","2026-10-08 12:01:52.893000000","2026-10-07 00:00:00","2026-10-07 00:00:00","5101 Monument Avenue","201","","Richmond","VA","23230","Large Contribution Report","False","False","0","5404627519","awolff@inunison.org","","2026-01-01 00:00:00","2026-12-31 00:00:00","","","False","","","2026-10-08 12:02:03.663000000","{D4947735-5A7E-E111-9BED-984BE103F032}","2026-10-08 23:59:59","False","{360F83A3-A453-DEBA-4617-2B7AB41D2C80}"
"508247","PP-12-00537","Democratic Party of Virginia","Political Party Committee","","False","False","False","","","2026","2026-10-08 12:02:45.050000000","2026-10-08 00:00:00","2026-10-08 00:00:00","919 E Main St","Ste 2050","","Richmond","VA","23219","Large Contribution Report","False","False","0","(202) 240-7451","vadems@acuitypolitics.com","","2026-01-01 00:00:00","2026-12-31 00:00:00","","","False","","","2026-10-08 12:03:11.437000000","{62E3C822-C883-E111-9BED-984BE103F032}","2026-10-09 23:59:59","True","{A5508254-D3A8-626E-A70E-1A45AE1DBC7B}"
"508263","CC-26-00210","Harvey Brookins for Roanoke City Council","Candidate Campaign Committee","Mr. Harvey D. Brookins","False","False","True","Democratic","","2026","2026-10-08 13:12:01.870000000","2026-09-01 00:00:00","2026-09-30 00:00:00","349 Day Avenue SW","","","roanoke","VA","24016","Report","False","False","0","540-529-0919","haleygreg051@gmail.com","11/2026","2023-01-01 00:00:00","2026-12-31 00:00:00","Member City Council","","False","2925.56","","2026-10-08 13:13:31.767000000","{C5CB0A7D-5639-4686-A285-49FD4D5F9922}","2026-10-15 23:59:59","False","{1EDD7F87-5594-067C-5069-9E03C9B4FB47}"
"508264","PP-12-00184","8th Congressional District Republican Committee","Political Party Committee","","False","False","False","","","2026","2026-10-08 13:15:36.753000000","2026-07-01 00:00:00","2026-09-30 00:00:00","PO Box 26141","","","Alexandria","VA","22313","Report","False","False","0","","ari@electioncfo.com","","2026-01-01 00:00:00","2026-12-31 00:00:00","","","True","521.19","","2026-10-08 13:18:27.253000000","{D4A930AB-2274-E111-86D3-984BE103F032}","2026-10-15 23:59:59","False","{A5B0211C-A257-ACAF-72E1-2A6C82676354}"
"508265","RC-26-00004","Virginians for Reproductive Freedom","Referendum Committee","","False","False","False","","","2026","2026-10-08 13:38:56.427000000","2026-10-08 00:00:00","2026-10-08 00:00:00","232 E 14th St.","","","Richmond","VA","23224","Large Contribution Report","False","False","0","","vrf@mbacg.com","11/03/2026","2026-01-01 00:00:00","2026-12-31 00:00:00","","","False","","2026-11-03 00:00:00","2026-10-08 15:33:30.487000000","{68970971-AAB0-4214-A04A-CB06C1D64199}","2026-10-14 23:59:59","False","{169BCD8C-948C-C0F8-DCE2-2B7B2A15AF2B}"
"508266","PAC-22-00048","Defending Liberty PAC","Political Action Committee","","False","False","False","","","2026","2026-10-08 13:40:34.633000000","2026-09-01 00:00:00","2026-10-07 00:00:00","P.O. Box 157","","","New Castle","VA","24127","Report","False","False","0","5405975349","jordan@labiosa.com","","2026-01-01 00:00:00","2026-12-31 00:00:00","","","True","79.55","","2026-10-08 13:40:41.913000000","{D05C5FCA-C8C3-4F60-BA3C-EC2298CF5AAC}","2026-10-15 23:59:59","False","{D6C314FD-A03A-3699-5896-61B51D13591E}"
"508268","PAC-12-00191","Virginia Beer Wholesalers Association Political Action Committee","Political Action Committee","","False","False","False","","","2026","2026-10-08 13:51:47.367000000","2026-09-01 00:00:00","2026-10-07 00:00:00","1021 East Cary Street","704","","Richmond","VA","23219","Report","False","False","0","804-783-2655","kelli.gaudreau@vbwa.org","","2026-01-01 00:00:00","2026-12-31 00:00:00","","","False","247843.45","","2026-10-08 13:53:27.713000000","{A9CD6C5B-2D74-E111-86D3-984BE103F032}","2026-10-15 23:59:59","False","{E9C4AAAE-FB4D-1654-A1F5-DEDAC66EB413}"
"508269","PAC-12-01359","Virginia Professional Investigators Political Action Committee","Political Action Committee","","False","False","False","","","2026","2026-10-08 14:06:36.937000000","2026-09-01 00:00:00","2026-10-07 00:00:00","P.O. Box 401","","","Oakton","VA","22124","Report","False","False","0","703-528-5882","vpipac@gmail.com","","2026-01-01 00:00:00","2026-12-31 00:00:00","","","True","1667.95","","2026-10-08 14:06:58.583000000","{A717BE01-B2DD-E111-A665-984BE103F032}","2026-10-15 23:59:59","False","{99B92C11-E492-77F5-FC9A-335B882EC5C4}"
"508274","PAC-23-00084","Real Estate Alliance Political Action Committee","Political Action Committee","","False","False","False","","","2026","2026-10-08 14:40:14.770000000","2026-09-01 00:00:00","2026-10-07 00:00:00","8975 Three Chopt Rd","","","Henrico","VA","23229","Report","False","False","0","804-422-5010","kburke@rarealtors.com","","2026-01-01 00:00:00","2026-12-31 00:00:00","","","True",".00","","2026-10-08 14:40:24.257000000","{762D0402-9C5E-4598-AE53-83197C940726}","2026-10-15 23:59:59","False","{765CD017-AA45-62E9-091D-206001F9C69E}"
"508275","PAC-12-00151","Richmond REALTORS Political Action Committee","Political Action Committee","","False","False","False","","","2026","2026-10-08 14:41:41.350000000","2026-09-01 00:00:00","2026-10-07 00:00:00","8975 Three Chopt Road","","","Richmond","VA","23229","Report","False","False","0","","","","2026-01-01 00:00:00","2026-12-31 00:00:00","","","False","59745.09","","2026-10-08 14:41:51.290000000","{6C0D600D-2E74-E111-86D3-984BE103F032}","2026-10-15 23:59:59","True","{CF414717-E729-9C09-8A90-F93F66224318}"
"508278","CC-12-00825","Robert D. "Bobby" Orrock for House Committee","Candidate Campaign Committee","Robert D. Orrock Sr","False","False","True","Republican","","2024","2026-10-08 14:47:15.467000000","2024-01-01 00:00:00","2024-06-30 00:00:00","P. O. Box 458","","","Thornburg","VA","22565","Report","False","True","2","540-848-4676","oldrosenow@verizon.net","11/2025","2024-01-01 00:00:00","2025-12-31 00:00:00","Member, House Of Delegates","House Of Delegates - 66th District","False","146716.08","","2026-10-08 14:50:17.313000000","{242BBDEF-9C93-E111-8DEF-984BE103F032}","2024-07-15 23:59:59","False","{01EC4EC5-EC35-6081-0EFB-5794926BF910}"
"508279","PAC-12-00247","REALTORS Political Action Committee of Virginia","Political Action Committee","","False","False","False","","","2026","2026-10-08 14:47:17.717000000","2026-10-08 00:00:00","2026-10-08 00:00:00","10231 Telegraph Road","","","Glen Allen","VA","23059","Large Expenditure Report","False","False","0","8046227949","schittum@virginiarealtors.org","","2026-01-01 00:00:00","2026-12-31 00:00:00","","","False","","","2026-10-08 14:49:09.937000000","{05D69A09-D684-E111-9BED-984BE103F032}","2026-10-09 23:59:59","False","{9B71F6C4-AD02-8771-89B2-4F175B75280A}"
"508280","PAC-12-00096","Home Builders Association of Virginia Build-PAC","Political Action Committee","","False","False","False","","","2026","2026-10-08 14:52:51.740000000","2026-09-01 00:00:00","2026-10-07 00:00:00","1051 E. Cary Street","1400","","Richmond","VA","23219","Report","False","False","0","804-643-2797","rtucker@hbav.com","","2026-01-01 00:00:00","2026-12-31 00:00:00","","","False","43381.71","","2026-10-08 14:54:35.993000000","{FC0A0B25-1683-E111-9BED-984BE103F032}","2026-10-15 23:59:59","False","{9AC9900F-0676-0471-3A40-AFBA49304195}"
"508311","CC-26-00620","Kate Spence for Clerk","Candidate Campaign Committee","Kathryn Lindsay Spence","False","False","True","Independent","","2026","2026-10-08 16:33:14.123000000","2026-05-12 00:00:00","2026-06-30 00:00:00","PO Box 148","","","Nottoway","VA","23955","Report","False","True","1","4342947530","kls511@icloud.com","11/2026","2019-01-01 00:00:00","2026-12-31 00:00:00","Clerk Of Court","","True",".00","","2026-10-08 16:33:31.030000000","{8AF85F9F-BFB6-4CAD-BF36-5C9EA752B8DA}","2026-07-15 23:59:59","False","{5640C6F4-BF5F-0ACD-5671-B17662AB7BEB}"
"508312","CC-26-00168","J.D. for Salem","Candidate Campaign Committee","Jonathan David Taylor","False","False","True","Republican","","2026","2026-10-08 16:34:54.597000000","2026-10-08 00:00:00","2026-10-08 00:00:00","1534 Azalea St","","","Salem","VA","24153","Large Contribution Report","False","False","0","2769714603","jdforsalem@gmail.com","11/2026","2023-01-01 00:00:00","2026-12-31 00:00:00","Member City Council","","False","","","2026-10-08 16:35:09.930000000","{AAFBA342-4FB5-4250-A8D0-4F1CFD27E87A}","2026-10-09 23:59:59","False","{1EC901CF-CF3E-F8A1-E9FC-D829BF1555E2}"
"508313","PAC-24-00046","Pittsylvania and Chatham Elections PAC","Political Action Committee","","False","False","False","","","2026","2026-10-08 16:37:28.177000000","2026-09-01 00:00:00","2026-10-07 00:00:00","PO Box 212","","","Chatham","VA","24531","Report","False","False","0","","brenda@electioncfo.com","","2026-01-01 00:00:00","2026-12-31 00:00:00","","","True","410.73","","2026-10-08 16:38:02.283000000","{911E61A4-7F20-435E-96C9-16B048213CAE}","2026-10-15 23:59:59","False","{3C948454-1A8D-88EB-8E3D-59E6C1A358DB}"
"508314","PAC-12-00553","Virginia Assisted Living Association Political Action Committee","Political Action Committee","","False","False","False","","","2026","2026-10-08 16:43:27.500000000","2026-09-01 00:00:00","2026-10-07 00:00:00","PO Box 71266","","","Henrico","VA","23255","Report","False","False","0","804-332-2111","information@valainfo.org","","2026-01-01 00:00:00","2026-12-31 00:00:00","","","False","93750.23","","2026-10-08 16:45:18.190000000","{B12D6CF3-F783-E111-9BED-984BE103F032}","2026-10-15 23:59:59","False","{52864E2D-21C8-0E5A-6CC6-160EF38A1512}"
"508315","PAC-21-00089","Virginia Beach Professional Fire & EMS, Local 2924","Political Action Committee","","False","False","False","","","2026","2026-10-08 16:44:30.843000000","2026-09-01 00:00:00","2026-10-07 00:00:00","211 24th street","","","Virginia Beach","VA","23451","Report","False","False","0","7573203452","treasurerl2924@outlook.com","","2026-01-01 00:00:00","2026-12-31 00:00:00","","","False","77033.18","","2026-10-08 16:45:35.780000000","{80DAE23D-E25C-43C8-94A3-3DFD466FCD7C}","2026-10-15 23:59:59","False","{263FCB47-1032-B83E-0266-28E9332C5722}"
"508320","PAC-12-00310","Commercial Development Political Action Committee","Political Action Committee","","False","False","False","","","2026","2026-10-08 16:53:04.950000000","2026-09-01 00:00:00","2026-10-07 00:00:00","1729 King Street","410","","Alexandria","VA","22314","Report","False","False","0","703-845-7080","kdamato@naiopva.org","","2026-01-01 00:00:00","2026-12-31 00:00:00","","","True","61041.55","","2026-10-08 16:53:31.037000000","{6D863651-D079-E111-BF23-984BE103F032}","2026-10-15 23:59:59","False","{9DD629B9-B240-788A-F484-CD838C0EB9E7}"
"508321","CC-26-00168","J.D. for Salem","Candidate Campaign Committee","Jonathan David Taylor","False","False","True","Republican","","2026","2026-10-08 16:57:16.677000000","2026-07-24 00:00:00","2026-08-31 00:00:00","1534 Azalea St","","","Salem","VA","24153","Report","False","True","1","2769714603","jdforsalem@gmail.com","11/2026","2023-01-01 00:00:00","2026-12-31 00:00:00","Member City Council","","False","200.00","","2026-10-08 16:58:27.380000000","{AAFBA342-4FB5-4250-A8D0-4F1CFD27E87A}","2026-09-15 23:59:59","False","{B517B6E4-5D2B-C1EB-AC0C-21D8E0A01B39}"
"508322","PAC-22-00064","Charitable Gaming PAC","Political Action Committee","","False","False","False","","","2026","2026-10-08 16:57:58.050000000","2026-09-01 00:00:00","2026-10-07 00:00:00","7151 Richmond Road","Suite 202","","Williamsburg","VA","23188","Report","False","False","0","","shelby@woodfinlaw-va.com","","2026-01-01 00:00:00","2026-12-31 00:00:00","","","True","40.42","","2026-10-09 17:27:59.623000000","{77DF58A7-2933-498C-B2E1-A33DAC4A4D3F}","2026-10-15 23:59:59","False","{5BF5A90A-4BEC-2024-3FBD-872309C7E032}"
"508323","PAC-23-00019","Citizens for a Safer Virginia","Political Action Committee","","False","False","False","","","2026","2026-10-08 16:58:29.193000000","2026-09-01 00:00:00","2026-10-07 00:00:00","P.O. Box 1373","","","Ashland","VA","23005","Report","False","False","0","","shelby@woodfinlaw-va.com","","2026-01-01 00:00:00","2026-12-31 00:00:00","","","True","2918.21","","2026-10-09 17:28:37.603000000","{8EBE4D4D-64EC-446D-AB48-FE3223E69C47}","2026-10-15 23:59:59","False","{7E37E887-777C-2B4E-4D59-3D7F078C1332}"
"508326","PAC-12-00391","Arlington Young Democrats","Political Action Committee","","False","False","False","","","2026","2026-10-08 17:08:35.503000000","2026-09-01 00:00:00","2026-10-07 00:00:00","1235 S Clark Street","207","","Arlington","VA","22202","Report","False","False","0","315-717-8280","treasurer@arlingtonyoungdems.org","","2026-01-01 00:00:00","2026-12-31 00:00:00","","","False","3287.45","","2026-10-08 17:09:21.347000000","{1092B7A0-4B7E-E111-9BED-984BE103F032}","2026-10-15 23:59:59","False","{1AA7F50C-576A-26C3-3189-7F042537D145}"
"508327","PAC-12-00285","Virginia Chapter Sierra Club Political Action Committee","Political Action Committee","","False","False","False","","","2026","2026-10-08 17:15:39.453000000","2026-09-01 00:00:00","2026-10-07 00:00:00","100 W. Franklin St.","Mezzanine","","Richmond","VA","23220","Report","False","False","0","7032432095","dean.amel@verizon.net","","2026-01-01 00:00:00","2026-12-31 00:00:00","","","False","9646.94","","2026-10-08 17:16:51.207000000","{C22A340C-EC78-E111-86D3-984BE103F032}","2026-10-15 23:59:59","False","{C04FC6DF-1E46-188F-5268-EF6949B9DEC7}"
"508328","CC-26-00620","Kate Spence for Clerk","Candidate Campaign Committee","Kathryn Lindsay Spence","False","False","True","Independent","","2026","2026-10-08 17:15:50.937000000","2026-07-01 00:00:00","2026-07-23 00:00:00","PO Box 148","","","Nottoway","VA","23955","Report","False","False","0","4342947530","kls511@icloud.com","11/2026","2019-01-01 00:00:00","2026-12-31 00:00:00","Clerk Of Court","","True",".00","","2026-10-08 17:16:40.467000000","{8AF85F9F-BFB6-4CAD-BF36-5C9EA752B8DA}","2026-07-27 23:59:59","False","{299107B8-A551-CC5E-68A8-8ECA245E5B53}"
"508329","PAC-21-00068","Loudoun4ALL","Political Action Committee","","False","False","False","","","2026","2026-10-08 17:22:19.430000000","2026-09-01 00:00:00","2026-10-07 00:00:00","21010 Southbank Street","","","Sterling","VA","20165","Report","False","False","0","","rashas@loudoun4all.com","","2026-01-01 00:00:00","2026-12-31 00:00:00","","","False","726.27","","2026-10-08 17:23:44.017000000","{EBD73478-2927-4AAD-B336-44D6C7630204}","2026-10-15 23:59:59","False","{F59FBE9A-F867-30F6-BE91-4B38FAA86CE6}"
"508332","PAC-17-00449","Run Everywhere Virginia PAC","Political Action Committee","","False","False","False","","","2026","2026-10-08 17:41:15.663000000","2026-09-01 00:00:00","2026-10-07 00:00:00","PO Box 247","","","Herndon","VA","20172","Report","False","False","0","703-435-2891","les.halpern@gmail.com","","2026-01-01 00:00:00","2026-12-31 00:00:00","PAC","N/A","False","5358.02","2026-11-03 00:00:00","2026-10-08 17:41:32.307000000","{F96B1637-254A-E711-97D8-984BE103F032}","2026-10-15 23:59:59","True","{DCFD1669-9C28-DA27-A89D-D46A63412202}"
"507782","CC-25-00802","Elect Trina McLaughlin","Candidate Campaign Committee","Mrs Trina  McLaughlin","False","False","True","Independent","","2026","2026-10-06 09:31:48.757000000","2026-09-01 00:00:00","2026-09-30 00:00:00","1036 Vicar Road","","","Danville","VA","24540","Report","False","False","0","4348223281","thecoachtrina@gmail.com","11/2026","2023-01-01 00:00:00","2026-12-31 00:00:00","Member School Board","","False","102.72","","2026-10-06 09:32:23.727000000","{AB1E4DE4-5D36-4190-A999-D45B1F57E2FF}","2026-10-15 23:59:59","False","{9AE9AB74-9F56-BD3F-8C6A-8C24DB7F5DE2}"
"507789","CC-20-00309","Friends of Clark Hedrick","Candidate Campaign Committee","Clark  Hedrick","False","False","True","Independent","","2026","2026-10-06 10:21:54.423000000","2026-09-01 00:00:00","2026-09-30 00:00:00","828 Van Buren St.","","","Herndon","VA","20170","Report","False","True","1","","hedrickforherndon@gmail.com","11/2026","2025-01-01 00:00:00","2026-12-31 00:00:00","Member Town Council","Town - Herndon","False",".00","","2026-10-06 10:22:19.290000000","{3342044A-2312-4966-9386-C978B4128CF6}","2026-10-15 23:59:59","False","{20B8D301-2588-8B82-0902-15679590A1EC}"
"507793","PP-12-00487","4th District Republican Party of VA","Political Party Committee","","False","False","False","","","2026","2026-10-06 10:35:03.677000000","2026-07-01 00:00:00","2026-09-30 00:00:00","5939 East Stonepath Garden","","","Chester","VA","23831","Report","False","False","0","8046403510","careyallen69@gmail.com","","2026-01-01 00:00:00","2026-12-31 00:00:00","","","False","17491.56","","2026-10-06 10:36:49.107000000","{790020A1-7E82-E111-9BED-984BE103F032}","2026-10-15 23:59:59","False","{00160DEB-5DFD-E690-1480-D5C3C1485166}"
"507796","PAC-26-00059","Citizens For An Accountable City Council","Political Action Committee","","False","False","False","","","2026","2026-10-06 10:51:01.857000000","2026-09-21 00:00:00","2026-10-07 00:00:00","PO Box 121","","","Harrisonburg","VA","22803","Report","True","False","0","8045021909","jcunnin4@gmail.com","","2026-01-01 00:00:00","2026-12-31 00:00:00","","","False",".00","","2026-10-06 10:52:56.747000000","{BA87619F-DA45-44C7-9B0E-6921158BF879}","2026-10-15 23:59:59","False","{C91E7A77-EAC6-AF66-EB30-F01FC0FFA7E6}"
"507800","RC-26-00010","Virginians for Marriage Equality","Referendum Committee","","False","False","False","","","2026","2026-10-06 11:23:19.577000000","2026-10-02 00:00:00","2026-10-02 00:00:00","PO Box 17860","","","Richmond","VA","23226","Large Contribution Report","False","False","0","","admin@vaformarriageequality.com","11/03/2026","2026-01-01 00:00:00","2026-12-31 00:00:00","","","False","","2026-11-03 00:00:00","2026-10-06 11:23:27.493000000","{3154E39F-6260-4126-9D7D-A906D554334A}","2026-10-07 23:59:59","False","{2E8435CC-BE59-A9B3-8A42-196B92B7FDBA}"
"507801","RC-26-00010","Virginians for Marriage Equality","Referendum Committee","","False","False","False","","","2026","2026-10-06 11:25:26.127000000","2026-10-06 00:00:00","2026-10-06 00:00:00","PO Box 17860","","","Richmond","VA","23226","Large Contribution Report","False","False","0","","admin@vaformarriageequality.com","11/03/2026","2026-01-01 00:00:00","2026-12-31 00:00:00","","","False","","2026-11-03 00:00:00","2026-10-06 11:25:34.463000000","{3154E39F-6260-4126-9D7D-A906D554334A}","2026-10-09 23:59:59","False","{53BEA8A3-1324-D1FB-D456-B415999CE393}"
"507802","CC-26-00001","Friends of Dianne Lane for Manassas City","Candidate Campaign Committee","Dianne  Lane","False","False","True","Democratic","","2026","2026-10-06 11:43:04.277000000","2026-10-05 00:00:00","2026-10-05 00:00:00","9532 Liberia Ave","173","","Manassas","VA","20110","Large Contribution Report","False","False","0","7036283195","diannelaneformanassas@gmail.com","11/2026","2023-01-01 00:00:00","2026-12-31 00:00:00","Member City Council","","False","","","2026-10-06 11:43:15.173000000","{AF07D792-AC3F-4D92-96E3-663870DCC4A9}","2026-10-06 23:59:59","False","{254F868A-DFBD-91F0-1DF3-466DDC036E1A}"
"507806","CC-25-00864","Shana Hetzell for Treasurer","Candidate Campaign Committee","Shana Lynn Hetzell","False","False","True","Independent","","2026","2026-10-06 12:51:47.910000000","2026-09-01 00:00:00","2026-09-30 00:00:00","3021 Oak Level Rd","","","Halifax","VA","24558","Report","False","False","0","4342228169","shanahetzell2010@yahoo.com","11/2026","2023-01-01 00:00:00","2026-12-31 00:00:00","Treasurer","","True","100.00","","2026-10-06 12:52:03.353000000","{33F65D47-B162-4CCB-99AE-B69975FE4333}","2026-10-15 23:59:59","False","{BE4E090C-7EFF-7813-BAE2-6ED86D9C90CB}"
"507809","CC-18-00152","Art Bredemeyer for Council","Candidate Campaign Committee","Arthur Clifton Bredemeyer","False","False","True","Independent","","2026","2026-10-06 13:28:10.527000000","2026-09-01 00:00:00","2026-09-30 00:00:00","Post Office Box 39","","","Suffolk","VA","23439-0039","Report","False","False","0","(757) 448-5136","artbredemeyer@gmail.com","11/2026","2023-01-01 00:00:00","2026-12-31 00:00:00","Member City Council","Election - SUFFOLK BOROUGH","True","1058.50","","2026-10-06 13:28:37.427000000","{32F5D74B-9739-E811-890D-984BE103F032}","2026-10-15 23:59:59","False","{CC2E0317-8065-6D2C-068C-2A561A193263}"
"507814","RC-26-00004","Virginians for Reproductive Freedom","Referendum Committee","","False","False","False","","","2026","2026-10-06 14:43:46.513000000","2026-10-05 00:00:00","2026-10-05 00:00:00","232 E 14th St.","","","Richmond","VA","23224","Large Contribution Report","False","False","0","","vrf@mbacg.com","11/03/2026","2026-01-01 00:00:00","2026-12-31 00:00:00","","","False","","2026-11-03 00:00:00","2026-10-06 16:43:33.060000000","{68970971-AAB0-4214-A04A-CB06C1D64199}","2026-10-08 23:59:59","False","{C2F40E75-F3DC-5397-E6F8-A6FAE96B893D}"
"507815","CC-25-00474","Friends of Quillin For Chesapeake","Candidate Campaign Committee","Dr Amanda  Quillin","False","False","True","Democratic","","2026","2026-10-06 14:45:43.360000000","2026-09-01 00:00:00","2026-09-30 00:00:00","1324 Waters Rd","","","Chesapeake","VA","23322","Report","False","False","0","","susan.west63@gmail.com","11/2026","2023-01-01 00:00:00","2026-12-31 00:00:00","Member School Board","","False","2536.00","","2026-10-06 14:49:18.090000000","{79A8B8E9-D580-41AD-948A-5519EDE372D8}","2026-10-15 23:59:59","False","{2E2FCAFC-8F0F-394A-C142-CFB835DA1228}"
"507819","CC-26-00375","Kelvin J Washington for Waynesboro City Public Schools","Candidate Campaign Committee","Dr Kelvin Jamal Washington","False","False","True","Independent","","2026","2026-10-06 14:58:15.350000000","2026-09-01 00:00:00","2026-09-30 00:00:00","200 S Wayne Ave PO Box 324","","","Waynesboro","VA","22980","Report","False","False","0","","kelvinwashington13@gmail.com","11/2026","2023-01-01 00:00:00","2026-12-31 00:00:00","Member School Board","Election - Ward C","False","3410.20","","2026-10-06 14:59:30.600000000","{976D4961-BA92-4412-B51C-032AE29B8527}","2026-10-15 23:59:59","False","{0A59F5B2-05A0-CF65-2DC7-571D34882514}"
"507825","RC-26-00004","Virginians for Reproductive Freedom","Referendum Committee","","False","False","False","","","2026","2026-10-06 15:22:24.230000000","2026-04-01 00:00:00","2026-06-30 00:00:00","232 E 14th St.","","","Richmond","VA","23224","Report","False","True","1","","vrf@mbacg.com","11/03/2026","2026-01-01 00:00:00","2026-12-31 00:00:00","","","False","480774.65","2026-11-03 00:00:00","2026-10-06 16:41:42.437000000","{68970971-AAB0-4214-A04A-CB06C1D64199}","2026-07-15 23:59:59","False","{76242676-F152-47EA-14FE-899EDD86C7B7}"
"507828","RC-26-00035","Defend Virginia's Sons and Daughters, Inc.","Referendum Committee","","False","False","False","","","2026","2026-10-06 15:53:05.320000000","2026-09-01 00:00:00","2026-09-30 00:00:00","P.O. Box 44","","","Lovingston","VA","22949","Report","False","False","0","434-263-6694","Marian_Dixon@msn.com","11/03/2026","2026-01-01 00:00:00","2026-12-31 00:00:00","","","False","24200.00","2026-11-03 00:00:00","2026-10-06 16:07:46.113000000","{9DF9629C-E38E-461C-B92D-EE2BB731B2D1}","2026-10-15 23:59:59","False","{02747BB2-44D0-5834-1B73-639E51610CE0}"
"507844","PAC-12-00379","The Virginia Education Association Fund for Children and Public Education","Political Action Committee","","False","False","False","","","2026","2026-10-06 16:45:57.570000000","2026-10-06 00:00:00","2026-10-06 00:00:00","8001 Franklin Farms Drive","200","","Richmond","VA","23229","Large Expenditure Report","False","False","0","7034595683","agarayar@veanea.org","","2026-01-01 00:00:00","2026-12-31 00:00:00","","","False","","","2026-10-06 16:46:23.790000000","{4B0D9568-BF7D-E111-9BED-984BE103F032}","2026-10-07 23:59:59","False","{5F4CBC6E-F27A-EBEB-5CA5-50491B7BC453}"
"507845","CC-26-00216","Friends of Rhoda Blackwell","Candidate Campaign Committee","Rhoda  Blackwell","False","False","True","Independent","","2026","2026-10-06 16:57:24.840000000","2026-09-11 00:00:00","2026-09-11 00:00:00","1501 Overhill Rd","","","Bristol","VA","24201","Large Contribution Report","False","False","0","4235980349","rhoda.blackwell@gmail.com","11/2026","2023-01-01 00:00:00","2026-12-31 00:00:00","Member School Board","","False","","","2026-10-06 16:57:48.060000000","{F6DB3D22-B117-47BA-B9D4-2467031F7B3E}","2026-09-12 23:59:59","False","{56E8BB99-1908-002A-4458-F6B34346A5A7}"
"507848","PAC-21-00092","Winsome Political Action Committee","Political Action Committee","","False","False","False","","","2026","2026-10-06 17:02:05.737000000","2026-10-06 00:00:00","2026-10-06 00:00:00","PO Box 71596","","","Henrico","VA","23255","Large Contribution Report","False","False","0","804 270-0791","","","2026-01-01 00:00:00","2026-12-31 00:00:00","","","True","","","2026-10-06 17:02:30.503000000","{F7FB2655-4605-4112-90DB-E739AE7D82B7}","2026-10-07 23:59:59","True","{EA7FED1D-7562-B29E-75F2-089E5EB3C32A}"
"507652","PP-12-00422","Hanover County Republican Committee","Political Party Committee","","False","False","False","","","2026","2026-10-04 15:20:56.717000000","2026-07-01 00:00:00","2026-09-30 00:00:00","PO Box 6617","","","Glen Allen","VA","23058","Report","False","False","0","","","","2026-01-01 00:00:00","2026-12-31 00:00:00","0.00","","False","77637.35","","2026-10-04 15:27:19.257000000","{8AE2A865-4A7F-E111-9BED-984BE103F032}","2026-10-15 23:59:59","True","{266DBA18-4C0D-B518-A799-55D7A19FFC52}"
"507654","PP-26-00002","Floyd County Democratic Committee","Political Party Committee","","False","False","False","","","2026","2026-10-04 15:44:08.250000000","2026-07-01 00:00:00","2026-09-30 00:00:00","P.O. Box 627","","","Floyd","VA","24091","Report","False","False","0","","sanborn.susannah@gmail.com","","2026-01-01 00:00:00","2026-12-31 00:00:00","","","False","4255.44","","2026-10-04 15:52:49.113000000","{87390247-A659-4CA1-B3D1-E5764B6ACBD6}","2026-10-15 23:59:59","False","{95678D15-CD99-3E75-8DF1-3E2F1401CBC9}"
"507655","PP-12-00662","Portsmouth Republican Party City Committee","Political Party Committee","","False","False","False","","","2026","2026-10-04 15:49:33.507000000","2026-07-01 00:00:00","2026-09-30 00:00:00","326 Corell Ct","","","Portsmouth","VA","23701","Report","False","False","0","757-375-6313","prptreasurer26a@yahoo.com","","2026-01-01 00:00:00","2026-12-31 00:00:00","","","False","1074.95","","2026-10-04 16:43:47.903000000","{9470A39E-B587-E111-9BED-984BE103F032}","2026-10-15 23:59:59","False","{8AF98267-B256-51BA-075E-FBC969C44F86}"
"507659","CC-26-00356","Friends of Maria Jose Padmore","Candidate Campaign Committee","Maria Jose Padmore","False","False","True","Democratic","","2026","2026-10-04 17:38:26.037000000","2026-09-23 00:00:00","2026-09-23 00:00:00","9469 Fairfax Boulevard","Apt 104","","Fairfax","VA","22031","Large Contribution Report","False","False","0","7039646583","nparmly@hotmail.com","11/2026","2025-01-01 00:00:00","2026-12-31 00:00:00","Member City Council","","False","","","2026-10-04 17:38:36.557000000","{69D79879-D1F7-438C-A77C-EF851B955A07}","2026-09-24 23:59:59","False","{7ADDAFA3-97B6-A125-C162-CE29AEE3D1B7}"
"507660","CC-26-00356","Friends of Maria Jose Padmore","Candidate Campaign Committee","Maria Jose Padmore","False","False","True","Democratic","","2026","2026-10-04 17:38:58.227000000","2026-09-29 00:00:00","2026-09-29 00:00:00","9469 Fairfax Boulevard","Apt 104","","Fairfax","VA","22031","Large Contribution Report","False","False","0","7039646583","nparmly@hotmail.com","11/2026","2025-01-01 00:00:00","2026-12-31 00:00:00","Member City Council","","False","","","2026-10-04 17:39:06.140000000","{69D79879-D1F7-438C-A77C-EF851B955A07}","2026-09-30 23:59:59","False","{05C83545-C653-5BE5-BC31-41DC46328E40}"
"507664","CC-22-00148","Michael Moore-Storrs 2026","Candidate Campaign Committee","Michael Lindsey Moore-Storrs","False","False","True","Democratic","","2026","2026-10-04 19:35:18.430000000","2026-10-04 00:00:00","2026-10-04 00:00:00","1705 Johnson Rd","","","Petersburg","VA","23805","Large Contribution Report","False","False","0","8046156182","mlmoore1969@gmail.com","11/2026","2023-01-01 00:00:00","2026-12-31 00:00:00","Member City Council","Election - Third Ward","False","","","2026-10-04 19:36:33.530000000","{AF9F213C-5D96-4260-8A02-E3D901D8909F}","2026-10-05 23:59:59","False","{DA045523-CA79-40FC-A5B9-74FCB3F26D3A}"
"507666","CC-26-00011","ALONZO L. JONES FOR CITY COUNCIL","Candidate Campaign Committee","Alonzo Lamar Jones","False","False","True","Independent","","2026","2026-10-04 19:51:12.937000000","2026-09-01 00:00:00","2026-09-30 00:00:00","P.O. BOX 343","","","DANVILLE","VA","24543","Report","False","False","0","4342503231","kkeene45@gmail.com","11/2026","2023-01-01 00:00:00","2026-12-31 00:00:00","Member City Council","","False","1980.25","","2026-10-04 19:52:30.017000000","{9D98784C-5C7F-4374-8A72-E9BE6A32BED0}","2026-10-15 23:59:59","False","{66357F13-98D6-16C8-E7A5-394796CAC72E}"
"507667","PP-22-00001","Fredericksburg Democratic Committee","Political Party Committee","","False","False","False","","","2026","2026-10-04 20:00:54.717000000","2026-07-01 00:00:00","2026-09-30 00:00:00","P.O. Box 1261","","","Fredericksburg","VA","22402","Report","False","False","0","540-374-5032","bsaller@cox.net","","2026-01-01 00:00:00","2026-12-31 00:00:00","","","False","3638.02","","2026-10-04 20:03:04.197000000","{DCDB9822-6F21-413A-BB68-C200D18871C7}","2026-10-15 23:59:59","False","{11A54B8F-C970-1989-06DD-ABD6EE043A80}"
"507670","PP-12-01289","Fifth Congressional District Democratic Committee","Political Party Committee","","False","False","False","","","2026","2026-10-04 20:57:53.720000000","2026-07-01 00:00:00","2026-09-30 00:00:00","214 J Parkview Drive","","","Farmville","VA","23901","Report","False","False","0","434-607-6960","cooperjones1@gmail.com","","2026-01-01 00:00:00","2026-12-31 00:00:00","","","False","2586.17","","2026-10-04 20:58:46.090000000","{8104CFE4-DDD0-E111-B0B8-984BE103F032}","2026-10-15 23:59:59","False","{8C42453A-1369-3F7E-BF71-02240A400B0E}"
"507671","CC-22-00005","Dave Jenkins for Mayor","Candidate Campaign Committee","Mr. David Henry Jenkins","False","False","True","Independent","","2026","2026-10-04 21:20:30.753000000","2026-09-01 00:00:00","2026-09-30 00:00:00","P.O. Box 6239","","","Newport News","VA","23606","Report","False","False","0","(254) 537-3652","phvgm026@yahoo.com","11/2026","2023-01-01 00:00:00","2026-12-31 00:00:00","Mayor","","True","158.47","","2026-10-04 21:21:40.040000000","{2FE1FA7C-9CE8-42BA-9943-1D2212352F1A}","2026-10-15 23:59:59","False","{73EB17D3-FDA8-87B4-0992-5B5A93F32D27}"
"507672","CC-26-00339","Turner for Manassas","Candidate Campaign Committee","Colin  Turner","False","False","True","Independent","","2026","2026-10-04 21:57:17.527000000","2026-10-03 00:00:00","2026-10-03 00:00:00","Historic District","9300 West St","","Manassas","VA","20110","Large Contribution Report","False","False","0","7038812815","skturner4@gmail.com","11/2026","2023-01-01 00:00:00","2026-12-31 00:00:00","Member City Council","","False","","","2026-10-04 21:58:09.420000000","{1610127E-CFDA-4E90-8CDD-9527147D296C}","2026-10-04 23:59:59","False","{63365260-4464-C5A0-6651-0F41185C240D}"
"507673","CC-26-00232","Lovena Rapole for Hopewell City Council Ward 7","Candidate Campaign Committee","Lovena Baldwin Rapole","False","False","True","Independent","","2026","2026-10-04 22:53:04.627000000","2026-09-01 00:00:00","2026-09-30 00:00:00","1612 Dinwiddie Ave.","","","Hopewell","VA","23860","Report","False","False","0","804 837 1801","lovbalrap@gmail.com","11/2026","2023-01-01 00:00:00","2026-12-31 00:00:00","Member City Council","Election - Ward 7","False","1282.25","","2026-10-04 22:55:49.047000000","{C27B1A4E-615E-4303-9C2C-4109DF7ADE1D}","2026-10-15 23:59:59","False","{0EF90E81-9E76-ED3D-763C-5BCC2D59B561}"
"507674","CC-26-00388","Friends of Lynn Forkell Greene","Candidate Campaign Committee","Lynn  Forkell Greene","False","False","True","Independent","","2026","2026-10-04 23:58:53.007000000","2026-10-03 00:00:00","2026-10-03 00:00:00","10118 Greenleaf Drive","","","Manassas","VA","20110","Large Contribution Report","False","False","0","7033386225","lynn4council@gmail.com","11/2026","2023-01-01 00:00:00","2026-12-31 00:00:00","Member City Council","","False","","","2026-10-04 23:59:21.500000000","{07A3E99D-6CE5-4C9A-8531-9D471D2E157B}","2026-10-04 23:59:59","False","{5F2C78A2-7DEB-F71C-A4BE-0776A5472D23}"
"507676","CC-24-00016","Stacy For Fairfax","Candidate Campaign Committee","Stacy R Hall","False","False","True","Independent","","2026","2026-10-05 09:01:42.470000000","2026-09-23 00:00:00","2026-09-23 00:00:00","10719 Oak Place","","","Fairfax","VA","22030","Large Contribution Report","False","False","0","3015027047","stacyforfairfax@gmail.com","11/2026","2025-01-01 00:00:00","2026-12-31 00:00:00","Member City Council","","False","","","2026-10-05 09:04:06.720000000","{ADFA02AF-6EAA-4853-9DAE-D65ABEC3C77B}","2026-09-24 23:59:59","False","{A95EE9B5-27AC-2F77-CD84-AF7C636D81BF}"
"507677","CC-24-00016","Stacy For Fairfax","Candidate Campaign Committee","Stacy R Hall","False","False","True","Independent","","2026","2026-10-05 09:05:05.990000000","2026-09-27 00:00:00","2026-09-27 00:00:00","10719 Oak Place","","","Fairfax","VA","22030","Large Contribution Report","False","False","0","3015027047","stacyforfairfax@gmail.com","11/2026","2025-01-01 00:00:00","2026-12-31 00:00:00","Member City Council","","False","","","2026-10-05 09:05:49.153000000","{ADFA02AF-6EAA-4853-9DAE-D65ABEC3C77B}","2026-09-28 23:59:59","False","{BDC3BC68-EC36-559A-8358-E90828BA6FF1}"
"507466","PP-26-00003","Madison County Democratic Committee","Political Party Committee","","False","False","False","","","2026","2026-10-01 15:20:45.047000000","2026-07-01 00:00:00","2026-09-30 00:00:00","P.O. Box 81","","","Madison","VA","22727","Report","False","False","0","540-948-4682","maddemstreasurer@gmail.com","","2026-01-01 00:00:00","2026-12-31 00:00:00","","","False","10902.08","","2026-10-01 15:22:02.790000000","{183B2265-B3FF-41C4-9E98-DA9645C619A3}","2026-10-15 23:59:59","False","{F3170D9A-C5E9-987E-DCF5-963942989DBA}"
"507468","PP-25-00008","Prince William Young Democrats","Political Party Committee","","False","False","False","","","2026","2026-10-01 15:28:41.467000000","2026-04-01 00:00:00","2026-06-30 00:00:00","3360 Post Office Road #1604","","","Woodbridge","VA","22195","Report","False","False","0","5714357952","idrisoconnor@outlook.com","","2026-01-01 00:00:00","2026-12-31 00:00:00","","","False","335.00","","2026-10-01 15:29:38.530000000","{7BC89777-4CA7-4C7E-BD79-60017F6F4DAF}","2026-07-15 23:59:59","False","{1B0A9F11-F85E-0851-F006-58D65B8EEE33}"
"507471","CC-26-00608","Committee to Write-in Frank Rabil","Candidate Campaign Committee","Frank  Rabil","False","False","True","Write-In","","2026","2026-10-01 16:06:26.723000000","2026-09-07 00:00:00","2026-09-30 00:00:00","101 Beechwood Drive","","","Franklin","VA","23851","Report","False","False","0","7576519697","fmrabil@gmail.com","11/2026","2023-01-01 00:00:00","2026-12-31 00:00:00","Member City Council","Election - District 6","True",".00","","2026-10-01 16:06:50.787000000","{5E75D022-8A73-4926-A835-0172F4BA6BE6}","2026-10-15 23:59:59","False","{7CF656E5-8179-2D72-9784-7A66B8194B6E}"
"507473","CC-18-00241","Friends of Judy McKiernan","Candidate Campaign Committee","Ms Judith Ann McKiernen","False","False","True","Democratic","","2026","2026-10-01 16:52:30.527000000","2026-09-01 00:00:00","2026-09-30 00:00:00","2411 Winwood Drive","","","Winchester","VA","22601","Report","False","False","0","540-336-0007","jsbauserman@frontier.com","11/2026","2023-01-01 00:00:00","2026-12-31 00:00:00","Member City Council","Election - FOURTH WARD","True",".00","","2026-10-01 16:52:42.170000000","{D0211868-C365-E811-A7C6-984BE103F032}","2026-10-15 23:59:59","False","{9E9796F3-E644-5917-BFFD-4A5FD5ABDFD2}"
"507474","RC-26-00004","Virginians for Reproductive Freedom","Referendum Committee","","False","False","False","","","2026","2026-10-01 16:54:50.670000000","2026-10-01 00:00:00","2026-10-01 00:00:00","232 E 14th St.","","","Richmond","VA","23224","Large Contribution Report","False","False","0","","vrf@mbacg.com","11/03/2026","2026-01-01 00:00:00","2026-12-31 00:00:00","","","False","","2026-11-03 00:00:00","2026-10-02 11:04:43.173000000","{68970971-AAB0-4214-A04A-CB06C1D64199}","2026-10-06 23:59:59","False","{EA17C83E-2C47-1E60-B5F5-802E7EE0A1B9}"
"507477","CC-26-00305","Eli Rybinni aka Shawn Hunter for Lynchburg City Council- At Large","Candidate Campaign Committee","Eli  Rybinni","False","False","True","Independent","","2026","2026-10-01 17:37:55.330000000","2026-09-01 00:00:00","2026-09-30 00:00:00","1704 12th St","B","","Lynchburg","VA","24501","Report","False","False","0","2023749811","rybinnieli@gmail.com","11/2026","2023-01-01 00:00:00","2026-12-31 00:00:00","Member City Council - At Large","","False","8.84","","2026-10-01 17:38:20.710000000","{B5E712A6-AD9F-4C90-B341-86B160DC8961}","2026-10-15 23:59:59","False","{0C8B6AC6-ECBD-3BAC-9B44-4E84C63B2099}"
"507480","CC-26-00055","Clayton L Spruill for Chesapeake City Council","Candidate Campaign Committee","Mr Clayton Lemont Spruill","False","False","True","Democratic","","2026","2026-10-01 18:07:53.640000000","2026-09-01 00:00:00","2026-09-30 00:00:00","611 PineCliffe Drive","","","Chesapeake","VA","23322","Report","False","False","0","757-449-8651","ddmkb@aol.com","11/2026","2023-01-01 00:00:00","2026-12-31 00:00:00","Member City Council","","False","21787.75","","2026-10-01 18:08:26.970000000","{C5CB1296-F4C9-4456-8CB4-77604A50EF60}","2026-10-15 23:59:59","False","{63D66101-43D3-3A47-6C0C-8149E37934E5}"
"507482","CC-26-00194","Friends of Amanda Marko","Candidate Campaign Committee","Amanda  Marko","False","False","True","Republican","","2026","2026-10-01 18:12:51.803000000","2026-10-01 00:00:00","2026-10-01 00:00:00","PO Box 21174","","","Roanoke","VA","24018","Large Contribution Report","False","False","0","(540) 761-4550","jeff@i77strategies.com","11/2026","2023-01-01 00:00:00","2026-12-31 00:00:00","Member City Council","","False","","","2026-10-01 18:12:56.790000000","{7E0F6C74-B592-42BC-8955-53575F763576}","2026-10-02 23:59:59","False","{11F3B71D-C3D6-CEB9-E5B1-21973E6BE311}"
"507483","CC-26-00194","Friends of Amanda Marko","Candidate Campaign Committee","Amanda  Marko","False","False","True","Republican","","2026","2026-10-01 18:13:06.333000000","2026-10-01 00:00:00","2026-10-01 00:00:00","PO Box 21174","","","Roanoke","VA","24018","Large Contribution Report","False","False","0","(540) 761-4550","jeff@i77strategies.com","11/2026","2023-01-01 00:00:00","2026-12-31 00:00:00","Member City Council","","False","","","2026-10-01 18:13:11.283000000","{7E0F6C74-B592-42BC-8955-53575F763576}","2026-10-02 23:59:59","False","{526A6E8E-41E5-F847-75F3-9764B2AE69E6}"
"507484","CC-26-00194","Friends of Amanda Marko","Candidate Campaign Committee","Amanda  Marko","False","False","True","Republican","","2026","2026-10-01 18:13:19.227000000","2026-10-01 00:00:00","2026-10-01 00:00:00","PO Box 21174","","","Roanoke","VA","24018","Large Contribution Report","False","False","0","(540) 761-4550","jeff@i77strategies.com","11/2026","2023-01-01 00:00:00","2026-12-31 00:00:00","Member City Council","","False","","","2026-10-01 18:13:24.170000000","{7E0F6C74-B592-42BC-8955-53575F763576}","2026-10-02 23:59:59","False","{E893955E-1D91-2200-7830-95230C676FA1}"
"507488","CC-26-00250","Dove 4 School Board","Candidate Campaign Committee","Mrs Murina Virginia Dove","False","False","True","Independent","","2026","2026-10-01 18:39:11.937000000","2026-09-01 00:00:00","2026-09-30 00:00:00","10086 Greenleaf Drive","","","Manassas","VA","20110","Report","False","False","0","(571) 268-1773","Dove4schoolboard@gmail.com","11/2026","2023-01-01 00:00:00","2026-12-31 00:00:00","Member School Board","","False","1750.45","","2026-10-01 18:56:32.290000000","{0D749523-D4AA-497A-BC19-CF06EC662A5E}","2026-10-15 23:59:59","False","{057FDD0F-5A53-242E-E318-D9A2C3233F40}"
"507489","CC-26-00250","Dove 4 School Board","Candidate Campaign Committee","Mrs Murina Virginia Dove","False","False","True","Independent","","2026","2026-10-01 18:56:57.197000000","2026-09-01 00:00:00","2026-09-30 00:00:00","10086 Greenleaf Drive","","","Manassas","VA","20110","Report","False","True","1","(571) 268-1773","Dove4schoolboard@gmail.com","11/2026","2023-01-01 00:00:00","2026-12-31 00:00:00","Member School Board","","False","1750.45","","2026-10-01 18:57:28.727000000","{0D749523-D4AA-497A-BC19-CF06EC662A5E}","2026-10-15 23:59:59","False","{057FDD0F-5A53-242E-E318-D9A2C3233F40}"
"507495","CC-26-00052","Lisa Lucas-Burke for Portsmouth City Council","Candidate Campaign Committee","Mrs. Lisa Louise Lucas-Burke","False","False","True","Independent","","2026","2026-10-01 19:56:00.470000000","2026-09-01 00:00:00","2026-09-30 00:00:00","1214 County Street","","","Portsmouth","VA","23704","Report","False","False","0","7573282966","senateaide@lucaslodge.com","11/2026","2023-01-01 00:00:00","2026-12-31 00:00:00","Member City Council","","False","20473.21","","2026-10-01 19:59:02.043000000","{6D21104D-A474-43E5-A796-0A1FBDD0F339}","2026-10-15 23:59:59","False","{F129F0D3-FCDD-B52C-B737-FFC71B0EC9F9}"
"507497","CC-26-00543","Ziros for Greene","Candidate Campaign Committee","Jennifer Anne Ziros","False","False","True","Independent","","2026","2026-10-01 20:16:35.987000000","2026-09-01 00:00:00","2026-09-30 00:00:00","193 Rectory Ln","","","Stanardsville","VA","22973","Report","False","False","0","5402291785","Jaziros@hotmail.com","11/2026","2023-01-01 00:00:00","2026-12-31 00:00:00","Member Board Of Supervisors At Large","","False","100.00","","2026-10-01 20:26:42.813000000","{57E2B054-47B9-40DC-8BDC-D1005775500C}","2026-10-15 23:59:59","False","{7331B3A0-0E10-4033-A451-9F40E6400185}"
"508386","CC-24-00042","Cecere for Fairfax","Candidate Campaign Committee","Kristina  Cecere","False","False","True","Independent","","2026","2026-10-08 23:15:24.680000000","2026-09-01 00:00:00","2026-09-30 00:00:00","3124 Flintlock Road","","","Fairfax","VA","22030","Report","False","False","0","703","cecere4fairfax@gmail.com","11/2026","2025-01-01 00:00:00","2026-12-31 00:00:00","Member School Board","","True","313.17","","2026-10-08 23:15:48.780000000","{71847D8A-FD7F-4783-B0AF-21A3F9BBCD27}","2026-10-15 23:59:59","False","{924E132B-D5D3-1ECD-64FB-EBFD1B31E604}"
"508387","PAC-21-00063","Rural GroundGame","Political Action Committee","","False","False","False","","","2026","2026-10-08 23:31:53.690000000","2026-10-07 00:00:00","2026-10-07 00:00:00","676 Melrose Rd","","","Rockingham","VA","22802","Large Contribution Report","False","False","0","(517) 902-2546","ian@ruralgroundgame.org","","2026-01-01 00:00:00","2026-12-31 00:00:00","","","False","","","2026-10-08 23:32:14.583000000","{FEFE4215-6468-4285-9839-02AF91243382}","2026-10-08 23:59:59","True","{3D71C72C-FBB8-9D12-1015-04238D00CA8C}"
"508390","PAC-23-00020","Prince William Forward","Political Action Committee","","False","False","False","","","2026","2026-10-09 01:04:48.560000000","2026-09-01 00:00:00","2026-10-07 00:00:00","9890 Liberia Ave","1177","","Manassas","VA","20110","Report","False","False","0","2028190118","artemisqueyquep@gmail.com","","2026-01-01 00:00:00","2026-12-31 00:00:00","","","True","82.62","","2026-10-09 01:16:13.983000000","{200BD9BC-AAAD-4D5F-90F8-7339B322FF67}","2026-10-15 23:59:59","False","{70D9F5C3-2E85-6257-860E-2585703170A4}"
"508391","PAC-25-00047","Forward Virginia","Political Action Committee","","False","False","False","","","2026","2026-10-09 01:05:35.640000000","2026-09-01 00:00:00","2026-10-07 00:00:00","13829 Randolph Pond LN","","","Midlothian","VA","23114","Report","False","False","0","2028190118","artemisqueyquep@gmail.com","","2026-01-01 00:00:00","2026-12-31 00:00:00","","","True",".00","","2026-10-09 01:15:36.290000000","{5619A85B-CB4C-41AB-953B-30E9F4159AE2}","2026-10-15 23:59:59","False","{C9943699-38A0-6387-BC45-D599306F05B7}"
"508396","CC-24-00293","Friends of Coach Kelvin Garcia","Candidate Campaign Committee","Kelvin  Garcia","False","False","True","Democratic","","2026","2026-10-09 04:29:53.007000000","2026-09-22 00:00:00","2026-09-22 00:00:00","2120 Wilkes Ct.","302","","Herndon","VA","20170","Large Contribution Report","False","False","0","4019964133","coachkelvin4herndon@gmail.com","11/2026","2025-01-01 00:00:00","2026-12-31 00:00:00","Member Town Council","Town - Herndon","False","","","2026-10-09 04:30:40","{7B2D0E60-55CB-47F9-9A28-729F0F541530}","2026-09-23 23:59:59","False","{0A76C792-6FDB-0105-0EF6-00432E35886A}"
"508403","CC-18-00392","Leroy Bennett For City Council","Candidate Campaign Committee","Mr. Leroy  Bennett","False","False","True","Independent","","2026","2026-10-09 07:38:19.863000000","2026-09-01 00:00:00","2026-09-30 00:00:00","2004 Nansemond Parkway","","","Suffolk","VA","23434","Report","False","False","0","(757)538-8144","l.bennett@charter.net","11/2026","2023-01-01 00:00:00","2026-12-31 00:00:00","Member City Council","Election - Cypress Borough","False","6262.78","","2026-10-09 07:41:11.123000000","{19636100-6CB0-E811-A517-984BE103F032}","2026-10-15 23:59:59","False","{F18487DA-4686-BC00-A4E3-00C335BB65DB}"
"508407","PAC-26-00022","Conserve Virginia Beach","Political Action Committee","","False","False","False","","","2026","2026-10-09 08:26:39.060000000","2026-10-01 00:00:00","2026-10-01 00:00:00","P.O.Box 5021","","","Virginia Beach","VA","23471","Large Contribution Report","False","False","0","7576468056","conservevb@Gmail.com","","2026-01-01 00:00:00","2026-12-31 00:00:00","","","False","","","2026-10-09 08:27:18.750000000","{5D971A8F-33EA-4789-949D-CD05CD3E84A9}","2026-10-02 23:59:59","False","{4170A8CB-F612-BE6D-50F8-704B386DF909}"
"508408","CC-26-00267","Committee for Steven Neece","Candidate Campaign Committee","Steven Richard Neece","False","False","True","Independent","","2026","2026-10-09 08:27:57.060000000","2026-09-01 00:00:00","2026-09-30 00:00:00","721 Waterfront Dr","","","Colonial Heights","VA","23834","Report","False","False","0","8048940317","steveneece44@gmail.com","11/2026","2023-01-01 00:00:00","2026-12-31 00:00:00","Member School Board","","False",".00","","2026-10-09 08:29:40.813000000","{8087A5F6-209F-4400-B065-0BC8DC09E4B5}","2026-10-15 23:59:59","False","{445D25B4-2D7C-C47B-52F9-70431DAB072B}"
"508409","PAC-22-00071","Republican Freedom Caucus of Virginia State PAC, Inc.","Political Action Committee","","False","False","False","","","2026","2026-10-09 08:34:10.477000000","2026-09-01 00:00:00","2026-10-07 00:00:00","712 Pelham Drive","","","Waynesboro","VA","22980","Report","False","False","0","(540) 942-1880","kenadams@lumos.net","","2026-01-01 00:00:00","2026-12-31 00:00:00","","","False","960.39","","2026-10-09 08:35:59.187000000","{3FB339D4-9193-4CB7-B499-92E3906A52E1}","2026-10-15 23:59:59","False","{DE3AD3BE-74A6-054E-9BE1-EE1A90428410}"
"508410","PAC-23-00073","Building a Remarkable Virginia PAC","Political Action Committee","","False","False","False","","","2026","2026-10-09 08:53:51.363000000","2026-09-01 00:00:00","2026-10-07 00:00:00","1900 Reston Metro Plaza","10th Floor","","Reston","VA","20190","Report","False","False","0","2023428400","jhunter@kelleydrye.com","","2026-01-01 00:00:00","2026-12-31 00:00:00","","","False","15277.47","","2026-10-09 11:55:31.813000000","{B232CC95-F6CE-4E57-AD95-50FC92B59274}","2026-10-15 23:59:59","False","{3C169510-D182-8865-4FC8-CF7A203B4A38}"
"508411","CC-23-01080","Friends of Cesar Jr","Candidate Campaign Committee","Cesar  del Aguila","False","False","True","Democratic","","2026","2026-10-09 09:16:22.663000000","2026-09-01 00:00:00","2026-09-30 00:00:00","126 FORTNIGHTLY BLVD","","","HERNDON","VA","20170","Report","False","False","0","7039894023","cesardelag@gmail.com","11/2026","2025-01-01 00:00:00","2026-12-31 00:00:00","Member Town Council","Town - Herndon","False","1852.15","","2026-10-09 09:17:16.450000000","{E830A4E9-1910-4702-A80A-24084D3A1622}","2026-10-15 23:59:59","False","{5D2A22E3-CD51-F059-2067-6A0AF4B44ADB}"
"508412","PAC-22-00018","Herndon Democrats","Political Action Committee","","False","False","False","","","2026","2026-10-09 09:17:55.667000000","2026-09-01 00:00:00","2026-10-07 00:00:00","126 FORTNIGHTLY BLVD","","","HERNDON","VA","20170","Report","False","False","0","7039894023","herndondemocrats@gmail.com","","2026-01-01 00:00:00","2026-12-31 00:00:00","","","True",".00","","2026-10-09 09:18:06.180000000","{D6D11EC3-A38B-4886-8D0B-428CCCE54CE6}","2026-10-15 23:59:59","False","{EC74AFE9-CDAA-C007-53B9-95433C37EE03}"
"508413","CC-20-00318","Naila for Herndon","Candidate Campaign Committee","Naila  Alam","False","False","True","Independent","","2026","2026-10-09 09:18:50.400000000","2026-09-01 00:00:00","2026-09-30 00:00:00","1183 Cypress Tree Place","","","Herndon","VA","20170","Report","False","False","0","7032096889","nailaforherndon@gmail.com","11/2026","2025-01-01 00:00:00","2026-12-31 00:00:00","Member Town Council","Town - Herndon","True","8334.84","","2026-10-09 09:18:58.500000000","{19648B59-0498-4B27-AF1E-ACAAEDA1996F}","2026-10-15 23:59:59","False","{1CD8F698-D378-C640-1444-7129C7E3E2BB}"
"508414","PAC-15-00340","Virginia Association of Surveyors Political Action Committee","Political Action Committee","","False","False","False","","","2026","2026-10-09 09:19:46.793000000","2026-09-01 00:00:00","2026-10-07 00:00:00","10340 Democracy Lane","300","","Fairfax","VA","22030","Report","False","False","0","8444141466","geneva@vasurveyors.org","","2026-01-01 00:00:00","2026-12-31 00:00:00","","","True","4134.36","","2026-10-09 09:20:02.093000000","{A32223AE-5513-E511-B522-984BE103F032}","2026-10-15 23:59:59","False","{D7FB68E4-7613-AB9E-9B38-7CE0EA5D54FF}"
"508440","PAC-12-00828","Valley Political Action Committee","Political Action Committee","","False","False","False","","","2026","2026-10-09 10:15:55.720000000","2026-05-26 00:00:00","2026-08-31 00:00:00","39 Southgate Court","Suite 101","","Harrisonburg","VA","22801","Report","False","True","1","","amymoyers@comcast.net","","2026-01-01 00:00:00","2026-12-31 00:00:00","","","False","18585.28","","2026-10-09 10:17:04.927000000","{74D53B15-2F8E-E111-9BED-984BE103F032}","2026-09-15 23:59:59","False","{101F8ADC-561B-382F-B94F-8B748E3D3911}"
"508441","PAC-12-00429","CATALIST - VA","Political Action Committee","","False","False","False","","","2026","2026-10-09 10:18:07.897000000","2026-09-01 00:00:00","2026-10-07 00:00:00","9302 Lee Highway","300","","Fairfax","VA","22031","Report","False","False","0","202-962-7250","ggruver@catalist.us","","2026-01-01 00:00:00","2026-12-31 00:00:00","","","False","3399.23","","2026-10-09 10:20:52.050000000","{BBEEC5C8-D97F-E111-9BED-984BE103F032}","2026-10-15 23:59:59","False","{BA3E0B46-71F4-53F7-7EE4-84DAE99E0EF3}"
"508442","CC-26-00362","T.Lake4towncouncil","Candidate Campaign Committee","Tammy Lee Lake","False","False","True","Independent","","2026","2026-10-09 10:20:48.900000000","2026-09-01 00:00:00","2026-09-30 00:00:00","159 Alex Ct","","","Warrenton","VA","20186","Report","False","False","0","314-315-3714","T.lake4towncouncil@gmail.com","11/2026","2023-01-01 00:00:00","2026-12-31 00:00:00","Member Town Council At Large","Town - Warrenton","False","100.00","","2026-10-09 10:25:13.353000000","{188A755D-310B-42DD-A3F9-48BE37119647}","2026-10-15 23:59:59","False","{90F3F5B0-CAA5-5563-9FF8-C6E53DB498BF}"
"508443","CC-18-00001","Matt for Arlington","Candidate Campaign Committee","Mr. Matthew David de Ferranti","False","False","True","Democratic","","2026","2026-10-09 10:21:03.023000000","2026-09-01 00:00:00","2026-09-30 00:00:00","4775 Williamsburg Blvd","","","Arlington","VA","22207","Report","False","False","0","(703) 909-2654","aspinelli31@gmail.com","11/2022","2019-01-01 00:00:00","2022-12-31 00:00:00","County Board Member","000","False","603.12","","2026-10-09 10:21:31.883000000","{3C9A1461-8DF0-E711-8B9D-984BE103F032}","2026-10-15 23:59:59","True","{4A992136-1BFC-324F-CB7D-23721D1468A2}"
"508444","PAC-12-00516","Hampton Roads Business Political Action Committee","Political Action Committee","","False","False","False","","","2026","2026-10-09 10:22:28.963000000","2026-09-01 00:00:00","2026-10-07 00:00:00","500 E. Main Street","Suite 700","","Norfolk","VA","23510","Report","False","False","0","(757) 664-2512","shaines@hrccva.com","","2026-01-01 00:00:00","2026-12-31 00:00:00","","","False","23232.00","","2026-10-09 10:25:08.953000000","{8C14FB2D-1C83-E111-9BED-984BE103F032}","2026-10-15 23:59:59","False","{7E5CAAD2-188F-1B46-0302-A807062D6C18}"
"508445","PAC-12-00247","REALTORS Political Action Committee of Virginia","Political Action Committee","","False","False","False","","","2026","2026-10-09 10:23:08.200000000","2026-10-09 00:00:00","2026-10-09 00:00:00","Two James Center","1021 E. Cary Street, Suite 1825","","Richmond","VA","23219","Large Contribution Report","False","False","0","","","","2026-01-01 00:00:00","2026-12-31 00:00:00","","","True","","","2026-10-09 10:25:14.643000000","{05D69A09-D684-E111-9BED-984BE103F032}","2026-10-10 23:59:59","True","{BC4E9270-CE02-C02F-E315-1EF4A5665EE1}"
"508446","PAC-12-00399","Dominion Energy Inc. Political Action Committee - Virginia","Political Action Committee","","False","False","False","","","2026","2026-10-09 10:32:41.057000000","2026-10-09 00:00:00","2026-10-09 00:00:00","600 E. Canal Street, 8th Floor","","","Richmond","VA","23219","Large Expenditure Report","False","False","0","2025438345","beth.fricke@aristotle.com","","2026-01-01 00:00:00","2026-12-31 00:00:00","","","False","","","2026-10-09 11:32:04.503000000","{E6807DA1-607E-E111-9BED-984BE103F032}","2026-10-10 23:59:59","False","{3BB890D7-3E6A-2C95-06A2-1CF9F3FE897E}"
"508447","PAC-12-00399","Dominion Energy Inc. Political Action Committee - Virginia","Political Action Committee","","False","False","False","","","2026","2026-10-09 10:37:36.910000000","2026-10-09 00:00:00","2026-10-09 00:00:00","600 E. Canal Street, 8th Floor","","","Richmond","VA","23219","Large Expenditure Report","False","False","0","2025438345","beth.fricke@aristotle.com","","2026-01-01 00:00:00","2026-12-31 00:00:00","","","False","","","2026-10-09 11:34:12.430000000","{E6807DA1-607E-E111-9BED-984BE103F032}","2026-10-10 23:59:59","False","{F00BA33C-2B04-70B7-0CEF-39E1BD7B71A2}"
"508448","PAC-12-00399","Dominion Energy Inc. Political Action Committee - Virginia","Political Action Committee","","False","False","False","","","2026","2026-10-09 10:39:46.490000000","2026-10-09 00:00:00","2026-10-09 00:00:00","600 E. Canal Street, 8th Floor","","","Richmond","VA","23219","Large Expenditure Report","False","False","0","2025438345","beth.fricke@aristotle.com","","2026-01-01 00:00:00","2026-12-31 00:00:00","","","False","","","2026-10-09 11:34:40.133000000","{E6807DA1-607E-E111-9BED-984BE103F032}","2026-10-10 23:59:59","False","{6BE9D354-4F6E-F05A-8A17-7D3B139F1969}"
"508449","PAC-12-00399","Dominion Energy Inc. Political Action Committee - Virginia","Political Action Committee","","False","False","False","","","2026","2026-10-09 10:41:39.837000000","2026-10-09 00:00:00","2026-10-09 00:00:00","600 E. Canal Street, 8th Floor","","","Richmond","VA","23219","Large Expenditure Report","False","False","0","2025438345","beth.fricke@aristotle.com","","2026-01-01 00:00:00","2026-12-31 00:00:00","","","False","","","2026-10-09 11:35:07.697000000","{E6807DA1-607E-E111-9BED-984BE103F032}","2026-10-10 23:59:59","False","{63EB296C-DE01-6E77-7C7F-D3D01FBB107C}"
"508450","PAC-12-00247","REALTORS Political Action Committee of Virginia","Political Action Committee","","False","False","False","","","2026","2026-10-09 10:54:53.340000000","2026-10-09 00:00:00","2026-10-09 00:00:00","10231 Telegraph Road","","","Glen Allen","VA","23059","Large Expenditure Report","False","False","0","8046227949","schittum@virginiarealtors.org","","2026-01-01 00:00:00","2026-12-31 00:00:00","","","False","","","2026-10-09 10:56:59.827000000","{05D69A09-D684-E111-9BED-984BE103F032}","2026-10-10 23:59:59","False","{D50F6F94-362E-29E1-51AC-FD482CBFCFF2}"
"508452","PAC-22-00068","Virginia Future Generations PAC","Political Action Committee","","False","False","False","","","2026","2026-10-09 10:57:12","2026-10-08 00:00:00","2026-10-08 00:00:00","PO Box 3604","","","Richmond","VA","23235","Large Contribution Report","False","False","0","(202) 552-0221","donscott@mbacg.com","","2026-01-01 00:00:00","2026-12-31 00:00:00","","","False","","","2026-10-09 10:58:15.030000000","{A545BB9C-838D-4A1E-84EF-6D6302189763}","2026-10-09 23:59:59","True","{3A8A578E-D112-CB72-3E97-72B832FC18A3}"
"508454","PAC-25-00084","Defend Virginia PAC","Political Action Committee","","False","False","False","","","2026","2026-10-09 11:00:30.457000000","2026-10-08 00:00:00","2026-10-08 00:00:00","1490-5A Quarterpath Rd","#195","","Williamsburg","VA","23185","Large Contribution Report","False","False","0","(202) 552-0221","jayjones@mbacg.com","","2026-01-01 00:00:00","2026-12-31 00:00:00","","","False","","","2026-10-09 11:00:47.583000000","{200D6247-44ED-4D33-A474-50B682BA1CD9}","2026-10-09 23:59:59","True","{BB7F4D39-69E8-6BFC-7D4A-ED80D5917E6C}"
"508481","CC-12-00825","Robert D. "Bobby" Orrock for House Committee","Candidate Campaign Committee","Robert D. Orrock Sr","False","False","True","Republican","","2025","2026-10-09 11:54:53.883000000","2025-06-06 00:00:00","2025-06-30 00:00:00","P. O. Box 458","","","Thornburg","VA","22565","Report","False","True","3","540-848-4676","oldrosenow@verizon.net","11/2025","2024-01-01 00:00:00","2025-12-31 00:00:00","Member, House Of Delegates","House Of Delegates - 66th District","False","231101.86","","2026-10-09 11:55:24.883000000","{242BBDEF-9C93-E111-8DEF-984BE103F032}","2025-07-15 23:59:59","False","{18604FDE-D37B-2EA2-7254-B3C1A519703E}"
"508482","PP-20-00005","Roanoke City Democratic Committee 1","Political Party Committee","","False","False","False","","","2020","2026-10-09 12:01:43.487000000","2020-10-01 00:00:00","2020-12-31 00:00:00","P.O. Box 2516","","","Roanoke","VA","24010","Report","False","True","1","","brinkmanlindsey@gmail.com","","2020-01-01 00:00:00","2020-12-31 00:00:00","","","False","4078.99","","2026-10-09 12:04:00.253000000","{C949DF94-16BF-4912-AE0E-CE1A0B43B7E1}","2021-01-15 23:59:59","False","{5BE8ACEE-134F-7479-2B08-9C52C3469768}"
"508483","CC-26-00392","Kim Is For Kids","Candidate Campaign Committee","Kim A Slingluff","False","False","True","Independent","","2026","2026-10-09 12:05:29.320000000","2026-09-01 00:00:00","2026-09-30 00:00:00","1496 Bridge Point Trail","","","Suffolk","VA","23432","Report","False","False","0","757-284-5373","kimslingluffforschoolboard@gmail.com","11/2026","2023-01-01 00:00:00","2026-12-31 00:00:00","Member School Board","Election - Chuckatuck Borough","False","2722.90","","2026-10-09 12:07:16.560000000","{170011F3-BA24-4C11-BEBB-05F73AD2A896}","2026-10-15 23:59:59","False","{E72D083C-C254-C223-3681-0E8A2B41A234}"
"508486","PP-26-00005","Harrisonburg City Republican Committe","Political Party Committee","","False","False","False","","","2026","2026-10-09 12:11:42.547000000","2026-07-01 00:00:00","2026-09-30 00:00:00","P.O. Box 44","","","Harrisonburg","VA","22803","Report","False","False","0","5405641898","Les542004@yahoo.com","","2026-01-01 00:00:00","2026-12-31 00:00:00","","","False","15599.78","","2026-10-09 12:12:58.527000000","{6AB915A3-A762-484D-AF8F-DEBF0EB6F8B1}","2026-10-15 23:59:59","False","{2C8419F0-390A-81D4-9167-E329F1F7EFC1}"
"508487","PAC-17-00542","Virginia Democracy Forward Fund","Political Action Committee","","False","False","False","","","2026","2026-10-09 12:12:15.423000000","2026-09-01 00:00:00","2026-10-07 00:00:00","1942 Rhode Island Avenue","","","McLean","VA","22101","Report","False","False","0","703-532-3821","nzgolding@hotmail.com","","2026-01-01 00:00:00","2026-12-31 00:00:00","","","True","871.99","","2026-10-09 12:12:30.233000000","{F9F7955C-6F77-E711-B338-984BE103F032}","2026-10-15 23:59:59","False","{1400B798-70DE-17A7-2328-0DDEBDA8E367}"
"508492","RC-26-00021","Virginians for Safe Reproductive Policy","Referendum Committee","","False","False","False","","","2026","2026-10-09 12:38:49.777000000","2026-10-09 00:00:00","2026-10-09 00:00:00","PO Box 26141","","","Alexandria","VA","22313","Large Contribution Report","False","False","0","7035589063","vsrp@cc.electioncfo.com","11/03/2026","2026-01-01 00:00:00","2026-12-31 00:00:00","","","False","","2026-11-03 00:00:00","2026-10-09 12:39:13.457000000","{0DDFD243-6FDC-4CC6-9513-99047BE9FC78}","2026-10-10 23:59:59","True","{C2807F87-7F0B-B29E-732E-DFBA19EB1F72}"
"508493","PP-20-00005","Roanoke City Democratic Committee 1","Political Party Committee","","False","False","False","","","2021","2026-10-09 12:39:27.447000000","2021-01-01 00:00:00","2021-03-31 00:00:00","P.O. Box 2516","","","Roanoke","VA","24010","Report","False","True","1","","brinkmanlindsey@gmail.com","","2021-01-01 00:00:00","2021-12-31 00:00:00","","","False","1690.11","","2026-10-09 12:41:36.243000000","{C949DF94-16BF-4912-AE0E-CE1A0B43B7E1}","2021-04-15 23:59:59","False","{DB26CDFB-4CFB-1BBA-2282-0C24A916118C}"
"508494","CC-17-00758","Friends of Adale Martin","Candidate Campaign Committee","Dr. Adale M. Martin Ph.D","False","False","True","Independent","","2026","2026-10-09 12:40:27.747000000","2026-09-01 00:00:00","2026-09-30 00:00:00","7424 Muirfield Road","","","Norfolk","VA","23505","Report","False","False","0","757-748-7464","adale.martin4nps@gmail.com","11/2026","2023-01-01 00:00:00","2026-12-31 00:00:00","Member School Board","Election - Ward 1","True","3984.28","","2026-10-09 12:40:37.580000000","{8EB15FBF-10D9-E711-AF3E-984BE103F032}","2026-10-15 23:59:59","False","{7319F758-653B-CB95-F119-2F28C9344E25}"
"508495","PAC-23-00076","Roanoke Valley Young Democrats","Political Action Committee","","False","False","False","","","2026","2026-10-09 12:40:45.340000000","2026-09-01 00:00:00","2026-10-07 00:00:00","1865 Laurel Mountain Dr","","","Salem","VA","24153","Report","False","False","0","(910) 409-3756","youngdemocratsroanoke@gmail.com","","2026-01-01 00:00:00","2026-12-31 00:00:00","","","False","2132.70","","2026-10-09 12:41:12.820000000","{407C1AB3-BC38-47A9-A6BF-3F21114066CA}","2026-10-15 23:59:59","False","{4D1330B8-715D-5E7E-DFF0-44CD5CB783FC}"
"508499","PAC-12-00586","NoVa Build PAC","Political Action Committee","","False","False","False","","","2026","2026-10-09 12:54:06.470000000","2026-10-08 00:00:00","2026-10-08 00:00:00","3901 Centerview DR","E","","Centerville","VA","20151","Large Expenditure Report","False","False","0","7039533502","mchristian@nvbia.com","","2026-01-01 00:00:00","2026-12-31 00:00:00","","","False","","","2026-10-09 12:54:30.097000000","{B51DF1C6-C487-E111-9BED-984BE103F032}","2026-10-09 23:59:59","False","{DD5338B2-0393-AEE7-E22F-3025CEB25A17}"
"508500","PAC-12-00586","NoVa Build PAC","Political Action Committee","","False","False","False","","","2026","2026-10-09 12:54:55.737000000","2026-10-08 00:00:00","2026-10-08 00:00:00","3901 Centerview DR","E","","Centerville","VA","20151","Large Expenditure Report","False","False","0","7039533502","mchristian@nvbia.com","","2026-01-01 00:00:00","2026-12-31 00:00:00","","","False","","","2026-10-09 12:55:06.597000000","{B51DF1C6-C487-E111-9BED-984BE103F032}","2026-10-09 23:59:59","False","{018E1307-E455-72D6-8A18-19316118BB21}"
"508501","PP-12-00505","6Th Congressional District Republican Committee","Political Party Committee","","False","False","False","","","2026","2026-10-09 12:59:37.977000000","2026-07-01 00:00:00","2026-09-30 00:00:00","218 Skyland Ave.","","","Waynesboro","VA","22980","Report","False","False","0","5402567801","curtlilly@ntelos.net","","2026-01-01 00:00:00","2026-12-31 00:00:00","","","False","7382.12","","2026-10-09 13:00:59.980000000","{FB200E82-FD82-E111-9BED-984BE103F032}","2026-10-15 23:59:59","False","{1A1F9884-86DB-ABFE-C41A-ED63C7A1AA79}"
"508502","PAC-25-00086","United for Virginia’s Future PAC","Political Action Committee","","False","False","False","","","2026","2026-10-09 13:03:51.250000000","2026-10-08 00:00:00","2026-10-08 00:00:00","PO Box 3121","","","Glen Allen","VA","23058","Large Contribution Report","False","False","0","(202) 552-0221","spanberger@mbacg.com","","2026-01-01 00:00:00","2026-12-31 00:00:00","","","False","","","2026-10-09 13:04:24.210000000","{31102643-531C-4522-893B-22233AC2BACA}","2026-10-09 23:59:59","True","{1E0EE042-9DEA-19FF-4C6A-BD637314FADD}"
"508503","PAC-25-00086","United for Virginia’s Future PAC","Political Action Committee","","False","False","False","","","2026","2026-10-09 13:03:51.280000000","2026-10-08 00:00:00","2026-10-08 00:00:00","PO Box 3121","","","Glen Allen","VA","23058","Large Contribution Report","False","False","0","(202) 552-0221","spanberger@mbacg.com","","2026-01-01 00:00:00","2026-12-31 00:00:00","","","False","","","2026-10-09 13:04:31.660000000","{31102643-531C-4522-893B-22233AC2BACA}","2026-10-09 23:59:59","True","{FA1D1301-AA00-ECAF-10CF-CB6AE9ABA74D}"
"508504","PP-12-00505","6Th Congressional District Republican Committee","Political Party Committee","","False","False","False","","","2026","2026-10-09 13:04:28.970000000","2026-07-01 00:00:00","2026-09-30 00:00:00","218 Skyland Ave.","","","Waynesboro","VA","22980","Report","False","True","1","5402567801","curtlilly@ntelos.net","","2026-01-01 00:00:00","2026-12-31 00:00:00","","","False","7382.12","","2026-10-09 13:05:38.427000000","{FB200E82-FD82-E111-9BED-984BE103F032}","2026-10-15 23:59:59","False","{1A1F9884-86DB-ABFE-C41A-ED63C7A1AA79}"
"508505","CC-19-00177","Friends of Scott Wyatt.","Candidate Campaign Committee","Scott Andrew Wyatt","False","False","True","Republican","","2026","2026-10-09 13:09:09.243000000","2026-10-09 00:00:00","2026-10-09 00:00:00","P.O. Box 365","","","Mechanicsville","VA","23111","Large Contribution Report","False","False","0","804-781-0814","scott@votescottwyatt.com","11/2027","2026-01-01 00:00:00","2027-12-31 00:00:00","Member, House Of Delegates","House Of Delegates - 60th District","False","","","2026-10-09 13:09:15.613000000","{82F3A3CD-3A1F-E911-94E1-984BE103F032}","2026-10-10 23:59:59","False","{3C00CB77-CA3F-BB5A-22C3-C9BBA3234FB3}"
"508525","CC-22-00495","Friends of Amber Lipscomb","Candidate Campaign Committee","Amber Leigh Lipscomb","False","False","True","Independent","","2026","2026-10-09 14:36:01.760000000","2026-09-01 00:00:00","2026-09-30 00:00:00","1628 Monroe Street","","","Waynesboro","VA","22980","Report","False","False","0","5402921029","Amber.leigh.lipscomb@gmail.com","11/2026","2023-01-01 00:00:00","2026-12-31 00:00:00","Member School Board - Ward D","","True","107.00","","2026-10-09 14:36:48.330000000","{E8D4C964-8F88-43B8-A94C-5A7088F86BFE}","2026-10-15 23:59:59","False","{368795AF-DBD8-F26F-FD72-729E6E08C813}"
"508526","PAC-22-00077","VOW PAC","Political Action Committee","","False","False","False","","","2026","2026-10-09 14:40:24.940000000","2026-09-01 00:00:00","2026-10-07 00:00:00","1021 E. Cary Street","Suite 1002","","Richmond","VA","23219","Report","False","False","0","7576752292","angela@assemblystrategies.com","","2026-01-01 00:00:00","2026-12-31 00:00:00","","","False","10793.08","","2026-10-09 14:42:47.193000000","{87D7BC9C-18E5-41AA-A21E-6C26EC1A6AC1}","2026-10-15 23:59:59","False","{27412521-3202-A0A0-7580-053C11BB5C2B}"
"508527","CC-26-00214","Maya for Manassas Park","Candidate Campaign Committee","Maya  Miernik","False","False","True","Independent","","2026","2026-10-09 14:46:52.747000000","2026-09-01 00:00:00","2026-09-30 00:00:00","208 Holden Drive","","","Manassas Park","VA","20111","Report","False","False","0","","maya.miernik@gmail.com","11/2026","2023-01-01 00:00:00","2026-12-31 00:00:00","Member City Council","","False","581.17","","2026-10-09 14:47:22.537000000","{BDF56C5A-3983-472F-9230-EC97D475A205}","2026-10-15 23:59:59","False","{099326C7-B26D-7F01-DEA9-3C894B34E4A6}"
"508528","PAC-23-00044","Asian American Business Owners Association PAC","Political Action Committee","","False","False","False","","","2026","2026-10-09 14:49:14.280000000","2026-09-01 00:00:00","2026-10-07 00:00:00","3735 Franklin Rd. SW","PMB 176","","Roanoke","VA","24014","Report","False","False","0","7576752292","angela@assemblystrategies.com","","2026-01-01 00:00:00","2026-12-31 00:00:00","","","False","12576.00","","2026-10-09 14:54:43.783000000","{DBBE30A1-3280-4BFA-8D62-140628570A17}","2026-10-15 23:59:59","False","{2B3D243D-05F8-2FBF-D239-1231B2ADACE5}"
"508530","PAC-20-00027","Hampton Coalition for Good Government","Political Action Committee","","False","False","False","","","2026","2026-10-09 14:55:02.883000000","2026-09-01 00:00:00","2026-10-07 00:00:00","110 Coliseum Crossing","5335","","HAMPTON","VA","23666","Report","False","False","0","7572364244","hamptoncoalition2020@gmail.com","","2026-01-01 00:00:00","2026-12-31 00:00:00","","","False","2180.26","","2026-10-09 14:57:01.860000000","{08A4166C-1C5E-43F7-B1E9-611393DC8C7F}","2026-10-15 23:59:59","False","{0EE8C57D-F034-AD71-BB99-C07BBBD15CFD}"
"508531","PAC-12-00399","Dominion Energy Inc. Political Action Committee - Virginia","Political Action Committee","","False","False","False","","","2026","2026-10-09 14:55:20.807000000","2026-10-09 00:00:00","2026-10-09 00:00:00","600 E. Canal Street, 8th Floor","","","Richmond","VA","23219","Large Contribution Report","False","False","0","","","","2026-01-01 00:00:00","2026-12-31 00:00:00","","","True","","","2026-10-09 15:12:21.597000000","{E6807DA1-607E-E111-9BED-984BE103F032}","2026-10-10 23:59:59","True","{4744C1B9-F041-2D4E-919B-356298F60308}"
"508532","PAC-12-00524","Va Automobile and Truck Dealers Political Action Committee","Political Action Committee","","False","False","False","","","2026","2026-10-09 14:57:22.543000000","2026-10-09 00:00:00","2026-10-09 00:00:00","PO Box 5407","","","Richmond","VA","23220","Large Contribution Report","False","False","0","","ntoler@vada.com","","2026-01-01 00:00:00","2026-12-31 00:00:00","","","False","","","2026-10-09 14:57:29.660000000","{3CF827C9-2A83-E111-9BED-984BE103F032}","2026-10-10 23:59:59","False","{1E26C8E4-728D-5590-8033-4C7A17141215}"
"508533","PAC-21-00038","Virginia Asian American Store Owners Association PAC","Political Action Committee","","False","False","False","","","2026","2026-10-09 15:00:22.830000000","2026-09-01 00:00:00","2026-10-07 00:00:00","12077 Gayton Rd.","","","Richmond","VA","23238","Report","False","False","0","7576752292","angela@assemblystrategies.com","","2026-01-01 00:00:00","2026-12-31 00:00:00","","","False","56948.28","","2026-10-09 15:02:41.433000000","{A23CF22E-FF3D-4B1C-88C6-541E04504103}","2026-10-15 23:59:59","False","{383990CD-8C34-FF8E-7234-F07F9420893C}"
"508534","CC-26-00111","Re-elect Troy Balderson","Candidate Campaign Committee","Troy  Balderson","False","False","True","Independent","","2026","2026-10-09 15:12:54.427000000","2026-02-17 00:00:00","2026-11-26 00:00:00","1141 Daingerfield St. POB 2506","","","Tappahannock","VA","22560","Report","True","False","0","8045145606","mrfiremns@yahoo.com","11/2026","2023-01-01 00:00:00","2026-12-31 00:00:00","Member Town Council","Town - Tappahannock","False",".00","","2026-10-09 15:13:35.733000000","{882D334E-FFC8-4691-8C17-70A1F7186106}","2026-12-03 23:59:59","False","{1BC2F316-2134-10D4-BAF2-AB96222E4F71}"
"508537","PAC-26-00006","MOBILIZE GRASSROOTS DEMOCRATS PAC","Political Action Committee","","False","False","False","","","2026","2026-10-09 16:03:28.640000000","2026-09-01 00:00:00","2026-10-07 00:00:00","1624 Laskin Road","736-129","","Virginia Beach","VA","23451","Report","False","False","0","7577170349","u_howard@yahoo.com","","2026-01-01 00:00:00","2026-12-31 00:00:00","","","False",".00","","2026-10-09 16:04:26.417000000","{533E602E-BA2B-440C-B300-792EAEF08F92}","2026-10-15 23:59:59","False","{99A54037-334A-EBC9-9BF5-F2C723A684B9}"
"508539","CC-23-01645","Friends of Mehlman-Orozco","Candidate Campaign Committee","Dr. Kimberly Brooke Mehlman-Orozco","False","False","True","Independent","","2023","2026-10-09 16:09:39.307000000","2023-10-27 00:00:00","2023-11-30 00:00:00","15920 Fairway Drive","","","Dumfries","VA","22025","Report","False","False","0","","Kim@MehlmanOrozco.com","11/2023","2020-01-01 00:00:00","2023-12-31 00:00:00","Chairman - School Board","","False","1055.11","","2026-10-09 16:13:40.857000000","{E6B27CB5-5488-4206-BA70-092150BA3D90}","2023-12-07 23:59:59","False","{CBEDE10C-C25A-C3E6-4029-4CD63541EC1D}"
"508541","PAC-22-00091","Virginia Maritime Association Political Action Committee","Political Action Committee","","False","False","False","","","2026","2026-10-09 16:11:22.263000000","2026-09-01 00:00:00","2026-10-07 00:00:00","236 E Plume St","","","Norfolk","VA","23510","Report","False","False","0","7576282671","chanel@vamaritime.com","","2026-01-01 00:00:00","2026-12-31 00:00:00","","","False","52203.57","","2026-10-09 16:24:28.693000000","{6C90FBA3-E4D2-4E4E-95B7-424CFD1C2581}","2026-10-15 23:59:59","False","{1920FD16-E06C-BABB-08E7-F3CD4D918DA3}"
"508543","CC-23-01645","Friends of Mehlman-Orozco","Candidate Campaign Committee","Dr. Kimberly Brooke Mehlman-Orozco","False","False","True","Independent","","2023","2026-10-09 16:14:53.580000000","2023-10-27 00:00:00","2023-11-30 00:00:00","15920 Fairway Drive","","","Dumfries","VA","22025","Report","False","True","1","","Kim@MehlmanOrozco.com","11/2023","2020-01-01 00:00:00","2023-12-31 00:00:00","Chairman - School Board","","True","1055.11","","2026-10-09 16:15:14.180000000","{E6B27CB5-5488-4206-BA70-092150BA3D90}","2023-12-07 23:59:59","False","{CBEDE10C-C25A-C3E6-4029-4CD63541EC1D}"
"508545","PAC-12-00545","ActBlue Virginia","Political Action Committee","","False","False","False","","","2023","2026-10-09 16:26:26.207000000","2026-10-08 00:00:00","2026-10-08 00:00:00","9431 Goldfield Lane","","","Burke","VA","22015","Large Contribution Report","False","False","0","617 517-7600","treasurer@actblue.com","","2026-01-01 00:00:00","2026-12-31 00:00:00","","","False","","","2026-10-09 16:27:00.767000000","{76FAFFED-0784-E111-9BED-984BE103F032}","2026-10-09 23:59:59","True","{5931E6E4-85BA-35B9-D766-96DAE3B71123}"
"508546","PAC-12-00545","ActBlue Virginia","Political Action Committee","","False","False","False","","","2023","2026-10-09 16:26:26.253000000","2026-10-08 00:00:00","2026-10-08 00:00:00","9431 Goldfield Lane","","","Burke","VA","22015","Large Contribution Report","False","False","0","617 517-7600","treasurer@actblue.com","","2026-01-01 00:00:00","2026-12-31 00:00:00","","","False","","","2026-10-09 16:28:46.677000000","{76FAFFED-0784-E111-9BED-984BE103F032}","2026-10-09 23:59:59","True","{36442F99-1D1F-A9CE-7AA7-C979DE981BE0}"
"508547","PAC-12-00545","ActBlue Virginia","Political Action Committee","","False","False","False","","","2023","2026-10-09 16:26:26.300000000","2026-10-08 00:00:00","2026-10-08 00:00:00","9431 Goldfield Lane","","","Burke","VA","22015","Large Contribution Report","False","False","0","617 517-7600","treasurer@actblue.com","","2026-01-01 00:00:00","2026-12-31 00:00:00","","","False","","","2026-10-09 16:28:11.860000000","{76FAFFED-0784-E111-9BED-984BE103F032}","2026-10-09 23:59:59","True","{B5DCF252-AD10-CF69-FE3F-4F3CE8698C01}"
"508548","PAC-12-00545","ActBlue Virginia","Political Action Committee","","False","False","False","","","2023","2026-10-09 16:26:26.330000000","2026-10-08 00:00:00","2026-10-08 00:00:00","9431 Goldfield Lane","","","Burke","VA","22015","Large Contribution Report","False","False","0","617 517-7600","treasurer@actblue.com","","2026-01-01 00:00:00","2026-12-31 00:00:00","","","False","","","2026-10-09 16:27:48.820000000","{76FAFFED-0784-E111-9BED-984BE103F032}","2026-10-09 23:59:59","True","{6FC62F47-1B40-5043-3DCF-C8E245C22E3A}"
"508550","PAC-26-00022","Conserve Virginia Beach","Political Action Committee","","False","False","False","","","2026","2026-10-09 16:30:18.837000000","2026-09-01 00:00:00","2026-10-07 00:00:00","P.O.Box 5021","","","Virginia Beach","VA","23471","Report","False","False","0","7576468056","conservevb@Gmail.com","","2026-01-01 00:00:00","2026-12-31 00:00:00","","","False","547.29","","2026-10-09 16:38:11.120000000","{5D971A8F-33EA-4789-949D-CD05CD3E84A9}","2026-10-15 23:59:59","False","{6C26B0BD-E792-CC49-73E6-F6CE01A83B61}"
"507871","CC-26-00135","Emily D. Ligon","Candidate Campaign Committee","Mrs Emily Draper Ligon","False","False","True","Independent","","2026","2026-10-07 07:42:05.793000000","2026-09-01 00:00:00","2026-09-30 00:00:00","1441 Zion Church Road","","","Emporia","VA","23847","Report","False","False","0","4346376009","ebmligon@gmail.com","11/2026","2023-01-01 00:00:00","2026-12-31 00:00:00","Commissioner Of Revenue","","False","450.00","","2026-10-07 07:44:55.463000000","{81C0491D-0F59-4FED-AC79-38144892E880}","2026-10-15 23:59:59","False","{9C2C42AD-84DD-35BF-20C2-B79645FF242A}"
"507882","CC-26-00591","Ryder for school board District 1","Candidate Campaign Committee","Mr. Jeffrey C Ryder","False","False","True","Write-In","","2026","2026-10-07 08:15:51.860000000","2026-09-01 00:00:00","2026-09-30 00:00:00","121 Royal Blackheath","","","Smithfield","VA","23430","Report","False","False","0","6308358845","ryder.jeff7@yahoo.com","11/2026","2023-01-01 00:00:00","2026-12-31 00:00:00","Member School Board","Election - District 1","False",".00","","2026-10-07 08:18:28.070000000","{F9E585F4-6B70-451B-AE1F-067FC0EC88BA}","2026-10-15 23:59:59","False","{743FE782-C91E-AFF1-390E-0A97CDF3F8A2}"
"507883","CC-12-01123","Sally Baird for Arlington School Board","Candidate Campaign Committee","Sally  Baird","False","False","True","Independent","","2026","2026-10-07 08:16:03.280000000","2026-09-01 00:00:00","2026-09-30 00:00:00","222 North Barton Street","","","Arlington","VA","22201","Report","False","False","0","703-527-3837","everett@woodfish.net","11/2026","2023-01-01 00:00:00","2026-12-31 00:00:00","Member School Board","","True","3144.81","","2026-10-07 08:16:47.670000000","{16D8BDF9-6AC7-E111-B0B8-984BE103F032}","2026-10-15 23:59:59","False","{A066DBFE-0902-83E0-4138-17E8A74BE67F}"
"507888","CC-18-00074","Friends of Sean Polster","Candidate Campaign Committee","Mr. Sean  Polster","False","False","True","Independent","","2026","2026-10-07 08:43:13.993000000","2026-09-01 00:00:00","2026-09-30 00:00:00","PO Box 396","","","Warrenton","VA","20188","Report","False","False","0","(540) 222-1993","hazmat1104@yahoo.com","11/2026","2023-01-01 00:00:00","2026-12-31 00:00:00","Member Town Council At Large","Town - WARRENTON","True","16658.22","","2026-10-07 08:43:30.397000000","{E5835BF7-D318-E811-8018-984BE103F032}","2026-10-15 23:59:59","False","{8B23D5A1-0465-A821-3A60-BFA6325A4607}"
"507892","PAC-25-00084","Defend Virginia PAC","Political Action Committee","","False","False","False","","","2026","2026-10-07 09:00:18.330000000","2026-10-02 00:00:00","2026-10-02 00:00:00","1490-5A Quarterpath Rd","#195","","Williamsburg","VA","23185","Large Contribution Report","False","False","0","(202) 552-0221","jayjones@mbacg.com","","2026-01-01 00:00:00","2026-12-31 00:00:00","","","False","","","2026-10-07 09:00:45.607000000","{200D6247-44ED-4D33-A474-50B682BA1CD9}","2026-10-03 23:59:59","True","{7FB1D571-2086-9DD4-802E-E1CA80F0C721}"
"507906","PP-12-00810","Sixth Congressional District Democratic Committee of Virginia","Political Party Committee","","False","False","False","","","2026","2026-10-07 09:48:10.447000000","2026-07-01 00:00:00","2026-09-30 00:00:00","502 Taylor Street","","","Lexington","VA","24450","Report","False","False","0","540-817-1001","dssb1@earthlink.net","","2026-01-01 00:00:00","2026-12-31 00:00:00","","","True","438.24","","2026-10-07 09:48:17.800000000","{C8E00A2F-488A-E111-9BED-984BE103F032}","2026-10-15 23:59:59","False","{E41115D9-33F9-4088-1674-89464E952608}"
"507909","PP-12-00562","5th Congressional District of Virginia Republican Committee","Political Party Committee","","False","False","False","","","2026","2026-10-07 09:52:04.830000000","2026-07-01 00:00:00","2026-09-30 00:00:00","P. O. Box 75","","","Lovingston","VA","22949","Report","False","False","0","434-263-6694","Marian_Dixon@msn.com","","2026-01-01 00:00:00","2026-12-31 00:00:00","","","False","3443.65","","2026-10-08 09:36:25.773000000","{AAB17E20-0584-E111-9BED-984BE103F032}","2026-10-15 23:59:59","False","{5CEAE1C3-DEF2-B9D4-C123-E4F01937B7FD}"
"507915","PAC-21-00002","Friends Promoting a Healthy Chesapeake","Political Action Committee","","False","False","False","","","2026","2026-10-07 09:59:05.090000000","2026-09-01 00:00:00","2026-10-07 00:00:00","PO Box 16251","","","Chesapeake","VA","23328","Report","True","False","0","15712422684","mindy.carlin@accesspointpa.com","","2026-01-01 00:00:00","2026-12-31 00:00:00","","","False","38.24","","2026-10-07 10:00:23.907000000","{42A1760D-EBA3-4FCE-8392-F7358F704EBD}","2026-10-15 23:59:59","False","{1045D01F-2458-EDFC-CD99-762B9D8D6228}"
"507924","CC-26-00317","William L. "Billy" Vaughn For Council","Candidate Campaign Committee","Mr William Lewis Vaughn","False","False","True","Independent","","2026","2026-10-07 10:31:16.370000000","2026-09-01 00:00:00","2026-09-30 00:00:00","16 Williams Street","","","Staunton","VA","24401","Report","False","False","0","540-480-4251","billyvaughnforcouncil@gmail.com","11/2026","2023-01-01 00:00:00","2026-12-31 00:00:00","Member City Council","","False","500.00","","2026-10-07 10:33:00.357000000","{4C38D030-1AB1-42F6-B5C9-1CCE688E8C16}","2026-10-15 23:59:59","False","{595EEE5D-C7B0-8461-9451-60951B4BBB64}"
"507930","PP-12-00331","House Democratic Caucus","Political Party Committee","","False","False","False","","","2026","2026-10-07 10:47:32.303000000","2026-10-06 00:00:00","2026-10-06 00:00:00","1021 East Cary Street","Suite 1275","","Richmond","VA","23219","Large Contribution Report","False","False","0","(202) 552-0221","vahouse@mbacg.com","","2026-01-01 00:00:00","2026-12-31 00:00:00","","","False","","","2026-10-07 10:47:58.530000000","{C1378151-BA7C-E111-9BED-984BE103F032}","2026-10-07 23:59:59","True","{D95AD092-308B-6692-EC18-C58339FBBDA6}"
"507931","PP-12-00331","House Democratic Caucus","Political Party Committee","","False","False","False","","","2026","2026-10-07 10:47:32.350000000","2026-10-06 00:00:00","2026-10-06 00:00:00","1021 East Cary Street","Suite 1275","","Richmond","VA","23219","Large Contribution Report","False","False","0","(202) 552-0221","vahouse@mbacg.com","","2026-01-01 00:00:00","2026-12-31 00:00:00","","","False","","","2026-10-07 10:48:17.617000000","{C1378151-BA7C-E111-9BED-984BE103F032}","2026-10-07 23:59:59","True","{C03C9E91-DB04-BD0F-33AD-3EEFBCE43A4C}"
"507937","PP-12-00157","Republican Party of Virginia, Inc.","Political Party Committee","","False","False","False","","","2026","2026-10-07 11:04:06.013000000","2026-10-06 00:00:00","2026-10-06 00:00:00","115 E. Grace St","","","Richmond","VA","23219","Large Contribution Report","False","False","0","804-780-0111","floehr@rpv.org","","2026-01-01 00:00:00","2026-12-31 00:00:00","","","False","","","2026-10-07 11:04:13.507000000","{E276FBB3-1E74-E111-86D3-984BE103F032}","2026-10-09 23:59:59","False","{DA706DF3-14AD-EC26-16CD-1BA6C40C7035}"
"507939","PP-12-00157","Republican Party of Virginia, Inc.","Political Party Committee","","False","False","False","","","2026","2026-10-07 11:04:23.217000000","2026-10-06 00:00:00","2026-10-06 00:00:00","115 E. Grace St","","","Richmond","VA","23219","Large Contribution Report","False","False","0","804-780-0111","floehr@rpv.org","","2026-01-01 00:00:00","2026-12-31 00:00:00","","","False","","","2026-10-07 11:04:29.920000000","{E276FBB3-1E74-E111-86D3-984BE103F032}","2026-10-09 23:59:59","False","{DBFD9E38-A235-3649-E7F1-36F78FCDCE0C}"
"507947","CC-26-00175","Greg “Waldo” Warden for Sheriff","Candidate Campaign Committee","Gregory Dale-Ray Warden","False","False","True","Democratic","","2026","2026-10-07 11:31:57.807000000","2026-03-20 00:00:00","2026-03-31 00:00:00","220 Rosehill drive","","","Christiansburg","VA","24073","Report","False","True","1","5404494005","Gdwarden00@yahoo.com","11/2026","2023-01-01 00:00:00","2026-12-31 00:00:00","Sheriff","","False","3200.00","","2026-10-07 11:32:24.010000000","{F1A53F9D-20AE-4B2E-A874-D969584B4F9F}","2026-04-15 23:59:59","False","{C0B5C6A5-2279-756D-52EE-D59799C82798}"
"507950","CC-26-00175","Greg “Waldo” Warden for Sheriff","Candidate Campaign Committee","Gregory Dale-Ray Warden","False","False","True","Democratic","","2026","2026-10-07 11:39:19.020000000","2026-03-20 00:00:00","2026-03-31 00:00:00","220 Rosehill drive","","","Christiansburg","VA","24073","Report","False","True","2","5404494005","Gdwarden00@yahoo.com","11/2026","2023-01-01 00:00:00","2026-12-31 00:00:00","Sheriff","","False","3200.00","","2026-10-07 11:41:32.933000000","{F1A53F9D-20AE-4B2E-A874-D969584B4F9F}","2026-04-15 23:59:59","False","{C0B5C6A5-2279-756D-52EE-D59799C82798}"
"507952","CC-26-00314","DOC Brown 4 Manassas City","Candidate Campaign Committee","Mr Eugene  Brown","False","False","True","Independent","","2026","2026-10-07 11:40:47.990000000","2026-09-01 00:00:00","2026-09-30 00:00:00","8665 Sudley Rd","126","","Manassas","VA","20110","Report","False","False","0","","Docbrown4manassascity@gmail.com","11/2026","2023-01-01 00:00:00","2026-12-31 00:00:00","Member City Council","","False","329.01","","2026-10-07 11:41:43.530000000","{84B2C21E-1916-403E-8C7E-1891D6F0C207}","2026-10-15 23:59:59","False","{A08DDE02-A991-820A-21C2-449F383FE464}"
"507955","CC-12-00825","Robert D. "Bobby" Orrock for House Committee","Candidate Campaign Committee","Robert D. Orrock Sr","False","False","True","Republican","","2023","2026-10-07 11:43:06.853000000","2023-07-01 00:00:00","2023-08-31 00:00:00","P. O. Box 458","","","Thornburg","VA","22565","Report","False","True","1","540-848-4676","oldrosenow@verizon.net","11/2023","2022-01-01 00:00:00","2023-12-31 00:00:00","Member, House Of Delegates","House Of Delegates - 66th District","False","259662.29","","2026-10-07 11:44:36.587000000","{242BBDEF-9C93-E111-8DEF-984BE103F032}","2023-09-15 23:59:59","False","{DFFC8189-584D-D8D2-C13B-99E247B49D39}"
"507956","CC-12-00825","Robert D. "Bobby" Orrock for House Committee","Candidate Campaign Committee","Robert D. Orrock Sr","False","False","True","Republican","","2023","2026-10-07 11:45:58.077000000","2023-09-01 00:00:00","2023-09-30 00:00:00","P. O. Box 458","","","Thornburg","VA","22565","Report","False","True","1","540-848-4676","oldrosenow@verizon.net","11/2023","2022-01-01 00:00:00","2023-12-31 00:00:00","Member, House Of Delegates","House Of Delegates - 66th District","False","224616.86","","2026-10-07 11:46:22.560000000","{242BBDEF-9C93-E111-8DEF-984BE103F032}","2023-10-16 23:59:59","False","{26F92E83-3D0D-FE7B-A05B-E261117484C2}"
"507982","CC-26-00339","Turner for Manassas","Candidate Campaign Committee","Colin  Turner","False","False","True","Independent","","2026","2026-10-07 13:54:27.630000000","2026-05-26 12:11:52.750000000","2026-06-30 00:00:00","Historic District","9300 West St","","Manassas","VA","20110","Report","False","True","1","7038812815","skturner4@gmail.com","11/2026","2023-01-01 00:00:00","2026-12-31 00:00:00","Member City Council","","False",".00","","2026-10-07 13:56:08.057000000","{1610127E-CFDA-4E90-8CDD-9527147D296C}","2026-07-15 23:59:59","False","{AB88C794-A9C6-239E-C692-43F55A159927}"
"507983","CC-26-00339","Turner for Manassas","Candidate Campaign Committee","Colin  Turner","False","False","True","Independent","","2026","2026-10-07 13:56:39.790000000","2026-07-01 00:00:00","2026-07-23 00:00:00","Historic District","9300 West St","","Manassas","VA","20110","Report","False","True","1","7038812815","skturner4@gmail.com","11/2026","2023-01-01 00:00:00","2026-12-31 00:00:00","Member City Council","","False","2504.77","","2026-10-07 13:57:22.793000000","{1610127E-CFDA-4E90-8CDD-9527147D296C}","2026-07-27 23:59:59","False","{292D8885-10A0-666C-6CC8-A81EEF7C9DC2}"
"507984","CC-26-00339","Turner for Manassas","Candidate Campaign Committee","Colin  Turner","False","False","True","Independent","","2026","2026-10-07 13:57:52.747000000","2026-07-24 00:00:00","2026-08-31 00:00:00","Historic District","9300 West St","","Manassas","VA","20110","Report","False","True","1","7038812815","skturner4@gmail.com","11/2026","2023-01-01 00:00:00","2026-12-31 00:00:00","Member City Council","","False","3218.89","","2026-10-07 13:58:15.560000000","{1610127E-CFDA-4E90-8CDD-9527147D296C}","2026-09-15 23:59:59","False","{4A413F6E-E16A-F847-64F2-355770A1D3A4}"
"507985","CC-24-00077","Friends of E R “Jeff” Jefferies Jr","Candidate Campaign Committee","Mr Ernest Rodney Jefferies Jr","False","False","True","Republican","","2026","2026-10-07 14:02:15.767000000","2026-09-01 00:00:00","2026-09-30 00:00:00","3300 Firebird Ct","","","Chesapeake","VA","23323","Report","False","False","0","7578804462","Gulag31@icloud.com","11/2026","2023-01-01 00:00:00","2026-12-31 00:00:00","Member City Council","","False","40964.72","","2026-10-07 14:04:52.510000000","{6C5F8AD1-3A00-4E92-976E-E51B3760881F}","2026-10-15 23:59:59","False","{983CCD8D-F931-9393-484E-D2E64958E766}"
"507986","CC-26-00339","Turner for Manassas","Candidate Campaign Committee","Colin  Turner","False","False","True","Independent","","2026","2026-10-07 14:04:08.380000000","2026-09-01 00:00:00","2026-09-30 00:00:00","Historic District","9300 West St","","Manassas","VA","20110","Report","False","False","0","7038812815","skturner4@gmail.com","11/2026","2023-01-01 00:00:00","2026-12-31 00:00:00","Member City Council","","False","2690.23","","2026-10-07 14:05:21.370000000","{1610127E-CFDA-4E90-8CDD-9527147D296C}","2026-10-15 23:59:59","False","{39682FEE-63A5-7AD3-3FC0-FCA24EF6DE0E}"
"507987","CC-25-00941","Friends of Scott Guirlinger","Candidate Campaign Committee","Scott Richard Guirlinger","False","False","True","Independent","","2026","2026-10-07 14:11:46.547000000","2026-09-01 00:00:00","2026-09-30 00:00:00","448 Hariton Ct","","","Norfolk","VA","23505","Report","False","False","0","9192705189","scott.guirlinger@gmail.com","11/2026","2023-01-01 00:00:00","2026-12-31 00:00:00","Member City Council","Election - Ward 1","False","48192.26","","2026-10-07 14:16:31.123000000","{A9956820-AD5A-41F6-B8C0-B98C29BD515C}","2026-10-15 23:59:59","False","{F5193D84-64DC-5EB3-7F2F-9EAA1156E47F}"
"507989","CC-25-00930","Friends of Brendan Murphy","Candidate Campaign Committee","Brendan Woods Murphy","False","False","True","Independent","","2026","2026-10-07 14:17:29.557000000","2026-07-24 00:00:00","2026-08-31 00:00:00","493 Marshall Dr NE","","","Leesburg","VA","20176","Report","False","True","1","7039279411","brendanwoodsmurphy@gmail.com","11/2026","2023-01-01 00:00:00","2026-12-31 00:00:00","Member Town Council - Leesburg","Town - Leesburg","False","13491.28","","2026-10-07 14:22:23.107000000","{050F5A23-7F5E-4E77-9F65-A7B56ADB8D37}","2026-09-15 23:59:59","False","{1B3068EA-369D-1E67-4E5A-91A84D410DDB}"
"507992","PP-12-00410","Alexandria Democratic Committee","Political Party Committee","","False","False","False","","","2026","2026-10-07 14:21:09.560000000","2026-07-01 00:00:00","2026-09-30 00:00:00","2101A Mt. Vernon Avenue","","","Alexandria","VA","22301","Report","False","False","0","703-447-9139","office@alexdems.org","","2026-01-01 00:00:00","2026-12-31 00:00:00","","","False","8189.09","","2026-10-07 14:23:21.433000000","{F004E2C9-897E-E111-9BED-984BE103F032}","2026-10-15 23:59:59","False","{F28CD951-E658-28D7-92BD-1D474B62EE57}"
"507998","CC-20-00421","Committee for Michael J. DeMarco","Candidate Campaign Committee","Michael James DeMarco","False","False","True","Independent","","2026","2026-10-07 14:54:50.423000000","2026-09-01 00:00:00","2026-09-30 00:00:00","10212 Scout Drive","","","Fairfax","VA","22030","Report","False","False","0","7032012209","mjdemarco33@gmail.com","11/2026","2025-01-01 00:00:00","2026-12-31 00:00:00","Member City Council","","False","3350.50","","2026-10-07 14:55:26.487000000","{380C12B3-C94C-4923-A375-B52342DAA56F}","2026-10-15 23:59:59","False","{AB99D9CE-ECAA-58E3-19BF-08FDF0836260}"
"507999","CC-26-00194","Friends of Amanda Marko","Candidate Campaign Committee","Amanda  Marko","False","False","True","Republican","","2026","2026-10-07 14:56:56.707000000","2026-10-07 00:00:00","2026-10-07 00:00:00","PO Box 21174","","","Roanoke","VA","24018","Large Contribution Report","False","False","0","(540) 761-4550","jeff@i77strategies.com","11/2026","2023-01-01 00:00:00","2026-12-31 00:00:00","Member City Council","","False","","","2026-10-07 14:57:04.473000000","{7E0F6C74-B592-42BC-8955-53575F763576}","2026-10-08 23:59:59","False","{BF0EDFE6-5A4C-A3A2-6602-F828CEF9893A}"
"508000","CC-16-00096","The Committee to Elect Nate Peterson","Candidate Campaign Committee","Nate  Peterson","False","False","True","Independent","","2016","2026-10-07 14:59:44.993000000","2016-07-01 00:00:00","2016-08-31 00:00:00","312 East Broad St","401","","Richmond","VA","23219","Report","False","True","1","7036746132","getzer123@yahoo.com","11/2016","2013-01-01 00:00:00","2016-12-31 00:00:00","Mayor","Election - DISTRICT 6","False","999.97","","2026-10-07 15:04:53.250000000","{41CA8AA6-29F8-E511-B6DC-984BE103F032}","2016-09-15 23:59:00","False","{DC7ECE1C-4658-1C4C-25D2-1327A14B7A5D}"
"508004","CC-16-00096","The Committee to Elect Nate Peterson","Candidate Campaign Committee","Nate  Peterson","False","False","True","Independent","","2016","2026-10-07 15:11:41.387000000","2016-09-01 00:00:00","2016-09-30 00:00:00","312 East Broad St","401","","Richmond","VA","23219","Report","False","True","1","7036746132","getzer123@yahoo.com","11/2016","2013-01-01 00:00:00","2016-12-31 00:00:00","Mayor","Election - DISTRICT 6","False","12.77","","2026-10-07 15:12:39.087000000","{41CA8AA6-29F8-E511-B6DC-984BE103F032}","2016-10-17 23:59:00","False","{5ED119B2-9A6A-0A48-29D4-3773BEB3A890}"
"508019","CC-25-00386","Re Elect Fairchild for Supervisor","Candidate Campaign Committee","Christopher Sean Fairchild","False","False","True","Republican","","2025","2026-10-07 15:41:44.103000000","2025-10-24 00:00:00","2025-11-27 00:00:00","PO ox 140","","","Palmyra","VA","22963","Report","False","True","1","4349894009","Chrisf@nationalfilterservice.com","11/2025","2022-01-01 00:00:00","2025-12-31 00:00:00","Member Board Of Supervisors","Election - Cunningham District","False","1915.00","","2026-10-07 15:42:41.160000000","{8C3D24A5-B74B-4EE3-9649-5DFF0D8150E1}","2025-12-04 23:59:59","False","{BB7F7BFB-294F-A10A-AB52-EBFF24BBF70B}"
"508021","CC-25-00386","Re Elect Fairchild for Supervisor","Candidate Campaign Committee","Christopher Sean Fairchild","False","False","True","Republican","","2025","2026-10-07 15:44:16.467000000","2025-11-28 00:00:00","2025-12-31 00:00:00","PO ox 140","","","Palmyra","VA","22963","Report","False","True","1","4349894009","Chrisf@nationalfilterservice.com","11/2025","2022-01-01 00:00:00","2025-12-31 00:00:00","Member Board Of Supervisors","Election - Cunningham District","False","1913.00","","2026-10-07 15:45:31.783000000","{8C3D24A5-B74B-4EE3-9649-5DFF0D8150E1}","2026-01-15 23:59:59","False","{C17A89A7-6EA2-3866-B561-287E57A7D6EE}"
"508024","CC-16-00096","The Committee to Elect Nate Peterson","Candidate Campaign Committee","Nate  Peterson","False","False","True","Independent","","2016","2026-10-07 15:52:15.400000000","2016-12-02 00:00:00","2016-12-31 00:00:00","312 East Broad St","401","","Richmond","VA","23219","Report","False","True","2","7036746132","getzer123@yahoo.com","11/2016","2013-01-01 00:00:00","2016-12-31 00:00:00","Mayor","Election - DISTRICT 6","False",".00","","2026-10-07 15:53:44.357000000","{41CA8AA6-29F8-E511-B6DC-984BE103F032}","2017-01-17 23:59:00","False","{6B7D13F9-A16A-1B71-5311-E7D9152EF387}"
"508025","CC-16-00096","The Committee to Elect Nate Peterson","Candidate Campaign Committee","Nate  Peterson","False","False","True","Independent","","2018","2026-10-07 15:54:13.370000000","2018-01-01 00:00:00","2018-06-30 00:00:00","312 East Broad St","401","","Richmond","VA","23219","Report","False","True","1","7036746132","getzer123@yahoo.com","11/2020","2017-01-01 00:00:00","2020-12-31 00:00:00","Mayor","Election - DISTRICT 6","False",".00","","2026-10-07 15:55:41.050000000","{41CA8AA6-29F8-E511-B6DC-984BE103F032}","2018-07-16 23:59:00","False","{33C9B011-2AA3-2ECF-F164-1E0781B8E8A2}"
"508028","CC-16-00096","The Committee to Elect Nate Peterson","Candidate Campaign Committee","Nate  Peterson","False","False","True","Independent","","2018","2026-10-07 15:59:51.037000000","2018-07-01 00:00:00","2018-12-31 00:00:00","312 East Broad St","401","","Richmond","VA","23219","Report","False","True","1","7036746132","getzer123@yahoo.com","11/2020","2017-01-01 00:00:00","2020-12-31 00:00:00","Mayor","Election - DISTRICT 6","False",".00","","2026-10-07 16:00:25.020000000","{41CA8AA6-29F8-E511-B6DC-984BE103F032}","2019-01-15 23:59:00","False","{2C8769DE-B525-0324-4F9D-D569E5FE8956}"
"508029","CC-16-00096","The Committee to Elect Nate Peterson","Candidate Campaign Committee","Nate  Peterson","False","False","True","Independent","","2019","2026-10-07 16:00:40.647000000","2019-01-01 00:00:00","2019-06-30 00:00:00","312 East Broad St","401","","Richmond","VA","23219","Report","False","True","1","7036746132","getzer123@yahoo.com","11/2020","2017-01-01 00:00:00","2020-12-31 00:00:00","Mayor","Election - DISTRICT 6","False",".00","","2026-10-07 16:15:04.780000000","{41CA8AA6-29F8-E511-B6DC-984BE103F032}","2019-07-15 23:59:00","False","{5EB73A06-9B59-81AF-CA43-936B79C78437}"
"508030","CC-25-00386","Re Elect Fairchild for Supervisor","Candidate Campaign Committee","Christopher Sean Fairchild","False","False","True","Republican","","2026","2026-10-07 16:04:49.467000000","2026-01-01 00:00:00","2026-06-30 00:00:00","PO ox 140","","","Palmyra","VA","22963","Report","True","True","1","4349894009","Chrisf@nationalfilterservice.com","11/2029","2026-01-01 00:00:00","2029-12-31 00:00:00","Member Board Of Supervisors","Election - Cunningham District","False","2009.00","","2026-10-07 16:06:00.290000000","{8C3D24A5-B74B-4EE3-9649-5DFF0D8150E1}","2026-07-15 23:59:59","False","{0E8B6751-93DE-03F7-058E-C5DE6420FF4D}"
"508031","CC-26-00234","MOON4ROANOKE COMMITTEE","Candidate Campaign Committee","STEPHANIE Miranda Moon","False","False","True","Independent","","2026","2026-10-07 16:09:13.910000000","2026-10-06 00:00:00","2026-10-06 00:00:00","P.O.BOX 323","","","Salem","VA","24153","Large Contribution Report","False","False","0","5408192047","movingstarforward@yahoo.com","11/2026","2023-01-01 00:00:00","2026-12-31 00:00:00","Member City Council","","False","","","2026-10-07 16:09:22.747000000","{BE78A9AA-156D-4FFD-90D4-7298DA9530D7}","2026-10-07 23:59:59","False","{36EC164F-DC2F-EABF-60BB-C7BBF86CA99E}"
"508032","CC-16-00096","The Committee to Elect Nate Peterson","Candidate Campaign Committee","Nate  Peterson","False","False","True","Independent","","2019","2026-10-07 16:15:40.543000000","2019-07-01 00:00:00","2019-12-31 00:00:00","312 East Broad St","401","","Richmond","VA","23219","Report","False","True","1","7036746132","getzer123@yahoo.com","11/2020","2017-01-01 00:00:00","2020-12-31 00:00:00","Mayor","Election - DISTRICT 6","False",".00","","2026-10-07 16:16:25.053000000","{41CA8AA6-29F8-E511-B6DC-984BE103F032}","2020-01-15 23:59:00","False","{AA64C161-4671-11D3-4377-9F8C9AD9AFE1}"
"508033","CC-16-00096","The Committee to Elect Nate Peterson","Candidate Campaign Committee","Nate  Peterson","False","False","True","Independent","","2020","2026-10-07 16:16:43.733000000","2020-01-01 00:00:00","2020-03-31 00:00:00","312 East Broad St","401","","Richmond","VA","23219","Report","False","True","1","7036746132","getzer123@yahoo.com","11/2020","2017-01-01 00:00:00","2020-12-31 00:00:00","Mayor","Election - DISTRICT 6","False",".00","","2026-10-07 16:17:29.543000000","{41CA8AA6-29F8-E511-B6DC-984BE103F032}","2020-04-15 23:59:00","False","{6B121F12-C1BC-A0B5-757C-F3B2E0F1C2CF}"
"508034","CC-16-00096","The Committee to Elect Nate Peterson","Candidate Campaign Committee","Nate  Peterson","False","False","True","Independent","","2020","2026-10-07 16:17:42.437000000","2020-04-01 00:00:00","2020-06-11 00:00:00","312 East Broad St","401","","Richmond","VA","23219","Report","False","True","1","7036746132","getzer123@yahoo.com","11/2020","2017-01-01 00:00:00","2020-12-31 00:00:00","Mayor","Election - DISTRICT 6","False",".00","","2026-10-07 16:18:14.533000000","{41CA8AA6-29F8-E511-B6DC-984BE103F032}","2020-06-15 23:59:59","False","{C3B67F07-3133-2D15-2D64-5559B9DD5381}"
"508035","CC-16-00096","The Committee to Elect Nate Peterson","Candidate Campaign Committee","Nate  Peterson","False","False","True","Independent","","2020","2026-10-07 16:18:28.690000000","2020-06-12 00:00:00","2020-06-30 00:00:00","312 East Broad St","401","","Richmond","VA","23219","Report","False","True","1","7036746132","getzer123@yahoo.com","11/2020","2017-01-01 00:00:00","2020-12-31 00:00:00","Mayor","Election - DISTRICT 6","False",".00","","2026-10-07 16:19:32.327000000","{41CA8AA6-29F8-E511-B6DC-984BE103F032}","2020-07-15 23:59:59","False","{558248F4-7EC6-9190-9573-78E80FB0C375}"
"507678","PP-21-00012","Culpeper County Democratic Committee","Political Party Committee","","False","False","False","","","2026","2026-10-05 09:22:51.517000000","2026-07-01 00:00:00","2026-09-30 00:00:00","PO Box 131","","","Culpeper","VA","22701","Report","False","False","0","5714265090","treasurer@culpeperdemocrats.org","","2026-01-01 00:00:00","2026-12-31 00:00:00","","","False","10566.03","","2026-10-05 16:25:31.857000000","{3FF9BB2C-A41E-4A55-8BBF-CCF67F3A7A9C}","2026-10-15 23:59:59","False","{2350E957-3DD0-5196-CE82-230F013B80C4}"
"507679","CC-26-00288","Luis F Padilla For Public Office","Candidate Campaign Committee","mr luis fernando padilla","False","False","True","Independent","","2026","2026-10-05 09:59:03.977000000","2026-09-01 00:00:00","2026-09-30 00:00:00","301 chautaqua ave","apt4","","portsmouth","VA","23707","Report","False","False","0","7572928472","luispadillaforportsmouthva@gmail.com","11/2026","2023-01-01 00:00:00","2026-12-31 00:00:00","Member School Board","","False","587.90","","2026-10-05 10:15:26.960000000","{07FE9352-9BCE-49EF-A7A8-E92EB9240AED}","2026-10-15 23:59:59","False","{62D97518-E220-FB93-8D5F-9F0E2534DBF9}"
"507680","RC-26-00010","Virginians for Marriage Equality","Referendum Committee","","False","False","False","","","2026","2026-10-05 10:09:40.773000000","2026-10-01 00:00:00","2026-10-01 00:00:00","PO Box 17860","","","Richmond","VA","23226","Large Contribution Report","False","False","0","","admin@vaformarriageequality.com","11/03/2026","2026-01-01 00:00:00","2026-12-31 00:00:00","","","False","","2026-11-03 00:00:00","2026-10-05 10:09:54.647000000","{3154E39F-6260-4126-9D7D-A906D554334A}","2026-10-06 23:59:59","False","{0E181FEC-3898-31CF-3E6A-DC5CAC4CCB58}"
"507681","PAC-25-00086","United for Virginia’s Future PAC","Political Action Committee","","False","False","False","","","2026","2026-10-05 10:15:43.737000000","2026-09-30 00:00:00","2026-09-30 00:00:00","PO Box 3121","","","Glen Allen","VA","23058","Large Contribution Report","False","False","0","(202) 552-0221","spanberger@mbacg.com","","2026-01-01 00:00:00","2026-12-31 00:00:00","","","False","","","2026-10-05 10:15:57.970000000","{31102643-531C-4522-893B-22233AC2BACA}","2026-10-01 23:59:59","True","{7BF21E4B-248D-49AA-D22A-724628971E69}"
"507682","PP-12-00155","Prince William County Democratic Committee","Political Party Committee","","False","False","False","","","2026","2026-10-05 10:35:57.580000000","2026-07-01 00:00:00","2026-09-30 00:00:00","PO Box 1765","","","Manassas","VA","20108","Report","False","False","0","(703) 774-6985","treasurer@princewilliamdemocrats.com","","2026-01-01 00:00:00","2026-12-31 00:00:00","","","False","56448.70","","2026-10-05 10:36:49.827000000","{2F87CBC3-F274-E111-86D3-984BE103F032}","2026-10-15 23:59:59","True","{C3A61E4C-A85A-4191-EE19-D9124EF6B27F}"
"507683","PAC-12-00545","ActBlue Virginia","Political Action Committee","","False","False","False","","","2026","2026-10-05 10:45:07.937000000","2026-10-02 00:00:00","2026-10-02 00:00:00","9431 Goldfield Lane","","","Burke","VA","22015","Large Contribution Report","False","False","0","617 517-7600","treasurer@actblue.com","","2026-01-01 00:00:00","2026-12-31 00:00:00","","","False","","","2026-10-05 10:45:17.973000000","{76FAFFED-0784-E111-9BED-984BE103F032}","2026-10-03 23:59:59","True","{66A070DD-D9D7-778F-722D-64A6E75DCB0C}"
"507687","PP-12-00047","Charlottesville Democratic Committee","Political Party Committee","","False","False","False","","","2026","2026-10-05 11:06:36.937000000","2026-07-01 00:00:00","2026-09-30 00:00:00","P. O. Box 916","","","Charlottesville","VA","22902","Report","False","False","0","4349811620","jason.a.vandever@gmail.com","","2026-01-01 00:00:00","2026-12-31 00:00:00","","","False","18163.84","","2026-10-05 11:07:43.633000000","{D8D541BC-9C6F-E111-86D3-984BE103F032}","2026-10-15 23:59:59","False","{A89C4781-7955-6ED4-9AC6-0FF9C189F377}"
"507688","CC-25-00714","J Toria Brown","Candidate Campaign Committee","Jordan Toria Brown","False","False","True","Republican","","2026","2026-10-05 11:15:35.747000000","2026-09-01 00:00:00","2026-09-30 00:00:00","PO Box 112","","","Brownsburg","VA","24415","Report","False","False","0","5404601273","hokie73@hotmail.com","11/2029","2026-01-01 00:00:00","2029-12-31 00:00:00","Member Board Of Supervisors","Election - Walkers Creek District","True","601.52","","2026-10-05 11:17:47.763000000","{72CDE3F3-D07D-4D04-9804-A1CE9B89AB08}","2026-10-15 23:59:59","False","{F5791BE8-CB31-47A5-2374-CEBA0E4E6739}"
"507690","CC-20-00309","Friends of Clark Hedrick","Candidate Campaign Committee","Clark  Hedrick","False","False","True","Independent","","2026","2026-10-05 12:04:21.230000000","2026-09-01 00:00:00","2026-09-30 00:00:00","828 Van Buren St.","","","Herndon","VA","20170","Report","False","False","0","","hedrickforherndon@gmail.com","11/2026","2025-01-01 00:00:00","2026-12-31 00:00:00","Member Town Council","Town - Herndon","False",".00","","2026-10-05 12:05:24.473000000","{3342044A-2312-4966-9386-C978B4128CF6}","2026-10-15 23:59:59","False","{20B8D301-2588-8B82-0902-15679590A1EC}"
"507692","CC-20-00309","Friends of Clark Hedrick","Candidate Campaign Committee","Clark  Hedrick","False","False","True","Independent","","2026","2026-10-05 12:09:39.880000000","2026-10-05 00:00:00","2026-10-05 00:00:00","828 Van Buren St.","","","Herndon","VA","20170","Large Contribution Report","False","False","0","","hedrickforherndon@gmail.com","11/2026","2025-01-01 00:00:00","2026-12-31 00:00:00","Member Town Council","Town - Herndon","False","","","2026-10-05 12:09:59.800000000","{3342044A-2312-4966-9386-C978B4128CF6}","2026-10-06 23:59:59","False","{62615623-2CDE-4A6E-968A-0F2FCAF1638A}"
"507696","PAC-12-00191","Virginia Beer Wholesalers Association Political Action Committee","Political Action Committee","","False","False","False","","","2026","2026-10-05 13:09:52.157000000","2026-10-05 00:00:00","2026-10-05 00:00:00","1021 East Cary Street","704","","Richmond","VA","23219","Large Contribution Report","False","False","0","804-783-2655","kelli.gaudreau@vbwa.org","","2026-01-01 00:00:00","2026-12-31 00:00:00","","","False","","","2026-10-05 13:09:59.637000000","{A9CD6C5B-2D74-E111-86D3-984BE103F032}","2026-10-08 23:59:59","False","{27C12437-9FCF-3BDD-215A-E0150367DFBB}"
"507697","PAC-12-00191","Virginia Beer Wholesalers Association Political Action Committee","Political Action Committee","","False","False","False","","","2026","2026-10-05 13:10:08.267000000","2026-10-05 00:00:00","2026-10-05 00:00:00","1021 East Cary Street","704","","Richmond","VA","23219","Large Contribution Report","False","False","0","804-783-2655","kelli.gaudreau@vbwa.org","","2026-01-01 00:00:00","2026-12-31 00:00:00","","","False","","","2026-10-05 13:10:14.633000000","{A9CD6C5B-2D74-E111-86D3-984BE103F032}","2026-10-08 23:59:59","False","{0A526CCE-9064-EA9C-4D1B-A20EC7FE50B3}"
"507698","PAC-12-00191","Virginia Beer Wholesalers Association Political Action Committee","Political Action Committee","","False","False","False","","","2026","2026-10-05 13:10:21.673000000","2026-10-05 00:00:00","2026-10-05 00:00:00","1021 East Cary Street","704","","Richmond","VA","23219","Large Contribution Report","False","False","0","804-783-2655","kelli.gaudreau@vbwa.org","","2026-01-01 00:00:00","2026-12-31 00:00:00","","","False","","","2026-10-05 13:10:26.260000000","{A9CD6C5B-2D74-E111-86D3-984BE103F032}","2026-10-08 23:59:59","False","{28EEFB40-85E7-0806-417C-49EB24C0F8B8}"
"507700","PP-26-00001","Highland County Democratic Committee","Political Party Committee","","False","False","False","","","2026","2026-10-05 13:28:29.310000000","2026-07-01 00:00:00","2026-09-30 00:00:00","P.O. Box 133","","","Monterey","VA","24465","Report","False","False","0","5402904361","JBANKERT@VERIZON.NET","","2026-01-01 00:00:00","2026-12-31 00:00:00","","","False","6352.92","","2026-10-05 13:29:33.193000000","{D43F25A0-DDD4-4DFB-943D-E6F5CF06632E}","2026-10-15 23:59:59","False","{D1A7C251-C394-1AA0-F80F-EA56AA7C1235}"
"507701","CC-18-00047","Friends of Steve Best","Candidate Campaign Committee","Mr Robert Stephen Best","False","False","True","Republican","","2026","2026-10-05 13:30:34.563000000","2026-09-01 00:00:00","2026-09-30 00:00:00","3901 Savannah Drive","","","Chesapeake","VA","23322","Report","False","False","0","757-641-2520","votestevebest@gmail.com","11/2026","2023-01-01 00:00:00","2026-12-31 00:00:00","Member City Council","","True","8511.86","","2026-10-05 13:30:51.530000000","{D8F672CD-B206-E811-8018-984BE103F032}","2026-10-15 23:59:59","False","{B4B7285D-6385-34BC-8613-06486203DFB5}"
"507705","CC-25-00210","Kevin Moreau for City Council","Candidate Campaign Committee","Kevin J Moreau","False","False","True","Democratic","","2026","2026-10-05 14:15:30.770000000","2026-09-01 00:00:00","2026-09-30 00:00:00","9404 Silver Meteor CT","","","Manassas Park","VA","20111","Report","False","False","0","2023166559","kevin4thepark@gmail.com","11/2026","2023-01-01 00:00:00","2026-12-31 00:00:00","Member City Council","","False","1571.79","","2026-10-05 14:18:05.587000000","{F548090A-6A21-473A-AA1D-3A9DCAD9504E}","2026-10-15 23:59:59","False","{D74A9ABD-327B-DF43-E5FB-ED78BE8B2D64}"
"507707","PAC-12-00524","Va Automobile and Truck Dealers Political Action Committee","Political Action Committee","","False","False","False","","","2026","2026-10-05 14:24:10.627000000","2026-10-05 00:00:00","2026-10-05 00:00:00","PO Box 5407","","","Richmond","VA","23220","Large Contribution Report","False","False","0","","ntoler@vada.com","","2026-01-01 00:00:00","2026-12-31 00:00:00","","","False","","","2026-10-05 14:25:24.360000000","{3CF827C9-2A83-E111-9BED-984BE103F032}","2026-10-08 23:59:59","False","{1190394F-9F88-F94C-2DB6-4C18726ADC22}"
"507713","CC-26-00154","Committee to Elect Audrey Clement 2026","Candidate Campaign Committee","Audrey Rose Clement","False","False","True","Independent","","2026","2026-10-05 15:12:34.903000000","2026-10-05 00:00:00","2026-10-05 00:00:00","1530 N Longfellow Street","APT B","","Arlington","VA","22205","Large Contribution Report","False","False","0","571-830-8889","aclement65@hotmail.com","11/2026","2023-01-01 00:00:00","2026-12-31 00:00:00","Member County Board","","False","","","2026-10-05 15:12:50.890000000","{47D51E2E-AE69-46F1-9ACB-EEBCF88C153C}","2026-10-06 23:59:59","False","{58E395CC-C534-52DF-FEE3-A5E601FB79FA}"
"507720","PAC-12-00544","Mid-Atlantic Laborers' Political Education Fund","Political Action Committee","","False","False","False","","","2026","2026-10-05 15:50:53.240000000","2026-10-05 00:00:00","2026-10-05 00:00:00","1875 Explorer Dr","Suite 920","","Reston","VA","20190","Large Contribution Report","False","False","0","","mbrown@maliuna.org","","2026-01-01 00:00:00","2026-12-31 00:00:00","","","False","","","2026-10-05 15:51:22.030000000","{67DFFE81-A684-E111-9BED-984BE103F032}","2026-10-06 23:59:59","True","{15E862FB-F501-C8A0-472B-EBFB7020BE20}"
"507390","CC-12-00814","Friends of Bryan L Collins","Candidate Campaign Committee","Mr. Bryan L Collins","False","False","True","Independent","","2026","2026-10-01 00:17:34.437000000","2026-09-01 00:00:00","2026-09-30 00:00:00","2601 Twin Cedar Trail","","","Chesapeake","VA","23323","Report","False","False","0","757-287-1805","bryan@bryanlcollins.com","11/2026","2023-01-01 00:00:00","2026-12-31 00:00:00","Member City Council","","True","17854.55","","2026-10-01 00:17:52.317000000","{0CDACF7E-288B-E111-9BED-984BE103F032}","2026-10-15 23:59:59","False","{BBB2D210-C35E-D809-72E2-924F69735A8C}"
"507391","CC-26-00199","Elect Prezzy","Candidate Campaign Committee","Mr Nathaniel Junior Prezzy","False","False","True","Republican","","2026","2026-10-01 01:48:08.230000000","2026-09-01 00:00:00","2026-09-30 00:00:00","PO Box 1440","","","Winchester","VA","22601","Report","False","False","0","5405333364","eug3535@yahoo.com","11/2026","2023-01-01 00:00:00","2026-12-31 00:00:00","Member City Council","Election - Fourth Ward","False","10960.00","","2026-10-01 01:51:17.387000000","{DA5A6921-2F2B-404E-B094-BD7553236B73}","2026-10-15 23:59:59","False","{2137FC12-93C8-E7F6-6E14-D997AA2A5112}"
"507392","CC-26-00304","Friends of Thomas Justis","Candidate Campaign Committee","Thomas Galloway Justis","False","False","True","Independent","","2026","2026-10-01 06:02:48.653000000","2026-09-01 00:00:00","2026-09-30 00:00:00","118 Glen Cove Dr","","","Hardyville","VA","23070-2112","Report","False","False","0","8043847521","TJustis2008@yahoo.com","11/2026","2023-01-01 00:00:00","2026-12-31 00:00:00","Sheriff","","False","853.57","","2026-10-01 06:04:17.333000000","{EAA081F8-4207-4FFA-8ABF-CCD3EC140442}","2026-10-15 23:59:59","False","{9B7E68FD-3ED1-D10C-19CB-8D1F2B60BB24}"
"507393","PP-12-00332","Commonwealth Victory Fund","Political Party Committee","","False","False","False","","","2026","2026-10-01 06:42:27.963000000","2026-09-30 00:00:00","2026-09-30 00:00:00","1021 East Cary Street","Suite 1275","","Richmond","VA","23219","Large Contribution Report","False","False","0","7033146405","kristinadoggetthagen@gmail.com","","2026-01-01 00:00:00","2026-12-31 00:00:00","","","False","","","2026-10-01 06:42:51.280000000","{B0B499CD-B97C-E111-9BED-984BE103F032}","2026-10-05 23:59:59","False","{E732F1A3-1AC3-3D57-F0A2-D46C4BC13CD3}"
"507394","PP-12-00332","Commonwealth Victory Fund","Political Party Committee","","False","False","False","","","2026","2026-10-01 06:43:05.980000000","2026-09-30 00:00:00","2026-09-30 00:00:00","1021 East Cary Street","Suite 1275","","Richmond","VA","23219","Large Contribution Report","False","False","0","7033146405","kristinadoggetthagen@gmail.com","","2026-01-01 00:00:00","2026-12-31 00:00:00","","","False","","","2026-10-01 06:43:17.807000000","{B0B499CD-B97C-E111-9BED-984BE103F032}","2026-10-05 23:59:59","False","{368EE7F7-8906-D8CF-FFAE-914C8505F318}"
"507395","CC-26-00337","Jensen for Commonwealth's Attorney","Candidate Campaign Committee","PATRICK R JENSEN","False","False","True","Republican","","2026","2026-10-01 07:23:26.667000000","2026-09-01 00:00:00","2026-09-30 00:00:00","45 Gold Leaf Drive","","","Christiansburg","VA","24073","Report","False","False","0","5405219776","patrickrjensen@icloud.com","11/2026","2023-01-01 00:00:00","2026-12-31 00:00:00","Commonwealth's Attorney","","False","5282.45","","2026-10-01 07:25:43.467000000","{45DC5CCF-8A07-407E-8428-EE609C654B71}","2026-10-15 23:59:59","False","{D22928C7-CFE4-B2D1-C688-BD1CF71550AB}"
"507396","CC-22-00351","Kristin Siegel for Staunton City School Board","Candidate Campaign Committee","Dr. Kristin Marie Siegel","False","False","True","Independent","","2026","2026-10-01 07:39:30.223000000","2026-09-01 00:00:00","2026-09-30 00:00:00","304 Rainbow Drive","","","Staunton","VA","24401","Report","False","False","0","2159909586","kmsiegel79@gmail.com","11/2026","2023-01-01 00:00:00","2026-12-31 00:00:00","Member School Board","","False","580.07","","2026-10-01 07:40:36.873000000","{A664CCFD-BB14-4302-AEF6-AD8F1F2D2E5F}","2026-10-15 23:59:59","False","{4DEBB4C8-F730-DBC7-94E6-B3FBA42DFAAA}"
"507399","RC-26-00026","Vote Yes for Staunton Schools","Referendum Committee","","False","False","False","","","2026","2026-10-01 08:16:26.260000000","2026-07-31 00:00:00","2026-08-31 00:00:00","909 Donaghe Street","","","Staunton","VA","24401","Report","False","True","1","540 470-0807","voteyes4stauntonschools@gmail.com","11/03/2026","2026-01-01 00:00:00","2026-12-31 00:00:00","","","False",".00","2026-11-03 00:00:00","2026-10-01 08:17:29.557000000","{FF58F5CF-E448-489E-A25F-4889379F4B38}","2026-09-15 23:59:59","False","{05BA7CF5-7D55-F0F3-C537-0623B8EAD4FA}"
"507400","RC-26-00026","Vote Yes for Staunton Schools","Referendum Committee","","False","False","False","","","2026","2026-10-01 08:17:48.480000000","2026-09-01 00:00:00","2026-09-30 00:00:00","909 Donaghe Street","","","Staunton","VA","24401","Report","False","False","0","540 470-0807","voteyes4stauntonschools@gmail.com","11/03/2026","2026-01-01 00:00:00","2026-12-31 00:00:00","","","False","465.54","2026-11-03 00:00:00","2026-10-01 08:18:30.393000000","{FF58F5CF-E448-489E-A25F-4889379F4B38}","2026-10-15 23:59:59","False","{7BC51CB6-7FD1-ADD5-0026-E5586196C32B}"
"507414","CC-20-00425","carolyn pitches for school board","Candidate Campaign Committee","ms carolyn stallone pitches","False","False","True","Independent","","2026","2026-10-01 10:12:40.963000000","2026-09-01 00:00:00","2026-09-30 00:00:00","10840 1st street","","","fairfax","VA","22030","Report","False","False","0","7034243027","cjpitches@yahoo.com","11/2026","2025-01-01 00:00:00","2026-12-31 00:00:00","Member School Board","","True","2417.72","","2026-10-01 10:12:59.577000000","{9A49C1AB-B41A-4282-BEF1-E4F3BF3CD2A5}","2026-10-15 23:59:59","False","{683C666B-48D5-20B0-5FDD-A955C9499832}"
"507415","CC-20-00425","carolyn pitches for school board","Candidate Campaign Committee","ms carolyn stallone pitches","False","False","True","Independent","","2026","2026-10-01 10:13:47.637000000","2026-09-01 00:00:00","2026-09-30 00:00:00","10840 1st street","","","fairfax","VA","22030","Report","False","True","1","7034243027","cjpitches@yahoo.com","11/2026","2025-01-01 00:00:00","2026-12-31 00:00:00","Member School Board","","True","2417.72","","2026-10-01 10:13:57.987000000","{9A49C1AB-B41A-4282-BEF1-E4F3BF3CD2A5}","2026-10-15 23:59:59","False","{683C666B-48D5-20B0-5FDD-A955C9499832}"
"507422","CC-18-00182","Friends of Jason Samuels.","Candidate Campaign Committee","Jason S Samuels","False","False","True","Democratic","","2026","2026-10-01 10:34:51.857000000","2026-09-01 00:00:00","2026-09-30 00:00:00","312 Congress Ave","","","HAMPTON","VA","23669","Report","False","False","0","757-749-6605","jasonsamuelsforyou@gmail.com","11/2026","2023-01-01 00:00:00","2026-12-31 00:00:00","Member School Board","","False","1171.87","","2026-10-01 10:35:26.200000000","{C212363F-DF41-E811-A3E3-984BE103F032}","2026-10-15 23:59:59","False","{5A360327-C5B7-1FE6-239A-663ADA3CCD8E}"
"507424","CC-22-00301","Jake Holmes for Bristol Virginia City Council","Candidate Campaign Committee","Jacob  Holmes","False","False","True","Independent","","2026","2026-10-01 10:36:17.233000000","2026-09-01 00:00:00","2026-09-30 00:00:00","723 Prospect Ave","","","Bristol","VA","24201","Report","False","False","0","2764928703","jpholmes1324@gmail.com","11/2026","2023-01-01 00:00:00","2026-12-31 00:00:00","Member City Council","","False","2499.96","","2026-10-01 10:37:57.147000000","{CDCDE441-1584-4730-86A9-8B08809C1706}","2026-10-15 23:59:59","False","{79E5938E-53E6-A418-9615-13D0A708E9E9}"
"507426","CC-26-00436","Committee4GeorgeYacus4Council","Candidate Campaign Committee","Dr. George Michael Yacus","False","False","True","Republican","","2026","2026-10-01 10:57:25.030000000","2026-07-01 00:00:00","2026-07-23 00:00:00","1219 Davis Avenue","","","Chesapeake","VA","23325-2913","Report","False","True","2","7574201056","georgeyacus@att.net","11/2026","2023-01-01 00:00:00","2026-12-31 00:00:00","Member City Council","","False","2500.00","","2026-10-01 10:59:11.890000000","{8DA27006-33D8-40A9-864A-17282834528A}","2026-07-27 23:59:59","False","{DA790209-D400-9E37-F5CE-9F53E99792AD}"
"507427","CC-26-00436","Committee4GeorgeYacus4Council","Candidate Campaign Committee","Dr. George Michael Yacus","False","False","True","Republican","","2026","2026-10-01 10:59:56.957000000","2026-07-24 00:00:00","2026-08-31 00:00:00","1219 Davis Avenue","","","Chesapeake","VA","23325-2913","Report","False","False","0","7574201056","georgeyacus@att.net","11/2026","2023-01-01 00:00:00","2026-12-31 00:00:00","Member City Council","","False","37475.01","","2026-10-01 11:01:14.850000000","{8DA27006-33D8-40A9-864A-17282834528A}","2026-09-15 23:59:59","False","{576DC90A-8537-E895-1E3B-B4E5DDECA613}"
"507429","CC-21-00094","Friends of Irene Shin","Candidate Campaign Committee","Irene  Shin","False","False","True","Democratic","","2026","2026-10-01 11:09:15.847000000","2026-10-01 00:00:00","2026-10-01 00:00:00","PO Box 5501","","","Herndon","VA","20172","Large Contribution Report","False","False","0","703-435-2891","les.halpern@gmail.com","11/2025","2024-01-01 00:00:00","2025-12-31 00:00:00","Delegate","8","False","","2027-11-02 00:00:00","2026-10-01 11:09:38.440000000","{14E3BECA-E495-4D1C-9A04-276B8837B333}","2026-10-02 23:59:59","True","{A5198FE2-2FDA-308B-3162-5068E21CFE3B}"
"507430","CC-21-00094","Friends of Irene Shin","Candidate Campaign Committee","Irene  Shin","False","False","True","Democratic","","2026","2026-10-01 11:09:15.893000000","2026-10-01 00:00:00","2026-10-01 00:00:00","PO Box 5501","","","Herndon","VA","20172","Large Contribution Report","False","False","0","703-435-2891","les.halpern@gmail.com","11/2025","2024-01-01 00:00:00","2025-12-31 00:00:00","Delegate","8","False","","2027-11-02 00:00:00","2026-10-01 11:10:53.820000000","{14E3BECA-E495-4D1C-9A04-276B8837B333}","2026-10-02 23:59:59","True","{1532180B-922D-DA00-50EA-3972D6A03A92}"
"507432","CC-25-00930","Friends of Brendan Murphy","Candidate Campaign Committee","Brendan Woods Murphy","False","False","True","Independent","","2026","2026-10-01 11:10:31.973000000","2026-09-01 00:00:00","2026-09-30 00:00:00","493 Marshall Dr NE","","","Leesburg","VA","20176","Report","False","False","0","7039279411","brendanwoodsmurphy@gmail.com","11/2026","2023-01-01 00:00:00","2026-12-31 00:00:00","Member Town Council - Leesburg","Town - Leesburg","False","11990.66","","2026-10-01 11:14:40.157000000","{050F5A23-7F5E-4E77-9F65-A7B56ADB8D37}","2026-10-15 23:59:59","False","{5846212A-972C-E9BF-06F7-D6D783298CAC}"
"507433","CC-26-00436","Committee4GeorgeYacus4Council","Candidate Campaign Committee","Dr. George Michael Yacus","False","False","True","Republican","","2026","2026-10-01 11:12:58.367000000","2026-09-01 00:00:00","2026-09-30 00:00:00","1219 Davis Avenue","","","Chesapeake","VA","23325-2913","Report","False","False","0","7574201056","georgeyacus@att.net","11/2026","2023-01-01 00:00:00","2026-12-31 00:00:00","Member City Council","","False","31585.70","","2026-10-01 11:13:29.010000000","{8DA27006-33D8-40A9-864A-17282834528A}","2026-10-15 23:59:59","False","{A39F2E91-AD3E-8496-6A39-EF6D96D790A6}"
"507434","CC-26-00465","DEBRA FREEMAN FOR WAYNESBORO SCHOOL BOARD-WARD C","Candidate Campaign Committee","Debra Maria Freeman","False","False","True","Independent","","2026","2026-10-01 11:37:00.340000000","2026-09-01 00:00:00","2026-09-30 00:00:00","241 Willowshire Court","","","Waynesboro","VA","22980","Report","False","False","0","3044129026","dfreemanbelle@yahoo.com","11/2026","2023-01-01 00:00:00","2026-12-31 00:00:00","Member School Board","Election - Ward C","False","117.27","","2026-10-01 11:40:03.140000000","{533F5EFE-11A3-47B3-852F-EAE29855C760}","2026-10-15 23:59:59","False","{0C0A0E67-0CE2-DD6A-14ED-C3CE5F99461C}"
"507435","CC-26-00217","We Want Miles","Candidate Campaign Committee","Dr Miles Kevin Davis","False","False","True","Democratic","","2026","2026-10-01 11:56:49.260000000","2026-10-01 00:00:00","2026-10-01 00:00:00","637 Tennyson Ave","","","Winchester","VA","22601","Large Contribution Report","False","False","0","5406649839","skonate@su.edu","11/2026","2023-01-01 00:00:00","2026-12-31 00:00:00","Member City Council","Election - First Ward","False","","","2026-10-01 11:57:57.413000000","{62091A9B-851D-4FB1-A8F5-6EF63558AA1B}","2026-10-02 23:59:59","False","{A2DCC962-8664-E2A3-01B9-DFBD0C2E60AC}"
"507444","CC-26-00154","Committee to Elect Audrey Clement 2026","Candidate Campaign Committee","Audrey Rose Clement","False","False","True","Independent","","2026","2026-10-01 12:21:33.470000000","2026-09-01 00:00:00","2026-09-30 00:00:00","1530 N Longfellow Street","APT B","","Arlington","VA","22205","Report","False","False","0","571-830-8889","aclement65@hotmail.com","11/2026","2023-01-01 00:00:00","2026-12-31 00:00:00","Member County Board","","False","3865.96","","2026-10-01 12:23:21.467000000","{47D51E2E-AE69-46F1-9ACB-EEBCF88C153C}","2026-10-15 23:59:59","False","{956E7EC1-83CB-BC73-1847-E0A6B9697D30}"
"507498","PP-12-00334","First Congressional District Democratic Committee","Political Party Committee","","False","False","False","","","2026","2026-10-01 20:19:05.583000000","2026-07-01 00:00:00","2026-09-30 00:00:00","12281 Goddins Hill Rd","","","Ashland","VA","23005","Report","False","False","0","8043993000","gesilver48@gmail.com","","2026-01-01 00:00:00","2026-12-31 00:00:00","","","True","1996.20","","2026-10-01 20:19:28.300000000","{854B9916-B97C-E111-9BED-984BE103F032}","2026-10-15 23:59:59","False","{1DEFF8E6-A2FA-1653-682A-9F3BB4897B1C}"
"507499","CC-25-00957","Lockhart for Fairfax","Candidate Campaign Committee","Kirsten Sides Lockhart","False","False","True","Independent","","2026","2026-10-01 20:37:22.423000000","2026-09-01 00:00:00","2026-09-30 00:00:00","10502 Trowbridge Court","","","Fairfax","VA","22030","Report","False","False","0","7036222062","kirsten.sides@gmail.com","11/2026","2025-01-01 00:00:00","2026-12-31 00:00:00","Mayor","","False","33807.01","","2026-10-01 20:49:07.360000000","{F683F1E0-EA32-4CF5-8044-3D0B6DA6219D}","2026-10-15 23:59:59","False","{24A8ACCA-A0BB-E483-0ACE-569B37EF8F63}"
"507500","PP-12-00631","Montgomery County Unit Committee","Political Party Committee","","False","False","False","","","2026","2026-10-01 22:20:57.123000000","2026-07-01 00:00:00","2026-09-30 00:00:00","PO Box 1303","","","Christiansburg","VA","24073","Report","False","False","0","","dsbrockman@verizon.net","","2026-01-01 00:00:00","2026-12-31 00:00:00","","","False","7470.26","","2026-10-01 22:22:08.500000000","{EEB14DFF-6E85-E111-9BED-984BE103F032}","2026-10-15 23:59:59","False","{994BA74A-1B72-4F7A-7B12-1AC842911182}"
"507501","PP-12-00463","Henrico County Republican Committee","Political Party Committee","","False","False","False","","","2026","2026-10-01 22:27:17.023000000","2026-07-01 00:00:00","2026-09-30 00:00:00","P.O. Box 2424","","","Glen Allen","VA","23058","Report","False","False","0","8049212646","rickmcdonaldvmi@gmail.com","","2026-01-01 00:00:00","2026-12-31 00:00:00","","","False","13201.38","","2026-10-02 10:40:10.900000000","{CD235833-3D82-E111-9BED-984BE103F032}","2026-10-15 23:59:59","False","{1640BE6E-F22E-7F45-DA2C-8A281E74AB2C}"
"507502","CC-26-00596","Greg Brown for School Board","Candidate Campaign Committee","Mr. Gregory  Brown","False","False","True","Write-In","","2026","2026-10-02 05:58:28.613000000","2026-09-01 00:00:00","2026-09-30 00:00:00","384 Pagan Road","","","Smithfield","VA","23430","Report","False","False","0","9544105481","greg@gregbrownforschoolboard.com","11/2026","2023-01-01 00:00:00","2026-12-31 00:00:00","Member School Board","Election - District 1","False","1114.85","","2026-10-02 06:02:58.590000000","{746547D7-2989-4FD6-AD1B-486FFB24C959}","2026-10-15 23:59:59","False","{24589F8E-0C91-8CE6-40EA-4CBEE6A7BBBF}"
"507503","CC-26-00236","Friends of Phillip Hamilton","Candidate Campaign Committee","Phillip A Hamilton","False","False","True","Independent","","2026","2026-10-02 06:32:20.693000000","2026-09-01 00:00:00","2026-09-30 00:00:00","316 Mistletoe Drive","","","NEWPORT NEWS","VA","23606","Report","False","False","0","7573499683","342hamilton@gmail.com","11/2026","2023-01-01 00:00:00","2026-12-31 00:00:00","Mayor","","False","3031.50","","2026-10-02 06:39:22.930000000","{468E07D9-D263-4655-A2FB-6134FF2E5052}","2026-10-15 23:59:59","False","{230EA0A1-9A99-84A2-3603-E4405BEDD0BA}"
"507504","PP-12-00234","Lynchburg Democratic Committee","Political Party Committee","","False","False","False","","","2026","2026-10-02 07:23:30.020000000","2026-07-01 00:00:00","2026-09-30 00:00:00","PO Box 1363","","","Lynchburg","VA","24505-1363","Report","False","False","0","434-384-7083","rosner03@comcast.net","","2026-01-01 00:00:00","2026-12-31 00:00:00","","","False","7535.04","","2026-10-07 10:51:18.197000000","{5EB614F5-4077-E111-86D3-984BE103F032}","2026-10-15 23:59:59","False","{1DA3AD37-32F8-7A22-B415-163A93BDC62E}"
"507506","CC-26-00074","Friends of Bruce Bossuot","Candidate Campaign Committee","Bruce Edward Bossuot","False","False","True","Republican","","2026","2026-10-02 08:17:50.460000000","2026-09-01 00:00:00","2026-09-30 00:00:00","432 Parker Road","","","Chesapeake","VA","23322","Report","False","False","0","7574345958","Brucebossuotforschoolboard@gmail.com","11/2026","2023-01-01 00:00:00","2026-12-31 00:00:00","Member School Board","","False","5596.71","","2026-10-02 08:29:05.973000000","{1E5FEF43-B8CD-45EA-9AD8-2ECC1FB4E4DD}","2026-10-15 23:59:59","False","{54FC6F17-384B-31D5-051B-4472209C7D33}"
"507507","RC-26-00005","Virginians for the Right to Vote","Referendum Committee","","False","False","False","","","2026","2026-10-02 08:32:08.840000000","2026-10-01 00:00:00","2026-10-01 00:00:00","P.O. Box 8224","","","Richmond","VA","23226","Large Contribution Report","False","False","0","8047616950","rachel@dyerstrategies.com","11/03/2026","2026-01-01 00:00:00","2026-12-31 00:00:00","","","False","","2026-11-03 00:00:00","2026-10-02 08:32:21.640000000","{15CB8EBD-B07E-43A7-BA05-6F2B8E11D052}","2026-10-06 23:59:59","False","{32C5CAF4-D429-02BE-5A19-48B7F9002CF6}"
"507509","PAC-25-00075","UNDERGROUND TO UPLIFT PAC","Political Action Committee","","False","False","False","","","2026","2026-10-02 08:40:08.633000000","2026-09-24 00:00:00","2026-09-24 00:00:00","2101 Executive Drive","Suite 810","","Hampton","VA","23666","Large Contribution Report","False","False","0","8047616950","rachel@dyerstrategies.com","","2026-01-01 00:00:00","2026-12-31 00:00:00","","","False","","","2026-10-02 08:40:36.880000000","{CC739972-36D1-423E-848A-00E83E05D5FE}","2026-09-29 23:59:59","False","{EADE4CC0-556F-4929-D151-87B8EEA86780}"
