"ReportId","CommitteeContactId","FirstName","MiddleName","LastOrCompanyName","Prefix","Suffix","NameOfEmployer","OccupationOrTypeOfBusiness","PrimaryCityAndStateOfEmploymentOrBusiness","AddressLine1","AddressLine2","City","StateCode","ZipCode","IsIndividual","TransactionDate","Amount","TotalToDate","ScheduleAId","ScheduleId","ReportUID"
"507406","1225158","Gaylene","","Kanoyton","","","NA","NA","NA","10 Buckroe Avenue","","Hampton","VA","23664","True","09/27/2026","50.00","150.00","13278293","","{57DD677C-5BBC-86F6-E622-76E4408446F4}"
"507406","1226179","Sherri","","Richardson","","","NA","NA","NA","P.O. Box 2292","","Newport News","VA","23601","True","09/02/2026","5.00","235.00","13278294","","{57DD677C-5BBC-86F6-E622-76E4408446F4}"
"507406","1234112","","","United Steelworkers","","","","USW Local 8888","Newport News, VA","4306 Huntington Ave","","Newport News","VA","23607","False","09/01/2026","2500.00","7500.00","13278295","","{57DD677C-5BBC-86F6-E622-76E4408446F4}"
"507406","1305200","Josh","","Hughes","","","NA","NA","NA","331 Sternberg Ave Apt G","","Ft Eustis","VA","23604","True","09/27/2026","50.00","175.00","13278296","","{57DD677C-5BBC-86F6-E622-76E4408446F4}"
"507406","1312131","","","Greater VA Carpenters","","","","NA","Ashland, VA","10238 Sycamore Drive","","Ashland","VA","23005","False","09/01/2026","12500.00","12500.00","13278297","","{57DD677C-5BBC-86F6-E622-76E4408446F4}"
"507406","1312576","Edward","","Reed","","","NA","NA","Virginia Beach, VA","2340 Rod Pocceschi Way","","Virginia Beach","VA","23456","True","09/02/2026","1000.00","1000.00","13278298","","{57DD677C-5BBC-86F6-E622-76E4408446F4}"
"507406","1316407","Rony","","Biswas","","","NA","NA","NA","116 Marcy Drive","","Yorktown","VA","23693","True","09/15/2026","150.00","150.00","13278299","","{57DD677C-5BBC-86F6-E622-76E4408446F4}"
"507406","1316410","","","TNNJ LLC EZ MART","","","","NA","NA","13797 Warwick Blvd","","Newport News","VA","23602","False","09/15/2026","800.00","800.00","13278300","","{57DD677C-5BBC-86F6-E622-76E4408446F4}"
"507406","1316412","","","TNN Inc Hop N Shop","","","","NA","NA","12961 Jefferson Avenue","","Newport News","VA","23608","False","09/15/2026","1000.00","1000.00","13278301","","{57DD677C-5BBC-86F6-E622-76E4408446F4}"
"507406","1316413","","","Olde Towne Inc","","","","NA","NA","3701 Marshall Avenue","","Newport News","VA","23607","False","09/15/2026","1000.00","1000.00","13278302","","{57DD677C-5BBC-86F6-E622-76E4408446F4}"
"507406","1316416","","","Denbigh Food Mart","","","","NA","NA","420 Denbigh Blvd","","Newport News","VA","23608","False","09/15/2026","1500.00","1500.00","13278303","","{57DD677C-5BBC-86F6-E622-76E4408446F4}"
"507406","1316421","","","Jaw III Inc","","","","NA","NA","1801 E Pembroke Ave","","Hampton","VA","23663","False","09/15/2026","500.00","500.00","13278304","","{57DD677C-5BBC-86F6-E622-76E4408446F4}"
"507406","1316425","","","Stop N Buy Inc","","","","NA","NA","14343 Old Courthouse Way","","Newport News","VA","23602","False","09/15/2026","1000.00","1000.00","13278305","","{57DD677C-5BBC-86F6-E622-76E4408446F4}"
"507406","1316427","","","Aarya Retailer Inc","","","","NA","NA","1800 27th Street","","Newport News","VA","23607","False","09/15/2026","2000.00","2000.00","13278306","","{57DD677C-5BBC-86F6-E622-76E4408446F4}"
"507406","1316431","","","Aarya Enterprise Corp","","","","NA","NA","14793 Warwick Blvd","","Newport News","VA","23608","False","09/15/2026","2000.00","2000.00","13278307","","{57DD677C-5BBC-86F6-E622-76E4408446F4}"
"507406","1316438","","","Let's Begin C Store 1 Inc","","","","NA","NA","12954 Jefferson Ave","","Newport News","VA","23608","False","09/15/2026","2000.00","2000.00","13278308","","{57DD677C-5BBC-86F6-E622-76E4408446F4}"
"507406","1316444","","","Hari Om 3 Inc","","","","NA","NA","15215 Warwick Blvd","","Newport News","VA","23608","False","09/15/2026","2000.00","2000.00","13278309","","{57DD677C-5BBC-86F6-E622-76E4408446F4}"
"507406","1316450","","","Shivay C Store 3 Inc","","","","NA","NA","200 Beech Drive","","Newport News","VA","23601","False","09/15/2026","2000.00","2000.00","13278310","","{57DD677C-5BBC-86F6-E622-76E4408446F4}"
"507410","1305429","James","","Cook","","","Frito Lays","Team Lead","Roanoke, VA","3401 Birchwood Ave. N.E.","","Roanoke","VA","24012","True","09/28/2026","100.00","200.00","13278311","","{667EFAB9-4F0B-2F9E-A9FD-DF75897F822D}"
"507410","1305645","Nancy","","Dye","","","Retired","Retired","Roanoke, VA","1801 Prospect Rd. S.E.","","Roanoke","VA","24014","True","09/08/2026","100.00","350.00","13278312","","{667EFAB9-4F0B-2F9E-A9FD-DF75897F822D}"
"507410","1309680","Kimberly","","Chamblin","","","Boston Dynamics","Sales","Williamsburg, VA","108 Machine","","Williamsburg","VA","23188","True","09/08/2026","25.00","175.00","13278313","","{667EFAB9-4F0B-2F9E-A9FD-DF75897F822D}"
"507410","1313002","Jack","","Cunningham","","","Marsh","Producer","Roanoke, VA","2920 Avenham Ave. S.W.","","Roanoke","VA","24014","True","09/03/2026","100.00","200.00","13278314","","{667EFAB9-4F0B-2F9E-A9FD-DF75897F822D}"
"507410","1313003","Scott","","Avis","","","Scott Avis Real Estate","Real Estate","Roanoke, VA","401 Clydesdale St. S.W.","","Roanoke","VA","24014","True","09/03/2026","200.00","200.00","13278315","","{667EFAB9-4F0B-2F9E-A9FD-DF75897F822D}"
"507410","1313004","Anthony","","Stavola","","","Carilion","Physician","Roaoke, VA","1836 Greenwood Rd. S.W.","","Roanoke","VA","24015","True","09/04/2026","250.00","250.00","13278316","","{667EFAB9-4F0B-2F9E-A9FD-DF75897F822D}"
"507410","1313005","Patton","","Coles","","","Retired","Retired","Roanoke, VA","2917 Avenham Ave.","","Roanoke","VA","24014","True","09/04/2026","500.00","500.00","13278317","","{667EFAB9-4F0B-2F9E-A9FD-DF75897F822D}"
"507410","1313323","Shannon","","Bibbee","","","Affiliated Distributors","Executive","Olive Branch, MS","13953 Sycamore Creek Cv.","","Olive Branch","MS","38654","True","09/06/2026","500.00","500.00","13278318","","{667EFAB9-4F0B-2F9E-A9FD-DF75897F822D}"
"507410","1313547","Charles","","Hawthorne","","","Integrated Imaging","Owner","Roanoke, VA","3600 Ridgewood Lane S.W.","","Roanoke","VA","24014","True","09/08/2026","1000.00","1000.00","13278319","","{667EFAB9-4F0B-2F9E-A9FD-DF75897F822D}"
"507410","1313580","Vincent","","Basile","","","Retired","Retired","Roanoke, VA","3408 W. Ridge Circle S.W.","","Roanoke","VA","24014","True","09/08/2026","250.00","250.00","13278320","","{667EFAB9-4F0B-2F9E-A9FD-DF75897F822D}"
"507410","1313580","Vincent","","Basile","","","Retired","Retired","Roanoke, VA","3408 W. Ridge Circle S.W.","","Roanoke","VA","24014","True","09/19/2026","250.00","500.00","13278321","","{667EFAB9-4F0B-2F9E-A9FD-DF75897F822D}"
"507410","1313811","Matthew","","Parry","","","Blue Ridge Imaging","Radiologist","Roanoke, VA","815 Wildwood Rd. S.W.","","Roanoke","VA","24014","True","09/10/2026","1000.00","1000.00","13278322","","{667EFAB9-4F0B-2F9E-A9FD-DF75897F822D}"
"507410","1313813","Randy","","Norbo","","","Randy J. Norbo, DDS, PC","Dentist","Roanoke, VA","2959 Hemlock Lane S.W.","","Roanoke","VA","24014","True","09/10/2026","500.00","500.00","13278323","","{667EFAB9-4F0B-2F9E-A9FD-DF75897F822D}"
"507410","1313939","","","Avis Construction","","","","Construction Company","Roanoke, VA","521 Rutherford Ave. N.E.","","Roanoke","VA","24016","False","09/10/2026","200.00","200.00","13278324","","{667EFAB9-4F0B-2F9E-A9FD-DF75897F822D}"
"507410","1313942","Jennie","","Vogel","","","Retired","Retired","Roanoke, VA","2734 Jefferson St.","","Roanoke","VA","24014","True","09/10/2026","250.00","250.00","13278325","","{667EFAB9-4F0B-2F9E-A9FD-DF75897F822D}"
"507410","1314789","Frank","","Cotter","","","Vistar","Optometrist","Roanoke, VA","3112 Allendale","","Roanoke","VA","24014","True","09/14/2026","250.00","250.00","13278326","","{667EFAB9-4F0B-2F9E-A9FD-DF75897F822D}"
"507410","1314790","Jennifer","","John","","","Carillon Clinic","Orthopedic","Roanoke, VA","2611 Cornwallis Ave. S.E.","","Roanoke","VA","24014","True","09/14/2026","500.00","500.00","13278327","","{667EFAB9-4F0B-2F9E-A9FD-DF75897F822D}"
"507410","1314791","Thomas","","Wallace","","","Wallace Family Enterprises","Sales","Roanoke, VA","3750 Peakwood Dr. S.W.","","Roanoke","VA","24014","True","09/14/2026","1000.00","1000.00","13278328","","{667EFAB9-4F0B-2F9E-A9FD-DF75897F822D}"
"507410","1314791","Thomas","","Wallace","","","Wallace Family Enterprises","Sales","Roanoke, VA","3750 Peakwood Dr. S.W.","","Roanoke","VA","24014","True","09/30/2026","571.17","1571.17","13278329","","{667EFAB9-4F0B-2F9E-A9FD-DF75897F822D}"
"507410","1314792","H Keene","","Varner","","","Retired","Retired","Roanoke, VA","3716 Heatherton Rd. S.W.","","Roanoke","VA","24014","True","09/14/2026","200.00","200.00","13278330","","{667EFAB9-4F0B-2F9E-A9FD-DF75897F822D}"
"507410","1316967","Steve","","Bowery","","","Clearstead","Investor","Roanoke, VA","2437 Keagy Rd.","","Salem","VA","24153","True","09/16/2026","250.00","250.00","13278331","","{667EFAB9-4F0B-2F9E-A9FD-DF75897F822D}"
"507410","1317004","Amy","","Pace","","","EC Pace Co","Secretary","Roanoke, VA","2424 Woodcliff Rd. S.E.","","Roanoke","VA","24014","True","09/17/2026","1000.00","1000.00","13278332","","{667EFAB9-4F0B-2F9E-A9FD-DF75897F822D}"
"507410","1317981","","","Roanoke Valley Republican Women","","","","Political Organization","Roanoke, VA","PO Box 14154","","Roanoke","VA","24038","False","09/21/2026","330.00","330.00","13278333","","{667EFAB9-4F0B-2F9E-A9FD-DF75897F822D}"
"507410","1317982","Dudley","","Woody","","","Woods Rodgers PLC","Attorney","Roanoke, VA","3814 Heatherton Rd. S.W.","","Roanoke","VA","24014","True","09/21/2026","250.00","250.00","13278334","","{667EFAB9-4F0B-2F9E-A9FD-DF75897F822D}"
"507410","1317984","Frank","","Flippin","","","Gentry Locke","Attorney","Roanoke, VA","PO Box 2444","","Roanoke","VA","24010","True","09/27/2026","1000.00","1000.00","13278335","","{667EFAB9-4F0B-2F9E-A9FD-DF75897F822D}"
"507410","1318268","Jim","","Hopkins","","","Signature Aviation","Senior Vice President","Winston Salem, NC","1030 Englwood Dr.","","Winston Salem","NC","27106","True","09/29/2026","500.00","500.00","13278336","","{667EFAB9-4F0B-2F9E-A9FD-DF75897F822D}"
"507410","1318270","John","","Thomas","","","Hafemann Magee & Thomas","Attorney","Roanoke, VA","836 Wildwood Rd. S.W.","","Roanoke","VA","24014","True","09/29/2026","5000.00","5000.00","13278337","","{667EFAB9-4F0B-2F9E-A9FD-DF75897F822D}"
"507410","1318499","Richard","","Bishop","","","Virginia Tech Mining and Minerals Engineering","Professor","Blacksburg, VA","112 Kirk Ave. S.W.","","Roanoke","VA","24011","True","09/30/2026","500.00","500.00","13278338","","{667EFAB9-4F0B-2F9E-A9FD-DF75897F822D}"
"507412","1288953","Marc","P","Poutasse","","","","","","823 Graydon Ave #2","","Norfolk","VA","23507-1501","True","09/07/2026","750.00","1750.00","13278339","","{F5F34B29-5AA6-7CEB-5525-2A1804001032}"
"507412","1313500","Susan","","Pilato","Ms.","","unknown","unknown","unknown","6016 S River Rd","","Norfolk","VA","23505","True","09/07/2026","250.00","250.00","13278340","","{F5F34B29-5AA6-7CEB-5525-2A1804001032}"
"507412","1315621","JaRenae","","Whitehead-Cooper","Ms.","","unknown","unknown","","3609 Cedar Lane","","Portsmouth","VA","23703","True","09/11/2026","250.00","250.00","13278341","","{F5F34B29-5AA6-7CEB-5525-2A1804001032}"
"507412","1315629","","","Friends of Kim Melnyk","","","","unknown","","2608 Fresh Meadow Ct.","","Virginia Beach","VA","23453","False","09/07/2026","250.00","250.00","13278342","","{F5F34B29-5AA6-7CEB-5525-2A1804001032}"
"507412","1318034","Charles","V.","McPhillips","Mr.","","unknown","unknown","unknown","180 W. Main St.","Suite 2100","Norfolk","VA","23510","True","09/22/2026","250.00","250.00","13278343","","{F5F34B29-5AA6-7CEB-5525-2A1804001032}"
"507412","1318037","Cliff","","Hayes","Mr.","","unknown","unknown","unknown","4016 Lakeview Drive","","Chesapeake","VA","23323","True","09/27/2026","250.00","250.00","13278344","","{F5F34B29-5AA6-7CEB-5525-2A1804001032}"
"507422","473615","Jeion","","Ward","","","State of Virginia","Delegate","Virginia","1300 Caldwell Drive","","Hampton","VA","23666","True","09/04/2026","200.00","200.00","13278382","","{5A360327-C5B7-1FE6-239A-663ADA3CCD8E}"
"507422","1317138","","","Afonja","","","","Business Owner","Hampton, VA","2100 Kecoughtan Road","","Hampton","VA","23661","False","09/17/2026","250.00","250.00","13278383","","{5A360327-C5B7-1FE6-239A-663ADA3CCD8E}"
"507424","919040","Will","","Payne","","","Coalfield Strategies, LLC","Economic Development","Bristol, VA","PO Box 16519","","Bristol","VA","24201","True","09/04/2026","250.00","250.00","13278398","","{79E5938E-53E6-A418-9615-13D0A708E9E9}"
"507424","940406","David","","Matlock","","","Southwest Virginia Higher Education Center","Executive Director","Abingdon, VA","31002 Blue Spring Rd","","Meadowview","VA","24361","True","09/22/2026","200.00","200.00","13278399","","{79E5938E-53E6-A418-9615-13D0A708E9E9}"
"507424","1317127","","","The United Company","","","","Diversified operations - coal, gas, and real estat","Bristol, VA","1005 Glenway Ave","","Bristol","VA","24201","False","09/17/2026","1000.00","1000.00","13278400","","{79E5938E-53E6-A418-9615-13D0A708E9E9}"
"507424","1317128","Justin","","Matney","","","Self","Self employed","Bristol, VA","2389 Lee Hwy","","Bristol","VA","24201","True","09/17/2026","500.00","500.00","13278401","","{79E5938E-53E6-A418-9615-13D0A708E9E9}"
"507424","1317129","Clyde","","Stacey","","","Self","Self employed","Bristol, Va","2389 Lee Hwy","","Bristol","VA","24201","True","09/17/2026","500.00","500.00","13278402","","{79E5938E-53E6-A418-9615-13D0A708E9E9}"
"507424","1317130","John","","Matney","","","Self employed","Ceo","Bristol, VA","PO Box 17329","","Bristol","VA","24209","True","09/17/2026","500.00","500.00","13278403","","{79E5938E-53E6-A418-9615-13D0A708E9E9}"
"507424","1317131","","","Electro-Mechanical","","","","Transformer manufacturer","Bristol, VA","101 Goodson St","","Bristol","VA","24201","False","09/10/2026","250.00","250.00","13278404","","{79E5938E-53E6-A418-9615-13D0A708E9E9}"
"507427","1311607","Rick","","West","","","","Mayor","Chesapeake VA","P.O Box 16092","","Chesapeake","VA","23328","True","08/17/2026","1000.00","1000.00","13278407","","{576DC90A-8537-E895-1E3B-B4E5DDECA613}"
"507429","","","","CVS Health","","","","PAC","Woonsocket, RI","1 CVS Drive","","Woonsocket","RI","02895","False","10/01/2026","1000.00","1000.00","13278408","","{A5198FE2-2FDA-308B-3162-5068E21CFE3B}"
"507430","","Nicholas","","Josefowitz","","","Not Employed","Not Employed","Not Applicable","Being Researched","","San Francisco","CA","22222","True","10/01/2026","1000.00","1000.00","13278409","","{1532180B-922D-DA00-50EA-3972D6A03A92}"
"507434","1313201","Mary","","McDermott","","","Retired","Retired","Waynesboro, VA","621 Northgate Ave","","Waynesboro","VA","22980","True","09/05/2026","500.00","500.00","13278410","","{0C0A0E67-0CE2-DD6A-14ED-C3CE5F99461C}"
"507434","1315146","Thomas","","Shields","","Jr.","Shields Construction","Business Owner","Waynesboro, VA","3184 Village Dr.","","Waynesboro","VA","22980","True","09/14/2026","500.00","500.00","13278411","","{0C0A0E67-0CE2-DD6A-14ED-C3CE5F99461C}"
"507435","1318545","","","Winchester Frederick County Democratic Committee","","","","Winchester-Frederick County Democratic Committee","Winchester, VA","P.O. Box 2215","","Winchester","VA","22604","False","10/01/2026","500.00",".00","13278412","","{A2DCC962-8664-E2A3-01B9-DFBD0C2E60AC}"
"507444","1285892","Audrey","","Clement","","","N/A","Unemployed","N/A","1530 N Longfellow St","APT B","Arlington","VA","22205","True","09/06/2026","1000.00","10398.37","13278450","","{956E7EC1-83CB-BC73-1847-E0A6B9697D30}"
"507444","1285892","Audrey","","Clement","","","N/A","Unemployed","N/A","1530 N Longfellow St","APT B","Arlington","VA","22205","True","09/14/2026","5.00","10403.37","13278451","","{956E7EC1-83CB-BC73-1847-E0A6B9697D30}"
"507444","1285892","Audrey","","Clement","","","N/A","Unemployed","N/A","1530 N Longfellow St","APT B","Arlington","VA","22205","True","09/14/2026","5.00","10408.37","13278452","","{956E7EC1-83CB-BC73-1847-E0A6B9697D30}"
"507444","1285892","Audrey","","Clement","","","N/A","Unemployed","N/A","1530 N Longfellow St","APT B","Arlington","VA","22205","True","09/15/2026","5.00","10413.37","13278453","","{956E7EC1-83CB-BC73-1847-E0A6B9697D30}"
"507444","1285892","Audrey","","Clement","","","N/A","Unemployed","N/A","1530 N Longfellow St","APT B","Arlington","VA","22205","True","09/21/2026","36.20","10449.57","13278454","","{956E7EC1-83CB-BC73-1847-E0A6B9697D30}"
"507444","1285892","Audrey","","Clement","","","N/A","Unemployed","N/A","1530 N Longfellow St","APT B","Arlington","VA","22205","True","09/22/2026","1000.00","11449.57","13278455","","{956E7EC1-83CB-BC73-1847-E0A6B9697D30}"
"507444","1285893","James","","Hurysz","","","N/A","Retired","N/A","2863 S Abingdon Street","","Arlington","VA","22206","True","09/06/2026","200.00","400.00","13278456","","{956E7EC1-83CB-BC73-1847-E0A6B9697D30}"
"507444","1309638","Tom","","Hafer","","","N/A","Retired","N/A","3805 N Harrison St","","Arlington","VA","22207","True","09/10/2026","100.00","200.00","13278457","","{956E7EC1-83CB-BC73-1847-E0A6B9697D30}"
"507456","1312571","MAYNARD","L","KELLER","","R","AMERICAN FINANCIAL PLANNING","FINANCIAL ADVISOR -OWNER","ROANOKE, VA","541 LUCK AVE.,SW","","ROANOKE","VA","24016","True","09/01/2026","500.00","500.00","13278488","","{0CCD6969-A4B2-DD69-46FB-313A7B5CA862}"
"507456","1313070","ALFRED","","DOWE","","JR","THOMAS DALE SOLUTIONS","PRESIDENT","ATLANTA,GA","1564 BOULDER WALK WAY, SE","","ATLANTA","GA","30316","True","09/03/2026","200.00","200.00","13278489","","{0CCD6969-A4B2-DD69-46FB-313A7B5CA862}"
"507456","1318186","","","STEELE FAMILY ENTERPRISES, INC","","","","FUNERAL HOME","ROANOKE,VA","5214 AIRPORT RD., NW","","ROANOKE","VA","24012","False","09/28/2026","200.00","200.00","13278490","","{0CCD6969-A4B2-DD69-46FB-313A7B5CA862}"
"507456","1318314","LLOYD","V.","HACKLEY","","","HACKLEY AND ASSOCIATES","PHD AND PRESIDENT","ROANOKE, VA","8540 STARLIGHT LANE","","BOONES MILLA","VA","24065","True","09/29/2026","1000.00","1000.00","13278491","","{0CCD6969-A4B2-DD69-46FB-313A7B5CA862}"
"507456","1318316","CATHERINE","","HAIRSTON","","","TMEIC CORP. AMERICAS","SENIOR TECHNICAL SERVICES ADMIN.","SALEM, VA","2019 BLOOMFIELD AVE","","ROANOKE","VA","24012","True","09/29/2026","500.00","500.00","13278492","","{0CCD6969-A4B2-DD69-46FB-313A7B5CA862}"
"507457","1296964","Junius","","Williams","","","Dominion Energy","Retired-Director","Chesapeake, Virginia","21 Shamrock Drive","","Portsmouth","VA","23701","True","09/30/2026","500.00",".00","13278493","","{F32EC9A8-967C-C3BB-8135-42EDD4F182C4}"
"507466","1283004","Bonnie","","Dixon","","","--","retired","--","411 Meadows Lane","","Madison","VA","22727","True","07/03/2026","25.00","175.00","13278541","","{F3170D9A-C5E9-987E-DCF5-963942989DBA}"
"507466","1283004","Bonnie","","Dixon","","","--","retired","--","411 Meadows Lane","","Madison","VA","22727","True","08/03/2026","25.00","200.00","13278542","","{F3170D9A-C5E9-987E-DCF5-963942989DBA}"
"507466","1283004","Bonnie","","Dixon","","","--","retired","--","411 Meadows Lane","","Madison","VA","22727","True","09/03/2026","25.00","225.00","13278543","","{F3170D9A-C5E9-987E-DCF5-963942989DBA}"
"507466","1283008","Joseph","","Daniel","","","---","retired","--","2661 December Court","","Culpeper","VA","22702","True","07/01/2026","500.00","6800.00","13278544","","{F3170D9A-C5E9-987E-DCF5-963942989DBA}"
"507466","1283008","Joseph","","Daniel","","","---","retired","--","2661 December Court","","Culpeper","VA","22702","True","07/15/2026","500.00","7300.00","13278545","","{F3170D9A-C5E9-987E-DCF5-963942989DBA}"
"507466","1283008","Joseph","","Daniel","","","---","retired","--","2661 December Court","","Culpeper","VA","22702","True","07/26/2026","50.00","7350.00","13278546","","{F3170D9A-C5E9-987E-DCF5-963942989DBA}"
"507466","1283008","Joseph","","Daniel","","","---","retired","--","2661 December Court","","Culpeper","VA","22702","True","08/01/2026","500.00","7850.00","13278547","","{F3170D9A-C5E9-987E-DCF5-963942989DBA}"
"507466","1283008","Joseph","","Daniel","","","---","retired","--","2661 December Court","","Culpeper","VA","22702","True","08/15/2026","500.00","8350.00","13278548","","{F3170D9A-C5E9-987E-DCF5-963942989DBA}"
"507466","1283008","Joseph","","Daniel","","","---","retired","--","2661 December Court","","Culpeper","VA","22702","True","08/26/2026","50.00","8400.00","13278549","","{F3170D9A-C5E9-987E-DCF5-963942989DBA}"
"507466","1283008","Joseph","","Daniel","","","---","retired","--","2661 December Court","","Culpeper","VA","22702","True","09/01/2026","500.00","8900.00","13278550","","{F3170D9A-C5E9-987E-DCF5-963942989DBA}"
"507466","1283008","Joseph","","Daniel","","","---","retired","--","2661 December Court","","Culpeper","VA","22702","True","09/15/2026","500.00","9400.00","13278551","","{F3170D9A-C5E9-987E-DCF5-963942989DBA}"
"507466","1283008","Joseph","","Daniel","","","---","retired","--","2661 December Court","","Culpeper","VA","22702","True","09/26/2026","50.00","9450.00","13278552","","{F3170D9A-C5E9-987E-DCF5-963942989DBA}"
"507466","1283012","Bryan","","Mitchell","","","--","retired","Reva","1049 Tennants Church Road","","Reva","VA","22735","True","08/11/2026","25.00","722.17","13278553","","{F3170D9A-C5E9-987E-DCF5-963942989DBA}"
"507466","1283012","Bryan","","Mitchell","","","--","retired","Reva","1049 Tennants Church Road","","Reva","VA","22735","True","09/04/2026","25.00","766.11","13278554","","{F3170D9A-C5E9-987E-DCF5-963942989DBA}"
"507466","1283018","Madelyn","","Ross","","","--","not employed","--","4731 36th Street","","Arlington","VA","22207","True","08/22/2026","300.00","743.88","13278555","","{F3170D9A-C5E9-987E-DCF5-963942989DBA}"
"507466","1283019","Charles","","Landgraf","","","Arnold & Porter","Lawyer","Washington, DC","3693 Etlan Road","","Etlan","VA","22719","True","07/10/2026","250.00","2250.00","13278556","","{F3170D9A-C5E9-987E-DCF5-963942989DBA}"
"507466","1283019","Charles","","Landgraf","","","Arnold & Porter","Lawyer","Washington, DC","3693 Etlan Road","","Etlan","VA","22719","True","08/10/2026","250.00","2500.00","13278557","","{F3170D9A-C5E9-987E-DCF5-963942989DBA}"
"507466","1283019","Charles","","Landgraf","","","Arnold & Porter","Lawyer","Washington, DC","3693 Etlan Road","","Etlan","VA","22719","True","09/10/2026","250.00","2750.00","13278558","","{F3170D9A-C5E9-987E-DCF5-963942989DBA}"
"507466","1283036","Wendy","","Bargerstock","","","University of Virginia","Pharmacist","Charlottesville, Virginia","957 S. F T Valley Road","","Madison","VA","22727","True","07/03/2026","25.00","510.00","13278559","","{F3170D9A-C5E9-987E-DCF5-963942989DBA}"
"507495","1317715","","","Don Scott for Virginia","","","","Campaign Account","Richmond, Virginia","General Assembly Building","201 North 9th Street; Room 1403","Richmond","VA","23219","False","09/23/2026","3000.00","3000.00","13278952","","{F129F0D3-FCDD-B52C-B737-FFC71B0EC9F9}"
"507497","1318682","Jennifer","","Ziros","","","","","","193 Rectory Ln","","Stanardsville","VA","22973","True","09/11/2026","300.00","300.00","13279002","","{7331B3A0-0E10-4033-A451-9F40E6400185}"
"507499","1285557","Leslie","","Cullen","","","Penguin Bean Designs","Self Employed`","Fairfax, VA","3411 Spring Lake Terrance","","Fairfax","VA","22030","True","09/29/2026","125.00","375.00","13279003","","{24A8ACCA-A0BB-E483-0ACE-569B37EF8F63}"
"507499","1293544","Catherine","","Read","","","City of Fairfax","Mayor","Fairfax, VA","3812 Jancie Road","","Fairfax","VA","22030","True","09/29/2026","400.00","500.00","13279004","","{24A8ACCA-A0BB-E483-0ACE-569B37EF8F63}"
"507499","1312615","Joseph","","Tipton","","","N/A","Retired","N/A","4214 Trowbridge Street","","Fairfax","VA","22030","True","09/03/2026","200.00","200.00","13279005","","{24A8ACCA-A0BB-E483-0ACE-569B37EF8F63}"
"507499","1313466","Marsha","","Fuller-Bottegal","","","N/A","Retired","N/A","10308 Darby Street","","Fairfax","VA","22030","True","09/08/2026","125.00","125.00","13279006","","{24A8ACCA-A0BB-E483-0ACE-569B37EF8F63}"
"507499","1317092","Chantal","","DeFlumeri","","","Miller Consulting Group","Administrative Assistant","Fairfax, VA","3820 Egan Drive","","Fairfax","VA","22030","True","09/17/2026","250.00","250.00","13279007","","{24A8ACCA-A0BB-E483-0ACE-569B37EF8F63}"
"507499","1317224","David","","Fuge","","","Johnson Lambert LLP","Chief Innovation Officer","Vienna, VA","3513 Old Post Road","","Fairfax","VA","22030","True","09/19/2026","200.00","200.00","13279008","","{24A8ACCA-A0BB-E483-0ACE-569B37EF8F63}"
"507500","52350","Linda","","Mack","","","Self","Housewife","Blacksburg VA","3355 Indian Meadow Drive","","Blacksburg","VA","24060","True","08/22/2026","150.00","150.00","13279009","","{994BA74A-1B72-4F7A-7B12-1AC842911182}"
"507500","52369","Joseph","B","Obenshain","","","Retired","Retired","Fincastle VA","11593 Lee Hwy","","Fincastle","VA","24090","True","08/22/2026","150.00","150.00","13279010","","{994BA74A-1B72-4F7A-7B12-1AC842911182}"
"507500","192218","Linda","M","Iddings","","","Retired","Retired","Riner VA","1495 Turnberry Lane","","Riner","VA","24149","True","08/22/2026","300.00","300.00","13279011","","{994BA74A-1B72-4F7A-7B12-1AC842911182}"
"507500","363404","Steve","","Fijalkowski","","","Retired","Retired","Shawsville Va","2557 Mt. Pleasant Road","","Shawsville","VA","24162","True","08/22/2026","150.00","170.00","13279012","","{994BA74A-1B72-4F7A-7B12-1AC842911182}"
"507500","519712","Joseph","Christian","Obenshain","","","Montgomery County","Assistant Commenwealth Atty","Christiansburg VA","1108 Mourning Dove Dr","","Blacksburg","VA","24060","True","08/22/2026","150.00","170.00","13279013","","{994BA74A-1B72-4F7A-7B12-1AC842911182}"
"507500","1023870","","","MORGAN GRIFFITH FOR CONGRESS","","","","CAMPAIN FEC ID C00477240","Salem VA","PO BOX 71596","","RICHMOND","VA","23255","False","09/02/2026","1000.00","1000.00","13279014","","{994BA74A-1B72-4F7A-7B12-1AC842911182}"
"507500","1023871","ROBERT","","BARBATTI","","","Retired","Retired","Riner VA","6400 CHESTNUT RIDGE RD","","RINER","VA","24149","True","08/22/2026","150.00","170.00","13279015","","{994BA74A-1B72-4F7A-7B12-1AC842911182}"
"507500","1024865","Jason","S","Ballard","","","Ballard Law","Attorney","Pearisburg, Va","102 Daraden Dr","","Pearisburg","VA","24134","True","08/22/2026","150.00","150.00","13279016","","{994BA74A-1B72-4F7A-7B12-1AC842911182}"
"507500","1024873","Nicholas","Cody","Rush","","","US National Guard","Military","Riner, Va","1636 Union  rdValley","","Riner","VA","24149","True","08/22/2026","150.00","170.00","13279017","","{994BA74A-1B72-4F7A-7B12-1AC842911182}"
"507500","1024958","Nick","","Lauer","","","Commonweakth Attorney","Attorney","Christiansburg Va","55 East Main St","","Christiansburg","VA","24073","True","08/22/2026","150.00","545.39","13279018","","{994BA74A-1B72-4F7A-7B12-1AC842911182}"
"507500","1024958","Nick","","Lauer","","","Commonweakth Attorney","Attorney","Christiansburg Va","55 East Main St","","Christiansburg","VA","24073","True","08/28/2026","1200.00","1745.39","13279019","","{994BA74A-1B72-4F7A-7B12-1AC842911182}"
"507500","1025259","Joseph","","Schetz","","","requested","requested","requested","607 Rainbow Ridge Drive","","Blacksburg","VA","24060","True","08/22/2026","150.00","170.00","13279020","","{994BA74A-1B72-4F7A-7B12-1AC842911182}"
"507500","1042409","Angela","","Akers","Mr","","Requested","Requested","Requested","345 Howry Street","","Christiansburg","VA","24073","True","08/22/2026","75.00","105.00","13279021","","{994BA74A-1B72-4F7A-7B12-1AC842911182}"
"507500","1042411","Tara","","Vance","","","Town of Christiansburg","Procurement","Christiansburg VA","4268 Nectarine Drive","","Pilot","VA","24138","True","08/22/2026","150.00","170.00","13279022","","{994BA74A-1B72-4F7A-7B12-1AC842911182}"
"507500","1049090","Various","","Various","","","Various","Various","Various","Various","","Christiansburg","VA","24073","True","07/30/2026","310.00","1092.00","13279023","","{994BA74A-1B72-4F7A-7B12-1AC842911182}"
"507500","1049090","Various","","Various","","","Various","Various","Various","Various","","Christiansburg","VA","24073","True","09/02/2026","321.00","1413.00","13279024","","{994BA74A-1B72-4F7A-7B12-1AC842911182}"
"507500","1049090","Various","","Various","","","Various","Various","Various","Various","","Christiansburg","VA","24073","True","09/25/2026","446.00","1859.00","13279025","","{994BA74A-1B72-4F7A-7B12-1AC842911182}"
"507500","1133090","Robert","Gardner","Page","","","Montgomery County","Sheriff","Christiansburg, VA","1930 Bridle Ln","","Riner","VA","24149","True","08/22/2026","75.00","605.00","13279026","","{994BA74A-1B72-4F7A-7B12-1AC842911182}"
"507500","1199886","Sonya","Gulllion","Edens","","","requested","requested","requested","1951 Bridle Ln","","Riner","VA","24149","True","08/22/2026","150.00","180.00","13279027","","{994BA74A-1B72-4F7A-7B12-1AC842911182}"
"507500","1202465","Michael","","Harding","","","self-empolyed","self-employed","Blacksburg VA","1902 Research Ctr Dr","416","Blacksburg","VA","24060","True","08/22/2026","150.00","150.00","13279028","","{994BA74A-1B72-4F7A-7B12-1AC842911182}"
"507500","1246215","Andy","","Schack","","","unknown","unknown","unknown","unknown","","unknown","VA","24073","True","08/22/2026","300.00","300.00","13279029","","{994BA74A-1B72-4F7A-7B12-1AC842911182}"
"507500","1246217","Dan","","Couch","","","unknown","unknown","unknown","unknown","","unknown","VA","24073","True","08/22/2026","150.00","150.00","13279030","","{994BA74A-1B72-4F7A-7B12-1AC842911182}"
"507500","1293437","Judith","Smith","Fitzwater","","","retired","retired","retired","4316 Northfork Rd","","Elliston","VA","24087","True","08/22/2026","150.00","170.00","13279031","","{994BA74A-1B72-4F7A-7B12-1AC842911182}"
"507500","1293437","Judith","Smith","Fitzwater","","","retired","retired","retired","4316 Northfork Rd","","Elliston","VA","24087","True","09/02/2026","20.00","190.00","13279032","","{994BA74A-1B72-4F7A-7B12-1AC842911182}"
"507500","1295537","Patrick","","Jensen","","","Montgomery County","assitant commonwealth's attorney","Christiansburg, Virginia","45 Gold Leaf Dr","","Christiansburg","VA","24073","True","08/22/2026","75.00","595.00","13279033","","{994BA74A-1B72-4F7A-7B12-1AC842911182}"
"507500","1318501","Mike","","Montgomery","","","unknown","unknown","unknown","unknown","","Christiansburg","VA","24073","True","08/22/2026","150.00","150.00","13279034","","{994BA74A-1B72-4F7A-7B12-1AC842911182}"
"507501","1318687","Robert","S.","Keeler","","Jr.","Retired","Retired","Retired","18120 Southern Cross Lane","","Beaverdam","VA","23015","True","09/28/2026","1000.00","1000.00","13279035","","{1640BE6E-F22E-7F45-DA2C-8A281E74AB2C}"
"507503","1313020","Conway/Lyn","","Smith","Mr./Mrs.","","RETIRED","RETIRED","","810 Riverside Drive","","Newport News","VA","23606","True","09/08/2026","250.00","250.00","13279036","","{230EA0A1-9A99-84A2-3603-E4405BEDD0BA}"
"507503","1314068","Jeffrey","","Wassmer","","","Spectrum Communications Inc.","CEO","Newport News, VA","5007 Victory Blvd.","C","Yorktown","VA","23693","True","09/24/2026","500.00","500.00","13279037","","{230EA0A1-9A99-84A2-3603-E4405BEDD0BA}"
"507503","1314071","W. Chad","","Green","","","Self-employed","Attorney","York County, VA","424 Spivey Lane","","Seaford","VA","23696","True","09/11/2026","500.00","500.00","13279038","","{230EA0A1-9A99-84A2-3603-E4405BEDD0BA}"
"507503","1314484","Rose G.","","Garrett","","","RETIRED","RETIRED","Newport News, VA","316 Mistletoe Drive","","Newport News","VA","23606","True","09/12/2026","250.00","250.00","13279039","","{230EA0A1-9A99-84A2-3603-E4405BEDD0BA}"
"507503","1317039","Frank & Lucille","","Wagner","","","RETIRED","RETIRED","Newport News, VA","5 Cross Road","","Newport News","VA","23606","True","09/17/2026","500.00","500.00","13279040","","{230EA0A1-9A99-84A2-3603-E4405BEDD0BA}"
"507503","1317040","Melissa & Romney","","Andersen","","","RETIRED","RETIRED","Newport News, VA","36 Barclay Road","","Newport News","VA","23606","True","09/17/2026","250.00","250.00","13279041","","{230EA0A1-9A99-84A2-3603-E4405BEDD0BA}"
"507503","1317041","Gordon & Judy","","Gentry","","","RETIRED","RETIRED","Newport News","12 Butler Place","","Newport News","VA","23606","True","09/17/2026","200.00","200.00","13279042","","{230EA0A1-9A99-84A2-3603-E4405BEDD0BA}"
"507503","1317084","Patricia & Thomas","","Coile","","","RETIRED","RETIRED","Newport News, VA","29 Shirley Road","","Newport News","VA","23601","True","09/17/2026","225.00","225.00","13279043","","{230EA0A1-9A99-84A2-3603-E4405BEDD0BA}"
"507503","1317308","John","","Soter","","","Self Employed","Seafood Purveyor","Newport News, Virginia","332 James River Drive","","Newport News","VA","23601","True","09/21/2026","500.00","500.00","13279044","","{230EA0A1-9A99-84A2-3603-E4405BEDD0BA}"
"507503","1317310","","","Teagle Insurance Agency, Inc,","","","","Insurance","Newport News, Virginia","11528 Jefferson Avenue","","Newport News","VA","23601","False","09/21/2026","500.00","500.00","13279045","","{230EA0A1-9A99-84A2-3603-E4405BEDD0BA}"
"507503","1317618","Patricia","","Diggs","","","RETIRED","RETIRED","Seaford, Virginia","113 Goose Creek Road","","Seaford","VA","23696","True","09/22/2026","250.00","250.00","13279046","","{230EA0A1-9A99-84A2-3603-E4405BEDD0BA}"
"507503","1317619","Gina","","Bowman","","","RETIRED","RETIRED","Newport News, Virginia","10 Widgeon Circle","","Newport News","VA","23602","True","09/22/2026","200.00","200.00","13279047","","{230EA0A1-9A99-84A2-3603-E4405BEDD0BA}"
"507503","1317668","Timothy","","Beale","","","Dominion Energy","Forestor","Richmond, Virginia","320 Bay Tree Beach Road","","Seaford","VA","23696","True","09/23/2026","150.00","150.00","13279048","","{230EA0A1-9A99-84A2-3603-E4405BEDD0BA}"
"507503","1318098","Arthur","","Henderson","","","RETIRED","RETIRED","Newport News, Virginia","13 Flax Mill Road","","Newport News","VA","23602","True","09/28/2026","250.00","250.00","13279049","","{230EA0A1-9A99-84A2-3603-E4405BEDD0BA}"
"507504","2135","Jeffrey","R","Rosner","","","Retired","Retired","Retired","1207 Krise Circle","","Lynchburg","VA","24503","True","07/28/2026","25.00","175.00","13279050","","{1DA3AD37-32F8-7A22-B415-163A93BDC62E}"
"507504","2135","Jeffrey","R","Rosner","","","Retired","Retired","Retired","1207 Krise Circle","","Lynchburg","VA","24503","True","08/19/2026","25.00","200.00","13279051","","{1DA3AD37-32F8-7A22-B415-163A93BDC62E}"
"507504","2135","Jeffrey","R","Rosner","","","Retired","Retired","Retired","1207 Krise Circle","","Lynchburg","VA","24503","True","09/23/2026","25.00","225.00","13279052","","{1DA3AD37-32F8-7A22-B415-163A93BDC62E}"
"507504","2140","Carol","J","Pollock","","","Retired","Retired","Retired","116 Panorama Point","","Lynchburg","VA","24502","True","07/09/2026","50.00","350.00","13279053","","{1DA3AD37-32F8-7A22-B415-163A93BDC62E}"
"507504","2140","Carol","J","Pollock","","","Retired","Retired","Retired","116 Panorama Point","","Lynchburg","VA","24502","True","08/07/2026","50.00","400.00","13279054","","{1DA3AD37-32F8-7A22-B415-163A93BDC62E}"
"507504","2140","Carol","J","Pollock","","","Retired","Retired","Retired","116 Panorama Point","","Lynchburg","VA","24502","True","09/09/2026","50.00","450.00","13279055","","{1DA3AD37-32F8-7A22-B415-163A93BDC62E}"
"507504","2144","Robert","J","Knodel","","","Retired","Retired","Retired","102 Geppetto Way","","Lynchburg","VA","24502","True","09/04/2026","12.50","112.50","13279056","","{1DA3AD37-32F8-7A22-B415-163A93BDC62E}"
"507504","2168","Sandra","A","Knodel","","","retired","retired","retired","102 Geppetto Way","","Lynchburg","VA","24502","True","09/04/2026","12.50","112.50","13279057","","{1DA3AD37-32F8-7A22-B415-163A93BDC62E}"
"507504","2364","Gerard","F","Sherayko","","","Randolph College","professor","Lynchburg VA","2223 Falcon Hill Place","","Lynchburg","VA","24503","True","07/06/2026","30.00","210.00","13279058","","{1DA3AD37-32F8-7A22-B415-163A93BDC62E}"
"507504","2364","Gerard","F","Sherayko","","","Randolph College","professor","Lynchburg VA","2223 Falcon Hill Place","","Lynchburg","VA","24503","True","08/07/2026","30.00","240.00","13279059","","{1DA3AD37-32F8-7A22-B415-163A93BDC62E}"
"507504","2364","Gerard","F","Sherayko","","","Randolph College","professor","Lynchburg VA","2223 Falcon Hill Place","","Lynchburg","VA","24503","True","09/14/2026","30.00","270.00","13279060","","{1DA3AD37-32F8-7A22-B415-163A93BDC62E}"
"507504","2566","Moira","A","Rafferty","","","Medical Associates of Central Virginia","physician","Lynchburg VA","3214 Landon Street","","Lynchburg","VA","24503","True","07/17/2026","103.00","721.00","13279061","","{1DA3AD37-32F8-7A22-B415-163A93BDC62E}"
"507504","2566","Moira","A","Rafferty","","","Medical Associates of Central Virginia","physician","Lynchburg VA","3214 Landon Street","","Lynchburg","VA","24503","True","08/17/2026","103.00","824.00","13279062","","{1DA3AD37-32F8-7A22-B415-163A93BDC62E}"
"507504","2566","Moira","A","Rafferty","","","Medical Associates of Central Virginia","physician","Lynchburg VA","3214 Landon Street","","Lynchburg","VA","24503","True","09/17/2026","103.00","927.00","13279063","","{1DA3AD37-32F8-7A22-B415-163A93BDC62E}"
"507504","56300","Victor","Leon","Thomas","","","retired","retired","retired","415 Grayson Street","","Lynchburg","VA","24503","True","07/06/2026","60.00","110.00","13279064","","{1DA3AD37-32F8-7A22-B415-163A93BDC62E}"
"507504","58128","Edward","H","Parrish","","","Centra Health","minister","Lynchburg VA","4404 Hilltop Drive","","Lynchburg","VA","24502","True","09/15/2026","100.00","400.00","13279065","","{1DA3AD37-32F8-7A22-B415-163A93BDC62E}"
"507504","339135","Beverly","G","Adams","","","Blue Ridge Therapeutic Massage","massage therapist","Lynchburg VA","1826 Memorial Avenue","","Lynchburg","VA","24501","True","07/21/2026","25.00","175.00","13279066","","{1DA3AD37-32F8-7A22-B415-163A93BDC62E}"
"507504","339135","Beverly","G","Adams","","","Blue Ridge Therapeutic Massage","massage therapist","Lynchburg VA","1826 Memorial Avenue","","Lynchburg","VA","24501","True","08/21/2026","25.00","200.00","13279067","","{1DA3AD37-32F8-7A22-B415-163A93BDC62E}"
"507504","339135","Beverly","G","Adams","","","Blue Ridge Therapeutic Massage","massage therapist","Lynchburg VA","1826 Memorial Avenue","","Lynchburg","VA","24501","True","09/21/2026","25.00","225.00","13279068","","{1DA3AD37-32F8-7A22-B415-163A93BDC62E}"
"507504","899767","Robert","S","Aronstam","","","retired","retired","retired","100 Clopton Court","","Lynchburg","VA","24503","True","07/08/2026","30.00","210.00","13279069","","{1DA3AD37-32F8-7A22-B415-163A93BDC62E}"
"507504","899767","Robert","S","Aronstam","","","retired","retired","retired","100 Clopton Court","","Lynchburg","VA","24503","True","08/08/2026","30.00","240.00","13279070","","{1DA3AD37-32F8-7A22-B415-163A93BDC62E}"
"507504","899767","Robert","S","Aronstam","","","retired","retired","retired","100 Clopton Court","","Lynchburg","VA","24503","True","09/08/2026","30.00","270.00","13279071","","{1DA3AD37-32F8-7A22-B415-163A93BDC62E}"
"507504","977881","Trudy","","McDaniel","","","not employed","not employed","not employed","108 Warren Avenue","","Lynchburg","VA","24501","True","07/16/2026","45.00","275.00","13279072","","{1DA3AD37-32F8-7A22-B415-163A93BDC62E}"
"507504","977881","Trudy","","McDaniel","","","not employed","not employed","not employed","108 Warren Avenue","","Lynchburg","VA","24501","True","08/24/2026","45.00","320.00","13279073","","{1DA3AD37-32F8-7A22-B415-163A93BDC62E}"
"507504","977881","Trudy","","McDaniel","","","not employed","not employed","not employed","108 Warren Avenue","","Lynchburg","VA","24501","True","09/14/2026","45.00","365.00","13279074","","{1DA3AD37-32F8-7A22-B415-163A93BDC62E}"
"507504","996520","Dean","","Campbell","","","retired","retired","retired","203 9th Street","Apt 7A","Lynchburg","VA","24504","True","07/18/2026","25.00","175.00","13279075","","{1DA3AD37-32F8-7A22-B415-163A93BDC62E}"
"507504","996520","Dean","","Campbell","","","retired","retired","retired","203 9th Street","Apt 7A","Lynchburg","VA","24504","True","08/18/2026","25.00","200.00","13279076","","{1DA3AD37-32F8-7A22-B415-163A93BDC62E}"
"507504","996520","Dean","","Campbell","","","retired","retired","retired","203 9th Street","Apt 7A","Lynchburg","VA","24504","True","09/18/2026","25.00","225.00","13279077","","{1DA3AD37-32F8-7A22-B415-163A93BDC62E}"
"507504","1128500","David","","Levy","","","Surovell Isaacs Peterson and Levy","attorney","Fairfax VA","233 Woodland Ave","","Lynchburg","VA","24503","True","07/18/2026","40.00","240.00","13279078","","{1DA3AD37-32F8-7A22-B415-163A93BDC62E}"
"507504","1128500","David","","Levy","","","Surovell Isaacs Peterson and Levy","attorney","Fairfax VA","233 Woodland Ave","","Lynchburg","VA","24503","True","08/18/2026","40.00","280.00","13279079","","{1DA3AD37-32F8-7A22-B415-163A93BDC62E}"
"507504","1128500","David","","Levy","","","Surovell Isaacs Peterson and Levy","attorney","Fairfax VA","233 Woodland Ave","","Lynchburg","VA","24503","True","09/18/2026","40.00","320.00","13279080","","{1DA3AD37-32F8-7A22-B415-163A93BDC62E}"
"507504","1158173","Elizabeth","","Kettinger","","","Centra Health","physician","Lynchburg VA","305 Preserve Drive","","Lynchburg","VA","24503","True","07/22/2026","25.00","175.00","13279081","","{1DA3AD37-32F8-7A22-B415-163A93BDC62E}"
"507504","1158173","Elizabeth","","Kettinger","","","Centra Health","physician","Lynchburg VA","305 Preserve Drive","","Lynchburg","VA","24503","True","08/22/2026","25.00","200.00","13279082","","{1DA3AD37-32F8-7A22-B415-163A93BDC62E}"
"507504","1158173","Elizabeth","","Kettinger","","","Centra Health","physician","Lynchburg VA","305 Preserve Drive","","Lynchburg","VA","24503","True","09/22/2026","25.00","225.00","13279083","","{1DA3AD37-32F8-7A22-B415-163A93BDC62E}"
"507504","1186110","Jaimyn","","Chang","","","Trader Interactive","SEO Manager","Virginia Beach VA","117 Willard Way","","Lynchburg","VA","24502","True","07/18/2026","8.00","181.00","13279084","","{1DA3AD37-32F8-7A22-B415-163A93BDC62E}"
"507504","1186110","Jaimyn","","Chang","","","Trader Interactive","SEO Manager","Virginia Beach VA","117 Willard Way","","Lynchburg","VA","24502","True","08/18/2026","8.00","189.00","13279085","","{1DA3AD37-32F8-7A22-B415-163A93BDC62E}"
"507504","1186110","Jaimyn","","Chang","","","Trader Interactive","SEO Manager","Virginia Beach VA","117 Willard Way","","Lynchburg","VA","24502","True","08/22/2026","50.00","239.00","13279086","","{1DA3AD37-32F8-7A22-B415-163A93BDC62E}"
"507504","1186110","Jaimyn","","Chang","","","Trader Interactive","SEO Manager","Virginia Beach VA","117 Willard Way","","Lynchburg","VA","24502","True","08/31/2026","50.00","289.00","13279087","","{1DA3AD37-32F8-7A22-B415-163A93BDC62E}"
"507504","1186110","Jaimyn","","Chang","","","Trader Interactive","SEO Manager","Virginia Beach VA","117 Willard Way","","Lynchburg","VA","24502","True","09/09/2026","25.00","314.00","13279088","","{1DA3AD37-32F8-7A22-B415-163A93BDC62E}"
"507504","1186110","Jaimyn","","Chang","","","Trader Interactive","SEO Manager","Virginia Beach VA","117 Willard Way","","Lynchburg","VA","24502","True","09/18/2026","8.00","322.00","13279089","","{1DA3AD37-32F8-7A22-B415-163A93BDC62E}"
"507504","1203212","Bettye","","Chambers","","","not employed","not employed","not employed","3900 Royal Boulevard","","Lynchburg","VA","24503","True","07/01/2026","10.00","170.00","13279090","","{1DA3AD37-32F8-7A22-B415-163A93BDC62E}"
"507504","1203212","Bettye","","Chambers","","","not employed","not employed","not employed","3900 Royal Boulevard","","Lynchburg","VA","24503","True","08/01/2026","10.00","180.00","13279091","","{1DA3AD37-32F8-7A22-B415-163A93BDC62E}"
"507504","1203212","Bettye","","Chambers","","","not employed","not employed","not employed","3900 Royal Boulevard","","Lynchburg","VA","24503","True","09/01/2026","10.00","190.00","13279092","","{1DA3AD37-32F8-7A22-B415-163A93BDC62E}"
"507504","1204179","Robin","S","Blackman","","","retired","retired","retired","1205 Regency Woods Place","","Lynchburg","VA","24503","True","07/10/2026","10.00","110.00","13279093","","{1DA3AD37-32F8-7A22-B415-163A93BDC62E}"
"507504","1204179","Robin","S","Blackman","","","retired","retired","retired","1205 Regency Woods Place","","Lynchburg","VA","24503","True","08/10/2026","10.00","120.00","13279094","","{1DA3AD37-32F8-7A22-B415-163A93BDC62E}"
"507504","1204179","Robin","S","Blackman","","","retired","retired","retired","1205 Regency Woods Place","","Lynchburg","VA","24503","True","09/10/2026","10.00","130.00","13279095","","{1DA3AD37-32F8-7A22-B415-163A93BDC62E}"
"507504","1210886","Theta","","Miller","","","not employed","not employed","not employed","183 Nottingham Place","","Madison Heights","VA","24572","True","07/28/2026","25.00","175.00","13279096","","{1DA3AD37-32F8-7A22-B415-163A93BDC62E}"
"507504","1210886","Theta","","Miller","","","not employed","not employed","not employed","183 Nottingham Place","","Madison Heights","VA","24572","True","08/28/2026","25.00","200.00","13279097","","{1DA3AD37-32F8-7A22-B415-163A93BDC62E}"
"507504","1210886","Theta","","Miller","","","not employed","not employed","not employed","183 Nottingham Place","","Madison Heights","VA","24572","True","09/28/2026","25.00","225.00","13279098","","{1DA3AD37-32F8-7A22-B415-163A93BDC62E}"
"507504","1287483","Barbara","","Gladieux","","","self-employed","title examiner","Lynchburg VA","328 Sumpter Street","","Lynchburg","VA","24503","True","07/10/2026","100.00","125.00","13279099","","{1DA3AD37-32F8-7A22-B415-163A93BDC62E}"
"507504","1310681","Adele","","Stichel","","","not employed","not employed","not employed","3144 Ridge Road","","Charlottesville","VA","22902","True","08/20/2026","250.00","250.00","13279100","","{1DA3AD37-32F8-7A22-B415-163A93BDC62E}"
"507504","1317451","Megan","","Hull","","","self-employed","activist","Piedmont CA","11 Sierra Avenue","","Piedmont","CA","94611","True","09/21/2026","500.00","500.00","13279101","","{1DA3AD37-32F8-7A22-B415-163A93BDC62E}"
"507506","1287297","Diane","","Griggs","","","Rose and Womble","Retired","Chesapeake, Virginia","617 Briarwood Drive","","Chesapeake","VA","23322","True","09/17/2026","586.00","1086.00","13279211","","{54FC6F17-384B-31D5-051B-4472209C7D33}"
"507506","1291608","James","","Woodworth","","","Chesapeake Police Department","Retired","Chesapeake, Virginia","1001 Kendale Circle","","Chesapeake","VA","23322","True","09/17/2026","200.00","510.00","13279212","","{54FC6F17-384B-31D5-051B-4472209C7D33}"
"507506","1317107","Donna","","Bossuot","","","Chesapeake Public Schools","Teacher","Chesapeake","432 Parker Road","","Chesapeake","VA","23322","True","09/17/2026","705.00","705.00","13279213","","{54FC6F17-384B-31D5-051B-4472209C7D33}"
"507506","1317108","Carol","","Ranno","","","","Retired","","849 Poplar Ridge Dr","","Chesapeake","VA","23322","True","09/17/2026","420.00","420.00","13279214","","{54FC6F17-384B-31D5-051B-4472209C7D33}"
"507506","1317155","","","Ganesh 1959 June LLC","","","","Hotel","Chesapeake","3235 Western Branch Blvd","","Chesapeake","VA","23321","False","09/18/2026","2500.00","2500.00","13279215","","{54FC6F17-384B-31D5-051B-4472209C7D33}"
"507509","1275172","","","Dominion Energy","","","","Corporation","Richmond, VA","600 E Canal St","","Richmond","VA","23219","False","09/24/2026","150000.00",".00","13279217","","{EADE4CC0-556F-4929-D151-87B8EEA86780}"
"507516","158","George","W","Spalthoff","","","n/a","retired","n/a","212 Woburn","","Williamsburg","VA","23188","True","07/16/2026","26.00","129.00","13279229","","{8CA7DE6A-2248-69AA-63BB-8E783376DAF3}"
"507516","158","George","W","Spalthoff","","","n/a","retired","n/a","212 Woburn","","Williamsburg","VA","23188","True","08/20/2026","26.00","155.00","13279230","","{8CA7DE6A-2248-69AA-63BB-8E783376DAF3}"
"507516","158","George","W","Spalthoff","","","n/a","retired","n/a","212 Woburn","","Williamsburg","VA","23188","True","09/17/2026","26.00","181.00","13279231","","{8CA7DE6A-2248-69AA-63BB-8E783376DAF3}"
"507516","163","Jon","E","Bischel","","","n/a","retired","n/a","20 Frenchmen's Key","","Williamsburg","VA","23185","True","07/16/2026","26.00","189.00","13279232","","{8CA7DE6A-2248-69AA-63BB-8E783376DAF3}"
"507516","163","Jon","E","Bischel","","","n/a","retired","n/a","20 Frenchmen's Key","","Williamsburg","VA","23185","True","08/20/2026","26.00","215.00","13279233","","{8CA7DE6A-2248-69AA-63BB-8E783376DAF3}"
"507516","163","Jon","E","Bischel","","","n/a","retired","n/a","20 Frenchmen's Key","","Williamsburg","VA","23185","True","09/17/2026","26.00","241.00","13279234","","{8CA7DE6A-2248-69AA-63BB-8E783376DAF3}"
"507516","171","J","Michael","Joseph","","","n/a","retired","n/a","6631 Rexford Ln","","Williamsburg","VA","23188","True","07/16/2026","26.00","153.00","13279235","","{8CA7DE6A-2248-69AA-63BB-8E783376DAF3}"
"507516","171","J","Michael","Joseph","","","n/a","retired","n/a","6631 Rexford Ln","","Williamsburg","VA","23188","True","08/20/2026","26.00","179.00","13279236","","{8CA7DE6A-2248-69AA-63BB-8E783376DAF3}"
"507516","171","J","Michael","Joseph","","","n/a","retired","n/a","6631 Rexford Ln","","Williamsburg","VA","23188","True","09/17/2026","26.00","205.00","13279237","","{8CA7DE6A-2248-69AA-63BB-8E783376DAF3}"
"507516","768193","Cary","V","Taylor","","","n/a","retired","n/a","113 Falling Creek Cir","","Williamsburg","VA","23185","True","07/16/2026","26.00","215.00","13279264","","{8CA7DE6A-2248-69AA-63BB-8E783376DAF3}"
"507516","768193","Cary","V","Taylor","","","n/a","retired","n/a","113 Falling Creek Cir","","Williamsburg","VA","23185","True","08/20/2026","52.00","267.00","13279265","","{8CA7DE6A-2248-69AA-63BB-8E783376DAF3}"
"507516","822330","Wayne","E","Garber","","","n/a","retired","n/a","4089 Coronation","","Williamsburg","VA","23188","True","07/16/2026","26.00","113.00","13279266","","{8CA7DE6A-2248-69AA-63BB-8E783376DAF3}"
"507516","822330","Wayne","E","Garber","","","n/a","retired","n/a","4089 Coronation","","Williamsburg","VA","23188","True","08/20/2026","26.00","139.00","13279267","","{8CA7DE6A-2248-69AA-63BB-8E783376DAF3}"
"507516","822330","Wayne","E","Garber","","","n/a","retired","n/a","4089 Coronation","","Williamsburg","VA","23188","True","09/17/2026","26.00","165.00","13279268","","{8CA7DE6A-2248-69AA-63BB-8E783376DAF3}"
"507516","873514","Rudolf","E","Knepper","","","n/a","retired","n/a","116 Rosemount","","Williamsburg","VA","23188","True","07/10/2026","26.00","278.00","13279269","","{8CA7DE6A-2248-69AA-63BB-8E783376DAF3}"
"507516","873514","Rudolf","E","Knepper","","","n/a","retired","n/a","116 Rosemount","","Williamsburg","VA","23188","True","08/20/2026","26.00","304.00","13279270","","{8CA7DE6A-2248-69AA-63BB-8E783376DAF3}"
"507516","873514","Rudolf","E","Knepper","","","n/a","retired","n/a","116 Rosemount","","Williamsburg","VA","23188","True","09/08/2026","26.00","330.00","13279271","","{8CA7DE6A-2248-69AA-63BB-8E783376DAF3}"
"507516","892569","Wayne","E","Glass","","","n/a","retired","n/a","7 Drummond Ct","","Williamsburg","VA","23188","True","09/17/2026","26.00","163.00","13279272","","{8CA7DE6A-2248-69AA-63BB-8E783376DAF3}"
"507516","893744","Gary","J","Lane","","","n/a","retired","n/a","4247 Old Lock Rd","","Williamsburg","VA","23188","True","07/16/2026","26.00","128.00","13279273","","{8CA7DE6A-2248-69AA-63BB-8E783376DAF3}"
"507516","893744","Gary","J","Lane","","","n/a","retired","n/a","4247 Old Lock Rd","","Williamsburg","VA","23188","True","08/20/2026","26.00","154.00","13279274","","{8CA7DE6A-2248-69AA-63BB-8E783376DAF3}"
"507516","1022283","Gregory","A","Dries","","","n/a","retired","n/a","7120 Pine Brook Rd","","Williamsburg","VA","23188","True","08/20/2026","26.00","189.00","13279275","","{8CA7DE6A-2248-69AA-63BB-8E783376DAF3}"
"507516","1022283","Gregory","A","Dries","","","n/a","retired","n/a","7120 Pine Brook Rd","","Williamsburg","VA","23188","True","09/17/2026","26.00","215.00","13279276","","{8CA7DE6A-2248-69AA-63BB-8E783376DAF3}"
"507516","1047130","J.","Brian","Hart","","","n/a","retired","n/a","7005 Westbrook Dr","","Williamsburg","VA","23188","True","08/20/2026","26.00","153.00","13279277","","{8CA7DE6A-2248-69AA-63BB-8E783376DAF3}"
"507516","1076150","Edward","P.","Irish","","","n/a","retired","n/a","4972 Burnley Dr","","Williamsuburg","VA","23188","True","08/20/2026","26.00","163.00","13279278","","{8CA7DE6A-2248-69AA-63BB-8E783376DAF3}"
"507516","1076150","Edward","P.","Irish","","","n/a","retired","n/a","4972 Burnley Dr","","Williamsuburg","VA","23188","True","09/17/2026","26.00","189.00","13279279","","{8CA7DE6A-2248-69AA-63BB-8E783376DAF3}"
"507516","1113783","Stephen","A.","Link","","","n/a","retired","n/a","6171 South Mayfair Cir","","Williamsburg","VA","23188","True","07/16/2026","26.00","153.00","13279280","","{8CA7DE6A-2248-69AA-63BB-8E783376DAF3}"
"507516","1113783","Stephen","A.","Link","","","n/a","retired","n/a","6171 South Mayfair Cir","","Williamsburg","VA","23188","True","08/20/2026","26.00","179.00","13279281","","{8CA7DE6A-2248-69AA-63BB-8E783376DAF3}"
"507516","1188435","Joseph","A","Roszkowski","","","n/a","Retired","n/a","4720 Levingston Ln","","Williamsburg","VA","23188","True","08/20/2026","26.00","103.00","13279282","","{8CA7DE6A-2248-69AA-63BB-8E783376DAF3}"
"507516","1199564","David","W.","Renz","","","n/a","retired","n/a","4515 Old Regency Dr","","Williamsburg","VA","23188","True","08/20/2026","26.00","188.00","13279283","","{8CA7DE6A-2248-69AA-63BB-8E783376DAF3}"
"507516","1199564","David","W.","Renz","","","n/a","retired","n/a","4515 Old Regency Dr","","Williamsburg","VA","23188","True","09/17/2026","52.00","240.00","13279284","","{8CA7DE6A-2248-69AA-63BB-8E783376DAF3}"
"507516","1199731","Rudolf","E","Knepper","","","n/a","Retired","n/a","116 Rosemount","","williamsburg","VA","23188","True","09/17/2026","26.00","102.00","13279285","","{8CA7DE6A-2248-69AA-63BB-8E783376DAF3}"
"507516","1199807","Richard","E","Timberlake","","","n/a","Retired","n/a","4147 Wiffet Way","","williamsburg","VA","23188","True","08/20/2026","26.00","111.00","13279286","","{8CA7DE6A-2248-69AA-63BB-8E783376DAF3}"
"507516","1228835","Wayne","L","Baker","Mr","","n/a","Retired","n/a","112 Wingate Drive","","Williamsburg","VA","23185","True","07/16/2026","26.00","127.00","13279287","","{8CA7DE6A-2248-69AA-63BB-8E783376DAF3}"
"507516","1270028","Michael","T.","Freda","Mr.","","n/a","Retired","n/a","108 George Willson Ct.","","williamsburg","VA","23188","True","08/20/2026","52.00","385.00","13279288","","{8CA7DE6A-2248-69AA-63BB-8E783376DAF3}"
"507516","1270028","Michael","T.","Freda","Mr.","","n/a","Retired","n/a","108 George Willson Ct.","","williamsburg","VA","23188","True","09/17/2026","52.00","437.00","13279289","","{8CA7DE6A-2248-69AA-63BB-8E783376DAF3}"
"507523","411925","Matthew","","Wade","","","Virginia Clean Cities","Deputy Director","Harrisonburg, VA","636 Wyndham Woods Circle","","Harrisonburg","VA","22801","True","09/06/2026","30.00","1052.00","13279426","","{BB9D8F95-A660-020E-6119-4A8ED1D8022F}"
"507523","411925","Matthew","","Wade","","","Virginia Clean Cities","Deputy Director","Harrisonburg, VA","636 Wyndham Woods Circle","","Harrisonburg","VA","22801","True","09/06/2026","50.00","1102.00","13279427","","{BB9D8F95-A660-020E-6119-4A8ED1D8022F}"
"507523","411925","Matthew","","Wade","","","Virginia Clean Cities","Deputy Director","Harrisonburg, VA","636 Wyndham Woods Circle","","Harrisonburg","VA","22801","True","09/27/2026","10.00","1112.00","13279428","","{BB9D8F95-A660-020E-6119-4A8ED1D8022F}"
"507523","411929","Barbara","","Melby","","","none","Not employed","Broadway, VA","12774 Indian Trail Road","","Broadway","VA","22815","True","08/06/2026","75.00","125.00","13279429","","{BB9D8F95-A660-020E-6119-4A8ED1D8022F}"
"507523","411929","Barbara","","Melby","","","none","Not employed","Broadway, VA","12774 Indian Trail Road","","Broadway","VA","22815","True","08/18/2026","250.00","375.00","13279430","","{BB9D8F95-A660-020E-6119-4A8ED1D8022F}"
"507523","411929","Barbara","","Melby","","","none","Not employed","Broadway, VA","12774 Indian Trail Road","","Broadway","VA","22815","True","08/26/2026","225.00","600.00","13279431","","{BB9D8F95-A660-020E-6119-4A8ED1D8022F}"
"507523","411930","Eleanor","","Baker","","","none","not employed","Bridgewater, VA","1285 Shank Drive Ave","","Harrisonburg","VA","22802","True","08/24/2026","150.00","150.00","13279432","","{BB9D8F95-A660-020E-6119-4A8ED1D8022F}"
"507523","411935","Ann","","Held","","","none","not employed","Harrisonburg, VA","230 New York","","Harrisonburg","VA","22801","True","08/07/2026","225.00","250.00","13279433","","{BB9D8F95-A660-020E-6119-4A8ED1D8022F}"
"507523","412013","Deb","","Fitzgerald","","","Blue Ridge Community College","Professor","Weyers Cave, VA","93 Middlebrook Street","","Harrisonburg","VA","22801","True","08/22/2026","75.00","225.00","13279434","","{BB9D8F95-A660-020E-6119-4A8ED1D8022F}"
"507523","412013","Deb","","Fitzgerald","","","Blue Ridge Community College","Professor","Weyers Cave, VA","93 Middlebrook Street","","Harrisonburg","VA","22801","True","09/14/2026","30.00","255.00","13279435","","{BB9D8F95-A660-020E-6119-4A8ED1D8022F}"
"507523","412014","Bill","","Ney","","","none","Retired","Harrisonburg, VA","1053 South Dogwood Drive","","Harrisonburg","VA","22801","True","08/02/2026","150.00","270.00","13279436","","{BB9D8F95-A660-020E-6119-4A8ED1D8022F}"
"507523","412014","Bill","","Ney","","","none","Retired","Harrisonburg, VA","1053 South Dogwood Drive","","Harrisonburg","VA","22801","True","09/06/2026","150.00","420.00","13279437","","{BB9D8F95-A660-020E-6119-4A8ED1D8022F}"
"507523","412101","Mary Ellen","","Chewning","","","none","retired","Harrisonburg, VA","1832 College ave","","Harrisonburg","VA","22802","True","07/26/2026","150.00","170.00","13279438","","{BB9D8F95-A660-020E-6119-4A8ED1D8022F}"
"507523","412101","Mary Ellen","","Chewning","","","none","retired","Harrisonburg, VA","1832 College ave","","Harrisonburg","VA","22802","True","09/06/2026","30.00","200.00","13279439","","{BB9D8F95-A660-020E-6119-4A8ED1D8022F}"
"507523","412104","Michael","","Allain","","","James Madison University","Professor","Harrisonburg, VA","231 Campbell Street","","Harrisonburg","VA","22801","True","09/22/2026","700.00","750.00","13279440","","{BB9D8F95-A660-020E-6119-4A8ED1D8022F}"
"507523","412153","Joan","","Eberly","","","self","LPC","Harrisonburg, VA","9224 Singers Glen Road","","Singers Glen","VA","22850","True","07/21/2026","600.00","620.00","13279441","","{BB9D8F95-A660-020E-6119-4A8ED1D8022F}"
"507523","412157","Peggy","","Grandle","","","none","Not employed","Broadway, VA","261 Broadway Ave","","Broadway","VA","22815","True","09/06/2026","600.00","600.00","13279442","","{BB9D8F95-A660-020E-6119-4A8ED1D8022F}"
"507523","412159","Tim","","Jost","","","Washington & Lee University","Professor","Lexington, VA","1370 LINCOLNSHIRE DR","","Harrisonburg","VA","22802","True","07/26/2026","250.00","310.00","13279443","","{BB9D8F95-A660-020E-6119-4A8ED1D8022F}"
"507523","412159","Tim","","Jost","","","Washington & Lee University","Professor","Lexington, VA","1370 LINCOLNSHIRE DR","","Harrisonburg","VA","22802","True","08/10/2026","150.00","460.00","13279444","","{BB9D8F95-A660-020E-6119-4A8ED1D8022F}"
"507523","412160","Nancy","","Martin-Finks","","","none","Retired","Harrisonburg","1133 Bluebird Court","","Harrisonburg","VA","22802","True","07/23/2026","600.00","630.00","13279445","","{BB9D8F95-A660-020E-6119-4A8ED1D8022F}"
"507523","412168","Andy","","Kohen","","","none","retired","Harrisonburg, VA","31 Laurel Street","","Harrisonburg","VA","22801","True","08/02/2026","13.00","104.00","13279446","","{BB9D8F95-A660-020E-6119-4A8ED1D8022F}"
"507523","412168","Andy","","Kohen","","","none","retired","Harrisonburg, VA","31 Laurel Street","","Harrisonburg","VA","22801","True","08/17/2026","100.00","204.00","13279447","","{BB9D8F95-A660-020E-6119-4A8ED1D8022F}"
"507523","412168","Andy","","Kohen","","","none","retired","Harrisonburg, VA","31 Laurel Street","","Harrisonburg","VA","22801","True","09/28/2026","13.00","217.00","13279448","","{BB9D8F95-A660-020E-6119-4A8ED1D8022F}"
"507523","412168","Andy","","Kohen","","","none","retired","Harrisonburg, VA","31 Laurel Street","","Harrisonburg","VA","22801","True","09/29/2026","13.00","230.00","13279449","","{BB9D8F95-A660-020E-6119-4A8ED1D8022F}"
"507523","412170","Anne","","Nielsen","","","none","Retired","Harrisonburg, VA","256 Rocco Ave","","Harrisonburg","VA","22801","True","08/18/2026","200.00","200.00","13279450","","{BB9D8F95-A660-020E-6119-4A8ED1D8022F}"
"507523","412198","Janet","","Trettner","","","none","none","Keezletown, VA","3965 MOUNTAIN VALLEY RD","","Keezletown","VA","22832","True","08/29/2026","200.00","200.00","13279451","","{BB9D8F95-A660-020E-6119-4A8ED1D8022F}"
"507523","412246","Melinda","","See","","","LSC Communications","Buyer","Harrisonburg, VA","3243 Claudes Lane","","Harrisonburg","VA","22801","True","08/05/2026","100.00","177.00","13279452","","{BB9D8F95-A660-020E-6119-4A8ED1D8022F}"
"507523","412450","Rick","","Yoder","","","none","Not employed","Harrisonburg","3358 Ft. Lynne Rd","","Harrisonburg","VA","22802","True","08/05/2026","150.00","150.00","13279453","","{BB9D8F95-A660-020E-6119-4A8ED1D8022F}"
"507523","412467","William","","Faw","","","none","retired","Harrisonburg, VA","235 WINDY KNOLL DR","","Harrisonburg","VA","22802","True","07/26/2026","150.00","170.00","13279454","","{BB9D8F95-A660-020E-6119-4A8ED1D8022F}"
"507523","412470","Muawia","","DaMes","","","self","Real Estate","Harrisonburg","511 Kelley Street","","Harrisonbrg","VA","22801","True","08/10/2026","150.00","150.00","13279455","","{BB9D8F95-A660-020E-6119-4A8ED1D8022F}"
"507523","412623","Fred","","Fox","","","none","retired","Harrisonburg, VA","700 New York Ave","","Harrisonburg","VA","22801","True","08/24/2026","100.00","200.00","13279456","","{BB9D8F95-A660-020E-6119-4A8ED1D8022F}"
"507523","412644","Merle","","Wenger","","","House of Oak and Sofa","Owner","Harrisonburg, VA","507 Lee Ave","","Harrisonburg","VA","22802","True","08/16/2026","700.00","700.00","13279457","","{BB9D8F95-A660-020E-6119-4A8ED1D8022F}"
"507523","412644","Merle","","Wenger","","","House of Oak and Sofa","Owner","Harrisonburg, VA","507 Lee Ave","","Harrisonburg","VA","22802","True","09/06/2026","500.00","1200.00","13279458","","{BB9D8F95-A660-020E-6119-4A8ED1D8022F}"
"507523","420177","Jayne","","Docherty","","","Eastern Mennonite University","Professor","Harrisonburg, VA","56 West Gay street","Apt 307","Harrisonburg","VA","22802","True","07/25/2026","75.00","135.00","13279459","","{BB9D8F95-A660-020E-6119-4A8ED1D8022F}"
"507523","420177","Jayne","","Docherty","","","Eastern Mennonite University","Professor","Harrisonburg, VA","56 West Gay street","Apt 307","Harrisonburg","VA","22802","True","08/26/2026","150.00","285.00","13279460","","{BB9D8F95-A660-020E-6119-4A8ED1D8022F}"
"507523","420177","Jayne","","Docherty","","","Eastern Mennonite University","Professor","Harrisonburg, VA","56 West Gay street","Apt 307","Harrisonburg","VA","22802","True","09/06/2026","150.00","435.00","13279461","","{BB9D8F95-A660-020E-6119-4A8ED1D8022F}"
"507523","420448","","","Rockingham County Democratic Committee","","","","Political committeee","Rockingham, VA","11830 Ft. Turley Trail","","Linville","VA","22834","False","08/02/2026","302.75","302.75","13279462","","{BB9D8F95-A660-020E-6119-4A8ED1D8022F}"
"507523","460870","Sam","","Nickels","","","Our Community place","Executive Director","Harrisonburg, VA","340 Maryland Ave","","Harrisonburg","VA","22801","True","07/02/2026","60.00","280.00","13279463","","{BB9D8F95-A660-020E-6119-4A8ED1D8022F}"
"507523","460870","Sam","","Nickels","","","Our Community place","Executive Director","Harrisonburg, VA","340 Maryland Ave","","Harrisonburg","VA","22801","True","08/06/2026","200.00","480.00","13279464","","{BB9D8F95-A660-020E-6119-4A8ED1D8022F}"
"507523","460870","Sam","","Nickels","","","Our Community place","Executive Director","Harrisonburg, VA","340 Maryland Ave","","Harrisonburg","VA","22801","True","09/06/2026","120.00","600.00","13279465","","{BB9D8F95-A660-020E-6119-4A8ED1D8022F}"
"507523","463418","Steve","","Shenk","","","Eastern Mennonite University","Teacher","Harrisonburg, VA","1 Village Square","","Harrisonburg","VA","22802","True","07/28/2026","75.00","135.00","13279466","","{BB9D8F95-A660-020E-6119-4A8ED1D8022F}"
"507523","470346","Dany","","Fleming","","","Self","Self employed","Harrisonburg, VA","474 Myers Drive","","Harrisonburg","VA","22801","True","08/29/2026","600.00","630.00","13279467","","{BB9D8F95-A660-020E-6119-4A8ED1D8022F}"
"507523","475045","Ramona","","Sanders","","","None","Retired","harrisonburg, VA","355 Hartman Drive","","Harrisonburg","VA","22802","True","07/15/2026","100.00","160.00","13279468","","{BB9D8F95-A660-020E-6119-4A8ED1D8022F}"
"507523","475087","Jenny","","Schrom","","","none","retired","Harrisonburg, VA","1049 S. Dogwood Drive","","Harrisonburg","VA","22801","True","08/06/2026","150.00","150.00","13279469","","{BB9D8F95-A660-020E-6119-4A8ED1D8022F}"
"507523","475089","Joseph","","Riley","","","self","Self employed","Harrisonburg","221 Divot Drive","","Harrisonburg","VA","22802","True","08/07/2026","13.00","104.00","13279470","","{BB9D8F95-A660-020E-6119-4A8ED1D8022F}"
"507523","475089","Joseph","","Riley","","","self","Self employed","Harrisonburg","221 Divot Drive","","Harrisonburg","VA","22802","True","09/07/2026","13.00","117.00","13279471","","{BB9D8F95-A660-020E-6119-4A8ED1D8022F}"
"507523","475199","Rae","","Wade","","","self","Self employed","Weyers Cave, VA","P.O. Box 149","","Weyers Cave","VA","24486","True","09/06/2026","400.00","440.00","13279472","","{BB9D8F95-A660-020E-6119-4A8ED1D8022F}"
"507523","487950","Julie","","Hatfield","","","Eastern Mennonite University","Administrator","Harrisonburg, VA","929 Oak Hill Drive","","Harrisonburg","VA","22801","True","07/31/2026","600.00","600.00","13279473","","{BB9D8F95-A660-020E-6119-4A8ED1D8022F}"
"507523","488187","Catherine","","Strickler","","","none","None","Harrisonburg, VA","1225 Hillcrest Drive","","Harrisonburg","VA","22801","True","08/07/2026","150.00","150.00","13279474","","{BB9D8F95-A660-020E-6119-4A8ED1D8022F}"
"507523","488187","Catherine","","Strickler","","","none","None","Harrisonburg, VA","1225 Hillcrest Drive","","Harrisonburg","VA","22801","True","08/20/2026","150.00","300.00","13279475","","{BB9D8F95-A660-020E-6119-4A8ED1D8022F}"
"507523","488302","Kimberly","","Crump","","","Impressions Consulting","Arts Consultant","Front Royal, VA","P.O. Box 1754","","Front Royal","VA","22630","True","08/17/2026","100.00","150.00","13279476","","{BB9D8F95-A660-020E-6119-4A8ED1D8022F}"
"507523","489189","Dianne","","Fulk","","","James Madison University","Administrator","Harrisonburg, VA","11830 Ft. Turley Trail","","Linville","VA","22834","True","07/20/2026","75.00","140.00","13279477","","{BB9D8F95-A660-020E-6119-4A8ED1D8022F}"
"507523","596126","Meriweather","A","Sale","","","Self employed","Media","Rockingham, VA","4219 Woodside Drive","","Rockingham","VA","22801","True","07/23/2026","600.00","600.00","13279478","","{BB9D8F95-A660-020E-6119-4A8ED1D8022F}"
"507523","596126","Meriweather","A","Sale","","","Self employed","Media","Rockingham, VA","4219 Woodside Drive","","Rockingham","VA","22801","True","07/23/2026","600.00","1200.00","13279479","","{BB9D8F95-A660-020E-6119-4A8ED1D8022F}"
"507523","596128","Lawrence","","Miller","","","none","Not employed","Bridgewater, VA","106 Northshore Drive","","Bridgewater","VA","22812","True","07/23/2026","150.00","150.00","13279480","","{BB9D8F95-A660-020E-6119-4A8ED1D8022F}"
"507523","685921","Reginald","","Foucar-Szocki","","","James Madison University","Professor","Harrisonburg, VA","109 Bluestone Hills Drive","","Harrisonburg","VA","22801","True","08/24/2026","400.00","400.00","13279481","","{BB9D8F95-A660-020E-6119-4A8ED1D8022F}"
"507523","697017","Ruth","","Jost","","","none","not employed","Rockingham, VA","1370 Lincolnshire Drive","","Rockingham","VA","22802","True","07/14/2026","40.00","240.00","13279482","","{BB9D8F95-A660-020E-6119-4A8ED1D8022F}"
"507523","697017","Ruth","","Jost","","","none","not employed","Rockingham, VA","1370 Lincolnshire Drive","","Rockingham","VA","22802","True","09/14/2026","40.00","280.00","13279483","","{BB9D8F95-A660-020E-6119-4A8ED1D8022F}"
"507523","698823","Bly","","Brown","","","none","none","Rockingham, VA","3695 Izaak Walton Dr","","Rockingham","VA","22801","True","08/24/2026","150.00","150.00","13279484","","{BB9D8F95-A660-020E-6119-4A8ED1D8022F}"
"507523","699783","Beth","","Cunningham","","","Rockingham County Public Schools","Teacher","Rockingham, VA","15040 Yankeetown Road","","Fulks Run","VA","22830","True","09/06/2026","130.00","130.00","13279485","","{BB9D8F95-A660-020E-6119-4A8ED1D8022F}"
"507523","700719","Kathy","","Beery","","","none","Not employed","Harrisonburg, VA","741 Northfield Court","","Harrisonburg","VA","22802","True","07/28/2026","600.00","636.00","13279486","","{BB9D8F95-A660-020E-6119-4A8ED1D8022F}"
"507523","700721","Martha","","Shaw","","","NIH","Health Care Administrator","Washington, DC","1731 Lamont Street NW","","Washington","DC","20010","True","07/18/2026","500.00","500.00","13279487","","{BB9D8F95-A660-020E-6119-4A8ED1D8022F}"
"507523","700721","Martha","","Shaw","","","NIH","Health Care Administrator","Washington, DC","1731 Lamont Street NW","","Washington","DC","20010","True","07/20/2026","600.00","1100.00","13279488","","{BB9D8F95-A660-020E-6119-4A8ED1D8022F}"
"507523","700721","Martha","","Shaw","","","NIH","Health Care Administrator","Washington, DC","1731 Lamont Street NW","","Washington","DC","20010","True","09/06/2026","50.00","1150.00","13279489","","{BB9D8F95-A660-020E-6119-4A8ED1D8022F}"
"507523","709419","Esther","","Minskoff","","","none","retired","Rockingham, VA","3440 Lake Pointe Drive","","Harrisonburg","VA","22801","True","08/12/2026","600.00","638.00","13279490","","{BB9D8F95-A660-020E-6119-4A8ED1D8022F}"
"507523","711585","Sandra","","Hodge","","","Retired","None","Rockingham, VA","70 Clear View Drive","","Rockingham","VA","22802","True","08/17/2026","600.00","600.00","13279491","","{BB9D8F95-A660-020E-6119-4A8ED1D8022F}"
"507523","712137","Lyman","","Grant","","","None","Not employed","Harrisonburg, VA","22 East Weaver Ave","","Harrisonburg","VA","22801","True","09/06/2026","25.00","112.00","13279492","","{BB9D8F95-A660-020E-6119-4A8ED1D8022F}"
"507523","924493","Marian Bodkin","","Rabeno","","","MedStar Southern MD Hospital","RN","Clinton, MD","2170 Reserve Circle","Unit 202","Rockingham","VA","22801","True","07/28/2026","125.00","162.00","13279493","","{BB9D8F95-A660-020E-6119-4A8ED1D8022F}"
"507523","1149063","Jon Dana","","McCarron","","","none","none","Fulks Run, VA","6402 Northwoods Hollow","","Fulks Run","VA","22830","True","07/03/2026","12.00","108.00","13279494","","{BB9D8F95-A660-020E-6119-4A8ED1D8022F}"
"507523","1161199","Wendy","","Reidler","","","None","None","Harrisonburg, VA","1181 King Edwards Way","","Harrisonburg","VA","22801","True","07/20/2026","75.00","110.00","13279495","","{BB9D8F95-A660-020E-6119-4A8ED1D8022F}"
"507523","1161200","Jacob","","Cooke","","","DPVA","Regional organizer","Stuarts Draft, VA","1482 Stuarts Draft Hwy","","Stuarts Draft","VA","24477","True","08/26/2026","150.00","170.00","13279496","","{BB9D8F95-A660-020E-6119-4A8ED1D8022F}"
"507523","1161675","Earl","","Zimmerman","","","none","None","Rockingham, VA","3440 White Oak Drive","","Harrisonburg","VA","22801","True","08/22/2026","150.00","150.00","13279497","","{BB9D8F95-A660-020E-6119-4A8ED1D8022F}"
"507523","1162687","Janet","","Awkard-Rogers","","","Bridgewater College","Student Accounts Coordinator","Bridgewater, VA","4550 Andergren Drive","","Harrisonburg","VA","22801","True","07/02/2026","6.00","106.00","13279498","","{BB9D8F95-A660-020E-6119-4A8ED1D8022F}"
"507523","1163121","Ken","","Mitchell","","","none","not employed","Harrisonburg, VA","850 W. Market Street","","Harrisonburg","VA","22801","True","08/23/2026","150.00","150.00","13279499","","{BB9D8F95-A660-020E-6119-4A8ED1D8022F}"
"507523","1205805","Andrew","","Payton","","","self","Learning Designer","Harrisonburg, VA","411 Ohio Ave","","Harrisonburg","VA","22801","True","08/10/2026","100.00","184.00","13279500","","{BB9D8F95-A660-020E-6119-4A8ED1D8022F}"
"507523","1205805","Andrew","","Payton","","","self","Learning Designer","Harrisonburg, VA","411 Ohio Ave","","Harrisonburg","VA","22801","True","09/06/2026","20.00","204.00","13279501","","{BB9D8F95-A660-020E-6119-4A8ED1D8022F}"
"507523","1220159","Sarah","","Bowman","","","Alvaka","Project manager","Irvine, CA","2407 Isaac Lane","","Rockingham","VA","22801","True","09/06/2026","275.00","373.00","13279502","","{BB9D8F95-A660-020E-6119-4A8ED1D8022F}"
"507523","1222116","Jena","","Crisler","","","AGH","Physician","Port Republic, VA","PO box 9","","Port Republic","VA","24441","True","08/23/2026","200.00","296.00","13279503","","{BB9D8F95-A660-020E-6119-4A8ED1D8022F}"
"507523","1225659","Susan","","Gallaher","","","none","Not employed","Fulks Run, VA","9458 Hopkins Gap Road","","Fulks Run","VA","22830","True","08/28/2026","200.00","200.00","13279504","","{BB9D8F95-A660-020E-6119-4A8ED1D8022F}"
"507523","1225661","Beverly","","MacLeod","","","None","None","Rockingham, VA","2302 Massanetta Springs Rd","","Rockingham","VA","22801","True","08/10/2026","200.00","200.00","13279505","","{BB9D8F95-A660-020E-6119-4A8ED1D8022F}"
"507523","1226474","Lorrie","","Getter-Howe","","","None","None","Rockingham, Va","2090 Tailor Drive","","Rockingham","VA","22801","True","07/28/2026","200.00","200.00","13279506","","{BB9D8F95-A660-020E-6119-4A8ED1D8022F}"
"507523","1226475","Dianna","","Green","","","None","None","McLean,VA","7927 Falstaff Road","","McLean","VA","22102","True","07/19/2026","160.00","202.00","13279507","","{BB9D8F95-A660-020E-6119-4A8ED1D8022F}"
"507523","1227600","Alex","","Bastani","","","None","None","Falls Church, VA","2809 Lee Oaks Court","Unit 102","Falls Church","VA","22046","True","07/24/2026","1000.00","1250.00","13279508","","{BB9D8F95-A660-020E-6119-4A8ED1D8022F}"
"507523","1228448","Ralph","","Hensley","","","None","None","Dayton, VA","379 High Street","","Dayton","VA","22821","True","07/02/2026","70.00","130.00","13279509","","{BB9D8F95-A660-020E-6119-4A8ED1D8022F}"
"507523","1228448","Ralph","","Hensley","","","None","None","Dayton, VA","379 High Street","","Dayton","VA","22821","True","07/24/2026","600.00","730.00","13279510","","{BB9D8F95-A660-020E-6119-4A8ED1D8022F}"
"507523","1228448","Ralph","","Hensley","","","None","None","Dayton, VA","379 High Street","","Dayton","VA","22821","True","08/20/2026","600.00","1330.00","13279511","","{BB9D8F95-A660-020E-6119-4A8ED1D8022F}"
"507523","1228448","Ralph","","Hensley","","","None","None","Dayton, VA","379 High Street","","Dayton","VA","22821","True","08/24/2026","600.00","1930.00","13279512","","{BB9D8F95-A660-020E-6119-4A8ED1D8022F}"
"507523","1228448","Ralph","","Hensley","","","None","None","Dayton, VA","379 High Street","","Dayton","VA","22821","True","09/06/2026","500.00","2430.00","13279513","","{BB9D8F95-A660-020E-6119-4A8ED1D8022F}"
"507523","1297082","Pamela","","Southard","","","none","none","Mt. Crawford, VA","4301 Timber Ridge Drive","","Mt. Crawford","VA","22841","True","08/20/2026","150.00","174.00","13279514","","{BB9D8F95-A660-020E-6119-4A8ED1D8022F}"
"507523","1309269","Damian","","Dirschel","","","None","None","Rockingham, VA","3189 Windy Heights Lane","","Rockingham","VA","22802","True","07/26/2026","150.00","150.00","13279515","","{BB9D8F95-A660-020E-6119-4A8ED1D8022F}"
"507523","1310094","Marlon","","Copeland","","","Unjaded Digital Products","Software Engineer","Harrisonburg, VA","1130 Decca Dr.","","Harrisonburg","VA","22801","True","08/05/2026","150.00","150.00","13279516","","{BB9D8F95-A660-020E-6119-4A8ED1D8022F}"
"507523","1310371","Joy","","Marino","","","None","None","Roanoke, VA","25 Sturgis Street","","Roanoke","VA","24012","True","08/18/2026","75.00","150.00","13279517","","{BB9D8F95-A660-020E-6119-4A8ED1D8022F}"
"507523","1310373","Chuck","","Simpson","","","Verizon","Customer Service","Roanoke, VA","2046 Kenwood Blvd","","Roanoke","VA","24013","True","08/17/2026","150.00","150.00","13279518","","{BB9D8F95-A660-020E-6119-4A8ED1D8022F}"
"507523","1310373","Chuck","","Simpson","","","Verizon","Customer Service","Roanoke, VA","2046 Kenwood Blvd","","Roanoke","VA","24013","True","09/06/2026","100.00","250.00","13279519","","{BB9D8F95-A660-020E-6119-4A8ED1D8022F}"
"507523","1310374","Elizabeth","","Brown","","","Page County Public Schools","teacher","Luray, VA","222 Valley Crest Drive","","Rileyville","VA","22650","True","08/16/2026","150.00","150.00","13279520","","{BB9D8F95-A660-020E-6119-4A8ED1D8022F}"
"507523","1310377","Jane","Ellen","Reid","","","None","None","Dayton,VA","255 High Street","","Dayton","VA","22821","True","08/16/2026","30.00","105.00","13279521","","{BB9D8F95-A660-020E-6119-4A8ED1D8022F}"
"507523","1310377","Jane","Ellen","Reid","","","None","None","Dayton,VA","255 High Street","","Dayton","VA","22821","True","09/09/2026","25.00","130.00","13279522","","{BB9D8F95-A660-020E-6119-4A8ED1D8022F}"
"507523","1311524","Nancy","","Fox","","","none","None","Waynesboro, VA","2640 Lyndhurst Road","","Waynesboro","VA","22980","True","08/29/2026","150.00","150.00","13279523","","{BB9D8F95-A660-020E-6119-4A8ED1D8022F}"
"507523","1311525","Erin","","Conley","","","James Madison University","Education","Harrisonburg, VA","495 South Mason Street","","Harrisonburg","VA","22801","True","08/29/2026","225.00","225.00","13279524","","{BB9D8F95-A660-020E-6119-4A8ED1D8022F}"
"507523","1311525","Erin","","Conley","","","James Madison University","Education","Harrisonburg, VA","495 South Mason Street","","Harrisonburg","VA","22801","True","09/06/2026","30.00","255.00","13279525","","{BB9D8F95-A660-020E-6119-4A8ED1D8022F}"
"507523","1311531","Anne","","Gordon","","","none","None","Mt. Sidney, VA","383 Cline River Road","","Mt. Sidney","VA","24467","True","08/26/2026","150.00","150.00","13279526","","{BB9D8F95-A660-020E-6119-4A8ED1D8022F}"
"507523","1311535","Hugh","","Westfall","","","None","None","Harrisonburg, VA","1440 Shank Drive","","Harrisonburg","VA","22802","True","08/24/2026","200.00","200.00","13279527","","{BB9D8F95-A660-020E-6119-4A8ED1D8022F}"
"507523","1311535","Hugh","","Westfall","","","None","None","Harrisonburg, VA","1440 Shank Drive","","Harrisonburg","VA","22802","True","09/06/2026","25.00","225.00","13279528","","{BB9D8F95-A660-020E-6119-4A8ED1D8022F}"
"507523","1311537","Dayna","","Patrick","","","Self","Realtor","Daleville, VA","136 VFW Road","","Daleville","VA","24083","True","08/20/2026","150.00","150.00","13279529","","{BB9D8F95-A660-020E-6119-4A8ED1D8022F}"
"507523","1311537","Dayna","","Patrick","","","Self","Realtor","Daleville, VA","136 VFW Road","","Daleville","VA","24083","True","09/06/2026","30.00","180.00","13279530","","{BB9D8F95-A660-020E-6119-4A8ED1D8022F}"
"507523","1311538","Dina","","Imbriani","","","self","Business owner","Catawba, VA","2219 Carter Road","","Roanoke","VA","24015","True","09/06/2026","55.00","130.00","13279531","","{BB9D8F95-A660-020E-6119-4A8ED1D8022F}"
"507523","1311539","Johna","","Campbell","","","self","Human Resources","Richmond, VA","4009 Wythe Ave","","Richmond","VA","23221","True","09/06/2026","60.00","135.00","13279532","","{BB9D8F95-A660-020E-6119-4A8ED1D8022F}"
"507523","1311540","Bonnie","","Burchfield","","","none","None","Dayton, VA","3675 Valley Overlook Drive","","Dayton","VA","22821","True","08/20/2026","600.00","600.00","13279533","","{BB9D8F95-A660-020E-6119-4A8ED1D8022F}"
"507523","1313412","Nadia","","Dames","","","none","None","Mt. Crawford, VA","20 Bridle Bit Lane","","Mt. Crawford","VA","22841","True","09/06/2026","250.00","250.00","13279534","","{BB9D8F95-A660-020E-6119-4A8ED1D8022F}"
"507523","1313413","Stan","","Farthing","","","Augusta Stone Presbyterian Church","Pastor","Ft. Defiance, VA","377 College Street","","Dayton","VA","22821","True","09/06/2026","150.00","150.00","13279535","","{BB9D8F95-A660-020E-6119-4A8ED1D8022F}"
"507523","1313413","Stan","","Farthing","","","Augusta Stone Presbyterian Church","Pastor","Ft. Defiance, VA","377 College Street","","Dayton","VA","22821","True","09/06/2026","35.00","185.00","13279536","","{BB9D8F95-A660-020E-6119-4A8ED1D8022F}"
"507523","1313413","Stan","","Farthing","","","Augusta Stone Presbyterian Church","Pastor","Ft. Defiance, VA","377 College Street","","Dayton","VA","22821","True","09/06/2026","110.00","295.00","13279537","","{BB9D8F95-A660-020E-6119-4A8ED1D8022F}"
"507523","1313414","Jerrilyn","","MacDanel","","","None","None","Rockingham, VA","3125 Arrowhead Road","","Harrisonburg","VA","22801","True","09/06/2026","270.00","270.00","13279538","","{BB9D8F95-A660-020E-6119-4A8ED1D8022F}"
"507523","1313414","Jerrilyn","","MacDanel","","","None","None","Rockingham, VA","3125 Arrowhead Road","","Harrisonburg","VA","22801","True","09/06/2026","90.00","360.00","13279539","","{BB9D8F95-A660-020E-6119-4A8ED1D8022F}"
"507523","1313415","Maher","","Sanchez-Galindez","","","none","none","Bridgewater, VA","302 N. Sandstone Lane","","Bridgewater","VA","22812","True","09/06/2026","250.00","250.00","13279540","","{BB9D8F95-A660-020E-6119-4A8ED1D8022F}"
"507539","337276","James","","Doyle","","","Ross Video","Manager","Glen Allen, VA","2911 Murano Way","","Glen Allen","VA","23059","True","09/12/2026","20.00","460.00","13280229","","{530C8297-9BA2-45D4-CA2C-ECC70415C4DF}"
"507539","337286","Caroline","","Pruett","","","Commonwealth of Virginia","Legal Analyst","Henrico, VA","4908 Finnegan Ct","","Henrico","VA","23228","True","08/16/2026","90.00","130.00","13280230","","{530C8297-9BA2-45D4-CA2C-ECC70415C4DF}"
"507539","337286","Caroline","","Pruett","","","Commonwealth of Virginia","Legal Analyst","Henrico, VA","4908 Finnegan Ct","","Henrico","VA","23228","True","09/15/2026","5.00","135.00","13280231","","{530C8297-9BA2-45D4-CA2C-ECC70415C4DF}"
"507539","349493","Madigan","","Cochran","","","Goulet Pen Company","Social Media Manager & Copywriter","Ashland, VA","2322 Hilliard Rd.","","Henrico","VA","23228","True","08/09/2026","180.00","180.00","13280232","","{530C8297-9BA2-45D4-CA2C-ECC70415C4DF}"
"507539","355369","","","Glen Allen Cultural Arts Center","","","","Cultural Arts Center","Glen Allen, VA","2880 Mountain Road","Box 1249","Glen Allen","VA","23060","False","09/25/2026","250.00","250.00","13280233","","{530C8297-9BA2-45D4-CA2C-ECC70415C4DF}"
"507539","370957","Claiborne","","Yarbrough","","","Barefoot Technologies","Director of Sales","Richmond, VA","9402 Midvale Rd","","Henrico","VA","23229","True","08/27/2026","90.00","130.00","13280234","","{530C8297-9BA2-45D4-CA2C-ECC70415C4DF}"
"507539","370957","Claiborne","","Yarbrough","","","Barefoot Technologies","Director of Sales","Richmond, VA","9402 Midvale Rd","","Henrico","VA","23229","True","09/11/2026","5.00","135.00","13280235","","{530C8297-9BA2-45D4-CA2C-ECC70415C4DF}"
"507539","478038","Jackson","","Reasor","","","N/A","Retired","Glen Allen, VA","5601 Olde Hartley Way","","Glen Allen","VA","23060","True","08/23/2026","2500.00","2500.00","13280236","","{530C8297-9BA2-45D4-CA2C-ECC70415C4DF}"
"507539","479516","Jennifer","","Miller","","","Capital One","Learning Manager","Richmond, VA","10116 Berrymeade Hills Terr","","Glen Allen","VA","23060","True","09/29/2026","100.00","190.00","13280237","","{530C8297-9BA2-45D4-CA2C-ECC70415C4DF}"
"507539","516549","Charles","","Small","","","ACS West","Community Manager","Richmond, VA","9302 Farmington Dr","","Henrico","VA","23229","True","09/09/2026","140.00","140.00","13280238","","{530C8297-9BA2-45D4-CA2C-ECC70415C4DF}"
"507539","544555","","","Willett for Delegate","","","","PAC","Richmond, VA","1 Raven Rock Ln","","Richmond","VA","23229","False","09/11/2026","2500.00","2500.00","13280239","","{530C8297-9BA2-45D4-CA2C-ECC70415C4DF}"
"507539","571740","David","","Aldridge","","","Virginia Coalition for Progressive Values","Executive Director","Richmond, VA","10803 N Bank Rd","","Richmond","VA","23238","True","09/01/2026","140.00","170.00","13280240","","{530C8297-9BA2-45D4-CA2C-ECC70415C4DF}"
"507539","571741","Martha","Cole","Glenn","","","N/A","Retired","N/A","2300 Cedarfield Pkwy","#231","Henrico","VA","23233","True","09/28/2026","50.00","110.00","13280241","","{530C8297-9BA2-45D4-CA2C-ECC70415C4DF}"
"507539","591095","Jane","","Buck","","","N/A","N/A","Henrico, VA","2407 Capehart Rd","","Henrico","VA","23294","True","07/11/2026","25.00","175.00","13280242","","{530C8297-9BA2-45D4-CA2C-ECC70415C4DF}"
"507539","591095","Jane","","Buck","","","N/A","N/A","Henrico, VA","2407 Capehart Rd","","Henrico","VA","23294","True","08/11/2026","25.00","200.00","13280243","","{530C8297-9BA2-45D4-CA2C-ECC70415C4DF}"
"507539","591095","Jane","","Buck","","","N/A","N/A","Henrico, VA","2407 Capehart Rd","","Henrico","VA","23294","True","09/11/2026","25.00","225.00","13280244","","{530C8297-9BA2-45D4-CA2C-ECC70415C4DF}"
"507539","599357","Scott","","Gregory","","","Page Autogroup","Sales Consultant","Henrico, VA","7048 Hepworth Dr","","Henrico","VA","23223","True","08/29/2026","140.00","140.00","13280245","","{530C8297-9BA2-45D4-CA2C-ECC70415C4DF}"
"507539","673344","Dawn-Marie","","Bey","","","Bey & Cotropia","Lawyer","Richmond, VA","213 Bayly Ct","","Richmond","VA","23229","True","07/08/2026","25.00","175.00","13280246","","{530C8297-9BA2-45D4-CA2C-ECC70415C4DF}"
"507539","673344","Dawn-Marie","","Bey","","","Bey & Cotropia","Lawyer","Richmond, VA","213 Bayly Ct","","Richmond","VA","23229","True","08/08/2026","25.00","200.00","13280247","","{530C8297-9BA2-45D4-CA2C-ECC70415C4DF}"
"507539","673344","Dawn-Marie","","Bey","","","Bey & Cotropia","Lawyer","Richmond, VA","213 Bayly Ct","","Richmond","VA","23229","True","09/08/2026","25.00","225.00","13280248","","{530C8297-9BA2-45D4-CA2C-ECC70415C4DF}"
"507539","673416","John","","Preis","","","Univ of Richmond","Teacher","Henrico, VA","7719 Rock Creek Rd","","Henrico","VA","23229","True","08/18/2026","180.00","180.00","13280249","","{530C8297-9BA2-45D4-CA2C-ECC70415C4DF}"
"507539","681303","Sally","","Burgess","Ms","","Highland Springs","Teacher","Highland Springs","5401 Coopers Walk Lane","","Richmond","VA","23230","True","09/27/2026","50.00","150.00","13280250","","{530C8297-9BA2-45D4-CA2C-ECC70415C4DF}"
"507539","681308","Eileen","","Davis","Ms","","None","None","None","12445 Perrywinkle Road","","Glen Allen","VA","23059","True","08/10/2026","180.00","180.00","13280251","","{530C8297-9BA2-45D4-CA2C-ECC70415C4DF}"
"507539","732602","Teresa","","Gancsos","Ms.","","None","None","None","201 South Gaskins Rd","","Henrico","VA","23238","True","09/22/2026","250.00","250.00","13280252","","{530C8297-9BA2-45D4-CA2C-ECC70415C4DF}"
"507539","906474","Michael","","Keegan","Mr","","None","None","None","2844 Hampton Woods Drive","","Richmond","VA","23233","True","08/09/2026","140.00","140.00","13280253","","{530C8297-9BA2-45D4-CA2C-ECC70415C4DF}"
"507539","906474","Michael","","Keegan","Mr","","None","None","None","2844 Hampton Woods Drive","","Richmond","VA","23233","True","09/13/2026","500.00","640.00","13280254","","{530C8297-9BA2-45D4-CA2C-ECC70415C4DF}"
"507539","918742","Stephen","","Gura","Mr","","None","None","None","9311 Venetian Way","","Richmond","VA","23229-6020","True","09/17/2026","25.00","115.00","13280255","","{530C8297-9BA2-45D4-CA2C-ECC70415C4DF}"
"507539","968985","Melodie","","Thigpen","","","Self","Business Consultant","Richmond, VA","2817 Dover Hunt Place","","Richmond","VA","23233","True","09/15/2026","100.00","200.00","13280256","","{530C8297-9BA2-45D4-CA2C-ECC70415C4DF}"
"507539","968985","Melodie","","Thigpen","","","Self","Business Consultant","Richmond, VA","2817 Dover Hunt Place","","Richmond","VA","23233","True","09/28/2026","100.00","300.00","13280257","","{530C8297-9BA2-45D4-CA2C-ECC70415C4DF}"
"507539","977203","Destiny","LeVere","Bolling","","","Virginia AFL-CIO","Communications Director","Richmond, VA","112 Point Hollow Pl.","","Henrico","VA","23227","True","09/09/2026","280.00","280.00","13280258","","{530C8297-9BA2-45D4-CA2C-ECC70415C4DF}"
"507539","1000331","Jody","","Rogish","","","Impact Makers","Consultant","Richmond, VA","205 Bayly Ct","","Henrico","VA","23229","True","08/30/2026","140.00","140.00","13280259","","{530C8297-9BA2-45D4-CA2C-ECC70415C4DF}"
"507539","1032693","","","VanValkenburg for Virginia","","","","Political Action Committee","Henrico, VA","8736 Springwater Dr","","Henrico","VA","23228","False","09/11/2026","1500.00","1500.00","13280260","","{530C8297-9BA2-45D4-CA2C-ECC70415C4DF}"
"507539","1049672","Ryan","","Young","","","Costar Group","Consultant","Richmond, VA","309 Hummingbird Rd","","Henrico","VA","23227","True","09/06/2026","280.00","280.00","13280261","","{530C8297-9BA2-45D4-CA2C-ECC70415C4DF}"
"507539","1079196","","","Clean Virginia","","","","PAC","Charlottesville, VA","213 7th Street NE","","Charlottesville","VA","22902","False","09/01/2026","2500.01","2500.01","13280262","","{530C8297-9BA2-45D4-CA2C-ECC70415C4DF}"
"507539","1086230","Amy","","Boyle","","","HCPS","Temp Employee","Henrico, VA","8212 Yolanda Road","","Richmond","VA","23229","True","08/09/2026","180.00","180.00","13280263","","{530C8297-9BA2-45D4-CA2C-ECC70415C4DF}"
"507539","1086230","Amy","","Boyle","","","HCPS","Temp Employee","Henrico, VA","8212 Yolanda Road","","Richmond","VA","23229","True","09/14/2026","25.00","205.00","13280264","","{530C8297-9BA2-45D4-CA2C-ECC70415C4DF}"
"507539","1088853","Laura","","Meyers","","","None","None","None","7710 Wood Road","","Henrico","VA","23229","True","08/30/2026","200.00","200.00","13280265","","{530C8297-9BA2-45D4-CA2C-ECC70415C4DF}"
"507539","1088853","Laura","","Meyers","","","None","None","None","7710 Wood Road","","Henrico","VA","23229","True","09/28/2026","250.00","450.00","13280266","","{530C8297-9BA2-45D4-CA2C-ECC70415C4DF}"
"507539","1111228","Kyle","","Gigliotti","","","Independent Container Line","Commercial Manager","Glen Allen, VA","2710 Stuart Avenue","Unit 7","Richmond","VA","23220","True","07/08/2026","20.00","140.00","13280267","","{530C8297-9BA2-45D4-CA2C-ECC70415C4DF}"
"507539","1111228","Kyle","","Gigliotti","","","Independent Container Line","Commercial Manager","Glen Allen, VA","2710 Stuart Avenue","Unit 7","Richmond","VA","23220","True","08/08/2026","20.00","160.00","13280268","","{530C8297-9BA2-45D4-CA2C-ECC70415C4DF}"
"507539","1111228","Kyle","","Gigliotti","","","Independent Container Line","Commercial Manager","Glen Allen, VA","2710 Stuart Avenue","Unit 7","Richmond","VA","23220","True","09/08/2026","20.00","180.00","13280269","","{530C8297-9BA2-45D4-CA2C-ECC70415C4DF}"
"507539","1113821","Jared","","Grigg","","","Virginia Commonwealth University","Administrative Coordinator","Richmond, VA","5900 Patterson Avenue","","Richmond","VA","23226","True","07/08/2026","5.00","105.00","13280270","","{530C8297-9BA2-45D4-CA2C-ECC70415C4DF}"
"507539","1113821","Jared","","Grigg","","","Virginia Commonwealth University","Administrative Coordinator","Richmond, VA","5900 Patterson Avenue","","Richmond","VA","23226","True","08/04/2026","10.00","115.00","13280271","","{530C8297-9BA2-45D4-CA2C-ECC70415C4DF}"
"507539","1113821","Jared","","Grigg","","","Virginia Commonwealth University","Administrative Coordinator","Richmond, VA","5900 Patterson Avenue","","Richmond","VA","23226","True","08/08/2026","5.00","120.00","13280272","","{530C8297-9BA2-45D4-CA2C-ECC70415C4DF}"
"507539","1113821","Jared","","Grigg","","","Virginia Commonwealth University","Administrative Coordinator","Richmond, VA","5900 Patterson Avenue","","Richmond","VA","23226","True","09/04/2026","10.00","130.00","13280273","","{530C8297-9BA2-45D4-CA2C-ECC70415C4DF}"
"507539","1113821","Jared","","Grigg","","","Virginia Commonwealth University","Administrative Coordinator","Richmond, VA","5900 Patterson Avenue","","Richmond","VA","23226","True","09/08/2026","5.00","135.00","13280274","","{530C8297-9BA2-45D4-CA2C-ECC70415C4DF}"
"507539","1120899","Kathleen","","Morand","","","J. Sergeant Reynolds Community College","Instructional Computer Associate","Henrico, VA","7001 Marcliff Ct","Apt 104","Henrico","VA","23228","True","09/11/2026","140.00","140.00","13280275","","{530C8297-9BA2-45D4-CA2C-ECC70415C4DF}"
"507539","1120965","Polly","","Dieter","","","Henrico Public Schools","Instructional Assistant","Glen Allen, VA","2400 Vollmer Rd","","Henrico","VA","23229","True","08/09/2026","180.00","180.00","13280276","","{530C8297-9BA2-45D4-CA2C-ECC70415C4DF}"
"507539","1120965","Polly","","Dieter","","","Henrico Public Schools","Instructional Assistant","Glen Allen, VA","2400 Vollmer Rd","","Henrico","VA","23229","True","09/13/2026","25.00","205.00","13280277","","{530C8297-9BA2-45D4-CA2C-ECC70415C4DF}"
"507539","1120977","Anne","","Norris","","","None","None","None","402 Berwickshire Drive","","Henrico","VA","23229","True","09/06/2026","50.00","110.00","13280278","","{530C8297-9BA2-45D4-CA2C-ECC70415C4DF}"
"507539","1150289","May","","Nivar","","","Altria","Senior Manager","Richmond, VA","1125 Broad Hill Trace","","Henrico","VA","23233","True","08/22/2026","200.00","200.00","13280279","","{530C8297-9BA2-45D4-CA2C-ECC70415C4DF}"
"507539","1166637","Katharine","","Baker","","","Self Employed","Consultant","Glen Allen, VA","P.O. Box 6661","","Glen Allen","VA","23058","True","09/03/2026","140.00","240.00","13280280","","{530C8297-9BA2-45D4-CA2C-ECC70415C4DF}"
"507539","1166637","Katharine","","Baker","","","Self Employed","Consultant","Glen Allen, VA","P.O. Box 6661","","Glen Allen","VA","23058","True","09/28/2026","100.00","340.00","13280281","","{530C8297-9BA2-45D4-CA2C-ECC70415C4DF}"
"507539","1166640","Toni","","Schmiegelow","","","Retired","Retired","N/A","1900 Lauderdale Dr","Apt B-113","Henrico","VA","23238","True","08/09/2026","140.00","140.00","13280282","","{530C8297-9BA2-45D4-CA2C-ECC70415C4DF}"
"507539","1171408","Julie","","Edwards","","","Henrico Doctors' Hospital","Nurse Practitioner","Henrico, VA","5004 Distillers Ln","Unit B","Henrico","VA","23230","True","09/03/2026","300.00","300.00","13280283","","{530C8297-9BA2-45D4-CA2C-ECC70415C4DF}"
"507539","1171520","Tracey","","Fatzinger","","","Spectrum Transformation Group","Psychologist","North Chesterfield, VA","4919 Park Meadows Ln","","Glen Allen","VA","23059","True","09/02/2026","250.00","250.00","13280284","","{530C8297-9BA2-45D4-CA2C-ECC70415C4DF}"
"507539","1199650","Donna","","Bruffey","","","N/A","Retired","N/A","2109 Hungary Rd","","Richmond","VA","23228","True","07/11/2026","30.00","210.00","13280285","","{530C8297-9BA2-45D4-CA2C-ECC70415C4DF}"
"507539","1199650","Donna","","Bruffey","","","N/A","Retired","N/A","2109 Hungary Rd","","Richmond","VA","23228","True","08/11/2026","30.00","240.00","13280286","","{530C8297-9BA2-45D4-CA2C-ECC70415C4DF}"
"507539","1199650","Donna","","Bruffey","","","N/A","Retired","N/A","2109 Hungary Rd","","Richmond","VA","23228","True","09/11/2026","30.00","270.00","13280287","","{530C8297-9BA2-45D4-CA2C-ECC70415C4DF}"
"507539","1201456","Marcia","","Richardson","","","Self","Freelance Consultant","Henrico, VA","2016 Milbank Rd","","Henrico","VA","23229","True","08/23/2026","140.00","165.00","13280288","","{530C8297-9BA2-45D4-CA2C-ECC70415C4DF}"
"507539","1208835","David","","Crews","","","Cincinnati Insurances","Claims Adjuster","Richmond, VA","12000 Marnelan Dr","","Richmond","VA","23223","True","08/30/2026","140.00","140.00","13280289","","{530C8297-9BA2-45D4-CA2C-ECC70415C4DF}"
"507539","1214169","Sarah","","Brixey","","","CDW","Management Consultant","Henrico, VA","9708 Old Dell Trace","","Henrico","VA","23238","True","07/21/2026","30.00","180.00","13280290","","{530C8297-9BA2-45D4-CA2C-ECC70415C4DF}"
"507539","1214169","Sarah","","Brixey","","","CDW","Management Consultant","Henrico, VA","9708 Old Dell Trace","","Henrico","VA","23238","True","08/21/2026","30.00","210.00","13280291","","{530C8297-9BA2-45D4-CA2C-ECC70415C4DF}"
"507539","1214169","Sarah","","Brixey","","","CDW","Management Consultant","Henrico, VA","9708 Old Dell Trace","","Henrico","VA","23238","True","09/21/2026","30.00","240.00","13280292","","{530C8297-9BA2-45D4-CA2C-ECC70415C4DF}"
"507539","1232338","Salaam","","Bhatti","","","Bhatti for Congress","Candidate","Henrico, VA","P.O. Box 29142","","Henrico","VA","23242","True","09/03/2026","140.00","140.00","13280293","","{530C8297-9BA2-45D4-CA2C-ECC70415C4DF}"
"507539","1270817","Megan","","Keaveney","","","Delta Airport Consultants, Inc.","Engineer","Richmond, VA","3900 Vawter Ave","","Richmond","VA","23222","True","07/09/2026","30.00","210.00","13280294","","{530C8297-9BA2-45D4-CA2C-ECC70415C4DF}"
"507539","1270817","Megan","","Keaveney","","","Delta Airport Consultants, Inc.","Engineer","Richmond, VA","3900 Vawter Ave","","Richmond","VA","23222","True","08/09/2026","30.00","240.00","13280295","","{530C8297-9BA2-45D4-CA2C-ECC70415C4DF}"
"507539","1270817","Megan","","Keaveney","","","Delta Airport Consultants, Inc.","Engineer","Richmond, VA","3900 Vawter Ave","","Richmond","VA","23222","True","09/09/2026","30.00","270.00","13280296","","{530C8297-9BA2-45D4-CA2C-ECC70415C4DF}"
"507539","1274613","Charlotte","","Graham","","","UVA Medical Center","Hospital Manager","Henrico, VA","2418 Kenmore Rd","","Henrico","VA","23228","True","09/28/2026","250.00","250.00","13280297","","{530C8297-9BA2-45D4-CA2C-ECC70415C4DF}"
"507539","1275795","Nina","","Bacote","","","Dept of Veterans Affairs","Procurement Analyst","Fredericksburg, VA","7306 Birch Point Dr","","Henrico","VA","23228","True","08/17/2026","180.00","180.00","13280298","","{530C8297-9BA2-45D4-CA2C-ECC70415C4DF}"
"507539","1275938","Karen","","Buesing","","","Self","Attorney","Glen Allen, VA","11084 Ellis Meadows Ln","","Glen Allen","VA","23059","True","08/19/2026","1500.00","1500.00","13280299","","{530C8297-9BA2-45D4-CA2C-ECC70415C4DF}"
"507539","1285564","Kathryn","","Kerkering","","","VA Tech","Pediatrician","Roanoke, VA","1914 Grove Hill Rd","","Fincastle","VA","24090","True","08/24/2026","90.00","150.00","13280300","","{530C8297-9BA2-45D4-CA2C-ECC70415C4DF}"
"507539","1285564","Kathryn","","Kerkering","","","VA Tech","Pediatrician","Roanoke, VA","1914 Grove Hill Rd","","Fincastle","VA","24090","True","09/28/2026","100.00","250.00","13280301","","{530C8297-9BA2-45D4-CA2C-ECC70415C4DF}"
"507539","1285565","Joyce","","Major","","","Joyce Major & Associates","Management Consultant","Glen Allen, VA","11808 Westcott Landing Ct","","Glen Allen","VA","23059","True","09/04/2026","280.00","340.00","13280302","","{530C8297-9BA2-45D4-CA2C-ECC70415C4DF}"
"507539","1311551","Martha","","Shotwell","","","N/A","Retired","N/A","11419 Wood Brook Rd","","Glen Allen","VA","23059","True","08/18/2026","180.00","180.00","13280303","","{530C8297-9BA2-45D4-CA2C-ECC70415C4DF}"
"507539","1311551","Martha","","Shotwell","","","N/A","Retired","N/A","11419 Wood Brook Rd","","Glen Allen","VA","23059","True","09/28/2026","25.00","205.00","13280304","","{530C8297-9BA2-45D4-CA2C-ECC70415C4DF}"
"507539","1311555","Elise","","Vess","","","Shannon Taylor for VA","Candidate Committee","Midlothian, VA","1103 Johanna Bay Dr","","Midlothian","VA","23114","True","08/24/2026","750.00","750.00","13280305","","{530C8297-9BA2-45D4-CA2C-ECC70415C4DF}"
"507539","1311558","Barbara","","Tulli","","","Henrico County Public Schools","Elementary Librarian","Henrico, VA","2300 Cedarfield Pkwy","Apt 273","Henrico","VA","23233","True","08/27/2026","90.00","180.00","13280306","","{530C8297-9BA2-45D4-CA2C-ECC70415C4DF}"
"507539","1311559","Carol","","Dunlap","","","Goochland Cares","Family Services Director","Goochland, VA","1108 Ridgecrest Dr","","Henrico","VA","23229","True","08/28/2026","140.00","140.00","13280307","","{530C8297-9BA2-45D4-CA2C-ECC70415C4DF}"
"507539","1313189","Glen","","Besa","","","Brunckhorst Foundation","Executive Director","North Chesterfield, VA","4896 Burnham Rd","","North Chesterfield","VA","23234","True","08/31/2026","140.00","140.00","13280308","","{530C8297-9BA2-45D4-CA2C-ECC70415C4DF}"
"507539","1314066","","","McClellan for Congress","","","","PAC","Richmond, VA","P.O. Box 818","","Richmond","VA","23218","False","09/11/2026","1500.00","1500.00","13280309","","{530C8297-9BA2-45D4-CA2C-ECC70415C4DF}"
"507539","1318022","Quan","","Schneider","","","Altria Group","Sales","Richmond, VA","12132 Manor Glen Ln","","Glen Allen","VA","23059","True","09/08/2026","140.00","140.00","13280310","","{530C8297-9BA2-45D4-CA2C-ECC70415C4DF}"
"507539","1318024","Beth","","Miksovic","","","Capital One","Risk Manager","Glen Allen, VA","10726 Brookley Rd","","Glen Allen","VA","23060","True","09/09/2026","140.00","140.00","13280311","","{530C8297-9BA2-45D4-CA2C-ECC70415C4DF}"
"507539","1318026","Deirdra","","McAfee","","","Self","Writer","Henrico, VA","10132 Deepwood Circle","","Henrico","VA","23228","True","09/10/2026","280.00","280.00","13280312","","{530C8297-9BA2-45D4-CA2C-ECC70415C4DF}"
"507539","1318366","Wendy","","Brooks","","","Self","Sales","Mechanicsville, VA","6034 Grapevine Bridge Dr","","Mechanicsville","VA","23111","True","09/21/2026","250.00","250.00","13280313","","{530C8297-9BA2-45D4-CA2C-ECC70415C4DF}"
"507539","1318367","Hallie","","Holmes","","","DPVA","Chair, Middlesex County","Saluda, VA","492 Braxton Corr Rd","","Saluda","VA","23149","True","09/21/2026","180.00","180.00","13280314","","{530C8297-9BA2-45D4-CA2C-ECC70415C4DF}"
"507539","1318370","Butler","","Knight","","","Mathews County Democratic Committee","Chair","Mathews, VA","P.O. Box 1111","","Mathews","VA","23109","True","09/23/2026","180.00","180.00","13280315","","{530C8297-9BA2-45D4-CA2C-ECC70415C4DF}"
"507539","1318371","King William","","Democrats","","","N/A","Not Employed","N/A","P.O. Box 52","","Aylett","VA","23009","True","09/23/2026","180.00","180.00","13280316","","{530C8297-9BA2-45D4-CA2C-ECC70415C4DF}"
"507539","1318420","Colleen","","Bohlman","","","Not Employed","Not Employed","N/A","6019 Ashmont Cir","","Glen Allen","VA","23059","True","09/28/2026","250.00","250.00","13280317","","{530C8297-9BA2-45D4-CA2C-ECC70415C4DF}"
"507541","","","","Verizon","","","","PAC","Washington, DC","1300 I St NW Ste 500E","","Washington","DC","20005","False","10/02/2026","1500.00","1500.00","13280318","","{E122A31D-DB61-731F-4581-7F27925DD79C}"
"507543","1313103","Lynn","","Allison","","","Retired","Retired","Williamsburg VA","146 Mill Neck Rd","","Williamsburg","VA","23185","True","09/02/2026","150.00","150.00","13280322","","{E0164E19-A461-F181-ED54-175FE65C576D}"
"507543","1313778","Pamela","","Reiss","","","Retired","Retired","Williamsburg VA","1102 Jamestown Road","","Williamsburg","VA","23185","True","09/09/2026","500.00","500.00","13280323","","{E0164E19-A461-F181-ED54-175FE65C576D}"
"507543","1317582","George","","Prassas","","","Colonial Pancake House","Retauranteur","Williamsburg VA","105 Robert Cole Ct","","Williamsburg","VA","23185","True","09/16/2026","500.00","500.00","13280324","","{E0164E19-A461-F181-ED54-175FE65C576D}"
"507546","1129567","Bruce","","Dorries","","","MBU","Professor","Staunton, VA","1036 Middle River road","","Staunton","VA","24401","True","08/18/2026","20.00","140.00","13280431","","{4297EB09-E0B6-EBD4-270A-51C1146270F7}"
"507546","1129567","Bruce","","Dorries","","","MBU","Professor","Staunton, VA","1036 Middle River road","","Staunton","VA","24401","True","09/22/2026","20.00","160.00","13280432","","{4297EB09-E0B6-EBD4-270A-51C1146270F7}"
"507546","1129569","Karen","","Ress","","","N/A","Not Employed","N/A","220 Biltmore St.","","Staunton","VA","24401","True","07/14/2026","5.00","105.00","13280433","","{4297EB09-E0B6-EBD4-270A-51C1146270F7}"
"507546","1129569","Karen","","Ress","","","N/A","Not Employed","N/A","220 Biltmore St.","","Staunton","VA","24401","True","08/11/2026","10.00","115.00","13280434","","{4297EB09-E0B6-EBD4-270A-51C1146270F7}"
"507546","1129569","Karen","","Ress","","","N/A","Not Employed","N/A","220 Biltmore St.","","Staunton","VA","24401","True","08/18/2026","5.00","120.00","13280435","","{4297EB09-E0B6-EBD4-270A-51C1146270F7}"
"507546","1129569","Karen","","Ress","","","N/A","Not Employed","N/A","220 Biltmore St.","","Staunton","VA","24401","True","09/15/2026","10.00","130.00","13280436","","{4297EB09-E0B6-EBD4-270A-51C1146270F7}"
"507546","1129569","Karen","","Ress","","","N/A","Not Employed","N/A","220 Biltmore St.","","Staunton","VA","24401","True","09/15/2026","5.00","135.00","13280437","","{4297EB09-E0B6-EBD4-270A-51C1146270F7}"
"507546","1129582","Pam","","Huggins","","","N/A","Not employed","N/A","1717 North Augusta Street","","Staunton","VA","24401","True","07/21/2026","50.00","350.00","13280438","","{4297EB09-E0B6-EBD4-270A-51C1146270F7}"
"507546","1129582","Pam","","Huggins","","","N/A","Not employed","N/A","1717 North Augusta Street","","Staunton","VA","24401","True","08/18/2026","50.00","400.00","13280439","","{4297EB09-E0B6-EBD4-270A-51C1146270F7}"
"507546","1129582","Pam","","Huggins","","","N/A","Not employed","N/A","1717 North Augusta Street","","Staunton","VA","24401","True","09/22/2026","50.00","450.00","13280440","","{4297EB09-E0B6-EBD4-270A-51C1146270F7}"
"507546","1129583","Stephen","","Maxwell","","","N/A","Not Employed","N/A","813 Churchville Ave","","Staunton","VA","24401","True","07/21/2026","25.00","175.00","13280441","","{4297EB09-E0B6-EBD4-270A-51C1146270F7}"
"507546","1129583","Stephen","","Maxwell","","","N/A","Not Employed","N/A","813 Churchville Ave","","Staunton","VA","24401","True","08/18/2026","25.00","200.00","13280442","","{4297EB09-E0B6-EBD4-270A-51C1146270F7}"
"507546","1129583","Stephen","","Maxwell","","","N/A","Not Employed","N/A","813 Churchville Ave","","Staunton","VA","24401","True","09/22/2026","25.00","225.00","13280443","","{4297EB09-E0B6-EBD4-270A-51C1146270F7}"
"507546","1129586","Margaret","","Pearson","","","N/A","Not Employed","N/A","919 Middlebrook Avenue","","Staunton","VA","24401","True","07/28/2026","25.00","175.00","13280444","","{4297EB09-E0B6-EBD4-270A-51C1146270F7}"
"507546","1129586","Margaret","","Pearson","","","N/A","Not Employed","N/A","919 Middlebrook Avenue","","Staunton","VA","24401","True","09/01/2026","25.00","200.00","13280445","","{4297EB09-E0B6-EBD4-270A-51C1146270F7}"
"507546","1129586","Margaret","","Pearson","","","N/A","Not Employed","N/A","919 Middlebrook Avenue","","Staunton","VA","24401","True","09/29/2026","25.00","225.00","13280446","","{4297EB09-E0B6-EBD4-270A-51C1146270F7}"
"507546","1129595","Mary Ann","","Stripling","","","N/A","Not Employed","N/A","PO Box 1078","","Staunton","VA","24402","True","07/28/2026","50.00","350.00","13280447","","{4297EB09-E0B6-EBD4-270A-51C1146270F7}"
"507546","1129595","Mary Ann","","Stripling","","","N/A","Not Employed","N/A","PO Box 1078","","Staunton","VA","24402","True","09/01/2026","50.00","400.00","13280448","","{4297EB09-E0B6-EBD4-270A-51C1146270F7}"
"507546","1129595","Mary Ann","","Stripling","","","N/A","Not Employed","N/A","PO Box 1078","","Staunton","VA","24402","True","09/29/2026","50.00","450.00","13280449","","{4297EB09-E0B6-EBD4-270A-51C1146270F7}"
"507546","1129596","Christopher","","Benjamin","","","N/A","Not Employed","N/A","213 Skyland Drive","","Staunton","VA","24401","True","07/21/2026","25.00","175.00","13280450","","{4297EB09-E0B6-EBD4-270A-51C1146270F7}"
"507546","1129596","Christopher","","Benjamin","","","N/A","Not Employed","N/A","213 Skyland Drive","","Staunton","VA","24401","True","08/18/2026","25.00","200.00","13280451","","{4297EB09-E0B6-EBD4-270A-51C1146270F7}"
"507546","1129596","Christopher","","Benjamin","","","N/A","Not Employed","N/A","213 Skyland Drive","","Staunton","VA","24401","True","08/25/2026","5.00","205.00","13280452","","{4297EB09-E0B6-EBD4-270A-51C1146270F7}"
"507546","1129596","Christopher","","Benjamin","","","N/A","Not Employed","N/A","213 Skyland Drive","","Staunton","VA","24401","True","09/22/2026","25.00","230.00","13280453","","{4297EB09-E0B6-EBD4-270A-51C1146270F7}"
"507546","1129599","David","","Fisher","","","Self-Employed","Self-Employed","Greenville, VA","1445 Broadhead School Rd.","","Greenville","VA","24440","True","07/21/2026","100.00","948.00","13280454","","{4297EB09-E0B6-EBD4-270A-51C1146270F7}"
"507546","1129599","David","","Fisher","","","Self-Employed","Self-Employed","Greenville, VA","1445 Broadhead School Rd.","","Greenville","VA","24440","True","08/18/2026","100.00","1048.00","13280455","","{4297EB09-E0B6-EBD4-270A-51C1146270F7}"
"507546","1129599","David","","Fisher","","","Self-Employed","Self-Employed","Greenville, VA","1445 Broadhead School Rd.","","Greenville","VA","24440","True","09/22/2026","100.00","1148.00","13280456","","{4297EB09-E0B6-EBD4-270A-51C1146270F7}"
"507546","1129614","James","","Lott","","","N/A","Not Employed","N/A","105 Waverley Green","","Staunton","VA","24401","True","09/09/2026","200.00","200.00","13280457","","{4297EB09-E0B6-EBD4-270A-51C1146270F7}"
"507546","1129618","Dan","","Ingraham","","","N/A","Not Employed","N/A","32 Fallon St","","Staunton","VA","24401","True","07/28/2026","25.00","175.00","13280458","","{4297EB09-E0B6-EBD4-270A-51C1146270F7}"
"507546","1129618","Dan","","Ingraham","","","N/A","Not Employed","N/A","32 Fallon St","","Staunton","VA","24401","True","08/25/2026","25.00","200.00","13280459","","{4297EB09-E0B6-EBD4-270A-51C1146270F7}"
"507546","1129618","Dan","","Ingraham","","","N/A","Not Employed","N/A","32 Fallon St","","Staunton","VA","24401","True","09/29/2026","25.00","225.00","13280460","","{4297EB09-E0B6-EBD4-270A-51C1146270F7}"
"507546","1129621","Jane","","Wimmer","","","N/a","retired","N/A","2724 Knollwood Drive","","Staunton","VA","24401","True","09/09/2026","25.00","175.00","13280461","","{4297EB09-E0B6-EBD4-270A-51C1146270F7}"
"507546","1129625","Yvonne","","Surette","","","N/A","Not Employed","N/A","101 Peyton St","","Staunton","VA","24401","True","08/04/2026","25.00","175.00","13280462","","{4297EB09-E0B6-EBD4-270A-51C1146270F7}"
"507546","1129625","Yvonne","","Surette","","","N/A","Not Employed","N/A","101 Peyton St","","Staunton","VA","24401","True","09/01/2026","25.00","200.00","13280463","","{4297EB09-E0B6-EBD4-270A-51C1146270F7}"
"507546","1129625","Yvonne","","Surette","","","N/A","Not Employed","N/A","101 Peyton St","","Staunton","VA","24401","True","09/29/2026","25.00","225.00","13280464","","{4297EB09-E0B6-EBD4-270A-51C1146270F7}"
"507546","1129627","Mary","","Gibbs","","","N/A","Not Employed","N/A","21 Woodlee Rd Apt 112","","Staunton","VA","24401","True","07/28/2026","25.00","150.00","13280465","","{4297EB09-E0B6-EBD4-270A-51C1146270F7}"
"507546","1129627","Mary","","Gibbs","","","N/A","Not Employed","N/A","21 Woodlee Rd Apt 112","","Staunton","VA","24401","True","09/01/2026","25.00","175.00","13280466","","{4297EB09-E0B6-EBD4-270A-51C1146270F7}"
"507546","1129627","Mary","","Gibbs","","","N/A","Not Employed","N/A","21 Woodlee Rd Apt 112","","Staunton","VA","24401","True","09/29/2026","25.00","200.00","13280467","","{4297EB09-E0B6-EBD4-270A-51C1146270F7}"
"507546","1129685","Marla","","McIntyre","","","N/A","Not Employed","N/A","812 Sudbury St","","Staunton","VA","24401","True","07/14/2026","25.00","175.00","13280468","","{4297EB09-E0B6-EBD4-270A-51C1146270F7}"
"507546","1129685","Marla","","McIntyre","","","N/A","Not Employed","N/A","812 Sudbury St","","Staunton","VA","24401","True","08/18/2026","25.00","200.00","13280469","","{4297EB09-E0B6-EBD4-270A-51C1146270F7}"
"507546","1129685","Marla","","McIntyre","","","N/A","Not Employed","N/A","812 Sudbury St","","Staunton","VA","24401","True","09/15/2026","25.00","225.00","13280470","","{4297EB09-E0B6-EBD4-270A-51C1146270F7}"
"507546","1148971","Thomas","","Gederberg","","","N/A","Not Employed","N/A","106 Community Way #832","","Staunton","VA","24401","True","09/22/2026","25.00","145.00","13280471","","{4297EB09-E0B6-EBD4-270A-51C1146270F7}"
"507546","1165125","E","Maurice","Bull","","","N/A","Not Employed","N/A","49 Whitmore","","Mt. Solon","VA","22843","True","07/21/2026","25.00","150.00","13280472","","{4297EB09-E0B6-EBD4-270A-51C1146270F7}"
"507546","1165125","E","Maurice","Bull","","","N/A","Not Employed","N/A","49 Whitmore","","Mt. Solon","VA","22843","True","08/25/2026","25.00","175.00","13280473","","{4297EB09-E0B6-EBD4-270A-51C1146270F7}"
"507546","1165125","E","Maurice","Bull","","","N/A","Not Employed","N/A","49 Whitmore","","Mt. Solon","VA","22843","True","09/22/2026","25.00","200.00","13280474","","{4297EB09-E0B6-EBD4-270A-51C1146270F7}"
"507546","1192383","Marilyn","","Gilkey","","","N/A","Not Employed","N/A","101 W Village Dr","301","Staunton","VA","24401","True","07/14/2026","100.00","630.00","13280475","","{4297EB09-E0B6-EBD4-270A-51C1146270F7}"
"507546","1192383","Marilyn","","Gilkey","","","N/A","Not Employed","N/A","101 W Village Dr","301","Staunton","VA","24401","True","08/11/2026","100.00","730.00","13280476","","{4297EB09-E0B6-EBD4-270A-51C1146270F7}"
"507546","1192383","Marilyn","","Gilkey","","","N/A","Not Employed","N/A","101 W Village Dr","301","Staunton","VA","24401","True","09/15/2026","100.00","830.00","13280477","","{4297EB09-E0B6-EBD4-270A-51C1146270F7}"
"507546","1192387","Debora","","Orrick","","","N/A","Not Employed","N/A","28 Park Blvd","","Staunton","VA","24401","True","07/21/2026","40.00","280.00","13280478","","{4297EB09-E0B6-EBD4-270A-51C1146270F7}"
"507546","1192387","Debora","","Orrick","","","N/A","Not Employed","N/A","28 Park Blvd","","Staunton","VA","24401","True","08/18/2026","40.00","320.00","13280479","","{4297EB09-E0B6-EBD4-270A-51C1146270F7}"
"507546","1192387","Debora","","Orrick","","","N/A","Not Employed","N/A","28 Park Blvd","","Staunton","VA","24401","True","09/15/2026","40.00","360.00","13280480","","{4297EB09-E0B6-EBD4-270A-51C1146270F7}"
"507546","1220180","Jared","","Diener","","","Credential Engine","Data Analyst","Washington, DC","705 Churchville Ave","","Staunton","VA","24401","True","08/04/2026","25.00","125.00","13280481","","{4297EB09-E0B6-EBD4-270A-51C1146270F7}"
"507546","1220180","Jared","","Diener","","","Credential Engine","Data Analyst","Washington, DC","705 Churchville Ave","","Staunton","VA","24401","True","09/01/2026","25.00","150.00","13280482","","{4297EB09-E0B6-EBD4-270A-51C1146270F7}"
"507546","1220180","Jared","","Diener","","","Credential Engine","Data Analyst","Washington, DC","705 Churchville Ave","","Staunton","VA","24401","True","09/29/2026","25.00","175.00","13280483","","{4297EB09-E0B6-EBD4-270A-51C1146270F7}"
"507550","1318760","Marvin","","Moss","","","Not Employed","Not Employed","Palmyra VA","14054 James Madison Hwy","","Palmyra","VA","22963","True","03/07/2026","48.02","144.06","13280490","","{C12875A2-3CB1-93AA-412F-B16D130E6440}"
"507550","1318771","Angela","","Chainer","","","Not Employed","Not Employed","Palmyra VA","PO Box 5","","Palmyra","VA","22963","True","02/27/2026","5.14","101.19","13280491","","{C12875A2-3CB1-93AA-412F-B16D130E6440}"
"507550","1318771","Angela","","Chainer","","","Not Employed","Not Employed","Palmyra VA","PO Box 5","","Palmyra","VA","22963","True","03/24/2026","96.05","197.24","13280492","","{C12875A2-3CB1-93AA-412F-B16D130E6440}"
"507550","1318776","PRISCILLA A","","SCHERRAH","","","None","Retired","Palmyra VA","26 Forest Dr","","Palmyra","VA","22963","True","03/02/2026","115.26","135.26","13280493","","{C12875A2-3CB1-93AA-412F-B16D130E6440}"
"507550","1318783","","","Contest Every Race Action Fund, a Fund of Rapid Resist Action","","","","Non-Profit","Chicago, IL","2045 W. Grand Ave Ste B","PMB 31638","Chicago","IL","60612","False","01/23/2026","400.00","400.00","13280494","","{C12875A2-3CB1-93AA-412F-B16D130E6440}"
"507550","1318783","","","Contest Every Race Action Fund, a Fund of Rapid Resist Action","","","","Non-Profit","Chicago, IL","2045 W. Grand Ave Ste B","PMB 31638","Chicago","IL","60612","False","02/03/2026","400.00","800.00","13280495","","{C12875A2-3CB1-93AA-412F-B16D130E6440}"
"507551","1318791","","","American Center","","","","Non-profit","Washington, DC","PO Box 15423","","Washington","DC","20003","False","10/01/2026","100000.00",".00","13280496","","{F6EA73A1-779C-F658-0AB5-3CC2E9ACA588}"
"507557","891931","Trey","","Williams","","","3E3 LLC","Owner Operator","Charlotte, NC","9814 Perth Moor Rd.","","Charlotte","NC","28278","True","09/19/2026","100.00","200.00","13280559","","{0EFF7AC8-EA45-66A8-1075-577F4C9569BD}"
"507557","891936","Gregory","","Seldon","","","GFT","Project Manager","Richmond, VA","4040 Grove Point Cir","","Richmond","VA","23223","True","09/25/2026","70.00","120.00","13280560","","{0EFF7AC8-EA45-66A8-1075-577F4C9569BD}"
"507557","919866","Kristen","","Witt","","","Riverside","Vice President","Newport News, VA","9920 River Rd","","Newport News","VA","23601","True","09/27/2026","100.00","200.00","13280561","","{0EFF7AC8-EA45-66A8-1075-577F4C9569BD}"
"507557","1244698","dan","","chenoweth","","","PBMares","Partner","Newport News, VA","701 Town Center Dr.","900","Newport News","VA","23606","True","09/25/2026","250.00","550.00","13280562","","{0EFF7AC8-EA45-66A8-1075-577F4C9569BD}"
"507557","1307132","","","uNNity Pac","","","","PAC","Newport News, Virginia","P.O Box 15523","","Newport News","VA","23608","False","09/21/2026","3000.00","6000.52","13280563","","{0EFF7AC8-EA45-66A8-1075-577F4C9569BD}"
"507557","1307132","","","uNNity Pac","","","","PAC","Newport News, Virginia","P.O Box 15523","","Newport News","VA","23608","False","09/25/2026","1000.18","7000.70","13280564","","{0EFF7AC8-EA45-66A8-1075-577F4C9569BD}"
"507557","1307132","","","uNNity Pac","","","","PAC","Newport News, Virginia","P.O Box 15523","","Newport News","VA","23608","False","09/25/2026","2500.00","9500.70","13280565","","{0EFF7AC8-EA45-66A8-1075-577F4C9569BD}"
"507557","1307132","","","uNNity Pac","","","","PAC","Newport News, Virginia","P.O Box 15523","","Newport News","VA","23608","False","09/26/2026","500.00","10000.70","13280566","","{0EFF7AC8-EA45-66A8-1075-577F4C9569BD}"
"507557","1317966","Shamier","","Yates","","","US Department of Health and Human Services","Public Health Analyst","Washington D.C.","111 idk","","Newport News","VA","23608","True","09/25/2026","125.00","125.00","13280567","","{0EFF7AC8-EA45-66A8-1075-577F4C9569BD}"
"507557","1317976","Alicia","","Rogers","","","Oddball","Director","McLean, VA","65 Tide Mill Ln","","Hampton","VA","23666","True","09/25/2026","250.00","250.00","13280568","","{0EFF7AC8-EA45-66A8-1075-577F4C9569BD}"
"507557","1317977","Sherman","","Gumbs","","","United States Air Force","Military","Hampton, VA","588 Leonard Ln","","Newport News","VA","23601","True","09/25/2026","200.00","200.00","13280569","","{0EFF7AC8-EA45-66A8-1075-577F4C9569BD}"
"507557","1318192","","","Dominion Energy","","","","Energy","Richmond, VA","120 Tredegar Street","","Richmond","VA","23219","False","09/28/2026","25000.00","25000.00","13280570","","{0EFF7AC8-EA45-66A8-1075-577F4C9569BD}"
"507558","1318742","Helen","","Schoene","","","Not employed","Not employed","Palmyra VA","211 Jefferson Drive","","Palmyra","VA","22963","True","04/02/2026","28.81","115.24","13280571","","{1DC4612C-7F90-DB78-6512-F2911BB8283D}"
"507567","2586","Patrick","","Carl","Mr.","","n/a","retired","n/a","11416 Enchanted Way","","Fredericksburg","VA","22407","True","09/06/2026","12.00","461.63","13280599","","{9E8210A6-0EEF-DFF8-20E7-B08236EC93C5}"
"507567","6689","Dorothy","","Miller","Ms.","","n/a","Housewife","n/a","10710 Perrin Circle","","Spotsylvania","VA","22551-4663","True","08/22/2026","200.00","282.58","13280600","","{9E8210A6-0EEF-DFF8-20E7-B08236EC93C5}"
"507567","6689","Dorothy","","Miller","Ms.","","n/a","Housewife","n/a","10710 Perrin Circle","","Spotsylvania","VA","22551-4663","True","09/13/2026","12.00","294.58","13280601","","{9E8210A6-0EEF-DFF8-20E7-B08236EC93C5}"
"507567","6689","Dorothy","","Miller","Ms.","","n/a","Housewife","n/a","10710 Perrin Circle","","Spotsylvania","VA","22551-4663","True","09/27/2026","84.47","379.05","13280602","","{9E8210A6-0EEF-DFF8-20E7-B08236EC93C5}"
"507567","318741","Ann","P.","Woolford","Ms.","","UPS Store","Owner - UPS store","Fredericksburg, VA","11231 Mungo Meadow Rd","","Fredericksburg","VA","22407","True","08/20/2026","242.06","467.06","13280603","","{9E8210A6-0EEF-DFF8-20E7-B08236EC93C5}"
"507567","318741","Ann","P.","Woolford","Ms.","","UPS Store","Owner - UPS store","Fredericksburg, VA","11231 Mungo Meadow Rd","","Fredericksburg","VA","22407","True","09/02/2026","200.00","667.06","13280604","","{9E8210A6-0EEF-DFF8-20E7-B08236EC93C5}"
"507567","318741","Ann","P.","Woolford","Ms.","","UPS Store","Owner - UPS store","Fredericksburg, VA","11231 Mungo Meadow Rd","","Fredericksburg","VA","22407","True","09/06/2026","12.10","679.16","13280605","","{9E8210A6-0EEF-DFF8-20E7-B08236EC93C5}"
"507567","347685","Mary","Jane","Pickren","Ms.","","n/a","Retired","n/a","11409 Roslyn Road","","Fredericksburg","VA","22407","True","07/01/2026","50.00","195.00","13280606","","{9E8210A6-0EEF-DFF8-20E7-B08236EC93C5}"
"507567","347685","Mary","Jane","Pickren","Ms.","","n/a","Retired","n/a","11409 Roslyn Road","","Fredericksburg","VA","22407","True","08/16/2026","100.00","295.00","13280607","","{9E8210A6-0EEF-DFF8-20E7-B08236EC93C5}"
"507567","347685","Mary","Jane","Pickren","Ms.","","n/a","Retired","n/a","11409 Roslyn Road","","Fredericksburg","VA","22407","True","08/22/2026","100.00","395.00","13280608","","{9E8210A6-0EEF-DFF8-20E7-B08236EC93C5}"
"507567","347685","Mary","Jane","Pickren","Ms.","","n/a","Retired","n/a","11409 Roslyn Road","","Fredericksburg","VA","22407","True","09/13/2026","100.00","495.00","13280609","","{9E8210A6-0EEF-DFF8-20E7-B08236EC93C5}"
"507567","347685","Mary","Jane","Pickren","Ms.","","n/a","Retired","n/a","11409 Roslyn Road","","Fredericksburg","VA","22407","True","09/13/2026","100.00","595.00","13280610","","{9E8210A6-0EEF-DFF8-20E7-B08236EC93C5}"
"507567","347685","Mary","Jane","Pickren","Ms.","","n/a","Retired","n/a","11409 Roslyn Road","","Fredericksburg","VA","22407","True","09/16/2026","12.10","607.10","13280611","","{9E8210A6-0EEF-DFF8-20E7-B08236EC93C5}"
"507567","347693","Judith","K.","Lawrence","Ms.","","n/a","Retired","n/a","11503 Warner Drive","","Fredericksburg","VA","22407","True","09/02/2026","12.10","101.17","13280612","","{9E8210A6-0EEF-DFF8-20E7-B08236EC93C5}"
"507567","680471","Hanna","Beata","Wolfinger","Ms","","N.A","Retired","N.A","8111 Burbank Ave","","Fredericksburg","VA","22407","True","09/02/2026","20.00","117.10","13280613","","{9E8210A6-0EEF-DFF8-20E7-B08236EC93C5}"
"507567","680471","Hanna","Beata","Wolfinger","Ms","","N.A","Retired","N.A","8111 Burbank Ave","","Fredericksburg","VA","22407","True","09/27/2026","20.00","137.10","13280614","","{9E8210A6-0EEF-DFF8-20E7-B08236EC93C5}"
"507567","719230","James","","Gillespie","Mr","","n.a","Not Employed","n.a","10915 Park Ridge Rd","","Fredericksburg","VA","22408","True","09/02/2026","200.00","261.00","13280615","","{9E8210A6-0EEF-DFF8-20E7-B08236EC93C5}"
"507567","719230","James","","Gillespie","Mr","","n.a","Not Employed","n.a","10915 Park Ridge Rd","","Fredericksburg","VA","22408","True","09/02/2026","12.10","273.10","13280616","","{9E8210A6-0EEF-DFF8-20E7-B08236EC93C5}"
"507567","719230","James","","Gillespie","Mr","","n.a","Not Employed","n.a","10915 Park Ridge Rd","","Fredericksburg","VA","22408","True","09/27/2026","12.00","285.10","13280617","","{9E8210A6-0EEF-DFF8-20E7-B08236EC93C5}"
"507567","753195","Sherry","","Feggins","Ms","","n/a","not employed","n/a","11002 Farmview Way","","Spotsylvania","VA","22551","True","09/06/2026","100.00","130.00","13280618","","{9E8210A6-0EEF-DFF8-20E7-B08236EC93C5}"
"507567","894119","Carol","","Medawar","Ms","","Project Lead The Way","Director of School Engagement","Fredericksburg Virginia","14 Marshall Woods Drive","","Fredericksburg","VA","22405","True","09/13/2026","100.00","174.20","13280619","","{9E8210A6-0EEF-DFF8-20E7-B08236EC93C5}"
"507567","1114328","Debra","","Aldrich","Ms","","n.a","Retired","n.a","13 Rainier Lane","","Fredericksburg","VA","22408","True","08/02/2026","12.00","142.58","13280620","","{9E8210A6-0EEF-DFF8-20E7-B08236EC93C5}"
"507567","1114328","Debra","","Aldrich","Ms","","n.a","Retired","n.a","13 Rainier Lane","","Fredericksburg","VA","22408","True","08/16/2026","100.00","242.58","13280621","","{9E8210A6-0EEF-DFF8-20E7-B08236EC93C5}"
"507567","1114328","Debra","","Aldrich","Ms","","n.a","Retired","n.a","13 Rainier Lane","","Fredericksburg","VA","22408","True","09/02/2026","12.10","254.68","13280622","","{9E8210A6-0EEF-DFF8-20E7-B08236EC93C5}"
"507567","1114328","Debra","","Aldrich","Ms","","n.a","Retired","n.a","13 Rainier Lane","","Fredericksburg","VA","22408","True","09/02/2026","12.00","266.68","13280623","","{9E8210A6-0EEF-DFF8-20E7-B08236EC93C5}"
"507567","1122168","Jeffrey","","Kent","","","DOD","IT Manager","Dalgren VA","10700 Shot Court","","Spotsylvania","VA","22553","True","07/29/2026","12.00","111.00","13280624","","{9E8210A6-0EEF-DFF8-20E7-B08236EC93C5}"
"507567","1122168","Jeffrey","","Kent","","","DOD","IT Manager","Dalgren VA","10700 Shot Court","","Spotsylvania","VA","22553","True","08/22/2026","12.00","123.00","13280625","","{9E8210A6-0EEF-DFF8-20E7-B08236EC93C5}"
"507567","1122168","Jeffrey","","Kent","","","DOD","IT Manager","Dalgren VA","10700 Shot Court","","Spotsylvania","VA","22553","True","09/02/2026","24.20","147.20","13280626","","{9E8210A6-0EEF-DFF8-20E7-B08236EC93C5}"
"507567","1122168","Jeffrey","","Kent","","","DOD","IT Manager","Dalgren VA","10700 Shot Court","","Spotsylvania","VA","22553","True","09/02/2026","109.87","257.07","13280627","","{9E8210A6-0EEF-DFF8-20E7-B08236EC93C5}"
"507567","1122168","Jeffrey","","Kent","","","DOD","IT Manager","Dalgren VA","10700 Shot Court","","Spotsylvania","VA","22553","True","09/27/2026","12.00","269.07","13280628","","{9E8210A6-0EEF-DFF8-20E7-B08236EC93C5}"
"507567","1123152","Robyn","","Montefiori","","","n.a.","Not Employed","n.a.","11605 Robin Woods Circle","","Spotsylvania","VA","22551","True","07/03/2026","12.00","149.00","13280629","","{9E8210A6-0EEF-DFF8-20E7-B08236EC93C5}"
"507567","1123152","Robyn","","Montefiori","","","n.a.","Not Employed","n.a.","11605 Robin Woods Circle","","Spotsylvania","VA","22551","True","08/02/2026","12.00","161.00","13280630","","{9E8210A6-0EEF-DFF8-20E7-B08236EC93C5}"
"507567","1123152","Robyn","","Montefiori","","","n.a.","Not Employed","n.a.","11605 Robin Woods Circle","","Spotsylvania","VA","22551","True","09/02/2026","12.00","173.00","13280631","","{9E8210A6-0EEF-DFF8-20E7-B08236EC93C5}"
"507567","1123154","Cheryll","","Lesser","","","n.a","Not Employed","n.a","9520 Charles Field Drive","","Fredericksburg","VA","22407","True","07/01/2026","12.00","160.83","13280632","","{9E8210A6-0EEF-DFF8-20E7-B08236EC93C5}"
"507567","1123154","Cheryll","","Lesser","","","n.a","Not Employed","n.a","9520 Charles Field Drive","","Fredericksburg","VA","22407","True","07/29/2026","12.00","172.83","13280633","","{9E8210A6-0EEF-DFF8-20E7-B08236EC93C5}"
"507567","1123154","Cheryll","","Lesser","","","n.a","Not Employed","n.a","9520 Charles Field Drive","","Fredericksburg","VA","22407","True","08/22/2026","12.00","184.83","13280634","","{9E8210A6-0EEF-DFF8-20E7-B08236EC93C5}"
"507567","1123154","Cheryll","","Lesser","","","n.a","Not Employed","n.a","9520 Charles Field Drive","","Fredericksburg","VA","22407","True","09/02/2026","12.10","196.93","13280635","","{9E8210A6-0EEF-DFF8-20E7-B08236EC93C5}"
"507567","1123154","Cheryll","","Lesser","","","n.a","Not Employed","n.a","9520 Charles Field Drive","","Fredericksburg","VA","22407","True","09/27/2026","12.00","208.93","13280636","","{9E8210A6-0EEF-DFF8-20E7-B08236EC93C5}"
"507567","1124641","Shellie","","Bowman","","","Wolters Kluwer","Business Relationship Manager","Fredericksburg VA","5226 Windbreaker Dr","","Fredericksburg","VA","22407","True","09/13/2026","200.00","270.00","13280637","","{9E8210A6-0EEF-DFF8-20E7-B08236EC93C5}"
"507567","1124659","Benjamin","","Phelps","","","St Michaels","Contractor","Spotsylvania Courthouse VA","11706 Eagle Ridge Dr","","Spotsylvania Courthouse","VA","22551","True","08/16/2026","200.00","317.11","13280638","","{9E8210A6-0EEF-DFF8-20E7-B08236EC93C5}"
"507567","1131254","Christopher","","Wagner","","","n.a","Retired","n.a","10013 Hazelnut Ct","","Fredericksburg","VA","22407","True","08/22/2026","200.00","250.00","13280639","","{9E8210A6-0EEF-DFF8-20E7-B08236EC93C5}"
"507567","1131254","Christopher","","Wagner","","","n.a","Retired","n.a","10013 Hazelnut Ct","","Fredericksburg","VA","22407","True","09/06/2026","24.20","274.20","13280640","","{9E8210A6-0EEF-DFF8-20E7-B08236EC93C5}"
"507567","1131258","Nick","","Montefiori","","","n.a","Retired","n.a","11605 Robinwoods Circle","","Spotsylvania","VA","22551","True","08/02/2026","12.00","101.00","13280641","","{9E8210A6-0EEF-DFF8-20E7-B08236EC93C5}"
"507567","1131258","Nick","","Montefiori","","","n.a","Retired","n.a","11605 Robinwoods Circle","","Spotsylvania","VA","22551","True","09/02/2026","12.00","113.00","13280642","","{9E8210A6-0EEF-DFF8-20E7-B08236EC93C5}"
"507567","1131258","Nick","","Montefiori","","","n.a","Retired","n.a","11605 Robinwoods Circle","","Spotsylvania","VA","22551","True","09/06/2026","200.00","313.00","13280643","","{9E8210A6-0EEF-DFF8-20E7-B08236EC93C5}"
"507567","1131260","Randy","","Wolfinger","","","n.a","Retired","n.a","8111 Burbank Ave","","Fredericksburg","VA","22407","True","08/16/2026","200.00","310.47","13280644","","{9E8210A6-0EEF-DFF8-20E7-B08236EC93C5}"
"507567","1140392","Janet","","Coleman","","","n.a","Retired","n.a","7808 Waterford Dr","","Spotsylvania Courthouse","VA","22551","True","09/02/2026","12.10","107.10","13280645","","{9E8210A6-0EEF-DFF8-20E7-B08236EC93C5}"
"507567","1140393","Mary","","Hohman","","","n.a","Retired","n.a","11501 Woodland View Dr.","","Fredericksburg","VA","22407","True","07/29/2026","3.75","457.37","13280646","","{9E8210A6-0EEF-DFF8-20E7-B08236EC93C5}"
"507567","1140393","Mary","","Hohman","","","n.a","Retired","n.a","11501 Woodland View Dr.","","Fredericksburg","VA","22407","True","08/16/2026","100.00","557.37","13280647","","{9E8210A6-0EEF-DFF8-20E7-B08236EC93C5}"
"507567","1140393","Mary","","Hohman","","","n.a","Retired","n.a","11501 Woodland View Dr.","","Fredericksburg","VA","22407","True","08/22/2026","12.00","569.37","13280648","","{9E8210A6-0EEF-DFF8-20E7-B08236EC93C5}"
"507567","1140393","Mary","","Hohman","","","n.a","Retired","n.a","11501 Woodland View Dr.","","Fredericksburg","VA","22407","True","09/02/2026","24.20","593.57","13280649","","{9E8210A6-0EEF-DFF8-20E7-B08236EC93C5}"
"507567","1140393","Mary","","Hohman","","","n.a","Retired","n.a","11501 Woodland View Dr.","","Fredericksburg","VA","22407","True","09/13/2026","200.00","793.57","13280650","","{9E8210A6-0EEF-DFF8-20E7-B08236EC93C5}"
"507567","1140393","Mary","","Hohman","","","n.a","Retired","n.a","11501 Woodland View Dr.","","Fredericksburg","VA","22407","True","09/20/2026","11.04","804.61","13280651","","{9E8210A6-0EEF-DFF8-20E7-B08236EC93C5}"
"507567","1140393","Mary","","Hohman","","","n.a","Retired","n.a","11501 Woodland View Dr.","","Fredericksburg","VA","22407","True","09/27/2026","20.00","824.61","13280652","","{9E8210A6-0EEF-DFF8-20E7-B08236EC93C5}"
"507567","1141620","Cynthia","","Ramsey","","","n.a","Unemployed","n.a","301 Sycamore Dr","","Fredericksburg","VA","22408","True","07/29/2026","12.00","714.07","13280653","","{9E8210A6-0EEF-DFF8-20E7-B08236EC93C5}"
"507567","1141620","Cynthia","","Ramsey","","","n.a","Unemployed","n.a","301 Sycamore Dr","","Fredericksburg","VA","22408","True","08/22/2026","12.00","726.07","13280654","","{9E8210A6-0EEF-DFF8-20E7-B08236EC93C5}"
"507567","1141620","Cynthia","","Ramsey","","","n.a","Unemployed","n.a","301 Sycamore Dr","","Fredericksburg","VA","22408","True","09/13/2026","100.00","826.07","13280655","","{9E8210A6-0EEF-DFF8-20E7-B08236EC93C5}"
"507567","1141620","Cynthia","","Ramsey","","","n.a","Unemployed","n.a","301 Sycamore Dr","","Fredericksburg","VA","22408","True","09/27/2026","12.00","838.07","13280656","","{9E8210A6-0EEF-DFF8-20E7-B08236EC93C5}"
"507567","1157619","Wilhelmina","","Sumpter","","","n.a","Retired","n.a","10524 Abberly Village Ln","Apt 231","Fredericksburg","VA","22407","True","08/22/2026","200.00","225.00","13280657","","{9E8210A6-0EEF-DFF8-20E7-B08236EC93C5}"
"507567","1158724","Donald","","O'Brien","","","Program Catalyst Inc.","Industrial Eng","Spotsylvania Virginia","12004 Fawn Lake PKWY","","Spotsylvania","VA","22551","True","07/01/2026","24.00","174.00","13280658","","{9E8210A6-0EEF-DFF8-20E7-B08236EC93C5}"
"507567","1158724","Donald","","O'Brien","","","Program Catalyst Inc.","Industrial Eng","Spotsylvania Virginia","12004 Fawn Lake PKWY","","Spotsylvania","VA","22551","True","08/16/2026","250.00","424.00","13280659","","{9E8210A6-0EEF-DFF8-20E7-B08236EC93C5}"
"507567","1158724","Donald","","O'Brien","","","Program Catalyst Inc.","Industrial Eng","Spotsylvania Virginia","12004 Fawn Lake PKWY","","Spotsylvania","VA","22551","True","09/27/2026","24.20","448.20","13280660","","{9E8210A6-0EEF-DFF8-20E7-B08236EC93C5}"
"507567","1170591","Faye","","Barnes","","","n.a","Not Employed","n.a","10816 Perrin Circle","","Spotsylvania","VA","22551","True","09/13/2026","78.56","103.56","13280661","","{9E8210A6-0EEF-DFF8-20E7-B08236EC93C5}"
"507567","1173483","Kareen","","Canora","","","n.a","Not Employed","n.a","12630 Old Guard Court","","Fredericksburg","VA","22407","True","08/02/2026","50.00","175.00","13280662","","{9E8210A6-0EEF-DFF8-20E7-B08236EC93C5}"
"507567","1173483","Kareen","","Canora","","","n.a","Not Employed","n.a","12630 Old Guard Court","","Fredericksburg","VA","22407","True","08/22/2026","200.00","375.00","13280663","","{9E8210A6-0EEF-DFF8-20E7-B08236EC93C5}"
"507567","1173483","Kareen","","Canora","","","n.a","Not Employed","n.a","12630 Old Guard Court","","Fredericksburg","VA","22407","True","09/06/2026","24.20","399.20","13280664","","{9E8210A6-0EEF-DFF8-20E7-B08236EC93C5}"
"507567","1173483","Kareen","","Canora","","","n.a","Not Employed","n.a","12630 Old Guard Court","","Fredericksburg","VA","22407","True","09/16/2026","40.00","439.20","13280665","","{9E8210A6-0EEF-DFF8-20E7-B08236EC93C5}"
"507567","1185589","Stephenie","","Fellinger","","","n.a","n.a","n.a","2622 Schumann St","","Fredericksburg","VA","22408","True","09/13/2026","200.00","350.00","13280666","","{9E8210A6-0EEF-DFF8-20E7-B08236EC93C5}"
"507567","1190184","Mark","","Chalpin","","","Self","Attorney","Spotsylvania Courthouse VA","8521 Fleetwood Dr","","Spotsylvania Courthouse","VA","22551","True","07/01/2026","12.00","214.00","13280667","","{9E8210A6-0EEF-DFF8-20E7-B08236EC93C5}"
"507567","1190184","Mark","","Chalpin","","","Self","Attorney","Spotsylvania Courthouse VA","8521 Fleetwood Dr","","Spotsylvania Courthouse","VA","22551","True","08/02/2026","4.71","218.71","13280668","","{9E8210A6-0EEF-DFF8-20E7-B08236EC93C5}"
"507567","1190184","Mark","","Chalpin","","","Self","Attorney","Spotsylvania Courthouse VA","8521 Fleetwood Dr","","Spotsylvania Courthouse","VA","22551","True","09/02/2026","12.10","230.81","13280669","","{9E8210A6-0EEF-DFF8-20E7-B08236EC93C5}"
"507567","1190184","Mark","","Chalpin","","","Self","Attorney","Spotsylvania Courthouse VA","8521 Fleetwood Dr","","Spotsylvania Courthouse","VA","22551","True","09/02/2026","12.00","242.81","13280670","","{9E8210A6-0EEF-DFF8-20E7-B08236EC93C5}"
"507567","1190184","Mark","","Chalpin","","","Self","Attorney","Spotsylvania Courthouse VA","8521 Fleetwood Dr","","Spotsylvania Courthouse","VA","22551","True","09/06/2026","200.00","442.81","13280671","","{9E8210A6-0EEF-DFF8-20E7-B08236EC93C5}"
"507567","1190184","Mark","","Chalpin","","","Self","Attorney","Spotsylvania Courthouse VA","8521 Fleetwood Dr","","Spotsylvania Courthouse","VA","22551","True","09/27/2026","12.00","454.81","13280672","","{9E8210A6-0EEF-DFF8-20E7-B08236EC93C5}"
"507567","1198174","Barbara","","Dieker","","","n.a","Not Employed","n.a","12321 Ruby Red Drive","","Fredericksburg","VA","22407","True","09/06/2026","100.00","195.00","13280673","","{9E8210A6-0EEF-DFF8-20E7-B08236EC93C5}"
"507567","1198174","Barbara","","Dieker","","","n.a","Not Employed","n.a","12321 Ruby Red Drive","","Fredericksburg","VA","22407","True","09/06/2026","12.10","207.10","13280674","","{9E8210A6-0EEF-DFF8-20E7-B08236EC93C5}"
"507567","1198177","Gail","","Tedesco","","","Cole for Delegate","Field Organizer","Fredericksburg VA","6300 SweetBriar Dr","","Fredericksburg","VA","22407","True","08/22/2026","100.00","161.00","13280675","","{9E8210A6-0EEF-DFF8-20E7-B08236EC93C5}"
"507567","1198177","Gail","","Tedesco","","","Cole for Delegate","Field Organizer","Fredericksburg VA","6300 SweetBriar Dr","","Fredericksburg","VA","22407","True","09/02/2026","24.20","185.20","13280676","","{9E8210A6-0EEF-DFF8-20E7-B08236EC93C5}"
"507567","1198177","Gail","","Tedesco","","","Cole for Delegate","Field Organizer","Fredericksburg VA","6300 SweetBriar Dr","","Fredericksburg","VA","22407","True","09/02/2026","12.00","197.20","13280677","","{9E8210A6-0EEF-DFF8-20E7-B08236EC93C5}"
"507567","1198177","Gail","","Tedesco","","","Cole for Delegate","Field Organizer","Fredericksburg VA","6300 SweetBriar Dr","","Fredericksburg","VA","22407","True","09/27/2026","12.00","209.20","13280678","","{9E8210A6-0EEF-DFF8-20E7-B08236EC93C5}"
"507567","1198178","Susan","","Goetz","","","n.a","Not Employed","n.a","4043 Breaknock Rd","","Bumpass","VA","23024","True","07/01/2026","12.00","121.03","13280679","","{9E8210A6-0EEF-DFF8-20E7-B08236EC93C5}"
"507567","1198178","Susan","","Goetz","","","n.a","Not Employed","n.a","4043 Breaknock Rd","","Bumpass","VA","23024","True","07/09/2026","25.00","146.03","13280680","","{9E8210A6-0EEF-DFF8-20E7-B08236EC93C5}"
"507567","1198178","Susan","","Goetz","","","n.a","Not Employed","n.a","4043 Breaknock Rd","","Bumpass","VA","23024","True","07/29/2026","12.00","158.03","13280681","","{9E8210A6-0EEF-DFF8-20E7-B08236EC93C5}"
"507567","1198178","Susan","","Goetz","","","n.a","Not Employed","n.a","4043 Breaknock Rd","","Bumpass","VA","23024","True","08/22/2026","12.00","170.03","13280682","","{9E8210A6-0EEF-DFF8-20E7-B08236EC93C5}"
"507567","1198178","Susan","","Goetz","","","n.a","Not Employed","n.a","4043 Breaknock Rd","","Bumpass","VA","23024","True","09/02/2026","200.00","370.03","13280683","","{9E8210A6-0EEF-DFF8-20E7-B08236EC93C5}"
"507567","1198178","Susan","","Goetz","","","n.a","Not Employed","n.a","4043 Breaknock Rd","","Bumpass","VA","23024","True","09/27/2026","50.00","420.03","13280684","","{9E8210A6-0EEF-DFF8-20E7-B08236EC93C5}"
"507567","1198178","Susan","","Goetz","","","n.a","Not Employed","n.a","4043 Breaknock Rd","","Bumpass","VA","23024","True","09/27/2026","12.00","432.03","13280685","","{9E8210A6-0EEF-DFF8-20E7-B08236EC93C5}"
"507567","1198179","Forrest","","Miller","","","Worldwide Technologies","Manager","St Louis  MO","11906 Old Hickory Court","","Spotsylvania","VA","22551","True","08/16/2026","149.66","239.66","13280686","","{9E8210A6-0EEF-DFF8-20E7-B08236EC93C5}"
"507567","1198179","Forrest","","Miller","","","Worldwide Technologies","Manager","St Louis  MO","11906 Old Hickory Court","","Spotsylvania","VA","22551","True","09/02/2026","24.20","263.86","13280687","","{9E8210A6-0EEF-DFF8-20E7-B08236EC93C5}"
"507567","1198180","Brenda","","Hooper","","","n.a","Not Employed","n.a","11154 Summers Cove","Unit C","Fredericksburg","VA","22407","True","09/06/2026","100.00","187.10","13280688","","{9E8210A6-0EEF-DFF8-20E7-B08236EC93C5}"
"507567","1198293","Peggie","","Gorecki","","","n.a","Retired","n.a","101 Jubal St","","Fredericksburg","VA","22408","True","09/02/2026","100.00","150.00","13280689","","{9E8210A6-0EEF-DFF8-20E7-B08236EC93C5}"
"507567","1198973","Edward","","Markham","","","ERT","Federal Contractor","Sterling VA","113 Silver leaf Ct","","Sterling","VA","20164","True","09/02/2026","200.00","250.00","13280690","","{9E8210A6-0EEF-DFF8-20E7-B08236EC93C5}"
"507567","1198973","Edward","","Markham","","","ERT","Federal Contractor","Sterling VA","113 Silver leaf Ct","","Sterling","VA","20164","True","09/02/2026","15.00","265.00","13280691","","{9E8210A6-0EEF-DFF8-20E7-B08236EC93C5}"
"507567","1200290","Jenn","","Coolidge","","","n.a","Not Employed","n.a","19 Tamerlane Dr","","Stafford","VA","22554","True","09/02/2026","300.00","460.00","13280692","","{9E8210A6-0EEF-DFF8-20E7-B08236EC93C5}"
"507567","1200290","Jenn","","Coolidge","","","n.a","Not Employed","n.a","19 Tamerlane Dr","","Stafford","VA","22554","True","09/06/2026","24.20","484.20","13280693","","{9E8210A6-0EEF-DFF8-20E7-B08236EC93C5}"
"507567","1200290","Jenn","","Coolidge","","","n.a","Not Employed","n.a","19 Tamerlane Dr","","Stafford","VA","22554","True","09/13/2026","100.00","584.20","13280694","","{9E8210A6-0EEF-DFF8-20E7-B08236EC93C5}"
"507567","1200291","Stacy","","HIcks","","","n.a","Not Employed","n.a","107 West River Bend Rd","","Fredericksburg","VA","22407","True","09/13/2026","100.00","165.00","13280695","","{9E8210A6-0EEF-DFF8-20E7-B08236EC93C5}"
"507567","1202377","Nelson","","Henderson","","","n.a","Retired","n.a","8117 Burbank","","Fredericksburg","VA","22407","True","09/02/2026","200.00","225.00","13280696","","{9E8210A6-0EEF-DFF8-20E7-B08236EC93C5}"
"507567","1208500","Lisa","","Skinner","","","n.a","Not Employed","n.a","2505 Pittston Rd","","Fredericksburg","VA","22408","True","09/06/2026","132.56","217.26","13280697","","{9E8210A6-0EEF-DFF8-20E7-B08236EC93C5}"
"507567","1208502","Debbie","","Donelson","","","n.a","Not Employed","n.a","11731 Legacy Woods Drive","","Fredericksburg","VA","22407","True","09/06/2026","100.00","135.04","13280698","","{9E8210A6-0EEF-DFF8-20E7-B08236EC93C5}"
"507567","1208502","Debbie","","Donelson","","","n.a","Not Employed","n.a","11731 Legacy Woods Drive","","Fredericksburg","VA","22407","True","09/06/2026","12.10","147.14","13280699","","{9E8210A6-0EEF-DFF8-20E7-B08236EC93C5}"
"507567","1208502","Debbie","","Donelson","","","n.a","Not Employed","n.a","11731 Legacy Woods Drive","","Fredericksburg","VA","22407","True","09/13/2026","12.00","159.14","13280700","","{9E8210A6-0EEF-DFF8-20E7-B08236EC93C5}"
"507567","1209702","Marcus","","Garcia","","","Jaundice Engineering","Engineer","Fredericksburg  VA","9728 Cedar mass Circle","","Fredericksburg","VA","22408","True","07/29/2026","12.00","106.00","13280701","","{9E8210A6-0EEF-DFF8-20E7-B08236EC93C5}"
"507567","1209702","Marcus","","Garcia","","","Jaundice Engineering","Engineer","Fredericksburg  VA","9728 Cedar mass Circle","","Fredericksburg","VA","22408","True","08/22/2026","12.00","118.00","13280702","","{9E8210A6-0EEF-DFF8-20E7-B08236EC93C5}"
"507567","1225171","","","Ramp Business Corporation","","","","Financial","New York  NY","28 West 23rd St","2","New York","NY","10010","False","07/28/2026","600.00","1800.00","13280703","","{9E8210A6-0EEF-DFF8-20E7-B08236EC93C5}"
"507567","1226027","Constance","","Spears","","","n.a","Not Employed","n.a","317 Laurel Ave","","Fredericksburg","VA","22408","True","09/13/2026","100.00","150.00","13280704","","{9E8210A6-0EEF-DFF8-20E7-B08236EC93C5}"
"507567","1229290","Angela","","Tran","","","Community Foundation","Finance","Fredericksburg","11215 Hawks Place","","Spotsylvania","VA","22551","True","07/03/2026","12.00","124.00","13280705","","{9E8210A6-0EEF-DFF8-20E7-B08236EC93C5}"
"507567","1229290","Angela","","Tran","","","Community Foundation","Finance","Fredericksburg","11215 Hawks Place","","Spotsylvania","VA","22551","True","08/02/2026","12.00","136.00","13280706","","{9E8210A6-0EEF-DFF8-20E7-B08236EC93C5}"
"507567","1229290","Angela","","Tran","","","Community Foundation","Finance","Fredericksburg","11215 Hawks Place","","Spotsylvania","VA","22551","True","08/22/2026","136.96","272.96","13280707","","{9E8210A6-0EEF-DFF8-20E7-B08236EC93C5}"
"507567","1229290","Angela","","Tran","","","Community Foundation","Finance","Fredericksburg","11215 Hawks Place","","Spotsylvania","VA","22551","True","09/02/2026","12.10","285.06","13280708","","{9E8210A6-0EEF-DFF8-20E7-B08236EC93C5}"
"507567","1229290","Angela","","Tran","","","Community Foundation","Finance","Fredericksburg","11215 Hawks Place","","Spotsylvania","VA","22551","True","09/02/2026","12.00","297.06","13280709","","{9E8210A6-0EEF-DFF8-20E7-B08236EC93C5}"
"507567","1277667","Jakki","","Dixon","","","n.a","Not Employed","n.a","8863 Marlow dr","","Spotsylvania","VA","22551","True","07/01/2026","30.00","162.00","13280710","","{9E8210A6-0EEF-DFF8-20E7-B08236EC93C5}"
"507567","1277667","Jakki","","Dixon","","","n.a","Not Employed","n.a","8863 Marlow dr","","Spotsylvania","VA","22551","True","07/03/2026","10.08","172.08","13280711","","{9E8210A6-0EEF-DFF8-20E7-B08236EC93C5}"
"507567","1277667","Jakki","","Dixon","","","n.a","Not Employed","n.a","8863 Marlow dr","","Spotsylvania","VA","22551","True","08/02/2026","12.00","184.08","13280712","","{9E8210A6-0EEF-DFF8-20E7-B08236EC93C5}"
"507567","1277667","Jakki","","Dixon","","","n.a","Not Employed","n.a","8863 Marlow dr","","Spotsylvania","VA","22551","True","09/02/2026","12.10","196.18","13280713","","{9E8210A6-0EEF-DFF8-20E7-B08236EC93C5}"
"507567","1277667","Jakki","","Dixon","","","n.a","Not Employed","n.a","8863 Marlow dr","","Spotsylvania","VA","22551","True","09/02/2026","12.00","208.18","13280714","","{9E8210A6-0EEF-DFF8-20E7-B08236EC93C5}"
"507567","1279792","Aaron","","Kite","","","Booz Allen","Lead Engineer","King George  VA","11809 Harris Mill Ct","","Fredericksburg","VA","22408","True","07/29/2026","12.00","101.10","13280715","","{9E8210A6-0EEF-DFF8-20E7-B08236EC93C5}"
"507567","1279792","Aaron","","Kite","","","Booz Allen","Lead Engineer","King George  VA","11809 Harris Mill Ct","","Fredericksburg","VA","22408","True","08/16/2026","100.00","201.10","13280716","","{9E8210A6-0EEF-DFF8-20E7-B08236EC93C5}"
"507567","1279792","Aaron","","Kite","","","Booz Allen","Lead Engineer","King George  VA","11809 Harris Mill Ct","","Fredericksburg","VA","22408","True","08/22/2026","12.00","213.10","13280717","","{9E8210A6-0EEF-DFF8-20E7-B08236EC93C5}"
"507567","1279792","Aaron","","Kite","","","Booz Allen","Lead Engineer","King George  VA","11809 Harris Mill Ct","","Fredericksburg","VA","22408","True","09/02/2026","12.10","225.20","13280718","","{9E8210A6-0EEF-DFF8-20E7-B08236EC93C5}"
"507567","1279792","Aaron","","Kite","","","Booz Allen","Lead Engineer","King George  VA","11809 Harris Mill Ct","","Fredericksburg","VA","22408","True","09/27/2026","12.00","237.20","13280719","","{9E8210A6-0EEF-DFF8-20E7-B08236EC93C5}"
"507567","1283916","Dawn","","Shelley","","","SCPS","Teacher","Stafford  VA","11804 Duck Circle","","Spotsylvania","VA","22553","True","09/13/2026","100.00","177.10","13280720","","{9E8210A6-0EEF-DFF8-20E7-B08236EC93C5}"
"507567","1316969","Linda","","Ross","","","n.a","Not Employed","n.a","8110 Burbank Ave","","Fredericksburg","VA","22407","True","09/06/2026","200.00","200.00","13280721","","{9E8210A6-0EEF-DFF8-20E7-B08236EC93C5}"
"507567","1317178","Natalia","","Savicheva","","","n.a","Not Employed","n.a","11239 Stone Mill Ct","","Fredericksburg","VA","22407","True","09/13/2026","200.00","200.00","13280722","","{9E8210A6-0EEF-DFF8-20E7-B08236EC93C5}"
"507581","31762","Robert","Paul","Lawrence","","","NCG","principal","Marshall, VA","5531 Merry Oaks Road","","The Plains","VA","20116","True","09/29/2026","250.00","390.00","13281370","","{0A1670A6-7974-089B-260A-7F8389EC0F04}"
"507581","31884","Hazel","Lee","Kizer","","","n/a","retired","n/a","4287 Ringwood Road","","Nokesville","VA","20181","True","08/06/2026","1250.00","1292.50","13281371","","{0A1670A6-7974-089B-260A-7F8389EC0F04}"
"507581","31887","Claesen","D","Wyckoff","","","n/a","retired","n/a","6280 Redwinged Blackbird Drive","","Warrenton","VA","20187","True","08/06/2026","175.00","488.00","13281372","","{0A1670A6-7974-089B-260A-7F8389EC0F04}"
"507581","31887","Claesen","D","Wyckoff","","","n/a","retired","n/a","6280 Redwinged Blackbird Drive","","Warrenton","VA","20187","True","09/08/2026","10.00","498.00","13281373","","{0A1670A6-7974-089B-260A-7F8389EC0F04}"
"507581","32431","Gay","","Bass","","","n/a","homemaker","n/a","3494 Bass Springs Road","","Midland","VA","22728","True","07/06/2026","50.00","120.00","13281374","","{0A1670A6-7974-089B-260A-7F8389EC0F04}"
"507581","32439","Roger","L","Beavers","","SR","self","self employed","The Plains, VA","4171 Bull Run Mountain Road","","The Plains","VA","20198","True","08/10/2026","25.00","110.00","13281375","","{0A1670A6-7974-089B-260A-7F8389EC0F04}"
"507581","32439","Roger","L","Beavers","","SR","self","self employed","The Plains, VA","4171 Bull Run Mountain Road","","The Plains","VA","20198","True","09/21/2026","10.00","120.00","13281376","","{0A1670A6-7974-089B-260A-7F8389EC0F04}"
"507581","33533","Charles","","Medvitz","","","NA","retired","NA","5522 Baldwin Street","","Warrenton","VA","20186","True","08/06/2026","175.00","215.00","13281377","","{0A1670A6-7974-089B-260A-7F8389EC0F04}"
"507581","33533","Charles","","Medvitz","","","NA","retired","NA","5522 Baldwin Street","","Warrenton","VA","20186","True","08/06/2026","140.00","355.00","13281378","","{0A1670A6-7974-089B-260A-7F8389EC0F04}"
"507581","33533","Charles","","Medvitz","","","NA","retired","NA","5522 Baldwin Street","","Warrenton","VA","20186","True","09/28/2026","15.00","370.00","13281379","","{0A1670A6-7974-089B-260A-7F8389EC0F04}"
"507581","69604","Gary","","Gallahan","","","n/a","retired","n/a","6830 Averbach Court","","Warrenton","VA","20186","True","09/21/2026","40.00","120.00","13281380","","{0A1670A6-7974-089B-260A-7F8389EC0F04}"
"507581","71352","Charles","","Buser","","","Miller and Blackwell","manager","Warrenton, VA","9227 James Madison Hwy","","Warrenton","VA","20186","True","09/21/2026","100.00","130.00","13281381","","{0A1670A6-7974-089B-260A-7F8389EC0F04}"
"507581","169260","Robert","","Mosier","","","Obsidian Solutions Group","Law enforcement professional","Fredericksburg, VA","7474 Elmores Lane","","Warrenton","VA","20187","True","07/06/2026","50.00","130.00","13281382","","{0A1670A6-7974-089B-260A-7F8389EC0F04}"
"507581","169260","Robert","","Mosier","","","Obsidian Solutions Group","Law enforcement professional","Fredericksburg, VA","7474 Elmores Lane","","Warrenton","VA","20187","True","08/06/2026","280.00","410.00","13281383","","{0A1670A6-7974-089B-260A-7F8389EC0F04}"
"507581","169279","Matthew","","Groves","","","eLoyalty","manager","Austin, TX","7006 Settlers Ridge Road","","Warrenton","VA","20187","True","08/06/2026","55.00","125.00","13281384","","{0A1670A6-7974-089B-260A-7F8389EC0F04}"
"507581","169286","Richard","N","Brooke","","","n/a","retired","n/a","104 Mosby Circle","","Warrenton","VA","20186","True","09/05/2026","280.00","365.00","13281385","","{0A1670A6-7974-089B-260A-7F8389EC0F04}"
"507581","169286","Richard","N","Brooke","","","n/a","retired","n/a","104 Mosby Circle","","Warrenton","VA","20186","True","09/08/2026","500.00","865.00","13281386","","{0A1670A6-7974-089B-260A-7F8389EC0F04}"
"507581","169286","Richard","N","Brooke","","","n/a","retired","n/a","104 Mosby Circle","","Warrenton","VA","20186","True","09/28/2026","10.00","875.00","13281387","","{0A1670A6-7974-089B-260A-7F8389EC0F04}"
"507581","297657","Theresa","","Davies","","","n/a","retired","n/a","157 Culpeper Street","","Warrenton","VA","20186","True","08/06/2026","350.00","385.00","13281388","","{0A1670A6-7974-089B-260A-7F8389EC0F04}"
"507581","297657","Theresa","","Davies","","","n/a","retired","n/a","157 Culpeper Street","","Warrenton","VA","20186","True","08/06/2026","50.00","435.00","13281389","","{0A1670A6-7974-089B-260A-7F8389EC0F04}"
"507581","297657","Theresa","","Davies","","","n/a","retired","n/a","157 Culpeper Street","","Warrenton","VA","20186","True","09/28/2026","20.00","455.00","13281390","","{0A1670A6-7974-089B-260A-7F8389EC0F04}"
"507581","297660","Richard","","Gerhardt","","","n/a","self","Catlett, VA","8305 Old Dumphries Road","","Catlett","VA","20119","True","09/09/2026","1250.00","1305.00","13281391","","{0A1670A6-7974-089B-260A-7F8389EC0F04}"
"507581","307149","Gregory","A","Schumacher","","","n/a","retired","n/a","PO Box399","","The Plains","VA","20198","True","07/06/2026","50.00","110.00","13281392","","{0A1670A6-7974-089B-260A-7F8389EC0F04}"
"507581","307149","Gregory","A","Schumacher","","","n/a","retired","n/a","PO Box399","","The Plains","VA","20198","True","08/28/2026","20.00","130.00","13281393","","{0A1670A6-7974-089B-260A-7F8389EC0F04}"
"507581","315868","Ronald","G","Nist","","","n/a","retired","n/a","5715 Pendleton Lane","","Warrenton","VA","20187","True","08/28/2026","140.00","251.00","13281394","","{0A1670A6-7974-089B-260A-7F8389EC0F04}"
"507581","315868","Ronald","G","Nist","","","n/a","retired","n/a","5715 Pendleton Lane","","Warrenton","VA","20187","True","09/14/2026","60.00","311.00","13281395","","{0A1670A6-7974-089B-260A-7F8389EC0F04}"
"507581","315873","Barbara","","Tucker","","","Fauquier County","manager","Warrenton, VA","7351 Woodstone Court","","Warrenton","VA","20187","True","07/06/2026","25.00","135.00","13281396","","{0A1670A6-7974-089B-260A-7F8389EC0F04}"
"507581","315873","Barbara","","Tucker","","","Fauquier County","manager","Warrenton, VA","7351 Woodstone Court","","Warrenton","VA","20187","True","08/06/2026","25.00","160.00","13281397","","{0A1670A6-7974-089B-260A-7F8389EC0F04}"
"507581","315873","Barbara","","Tucker","","","Fauquier County","manager","Warrenton, VA","7351 Woodstone Court","","Warrenton","VA","20187","True","09/05/2026","25.00","185.00","13281398","","{0A1670A6-7974-089B-260A-7F8389EC0F04}"
"507581","315873","Barbara","","Tucker","","","Fauquier County","manager","Warrenton, VA","7351 Woodstone Court","","Warrenton","VA","20187","True","09/21/2026","350.00","535.00","13281399","","{0A1670A6-7974-089B-260A-7F8389EC0F04}"
"507581","315970","Lillian","Hybner","Read","","","n/a","retired","n/a","224 Fairfield Drive","","Warrenton","VA","20186","True","08/10/2026","25.00","235.00","13281400","","{0A1670A6-7974-089B-260A-7F8389EC0F04}"
"507581","315970","Lillian","Hybner","Read","","","n/a","retired","n/a","224 Fairfield Drive","","Warrenton","VA","20186","True","08/28/2026","140.00","375.00","13281401","","{0A1670A6-7974-089B-260A-7F8389EC0F04}"
"507581","315970","Lillian","Hybner","Read","","","n/a","retired","n/a","224 Fairfield Drive","","Warrenton","VA","20186","True","09/08/2026","10.00","385.00","13281402","","{0A1670A6-7974-089B-260A-7F8389EC0F04}"
"507581","315970","Lillian","Hybner","Read","","","n/a","retired","n/a","224 Fairfield Drive","","Warrenton","VA","20186","True","09/21/2026","50.00","435.00","13281403","","{0A1670A6-7974-089B-260A-7F8389EC0F04}"
"507581","317970","Matthew","","Smith","","","Smith Midland","manager","Midland, VA","5775 Germantown Road","","Midland","VA","22728","True","09/05/2026","500.00","585.00","13281404","","{0A1670A6-7974-089B-260A-7F8389EC0F04}"
"507581","331663","Jaqueline","","Sellers","","","n/a","retired","n/a","6652 Airlie Road","","Warrenton","VA","20187","True","08/18/2026","37.50","397.50","13281405","","{0A1670A6-7974-089B-260A-7F8389EC0F04}"
"507581","461517","Ann","","Popovich","","","n/a","Physical Therapist","n/a","4959 Old Buckland Road","","Broad Run","VA","20137","True","07/06/2026","50.00","320.00","13281406","","{0A1670A6-7974-089B-260A-7F8389EC0F04}"
"507581","461517","Ann","","Popovich","","","n/a","Physical Therapist","n/a","4959 Old Buckland Road","","Broad Run","VA","20137","True","09/05/2026","700.00","1020.00","13281407","","{0A1670A6-7974-089B-260A-7F8389EC0F04}"
"507581","461517","Ann","","Popovich","","","n/a","Physical Therapist","n/a","4959 Old Buckland Road","","Broad Run","VA","20137","True","09/14/2026","20.00","1040.00","13281408","","{0A1670A6-7974-089B-260A-7F8389EC0F04}"
"507581","479723","Kathryn","M","Schumacher","","","n/a","retired","n/a","PO Box 399","","The Plains","VA","20198","True","07/06/2026","50.00","735.00","13281409","","{0A1670A6-7974-089B-260A-7F8389EC0F04}"
"507581","479736","H.f.t.","","Hoffman","","","n/a","retired","n/a","4191 Cray Drive","","Warrenton","VA","20187","True","07/02/2026","25.00","3600.00","13281410","","{0A1670A6-7974-089B-260A-7F8389EC0F04}"
"507581","479736","H.f.t.","","Hoffman","","","n/a","retired","n/a","4191 Cray Drive","","Warrenton","VA","20187","True","07/02/2026","25.00","3625.00","13281411","","{0A1670A6-7974-089B-260A-7F8389EC0F04}"
"507581","479736","H.f.t.","","Hoffman","","","n/a","retired","n/a","4191 Cray Drive","","Warrenton","VA","20187","True","07/06/2026","50.00","3675.00","13281412","","{0A1670A6-7974-089B-260A-7F8389EC0F04}"
"507581","479736","H.f.t.","","Hoffman","","","n/a","retired","n/a","4191 Cray Drive","","Warrenton","VA","20187","True","09/14/2026","1250.00","6628.66","13281413","","{0A1670A6-7974-089B-260A-7F8389EC0F04}"
"507581","580220","Annette","","McCullough","","","Covenant Christian Academy","Teacher","Warrenton, VA","266 Hidden Creek Lane","","Warrenton","VA","20186","True","07/02/2026","30.00","107.50","13281414","","{0A1670A6-7974-089B-260A-7F8389EC0F04}"
"507581","580220","Annette","","McCullough","","","Covenant Christian Academy","Teacher","Warrenton, VA","266 Hidden Creek Lane","","Warrenton","VA","20186","True","08/20/2026","10.00","117.50","13281415","","{0A1670A6-7974-089B-260A-7F8389EC0F04}"
"507581","629927","Glenn","","Hourahan","","","NA","self-employed","NA","5073 Biscuit Mountain Road","","Broad Run","VA","20137","True","08/06/2026","1460.00","1760.00","13281416","","{0A1670A6-7974-089B-260A-7F8389EC0F04}"
"507581","629927","Glenn","","Hourahan","","","NA","self-employed","NA","5073 Biscuit Mountain Road","","Broad Run","VA","20137","True","09/28/2026","20.00","1780.00","13281417","","{0A1670A6-7974-089B-260A-7F8389EC0F04}"
"507581","667509","Patrick","","MIller","","","n/a","Mortgage banker","n/a","PO Box 480","","The Plains","VA","20198","True","08/31/2026","500.00","500.00","13281418","","{0A1670A6-7974-089B-260A-7F8389EC0F04}"
"507581","676266","Barbara","","Manning","","","Dept. of Health","IT","Washington, DC 20201","2501 Delaplane Grade Road","","Delaplane","VA","20144","True","08/18/2026","250.00","1021.00","13281419","","{0A1670A6-7974-089B-260A-7F8389EC0F04}"
"507581","676266","Barbara","","Manning","","","Dept. of Health","IT","Washington, DC 20201","2501 Delaplane Grade Road","","Delaplane","VA","20144","True","09/08/2026","560.00","1581.00","13281420","","{0A1670A6-7974-089B-260A-7F8389EC0F04}"
"507581","683937","Laurie","","Hourahan","","","n/a","Retired","n/a","5073 Biscuit Mountain Road","","Broad Run","VA","20137","True","09/14/2026","30.00","105.00","13281421","","{0A1670A6-7974-089B-260A-7F8389EC0F04}"
"507581","710015","Ricky","L","Brown","","","n/a","self-employed","n/a","4235B Whiting Road","","Marshall","VA","20115","True","09/21/2026","5000.00","5000.00","13281422","","{0A1670A6-7974-089B-260A-7F8389EC0F04}"
"507581","710025","Frank","","Wickersham","","","NA","retired","NA","8294 Stable Gate Road","","Warrenton","VA","20186","True","09/21/2026","280.00","590.00","13281423","","{0A1670A6-7974-089B-260A-7F8389EC0F04}"
"507581","717965","H.","F.","Burroughs","","","NA","retired","NA","6014 Jacklyn Drive","","Warrenton","VA","20187","True","08/10/2026","50.00","135.00","13281424","","{0A1670A6-7974-089B-260A-7F8389EC0F04}"
"507581","717965","H.","F.","Burroughs","","","NA","retired","NA","6014 Jacklyn Drive","","Warrenton","VA","20187","True","09/05/2026","280.00","415.00","13281425","","{0A1670A6-7974-089B-260A-7F8389EC0F04}"
"507581","751206","James","","van Hook","","","HITT Contracting Inc","project manager","Falls Church, VA","5877 Hunton Wood Drive","","Broad Run","VA","20137","True","07/06/2026","15.00","105.00","13281426","","{0A1670A6-7974-089B-260A-7F8389EC0F04}"
"507581","751206","James","","van Hook","","","HITT Contracting Inc","project manager","Falls Church, VA","5877 Hunton Wood Drive","","Broad Run","VA","20137","True","08/06/2026","15.00","120.00","13281427","","{0A1670A6-7974-089B-260A-7F8389EC0F04}"
"507581","751206","James","","van Hook","","","HITT Contracting Inc","project manager","Falls Church, VA","5877 Hunton Wood Drive","","Broad Run","VA","20137","True","09/05/2026","15.00","135.00","13281428","","{0A1670A6-7974-089B-260A-7F8389EC0F04}"
"507581","781892","Gregory","","Pinelli","","","United Airlines","Sr. Regional Manager, Ground Equipment","Dulles, VA","6019 Georgetown Road","","Broad Run","VA","20137","True","09/22/2026","125.00","207.50","13281429","","{0A1670A6-7974-089B-260A-7F8389EC0F04}"
"507581","790531","Pamela","","Brisky","","","FTBA","paralegal","Valencia, PA","7144 Cavalry Drive","","Warrenton","VA","20187","True","07/06/2026","25.00","210.00","13281430","","{0A1670A6-7974-089B-260A-7F8389EC0F04}"
"507581","790531","Pamela","","Brisky","","","FTBA","paralegal","Valencia, PA","7144 Cavalry Drive","","Warrenton","VA","20187","True","07/06/2026","50.00","260.00","13281431","","{0A1670A6-7974-089B-260A-7F8389EC0F04}"
"507581","790531","Pamela","","Brisky","","","FTBA","paralegal","Valencia, PA","7144 Cavalry Drive","","Warrenton","VA","20187","True","08/06/2026","25.00","285.00","13281432","","{0A1670A6-7974-089B-260A-7F8389EC0F04}"
"507581","790531","Pamela","","Brisky","","","FTBA","paralegal","Valencia, PA","7144 Cavalry Drive","","Warrenton","VA","20187","True","09/05/2026","25.00","310.00","13281433","","{0A1670A6-7974-089B-260A-7F8389EC0F04}"
"507581","797129","Edward","B","Tucker","","Jr.","NA","retired","NA","7351 Woodstone Ct","","Warrenton","VA","20187","True","07/06/2026","25.00","160.00","13281434","","{0A1670A6-7974-089B-260A-7F8389EC0F04}"
"507581","797129","Edward","B","Tucker","","Jr.","NA","retired","NA","7351 Woodstone Ct","","Warrenton","VA","20187","True","08/06/2026","25.00","185.00","13281435","","{0A1670A6-7974-089B-260A-7F8389EC0F04}"
"507581","797129","Edward","B","Tucker","","Jr.","NA","retired","NA","7351 Woodstone Ct","","Warrenton","VA","20187","True","09/05/2026","25.00","210.00","13281436","","{0A1670A6-7974-089B-260A-7F8389EC0F04}"
"507581","829962","Carol","","Marnell","","","N/A","retired","N/A","417 Ridge Court","","Warrenton","VA","20186","True","07/23/2026","25.00","110.00","13281437","","{0A1670A6-7974-089B-260A-7F8389EC0F04}"
"507581","843718","Paul","","Matthews","","","Young America's Foundation","Chief Financial Officer","Reston, VA","4584 Spring Run Road","","Warrenton","VA","20187","True","07/06/2026","50.00","101.00","13281438","","{0A1670A6-7974-089B-260A-7F8389EC0F04}"
"507581","847793","Amy","","Roark","","","N/A","retired","N/A","3704 Osborne Dr.","","Warrenton","VA","20187","True","09/29/2026","100.00","190.00","13281439","","{0A1670A6-7974-089B-260A-7F8389EC0F04}"
"507581","855240","","","Michael Webert for Delegate","","","","polilical","Marshall, VA","P.O. Box 631","","Marshall","VA","20115","False","09/21/2026","2500.00","2545.00","13281440","","{0A1670A6-7974-089B-260A-7F8389EC0F04}"
"507581","883090","Josephine","","Gilbert","","","N/A","not given","N/A","5273 Ambler Drive","","Warrenton","VA","20187","True","09/14/2026","140.00","217.50","13281441","","{0A1670A6-7974-089B-260A-7F8389EC0F04}"
"507581","891580","Margaret","E.","Keapproth","","","N/A","retired","N/a","4698 Gates Road","","Warrenton","VA","20187","True","07/02/2026","25.00","145.00","13281442","","{0A1670A6-7974-089B-260A-7F8389EC0F04}"
"507581","891580","Margaret","E.","Keapproth","","","N/A","retired","N/a","4698 Gates Road","","Warrenton","VA","20187","True","07/21/2026","25.00","170.00","13281443","","{0A1670A6-7974-089B-260A-7F8389EC0F04}"
"507581","891580","Margaret","E.","Keapproth","","","N/A","retired","N/a","4698 Gates Road","","Warrenton","VA","20187","True","08/10/2026","25.00","195.00","13281444","","{0A1670A6-7974-089B-260A-7F8389EC0F04}"
"507581","891580","Margaret","E.","Keapproth","","","N/A","retired","N/a","4698 Gates Road","","Warrenton","VA","20187","True","08/10/2026","25.00","220.00","13281445","","{0A1670A6-7974-089B-260A-7F8389EC0F04}"
"507581","891580","Margaret","E.","Keapproth","","","N/A","retired","N/a","4698 Gates Road","","Warrenton","VA","20187","True","09/08/2026","280.00","500.00","13281446","","{0A1670A6-7974-089B-260A-7F8389EC0F04}"
"507581","891580","Margaret","E.","Keapproth","","","N/A","retired","N/a","4698 Gates Road","","Warrenton","VA","20187","True","09/08/2026","5.00","505.00","13281447","","{0A1670A6-7974-089B-260A-7F8389EC0F04}"
"507581","891581","Frederick","J","Verdi","","","N/A","retired","N/A","587 Foxcroft Road","","Warrenton","VA","20186","True","09/21/2026","5.00","123.00","13281448","","{0A1670A6-7974-089B-260A-7F8389EC0F04}"
"507581","893937","Dannette","","Frescholtz","","","N/A","retired","N/A","115 Manor Court","Apt 309","Warrenton","VA","20187","True","09/21/2026","280.00","330.00","13281449","","{0A1670A6-7974-089B-260A-7F8389EC0F04}"
"507581","899361","Robert","","Najjar","","","N/A","retired","N/A","6689 Suffield Lane","","Warrenton","VA","20187","True","09/05/2026","280.00","375.00","13281450","","{0A1670A6-7974-089B-260A-7F8389EC0F04}"
"507581","909988","Kenneth","","Tarpey","","","N/A","retired","N/A","10590 Mountain Shadow Lane","","Marshall","VA","20115","True","09/05/2026","37.50","137.50","13281451","","{0A1670A6-7974-089B-260A-7F8389EC0F04}"
"507581","919043","Joan","","Christensen","","","N/A","retired","N/a","3688 Cherry Hill Road","","Linden","VA","22642","True","08/28/2026","10.00","178.00","13281452","","{0A1670A6-7974-089B-260A-7F8389EC0F04}"
"507581","919043","Joan","","Christensen","","","N/A","retired","N/a","3688 Cherry Hill Road","","Linden","VA","22642","True","09/08/2026","10.00","188.00","13281453","","{0A1670A6-7974-089B-260A-7F8389EC0F04}"
"507581","919043","Joan","","Christensen","","","N/A","retired","N/a","3688 Cherry Hill Road","","Linden","VA","22642","True","09/09/2026","72.50","260.50","13281454","","{0A1670A6-7974-089B-260A-7F8389EC0F04}"
"507581","919043","Joan","","Christensen","","","N/A","retired","N/a","3688 Cherry Hill Road","","Linden","VA","22642","True","09/21/2026","5.00","265.50","13281455","","{0A1670A6-7974-089B-260A-7F8389EC0F04}"
"507581","919043","Joan","","Christensen","","","N/A","retired","N/a","3688 Cherry Hill Road","","Linden","VA","22642","True","09/21/2026","10.00","275.50","13281456","","{0A1670A6-7974-089B-260A-7F8389EC0F04}"
"507581","946437","","","Friends of Jeremy Falls","","","","Political party support","Warrenton, VA","P.O. Box 3342","","Warrenton","VA","20188","False","09/28/2026","1250.00","1250.00","13281457","","{0A1670A6-7974-089B-260A-7F8389EC0F04}"
"507581","972830","","","Friends of Bryce Reeves","","","","Political support committee","Richmond, VA","11205 Gray Fox Pt","","Spotsylvania","VA","22551","False","09/28/2026","1250.00","1250.00","13281458","","{0A1670A6-7974-089B-260A-7F8389EC0F04}"
"507581","1027244","Wayne","","Harne","","","N/A","retired","N/A","10436 Marsh Road","","Bealeton","VA","22712","True","07/21/2026","20.00","1130.00","13281459","","{0A1670A6-7974-089B-260A-7F8389EC0F04}"
"507581","1027244","Wayne","","Harne","","","N/A","retired","N/A","10436 Marsh Road","","Bealeton","VA","22712","True","07/21/2026","25.00","1155.00","13281460","","{0A1670A6-7974-089B-260A-7F8389EC0F04}"
"507581","1027244","Wayne","","Harne","","","N/A","retired","N/A","10436 Marsh Road","","Bealeton","VA","22712","True","08/06/2026","1250.00","2405.00","13281461","","{0A1670A6-7974-089B-260A-7F8389EC0F04}"
"507581","1027244","Wayne","","Harne","","","N/A","retired","N/A","10436 Marsh Road","","Bealeton","VA","22712","True","09/14/2026","250.00","2655.00","13281462","","{0A1670A6-7974-089B-260A-7F8389EC0F04}"
"507581","1158329","Brock","","Price","","","n/a","retired","n/a","11178 Rogues Road","","Midland","VA","22728","True","08/28/2026","500.00","500.00","13281463","","{0A1670A6-7974-089B-260A-7F8389EC0F04}"
"507581","1164645","","","Smith-Midland Corporation","","","","manufacturing","Midland, VA","5119 Catlett Road","","Midland","VA","22728","False","07/28/2026","2500.00","2500.00","13281464","","{0A1670A6-7974-089B-260A-7F8389EC0F04}"
"507581","1180030","Sue","","Evangelista","","","n/a","retired","n/a","7178 Surrey Ct","","Warrenton","VA","20187","True","07/21/2026","25.00","155.00","13281465","","{0A1670A6-7974-089B-260A-7F8389EC0F04}"
"507581","1243091","","","Ruppert Davis Ltd","","","","a limited liability company","Warrenton, VA","15 Culpeper Street","","Warrenton","VA","20186","False","09/21/2026","1250.00","1250.00","13281466","","{0A1670A6-7974-089B-260A-7F8389EC0F04}"
"507581","1249661","Bruce","L","Smith","","","n/a","retired","n/a","9270 Rogues Road","","Casanova","VA","20139","True","09/14/2026","100.00","160.00","13281467","","{0A1670A6-7974-089B-260A-7F8389EC0F04}"
"507581","1309461","Patti","","Hoffman","","","n/a","retired","n/a","4191 Cray Drive","","Warrenton","VA","20187","True","08/06/2026","5000.00","5000.00","13281468","","{0A1670A6-7974-089B-260A-7F8389EC0F04}"
"507581","1314950","Pat","","Kane","","","n/a","retired","n/a","7142 Lake Dr","","Warrenton","VA","20187","True","09/14/2026","150.00","150.00","13281469","","{0A1670A6-7974-089B-260A-7F8389EC0F04}"
"507581","1314951","Jim","","Rich","","","n/a","retired","n/a","P.O. Box 1344","","Middleburg","VA","20188","True","09/14/2026","140.00","140.00","13281470","","{0A1670A6-7974-089B-260A-7F8389EC0F04}"
"507581","1317995","Mark","","Rittgers","","","Telecommunications Management Associates","manager","Manassass, VA","121 Cedar Top Lane","","Front Royal","VA","22630","True","09/29/2026","350.00","350.00","13281471","","{0A1670A6-7974-089B-260A-7F8389EC0F04}"
"507581","1317996","Pauline","","Thompson","","","Tysons Realty Escrow","manager","Falls Church, VA","2425 Nottingham Drive","","Falls Church","VA","22043","True","09/29/2026","140.00","140.00","13281472","","{0A1670A6-7974-089B-260A-7F8389EC0F04}"
"507581","1318122","George","","Toplin","","","n/a","retired","m/a","25181 Fortitude Ter","","Chantilly","VA","20152","True","09/20/2026","200.00","200.00","13281473","","{0A1670A6-7974-089B-260A-7F8389EC0F04}"
"507587","35698","","","Harrisonburg Democratic Committee","","","","Political Committee","Harrisonburg, VA","850 West Market Street","","Harrisonburg","VA","22801","False","07/28/2026","1769.00","1769.00","13281789","","{DFE3465D-1C6C-E01C-0CA7-E009CDCF794E}"
"507587","35698","","","Harrisonburg Democratic Committee","","","","Political Committee","Harrisonburg, VA","850 West Market Street","","Harrisonburg","VA","22801","False","08/04/2026","178.50","1947.50","13281790","","{DFE3465D-1C6C-E01C-0CA7-E009CDCF794E}"
"507587","35698","","","Harrisonburg Democratic Committee","","","","Political Committee","Harrisonburg, VA","850 West Market Street","","Harrisonburg","VA","22801","False","09/25/2026","6369.68","8317.18","13281791","","{DFE3465D-1C6C-E01C-0CA7-E009CDCF794E}"
"507587","427950","Timothy","","Jost","","","n/a","Retired","Harrisonburg, Virginia","1491 Virginia Avenue","501","Harrisonburg","VA","22802","True","08/26/2026","461.04","461.04","13281792","","{DFE3465D-1C6C-E01C-0CA7-E009CDCF794E}"
"507587","470125","Gwyneth","","Mellinger","","","James Madison University","Professor","Harrisonburg, VA","1969 Smithland Road","","Rockingham","VA","22802","True","08/26/2026","115.26","115.26","13281793","","{DFE3465D-1C6C-E01C-0CA7-E009CDCF794E}"
"507587","494197","Janet","","Trettner","","","n/a","Retired","n/a","3965 Mountain Valley Road","","Keezletown","VA","22832","True","08/26/2026","115.26","115.26","13281794","","{DFE3465D-1C6C-E01C-0CA7-E009CDCF794E}"
"507587","851545","Wayne","","McNett","","","n/a","Retired","Bridgewater, VA","8840 Centerville Road","","Bridgewater","VA","22812","True","07/15/2026","240.12","240.12","13281795","","{DFE3465D-1C6C-E01C-0CA7-E009CDCF794E}"
"507587","1135049","Dianne","","Fulk","","","James Madison University","Administrative Assistant","Harrisonburg, VA","3120 Pride Circle","","Broadway","VA","22815","True","07/08/2026","90.00","115.00","13281796","","{DFE3465D-1C6C-E01C-0CA7-E009CDCF794E}"
"507587","1161260","Lorrie","","Getter-Howe","","","NA","Not employed","N/A","2090 Taylor Drive","","Rockingham","VA","22801","True","08/26/2026","86.44","182.49","13281797","","{DFE3465D-1C6C-E01C-0CA7-E009CDCF794E}"
"507587","1162973","Tim","","Russell","","","na","not employed","N/A","110 Hobart Ct.","","Rockingham","VA","22801","True","08/12/2026","192.10","192.10","13281798","","{DFE3465D-1C6C-E01C-0CA7-E009CDCF794E}"
"507587","1163099","","","Democratic Party of Virginia, Director - Lauren Reyes","","","","Political Party","Richmond","919 E, Main Street","2050","Richmond","VA","23219","False","07/22/2026","700.00","700.00","13281799","","{DFE3465D-1C6C-E01C-0CA7-E009CDCF794E}"
"507587","1166540","Betty","","McNett","","","N/A","retired","Rockingham","8840 Centerville Rd","","Bridgewater","VA","22812","True","07/15/2026","96.05","192.10","13281800","","{DFE3465D-1C6C-E01C-0CA7-E009CDCF794E}"
"507587","1199285","Marian","","McCarron","","","n/a","Retired","Fulks Run, VA","6402 Northwoods Hollow","","Fulks Run","VA","22830","True","07/08/2026","90.00","115.00","13281801","","{DFE3465D-1C6C-E01C-0CA7-E009CDCF794E}"
"507587","1199285","Marian","","McCarron","","","n/a","Retired","Fulks Run, VA","6402 Northwoods Hollow","","Fulks Run","VA","22830","True","08/10/2026","31.00","146.00","13281802","","{DFE3465D-1C6C-E01C-0CA7-E009CDCF794E}"
"507587","1199555","Gilda","","De la Cruz","","","N/A","Not employed","Harrisonburg, VA","3825 Roxburgh St","","Harrisonburg","VA","22801","True","08/26/2026","115.26","115.26","13281803","","{DFE3465D-1C6C-E01C-0CA7-E009CDCF794E}"
"507587","1208874","Susan","","Young","","","N/A","Not Employed","Rockingham, VA","4525 Gratten Price Drive","#2","Rockingham","VA","22801","True","07/22/2026","24.01","168.07","13281804","","{DFE3465D-1C6C-E01C-0CA7-E009CDCF794E}"
"507587","1283998","Page","","Shields","","","N/A","Retired","N/A","1398 Cumberland Drive","","Rockingham","VA","22801","True","08/26/2026","230.52","294.53","13281805","","{DFE3465D-1C6C-E01C-0CA7-E009CDCF794E}"
"507587","1309790","Thomas","","Scanlan","","","N/A","Retired","N/A","2150 Secrist Lane","","Harrisonburg","VA","22801","True","08/10/2026","500.00","500.00","13281806","","{DFE3465D-1C6C-E01C-0CA7-E009CDCF794E}"
"507587","1311264","Virginia","","Galgano","","","N/A","Not Employed","N/A","1174 Nelson Drive","","Harrisonburg","VA","22801","True","08/26/2026","115.26","115.26","13281807","","{DFE3465D-1C6C-E01C-0CA7-E009CDCF794E}"
"507592","1318838","WHIT","","BROMM","","","RETIRED","RETIRED","ROANOKE, VA","3324 SOMERCROFT CT","","ROANOKE","VA","24014","True","10/02/2026","150.00",".00","13281816","","{C79144B2-D438-2A8E-39CE-865FA474DA57}"
"507593","1315677","Jennifer","Lilly","Schenk","","","Self-Employed","Attorney","Charlotte, North Carolina","3632 Mill Pond Road","","Charlotte","NC","28226","True","09/02/2026","250.00","250.00","13281817","","{FCC188B9-6505-5F62-1339-7528EE66F019}"
"507593","1315681","Michael","","Duncan","","","DVTI","Executive","Danville, Virginia","318 Vicar Road","","Danville","VA","24540","True","09/10/2026","250.00","250.00","13281818","","{FCC188B9-6505-5F62-1339-7528EE66F019}"
"507593","1317228","Beverly","","Miller","","","Miller Technologies Inc.","Business Owner","Lawsonville, North Carolina","1073 Miller Farm Road","","Lawsonville","NC","27022","True","09/18/2026","300.00","300.00","13281819","","{FCC188B9-6505-5F62-1339-7528EE66F019}"
"507595","1318796","Elizabeth","","Gaziano","","","Brambleton Imports","Self Employed","Roanoke, Virginia","3322 Brambleton Ave SW","","Roanoke","VA","24018","True","09/19/2026","250.00","250.00","13281822","","{BC863F37-9034-B3D4-EB46-6F0219D77510}"
"507595","1318831","Dawn","","Matheson","","","Matheson Group","Executive","Chesapeake, Virginia","115 Harbor Watch Drive","","Chesapeake","VA","23320","True","09/05/2026","200.00","200.00","13281823","","{BC863F37-9034-B3D4-EB46-6F0219D77510}"
"507596","","","","HBAV Build PAC","","","","PAC","Richmond, VA","1051 Ease Cary St Ste 1400","","Richmond","VA","23219","False","10/03/2026","7000.00","7000.00","13281824","","{4A0107BD-A35C-4449-E159-FA9EF55E35EB}"
"507605","","Mary","","Blissard","","","Not Employed","Not Employed","Leesburg VA","314 Loudoun St SW","VA20175","Leesburg","VA","20175-2611","True","08/13/2026","125.00","125.00","13281868","","{23316C5D-8979-124C-50FA-D41F629026C1}"
"507605","","Juli","","Briskman","Ms.","","Loudoun","Supervisor","Leesburg VA","47393 River Crest St","","Sterling","VA","20165-3109","True","07/08/2026","200.00","200.00","13281869","","{23316C5D-8979-124C-50FA-D41F629026C1}"
"507605","","Juli","","Briskman","Ms.","","Loudoun","Supervisor","Leesburg VA","47393 River Crest St","","Sterling","VA","20165-3109","True","07/11/2026","20.00","220.00","13281870","","{23316C5D-8979-124C-50FA-D41F629026C1}"
"507605","","Cory","","Brunet","","","Loudoun County Public Schools","teacher","Broadlands VA","43216 Farringdon Sq","","Broadlands","VA","20148-5547","True","08/03/2026","84.00","168.00","13281871","","{23316C5D-8979-124C-50FA-D41F629026C1}"
"507605","","Cory","","Brunet","","","Loudoun County Public Schools","teacher","Broadlands VA","43216 Farringdon Sq","","Broadlands","VA","20148-5547","True","09/05/2026","84.00","252.00","13281872","","{23316C5D-8979-124C-50FA-D41F629026C1}"
"507605","","Michael","","Evanko","","","Not Employed","Not Employed","Ashburn VA","43139 Whelplehill Ter","","Ashburn","VA","20148-7409","True","08/15/2026","42.00","139.00","13281873","","{23316C5D-8979-124C-50FA-D41F629026C1}"
"507605","","Michael","","Evanko","","","Not Employed","Not Employed","Ashburn VA","43139 Whelplehill Ter","","Ashburn","VA","20148-7409","True","09/15/2026","42.00","181.00","13281874","","{23316C5D-8979-124C-50FA-D41F629026C1}"
"507605","","John","","Johnson","","","Dept. of Transportation","Aero. Info. Specialist","Purcellville VA","19018 Pheasant Chase Ct","","Purcellville","VA","20132-4370","True","09/27/2026","25.00","125.00","13281875","","{23316C5D-8979-124C-50FA-D41F629026C1}"
"507605","","Herschel","E","Kanter","Mr.","","Not Employed","Not Employed","Arlington VA","5726 28th St N","","Arlington","VA","22207-1434","True","08/21/2026","84.00","168.00","13281876","","{23316C5D-8979-124C-50FA-D41F629026C1}"
"507605","","Herschel","E","Kanter","Mr.","","Not Employed","Not Employed","Arlington VA","5726 28th St N","","Arlington","VA","22207-1434","True","09/21/2026","84.00","252.00","13281877","","{23316C5D-8979-124C-50FA-D41F629026C1}"
"507605","","Candice","","Murphy","","","Not Employed","Not Employed","Brambleton VA","42600 Olmsted Dr","","Brambleton","VA","20148-5647","True","07/05/2026","115.00","115.00","13281878","","{23316C5D-8979-124C-50FA-D41F629026C1}"
"507609","","Clare","Witt","Britcher","","","Not Employed","n/a","Williamsburg VA","214 Barlow Rd","","Williamsburg","VA","23188-2204","True","07/19/2026","10.00","101.60","13281905","","{0B68C258-60DE-F9AC-7BDE-72E5444CC87C}"
"507609","","Clare","Witt","Britcher","","","Not Employed","n/a","Williamsburg VA","214 Barlow Rd","","Williamsburg","VA","23188-2204","True","07/26/2026","10.00","111.60","13281906","","{0B68C258-60DE-F9AC-7BDE-72E5444CC87C}"
"507609","","Clare","Witt","Britcher","","","Not Employed","n/a","Williamsburg VA","214 Barlow Rd","","Williamsburg","VA","23188-2204","True","08/23/2026","10.00","121.60","13281907","","{0B68C258-60DE-F9AC-7BDE-72E5444CC87C}"
"507609","","Clare","Witt","Britcher","","","Not Employed","n/a","Williamsburg VA","214 Barlow Rd","","Williamsburg","VA","23188-2204","True","09/20/2026","10.00","131.60","13281908","","{0B68C258-60DE-F9AC-7BDE-72E5444CC87C}"
"507609","","Camilla","M","Buchanan","","","Not Employed","n/a","Williamsburg VA","196 The Maine","","Williamsburg","VA","23185-1423","True","07/26/2026","25.00","250.00","13281909","","{0B68C258-60DE-F9AC-7BDE-72E5444CC87C}"
"507609","","Camilla","M","Buchanan","","","Not Employed","n/a","Williamsburg VA","196 The Maine","","Williamsburg","VA","23185-1423","True","08/30/2026","25.00","275.00","13281910","","{0B68C258-60DE-F9AC-7BDE-72E5444CC87C}"
"507609","","Camilla","M","Buchanan","","","Not Employed","n/a","Williamsburg VA","196 The Maine","","Williamsburg","VA","23185-1423","True","09/27/2026","25.00","300.00","13281911","","{0B68C258-60DE-F9AC-7BDE-72E5444CC87C}"
"507609","","Susan","Shiver","Carron","","","Not Employed","n/a","Williamsburg VA","16 Bayberry Ln","","Williamsburg","VA","23185-3406","True","07/19/2026","50.00","350.00","13281912","","{0B68C258-60DE-F9AC-7BDE-72E5444CC87C}"
"507609","","Susan","Shiver","Carron","","","Not Employed","n/a","Williamsburg VA","16 Bayberry Ln","","Williamsburg","VA","23185-3406","True","08/23/2026","50.00","400.00","13281913","","{0B68C258-60DE-F9AC-7BDE-72E5444CC87C}"
"507609","","Susan","Shiver","Carron","","","Not Employed","n/a","Williamsburg VA","16 Bayberry Ln","","Williamsburg","VA","23185-3406","True","09/20/2026","50.00","450.00","13281914","","{0B68C258-60DE-F9AC-7BDE-72E5444CC87C}"
"507609","","Debbie","","Coleman","","","Not Employed","n/a","Williamsburg VA","4962 Hickory Signpost Rd","","Williamsburg","VA","23185-2409","True","09/21/2026","100.00","118.30","13281915","","{0B68C258-60DE-F9AC-7BDE-72E5444CC87C}"
"507609","","Ann","","Dartt","","","Not Employed","n/a","Williamsburg VA","109 Penn Dr","","Williamsburg","VA","23188-1803","True","07/05/2026","25.00","175.00","13281916","","{0B68C258-60DE-F9AC-7BDE-72E5444CC87C}"
"507609","","Ann","","Dartt","","","Not Employed","n/a","Williamsburg VA","109 Penn Dr","","Williamsburg","VA","23188-1803","True","08/02/2026","25.00","200.00","13281917","","{0B68C258-60DE-F9AC-7BDE-72E5444CC87C}"
"507609","","Ann","","Dartt","","","Not Employed","n/a","Williamsburg VA","109 Penn Dr","","Williamsburg","VA","23188-1803","True","09/06/2026","25.00","225.00","13281918","","{0B68C258-60DE-F9AC-7BDE-72E5444CC87C}"
"507609","","Stephen","Fred","Day","","","Not Employed","n/a","Williamsburg VA","118 Point O Woods","","Williamsburg","VA","23188-7052","True","07/26/2026","25.00","175.00","13281919","","{0B68C258-60DE-F9AC-7BDE-72E5444CC87C}"
"507609","","Stephen","Fred","Day","","","Not Employed","n/a","Williamsburg VA","118 Point O Woods","","Williamsburg","VA","23188-7052","True","08/23/2026","25.00","200.00","13281920","","{0B68C258-60DE-F9AC-7BDE-72E5444CC87C}"
"507609","","Stephen","Fred","Day","","","Not Employed","n/a","Williamsburg VA","118 Point O Woods","","Williamsburg","VA","23188-7052","True","09/27/2026","25.00","225.00","13281921","","{0B68C258-60DE-F9AC-7BDE-72E5444CC87C}"
"507609","","Dana","","Emmett","","","Self","Screenwriter","Williamsburg VA","2521 Goodrich Durfey","","Williamsburg","VA","23185-8031","True","08/02/2026","250.00","250.00","13281922","","{0B68C258-60DE-F9AC-7BDE-72E5444CC87C}"
"507609","","Jaylan","Michael","Haley","","","US Air Force","Contractor","Yorktown VA","308 Peachtree Johnson","","Yorktown","VA","23693","True","08/02/2026","25.00","375.00","13281923","","{0B68C258-60DE-F9AC-7BDE-72E5444CC87C}"
"507609","","Jaylan","Michael","Haley","","","US Air Force","Contractor","Yorktown VA","308 Peachtree Johnson","","Yorktown","VA","23693","True","09/06/2026","25.00","400.00","13281924","","{0B68C258-60DE-F9AC-7BDE-72E5444CC87C}"
"507609","","Jaylan","Michael","Haley","","","US Air Force","Contractor","Yorktown VA","308 Peachtree Johnson","","Yorktown","VA","23693","True","09/30/2026","25.00","425.00","13281925","","{0B68C258-60DE-F9AC-7BDE-72E5444CC87C}"
"507609","","Calvin","Scott","Hall","","","US Department of Defense","USAF Service Member","Williamsburg VA","4683 Sir Gilbert Loop","","Williamsburg","VA","23185-7947","True","08/09/2026","10.00","105.00","13281926","","{0B68C258-60DE-F9AC-7BDE-72E5444CC87C}"
"507609","","Calvin","Scott","Hall","","","US Department of Defense","USAF Service Member","Williamsburg VA","4683 Sir Gilbert Loop","","Williamsburg","VA","23185-7947","True","09/06/2026","10.00","115.00","13281927","","{0B68C258-60DE-F9AC-7BDE-72E5444CC87C}"
"507609","","Helen","F","Hansen","","","Not Employed","n/a","Williamsburg VA","122 Pasbehegh Dr","","Williamsburg","VA","23185-1417","True","08/09/2026","100.00","200.00","13281928","","{0B68C258-60DE-F9AC-7BDE-72E5444CC87C}"
"507609","","J","Renee","Hawthorne","","","Not Employed","n/a","Williamsburg VA","136 Great Gln","","Williamsburg","VA","23188-9169","True","07/05/2026","25.00","211.60","13281929","","{0B68C258-60DE-F9AC-7BDE-72E5444CC87C}"
"507609","","J","Renee","Hawthorne","","","Not Employed","n/a","Williamsburg VA","136 Great Gln","","Williamsburg","VA","23188-9169","True","08/02/2026","25.00","236.60","13281930","","{0B68C258-60DE-F9AC-7BDE-72E5444CC87C}"
"507609","","J","Renee","Hawthorne","","","Not Employed","n/a","Williamsburg VA","136 Great Gln","","Williamsburg","VA","23188-9169","True","09/06/2026","25.00","261.60","13281931","","{0B68C258-60DE-F9AC-7BDE-72E5444CC87C}"
"507609","","Martha","","Howard","","","College of William & Mary","Administrator","Williamsburg VA","2812 Linden Ln","","Williamsburg","VA","23185-8023","True","07/12/2026","15.00","105.00","13281932","","{0B68C258-60DE-F9AC-7BDE-72E5444CC87C}"
"507609","","Martha","","Howard","","","College of William & Mary","Administrator","Williamsburg VA","2812 Linden Ln","","Williamsburg","VA","23185-8023","True","08/16/2026","15.00","120.00","13281933","","{0B68C258-60DE-F9AC-7BDE-72E5444CC87C}"
"507609","","Martha","","Howard","","","College of William & Mary","Administrator","Williamsburg VA","2812 Linden Ln","","Williamsburg","VA","23185-8023","True","09/13/2026","15.00","135.00","13281934","","{0B68C258-60DE-F9AC-7BDE-72E5444CC87C}"
"507609","","Tameka","","Huff","","","Sandia National Labs","Manager","Yorktown VA","116 Mobjack Loop","","Yorktown","VA","23693-2612","True","07/19/2026","100.00","700.00","13281935","","{0B68C258-60DE-F9AC-7BDE-72E5444CC87C}"
"507609","","Tameka","","Huff","","","Sandia National Labs","Manager","Yorktown VA","116 Mobjack Loop","","Yorktown","VA","23693-2612","True","08/16/2026","100.00","800.00","13281936","","{0B68C258-60DE-F9AC-7BDE-72E5444CC87C}"
"507609","","Tameka","","Huff","","","Sandia National Labs","Manager","Yorktown VA","116 Mobjack Loop","","Yorktown","VA","23693-2612","True","09/20/2026","100.00","900.00","13281937","","{0B68C258-60DE-F9AC-7BDE-72E5444CC87C}"
"507609","","Ann","Louise","Hunt","","","Not employed","n/a","Williamsburg VA","215 The Maine","","Williamsburg","VA","23185-1424","True","07/26/2026","20.00","140.00","13281938","","{0B68C258-60DE-F9AC-7BDE-72E5444CC87C}"
"507609","","Ann","Louise","Hunt","","","Not employed","n/a","Williamsburg VA","215 The Maine","","Williamsburg","VA","23185-1424","True","08/30/2026","20.00","160.00","13281939","","{0B68C258-60DE-F9AC-7BDE-72E5444CC87C}"
"507609","","Ann","Louise","Hunt","","","Not employed","n/a","Williamsburg VA","215 The Maine","","Williamsburg","VA","23185-1424","True","09/27/2026","20.00","180.00","13281940","","{0B68C258-60DE-F9AC-7BDE-72E5444CC87C}"
"507609","","James","O.","Icenhour Jr","","","James City County","Political","Williamsburg VA","101 Mounts Bay Rd","Bldg D","Williamsburg","VA","23185-6569","True","07/19/2026","25.00","350.00","13281941","","{0B68C258-60DE-F9AC-7BDE-72E5444CC87C}"
"507609","","James","O.","Icenhour Jr","","","James City County","Political","Williamsburg VA","101 Mounts Bay Rd","Bldg D","Williamsburg","VA","23185-6569","True","07/19/2026","25.00","350.00","13281942","","{0B68C258-60DE-F9AC-7BDE-72E5444CC87C}"
"507609","","James","O.","Icenhour Jr","","","James City County","Political","Williamsburg VA","101 Mounts Bay Rd","Bldg D","Williamsburg","VA","23185-6569","True","08/16/2026","25.00","400.00","13281943","","{0B68C258-60DE-F9AC-7BDE-72E5444CC87C}"
"507609","","James","O.","Icenhour Jr","","","James City County","Political","Williamsburg VA","101 Mounts Bay Rd","Bldg D","Williamsburg","VA","23185-6569","True","08/16/2026","25.00","400.00","13281944","","{0B68C258-60DE-F9AC-7BDE-72E5444CC87C}"
"507609","","James","O.","Icenhour Jr","","","James City County","Political","Williamsburg VA","101 Mounts Bay Rd","Bldg D","Williamsburg","VA","23185-6569","True","09/20/2026","25.00","450.00","13281945","","{0B68C258-60DE-F9AC-7BDE-72E5444CC87C}"
"507609","","James","O.","Icenhour Jr","","","James City County","Political","Williamsburg VA","101 Mounts Bay Rd","Bldg D","Williamsburg","VA","23185-6569","True","09/20/2026","25.00","450.00","13281946","","{0B68C258-60DE-F9AC-7BDE-72E5444CC87C}"
"507609","","John","J","Kern","","","self","consultant","Williamsburg VA","2816 Hidden Lake Dr","","Williamsburg","VA","23185-8020","True","07/19/2026","25.00","400.00","13281947","","{0B68C258-60DE-F9AC-7BDE-72E5444CC87C}"
"507609","","John","J","Kern","","","self","consultant","Williamsburg VA","2816 Hidden Lake Dr","","Williamsburg","VA","23185-8020","True","08/16/2026","50.00","475.00","13281948","","{0B68C258-60DE-F9AC-7BDE-72E5444CC87C}"
"507609","","John","J","Kern","","","self","consultant","Williamsburg VA","2816 Hidden Lake Dr","","Williamsburg","VA","23185-8020","True","08/16/2026","25.00","475.00","13281949","","{0B68C258-60DE-F9AC-7BDE-72E5444CC87C}"
"507609","","John","J","Kern","","","self","consultant","Williamsburg VA","2816 Hidden Lake Dr","","Williamsburg","VA","23185-8020","True","09/20/2026","25.00","500.00","13281950","","{0B68C258-60DE-F9AC-7BDE-72E5444CC87C}"
"507609","","Ronald","Albert","Kienlen","","","Not Employed","Not Employed","Williamsburg VA","2980 River Reach","","Williamsburg","VA","23185-7543","True","08/02/2026","100.00","250.00","13281951","","{0B68C258-60DE-F9AC-7BDE-72E5444CC87C}"
"507609","","Arthur","Lee","Knight","","","William & Mary","Professor","Williamsburg VA","2812 Linden Ln","","Williamsburg","VA","23185-8023","True","07/19/2026","10.00","270.00","13281952","","{0B68C258-60DE-F9AC-7BDE-72E5444CC87C}"
"507609","","Arthur","Lee","Knight","","","William & Mary","Professor","Williamsburg VA","2812 Linden Ln","","Williamsburg","VA","23185-8023","True","08/23/2026","10.00","280.00","13281953","","{0B68C258-60DE-F9AC-7BDE-72E5444CC87C}"
"507609","","Arthur","Lee","Knight","","","William & Mary","Professor","Williamsburg VA","2812 Linden Ln","","Williamsburg","VA","23185-8023","True","09/20/2026","10.00","290.00","13281954","","{0B68C258-60DE-F9AC-7BDE-72E5444CC87C}"
"507609","","Patti","","LeCornu","","","Not Employed","n/a","Williamsburg VA","4020 Kings Oak Ln","","Williamsburg","VA","23188-7602","True","07/19/2026","25.00","175.00","13281955","","{0B68C258-60DE-F9AC-7BDE-72E5444CC87C}"
"507609","","Patti","","LeCornu","","","Not Employed","n/a","Williamsburg VA","4020 Kings Oak Ln","","Williamsburg","VA","23188-7602","True","08/16/2026","25.00","200.00","13281956","","{0B68C258-60DE-F9AC-7BDE-72E5444CC87C}"
"507609","","Patti","","LeCornu","","","Not Employed","n/a","Williamsburg VA","4020 Kings Oak Ln","","Williamsburg","VA","23188-7602","True","09/13/2026","25.00","225.00","13281957","","{0B68C258-60DE-F9AC-7BDE-72E5444CC87C}"
"507609","","Sonja","","Lee-Austin","","","UMass Medical School","Healthcare Consultant","Shrewsbury MA","109 Heron Ct","","Williamsburg","VA","23188-1694","True","07/26/2026","25.00","175.00","13281958","","{0B68C258-60DE-F9AC-7BDE-72E5444CC87C}"
"507609","","Sonja","","Lee-Austin","","","UMass Medical School","Healthcare Consultant","Shrewsbury MA","109 Heron Ct","","Williamsburg","VA","23188-1694","True","08/23/2026","25.00","200.00","13281959","","{0B68C258-60DE-F9AC-7BDE-72E5444CC87C}"
"507609","","Sonja","","Lee-Austin","","","UMass Medical School","Healthcare Consultant","Shrewsbury MA","109 Heron Ct","","Williamsburg","VA","23188-1694","True","09/27/2026","25.00","225.00","13281960","","{0B68C258-60DE-F9AC-7BDE-72E5444CC87C}"
"507609","","Michael","Jesse","Levine","","","Self","Physician","Williamsburg VA","2130 Lake Powell Rd","","Williamsburg","VA","23185-3123","True","07/19/2026","50.00","350.00","13281961","","{0B68C258-60DE-F9AC-7BDE-72E5444CC87C}"
"507609","","Michael","Jesse","Levine","","","Self","Physician","Williamsburg VA","2130 Lake Powell Rd","","Williamsburg","VA","23185-3123","True","08/16/2026","50.00","400.00","13281962","","{0B68C258-60DE-F9AC-7BDE-72E5444CC87C}"
"507609","","Michael","Jesse","Levine","","","Self","Physician","Williamsburg VA","2130 Lake Powell Rd","","Williamsburg","VA","23185-3123","True","09/20/2026","50.00","450.00","13281963","","{0B68C258-60DE-F9AC-7BDE-72E5444CC87C}"
"507609","","Christine","H","Llewellyn","","","Not Employed","n/a","Williamsburg VA","3000 Heritage Landing Rd","","Williamsburg","VA","23185-8110","True","08/02/2026","50.00","125.00","13281964","","{0B68C258-60DE-F9AC-7BDE-72E5444CC87C}"
"507609","","Christopher","A","Mayer","","","Diamond Sky Services","Abstractor","Williamsburg VA","110 Saxon Rd","","Williamsburg","VA","23185-4920","True","07/26/2026","20.00","190.00","13281965","","{0B68C258-60DE-F9AC-7BDE-72E5444CC87C}"
"507609","","Christopher","A","Mayer","","","Diamond Sky Services","Abstractor","Williamsburg VA","110 Saxon Rd","","Williamsburg","VA","23185-4920","True","08/23/2026","20.00","210.00","13281966","","{0B68C258-60DE-F9AC-7BDE-72E5444CC87C}"
"507609","","Christopher","A","Mayer","","","Diamond Sky Services","Abstractor","Williamsburg VA","110 Saxon Rd","","Williamsburg","VA","23185-4920","True","09/27/2026","20.00","230.00","13281967","","{0B68C258-60DE-F9AC-7BDE-72E5444CC87C}"
"507609","","Margaret","Anderson","Monahan","","","Not Employed","n/a","Williamsburg VA","119 Wilderness Ln","","Williamsburg","VA","23188-7103","True","07/19/2026","25.00","150.00","13281968","","{0B68C258-60DE-F9AC-7BDE-72E5444CC87C}"
"507609","","Margaret","Anderson","Monahan","","","Not Employed","n/a","Williamsburg VA","119 Wilderness Ln","","Williamsburg","VA","23188-7103","True","08/16/2026","25.00","175.00","13281969","","{0B68C258-60DE-F9AC-7BDE-72E5444CC87C}"
"507609","","Margaret","Anderson","Monahan","","","Not Employed","n/a","Williamsburg VA","119 Wilderness Ln","","Williamsburg","VA","23188-7103","True","09/20/2026","25.00","200.00","13281970","","{0B68C258-60DE-F9AC-7BDE-72E5444CC87C}"
"507609","","Nancy","Ann","Nelson","","","Not Employed","n/a","Williamsburg VA","3609 S Square","","Williamsburg","VA","23188-2808","True","08/02/2026","100.00","210.00","13281971","","{0B68C258-60DE-F9AC-7BDE-72E5444CC87C}"
"507609","","Christine","Ann","Payne","","","Not Employed","n/a","Williamsburg VA","2689 Jockeys Neck Trl","","Williamsburg","VA","23185-8058","True","07/19/2026","25.00","425.00","13281972","","{0B68C258-60DE-F9AC-7BDE-72E5444CC87C}"
"507609","","Christine","Ann","Payne","","","Not Employed","n/a","Williamsburg VA","2689 Jockeys Neck Trl","","Williamsburg","VA","23185-8058","True","07/26/2026","100.00","550.00","13281973","","{0B68C258-60DE-F9AC-7BDE-72E5444CC87C}"
"507609","","Christine","Ann","Payne","","","Not Employed","n/a","Williamsburg VA","2689 Jockeys Neck Trl","","Williamsburg","VA","23185-8058","True","07/26/2026","25.00","550.00","13281974","","{0B68C258-60DE-F9AC-7BDE-72E5444CC87C}"
"507609","","Christine","Ann","Payne","","","Not Employed","n/a","Williamsburg VA","2689 Jockeys Neck Trl","","Williamsburg","VA","23185-8058","True","08/23/2026","25.00","575.00","13281975","","{0B68C258-60DE-F9AC-7BDE-72E5444CC87C}"
"507609","","Christine","Ann","Payne","","","Not Employed","n/a","Williamsburg VA","2689 Jockeys Neck Trl","","Williamsburg","VA","23185-8058","True","08/30/2026","25.00","600.00","13281976","","{0B68C258-60DE-F9AC-7BDE-72E5444CC87C}"
"507609","","Christine","Ann","Payne","","","Not Employed","n/a","Williamsburg VA","2689 Jockeys Neck Trl","","Williamsburg","VA","23185-8058","True","09/20/2026","25.00","625.00","13281977","","{0B68C258-60DE-F9AC-7BDE-72E5444CC87C}"
"507609","","Christine","Ann","Payne","","","Not Employed","n/a","Williamsburg VA","2689 Jockeys Neck Trl","","Williamsburg","VA","23185-8058","True","09/27/2026","25.00","650.00","13281978","","{0B68C258-60DE-F9AC-7BDE-72E5444CC87C}"
"507609","","Angela","C","Petro","","","Not Employed","n/a","Williamsburg VA","3119 Pristine Vw","","Williamsburg","VA","23188-2436","True","07/26/2026","25.00","175.00","13281979","","{0B68C258-60DE-F9AC-7BDE-72E5444CC87C}"
"507609","","Angela","C","Petro","","","Not Employed","n/a","Williamsburg VA","3119 Pristine Vw","","Williamsburg","VA","23188-2436","True","08/30/2026","25.00","200.00","13281980","","{0B68C258-60DE-F9AC-7BDE-72E5444CC87C}"
"507609","","Angela","C","Petro","","","Not Employed","n/a","Williamsburg VA","3119 Pristine Vw","","Williamsburg","VA","23188-2436","True","09/27/2026","25.00","225.00","13281981","","{0B68C258-60DE-F9AC-7BDE-72E5444CC87C}"
"507609","","Mark","Francis","Prosser","","","Not Employed","n/a","Williamsburg VA","6323 Thomas Paine Dr","","Williamsburg","VA","23188-8054","True","07/05/2026","20.00","140.00","13281982","","{0B68C258-60DE-F9AC-7BDE-72E5444CC87C}"
"507609","","Mark","Francis","Prosser","","","Not Employed","n/a","Williamsburg VA","6323 Thomas Paine Dr","","Williamsburg","VA","23188-8054","True","08/02/2026","20.00","160.00","13281983","","{0B68C258-60DE-F9AC-7BDE-72E5444CC87C}"
"507609","","Mark","Francis","Prosser","","","Not Employed","n/a","Williamsburg VA","6323 Thomas Paine Dr","","Williamsburg","VA","23188-8054","True","09/06/2026","20.00","180.00","13281984","","{0B68C258-60DE-F9AC-7BDE-72E5444CC87C}"
"507609","","Ronald","B.","Rapoport","","","Retired","n/a","Williamsburg VA","5529 Gentry Ln","","Williamsburg","VA","23188-8104","True","07/12/2026","100.00","1200.00","13281985","","{0B68C258-60DE-F9AC-7BDE-72E5444CC87C}"
"507609","","Ronald","B.","Rapoport","","","Retired","n/a","Williamsburg VA","5529 Gentry Ln","","Williamsburg","VA","23188-8104","True","07/26/2026","100.00","1300.00","13281986","","{0B68C258-60DE-F9AC-7BDE-72E5444CC87C}"
"507609","","Ronald","B.","Rapoport","","","Retired","n/a","Williamsburg VA","5529 Gentry Ln","","Williamsburg","VA","23188-8104","True","08/09/2026","100.00","1400.00","13281987","","{0B68C258-60DE-F9AC-7BDE-72E5444CC87C}"
"507609","","Ronald","B.","Rapoport","","","Retired","n/a","Williamsburg VA","5529 Gentry Ln","","Williamsburg","VA","23188-8104","True","08/30/2026","100.00","1500.00","13281988","","{0B68C258-60DE-F9AC-7BDE-72E5444CC87C}"
"507609","","Ronald","B.","Rapoport","","","Retired","n/a","Williamsburg VA","5529 Gentry Ln","","Williamsburg","VA","23188-8104","True","09/13/2026","100.00","1600.00","13281989","","{0B68C258-60DE-F9AC-7BDE-72E5444CC87C}"
"507609","","Ronald","B.","Rapoport","","","Retired","n/a","Williamsburg VA","5529 Gentry Ln","","Williamsburg","VA","23188-8104","True","09/27/2026","100.00","1700.00","13281990","","{0B68C258-60DE-F9AC-7BDE-72E5444CC87C}"
"507609","","Linda","Lee","Rice","","","Not Employed","n/a","Toano VA","2394 Forge Rd","","Toano","VA","23168-8709","True","08/02/2026","53.00","153.00","13281991","","{0B68C258-60DE-F9AC-7BDE-72E5444CC87C}"
"507609","","Henry","Napoleon","Roper","","","Not Employed","n/a","Williamsburg VA","7000 Adams","","Williamsburg","VA","23188-7245","True","07/05/2026","10.00","113.30","13281992","","{0B68C258-60DE-F9AC-7BDE-72E5444CC87C}"
"507609","","Henry","Napoleon","Roper","","","Not Employed","n/a","Williamsburg VA","7000 Adams","","Williamsburg","VA","23188-7245","True","08/02/2026","10.00","123.30","13281993","","{0B68C258-60DE-F9AC-7BDE-72E5444CC87C}"
"507609","","Henry","Napoleon","Roper","","","Not Employed","n/a","Williamsburg VA","7000 Adams","","Williamsburg","VA","23188-7245","True","08/22/2026","50.00","173.30","13281994","","{0B68C258-60DE-F9AC-7BDE-72E5444CC87C}"
"507609","","Henry","Napoleon","Roper","","","Not Employed","n/a","Williamsburg VA","7000 Adams","","Williamsburg","VA","23188-7245","True","09/06/2026","10.00","183.30","13281995","","{0B68C258-60DE-F9AC-7BDE-72E5444CC87C}"
"507609","","Sue","A","Saunders","","","Not Employed","n/a","Williamsburg VA","116 Holman Rd","","Williamsburg","VA","23185-5515","True","09/06/2026","25.00","125.00","13281996","","{0B68C258-60DE-F9AC-7BDE-72E5444CC87C}"
"507609","","Sally","Morewitz","Seltzer","","","Not Employed","n/a","Williamsburg VA","34 Yeardleys Grant","","Williamsburg","VA","23185-6529","True","07/12/2026","10.00","130.00","13281997","","{0B68C258-60DE-F9AC-7BDE-72E5444CC87C}"
"507609","","Sally","Morewitz","Seltzer","","","Not Employed","n/a","Williamsburg VA","34 Yeardleys Grant","","Williamsburg","VA","23185-6529","True","08/02/2026","10.00","140.00","13281998","","{0B68C258-60DE-F9AC-7BDE-72E5444CC87C}"
"507609","","Sally","Morewitz","Seltzer","","","Not Employed","n/a","Williamsburg VA","34 Yeardleys Grant","","Williamsburg","VA","23185-6529","True","08/16/2026","10.00","150.00","13281999","","{0B68C258-60DE-F9AC-7BDE-72E5444CC87C}"
"507609","","Sally","Morewitz","Seltzer","","","Not Employed","n/a","Williamsburg VA","34 Yeardleys Grant","","Williamsburg","VA","23185-6529","True","08/30/2026","10.00","160.00","13282000","","{0B68C258-60DE-F9AC-7BDE-72E5444CC87C}"
"507609","","Sally","Morewitz","Seltzer","","","Not Employed","n/a","Williamsburg VA","34 Yeardleys Grant","","Williamsburg","VA","23185-6529","True","09/13/2026","10.00","170.00","13282001","","{0B68C258-60DE-F9AC-7BDE-72E5444CC87C}"
"507609","","Sally","Morewitz","Seltzer","","","Not Employed","n/a","Williamsburg VA","34 Yeardleys Grant","","Williamsburg","VA","23185-6529","True","09/30/2026","10.00","180.00","13282002","","{0B68C258-60DE-F9AC-7BDE-72E5444CC87C}"
"507609","","Marc","Taylor","Sher","","","William and Mary","Physics Professor","Williamsburg VA","3008 Stanford Pl","","Williamsburg","VA","23185-8714","True","07/12/2026","25.00","175.00","13282003","","{0B68C258-60DE-F9AC-7BDE-72E5444CC87C}"
"507609","","Marc","Taylor","Sher","","","William and Mary","Physics Professor","Williamsburg VA","3008 Stanford Pl","","Williamsburg","VA","23185-8714","True","08/16/2026","25.00","200.00","13282004","","{0B68C258-60DE-F9AC-7BDE-72E5444CC87C}"
"507609","","Marc","Taylor","Sher","","","William and Mary","Physics Professor","Williamsburg VA","3008 Stanford Pl","","Williamsburg","VA","23185-8714","True","09/13/2026","25.00","225.00","13282005","","{0B68C258-60DE-F9AC-7BDE-72E5444CC87C}"
"507609","","Mary","K","Sizemore","","","Two Rivers","multimedia producer","Williamsburg VA","4704 Yarrow Ct","","Williamsburg","VA","23188-2427","True","07/12/2026","100.00","725.00","13282006","","{0B68C258-60DE-F9AC-7BDE-72E5444CC87C}"
"507609","","Mary","K","Sizemore","","","Two Rivers","multimedia producer","Williamsburg VA","4704 Yarrow Ct","","Williamsburg","VA","23188-2427","True","08/16/2026","100.00","825.00","13282007","","{0B68C258-60DE-F9AC-7BDE-72E5444CC87C}"
"507609","","Mary","K","Sizemore","","","Two Rivers","multimedia producer","Williamsburg VA","4704 Yarrow Ct","","Williamsburg","VA","23188-2427","True","09/13/2026","100.00","925.00","13282008","","{0B68C258-60DE-F9AC-7BDE-72E5444CC87C}"
"507609","","Georgia","Ann","Tetrault","","","Not Employed","n/a","Williamsburg VA","22501 Cypress Point Rd","","Williamsburg","VA","23185-7641","True","07/19/2026","25.00","200.00","13282009","","{0B68C258-60DE-F9AC-7BDE-72E5444CC87C}"
"507609","","Georgia","Ann","Tetrault","","","Not Employed","n/a","Williamsburg VA","22501 Cypress Point Rd","","Williamsburg","VA","23185-7641","True","08/16/2026","25.00","225.00","13282010","","{0B68C258-60DE-F9AC-7BDE-72E5444CC87C}"
"507609","","Georgia","Ann","Tetrault","","","Not Employed","n/a","Williamsburg VA","22501 Cypress Point Rd","","Williamsburg","VA","23185-7641","True","09/20/2026","25.00","250.00","13282011","","{0B68C258-60DE-F9AC-7BDE-72E5444CC87C}"
"507609","","Jen","W","Tierney","","","self","political consulting","Williamsburg VA","2824 Linden Ln","","Williamsburg","VA","23185-8023","True","07/26/2026","200.00","2700.00","13282012","","{0B68C258-60DE-F9AC-7BDE-72E5444CC87C}"
"507609","","Jen","W","Tierney","","","self","political consulting","Williamsburg VA","2824 Linden Ln","","Williamsburg","VA","23185-8023","True","08/23/2026","200.00","2900.00","13282013","","{0B68C258-60DE-F9AC-7BDE-72E5444CC87C}"
"507609","","Jen","W","Tierney","","","self","political consulting","Williamsburg VA","2824 Linden Ln","","Williamsburg","VA","23185-8023","True","09/20/2026","200.00","3100.00","13282014","","{0B68C258-60DE-F9AC-7BDE-72E5444CC87C}"
"507609","","Laura","Futrell","Tripp","","","Not Employed","n/a","Williamsburg VA","313 E Tazewells Way","","Williamsburg","VA","23185-6513","True","08/16/2026","25.00","125.00","13282015","","{0B68C258-60DE-F9AC-7BDE-72E5444CC87C}"
"507609","","Barbara","Engs","Watson","","","James City County","Local Government","Williamsburg VA","4891 Hickory Signpost Rd","","Williamsburg","VA","23185-2418","True","07/05/2026","15.00","105.00","13282016","","{0B68C258-60DE-F9AC-7BDE-72E5444CC87C}"
"507609","","Barbara","Engs","Watson","","","James City County","Local Government","Williamsburg VA","4891 Hickory Signpost Rd","","Williamsburg","VA","23185-2418","True","08/09/2026","15.00","120.00","13282017","","{0B68C258-60DE-F9AC-7BDE-72E5444CC87C}"
"507609","","Barbara","Engs","Watson","","","James City County","Local Government","Williamsburg VA","4891 Hickory Signpost Rd","","Williamsburg","VA","23185-2418","True","09/06/2026","15.00","135.00","13282018","","{0B68C258-60DE-F9AC-7BDE-72E5444CC87C}"
"507609","","Anne","","Werkley","","","Psionic","Physicist","Yorktown VA","405 Mariners Way","","Yorktown","VA","23692-3419","True","08/16/2026","50.00","211.60","13282019","","{0B68C258-60DE-F9AC-7BDE-72E5444CC87C}"
"507609","","Alison","Cole","Westfall","","","Not Employed","n/a","Williamsburg VA","3001 Francis Willard Way W","# 3001","Williamsburg","VA","23188-5000","True","07/19/2026","20.00","440.00","13282020","","{0B68C258-60DE-F9AC-7BDE-72E5444CC87C}"
"507609","","Alison","Cole","Westfall","","","Not Employed","n/a","Williamsburg VA","3001 Francis Willard Way W","# 3001","Williamsburg","VA","23188-5000","True","08/23/2026","20.00","460.00","13282021","","{0B68C258-60DE-F9AC-7BDE-72E5444CC87C}"
"507609","","Alison","Cole","Westfall","","","Not Employed","n/a","Williamsburg VA","3001 Francis Willard Way W","# 3001","Williamsburg","VA","23188-5000","True","09/20/2026","20.00","480.00","13282022","","{0B68C258-60DE-F9AC-7BDE-72E5444CC87C}"
"507609","","Margaret","S","Whitehead","","","Not Employed","n/a","Yorktown VA","906 Wormley Creek Dr","","Yorktown","VA","23692-4241","True","09/16/2026","500.00","1000.00","13282023","","{0B68C258-60DE-F9AC-7BDE-72E5444CC87C}"
"507609","","Martha","E","Wood","","","Spirit Works","Program Coordinator","Williamsburg VA","4014 Midlands Rd","","Williamsburg","VA","23188-2581","True","07/19/2026","18.00","126.00","13282024","","{0B68C258-60DE-F9AC-7BDE-72E5444CC87C}"
"507609","","Martha","E","Wood","","","Spirit Works","Program Coordinator","Williamsburg VA","4014 Midlands Rd","","Williamsburg","VA","23188-2581","True","08/23/2026","18.00","144.00","13282025","","{0B68C258-60DE-F9AC-7BDE-72E5444CC87C}"
"507609","","Martha","E","Wood","","","Spirit Works","Program Coordinator","Williamsburg VA","4014 Midlands Rd","","Williamsburg","VA","23188-2581","True","09/20/2026","18.00","162.00","13282026","","{0B68C258-60DE-F9AC-7BDE-72E5444CC87C}"
"507609","","Cynthia","Moore","Zangardi","","","Self","Homemaker","Williamsburg VA","112 Heathery","","Williamsburg","VA","23188-9134","True","07/19/2026","10.00","170.00","13282027","","{0B68C258-60DE-F9AC-7BDE-72E5444CC87C}"
"507609","","Cynthia","Moore","Zangardi","","","Self","Homemaker","Williamsburg VA","112 Heathery","","Williamsburg","VA","23188-9134","True","08/16/2026","10.00","180.00","13282028","","{0B68C258-60DE-F9AC-7BDE-72E5444CC87C}"
"507609","","Cynthia","Moore","Zangardi","","","Self","Homemaker","Williamsburg VA","112 Heathery","","Williamsburg","VA","23188-9134","True","09/20/2026","10.00","190.00","13282029","","{0B68C258-60DE-F9AC-7BDE-72E5444CC87C}"
"507627","1312254","Thaddeus","","Williamson","","","University of Richmond","Professor","Richmond, VA","2316 Maplewood Avenue","","Richmond","VA","23220","True","09/17/2026","250.00","325.00","13283232","","{3F11BCF2-C3F6-40FF-DF07-75AB46EEC0BB}"
"507627","1312254","Thaddeus","","Williamson","","","University of Richmond","Professor","Richmond, VA","2316 Maplewood Avenue","","Richmond","VA","23220","True","09/27/2026","75.00","400.00","13283233","","{3F11BCF2-C3F6-40FF-DF07-75AB46EEC0BB}"
"507627","1317054","Robert","S","Ukrop","","","Ukrop's Homestyle Foods","Chairman","Richmond, VA","202 Cyril Ln","","Richmond","VA","23229","True","09/17/2026","10000.00","10000.00","13283234","","{3F11BCF2-C3F6-40FF-DF07-75AB46EEC0BB}"
"507627","1317534","Nancy","R.","Belleman","","","Not Employed","Retired","Richmond, VA","612 W Franklin St Apt 7B","","Richmond","VA","23220","True","09/22/2026","200.00","200.00","13283235","","{3F11BCF2-C3F6-40FF-DF07-75AB46EEC0BB}"
"507627","1317677","Robey","W.","Estes","","Jr.","Estes Express Lines","CEO","Richmond, VA","2625 Monument Ave","","Richmond","VA","23220","True","09/22/2026","25000.00","25000.00","13283236","","{3F11BCF2-C3F6-40FF-DF07-75AB46EEC0BB}"
"507627","1317795","","","Richmond Association of REALTORS","","","","Real Estate","Richmond, VA","8975 Three Chopt Road","","Richmond","VA","23229","False","09/24/2026","15000.00","15000.00","13283237","","{3F11BCF2-C3F6-40FF-DF07-75AB46EEC0BB}"
"507627","1318906","","","One Commonwealth PAC","","","","PAC","Midlothian, VA","1103 Johanna Bay Drive","","Midlothian","VA","23114","False","09/29/2026","1000.00","1000.00","13283238","","{3F11BCF2-C3F6-40FF-DF07-75AB46EEC0BB}"
"507627","1318917","Daniel","","Wagner","","","Virginia Department of Rail and Public Transportation","Statewide Transit Planner","Richmond, VA","2618 W Main St","","Richmond","VA","23220","True","09/26/2026","500.00","500.00","13283239","","{3F11BCF2-C3F6-40FF-DF07-75AB46EEC0BB}"
"507627","1318918","Lisa","","Vedernikova Khanna","","","Foxhole Partners","Founder","Midlothian, VA","15160 Heaton Drive","","Midlothian","VA","23112","True","09/18/2026","250.00","250.00","13283240","","{3F11BCF2-C3F6-40FF-DF07-75AB46EEC0BB}"
"507627","1318920","Jeff","","Ukrop","","","Threads","Distributor","Midlothian, VA","1506 Laburnum Park Blvd","","Richmond","VA","23227","True","09/28/2026","2500.00","2500.00","13283241","","{3F11BCF2-C3F6-40FF-DF07-75AB46EEC0BB}"
"507627","1318941","Jody","","Spraker","","","Not Employed","Not Employed","Richmond, VA","1521 Grove Ave","","Richmond","VA","23220","True","09/24/2026","500.00","500.00","13283242","","{3F11BCF2-C3F6-40FF-DF07-75AB46EEC0BB}"
"507627","1318942","S. Sonjia","","Smith","","","Not Employed","Not Employed","Charlottesville, VA","815 Broomley Rd","","Charlottesville","VA","22901-7821","True","09/27/2026","2500.00","2500.00","13283243","","{3F11BCF2-C3F6-40FF-DF07-75AB46EEC0BB}"
"507627","1318943","Genevieve","","Siegel Hawley","","","Virginia Commonwealth University","Professor","Richmond, VA","801 Spottswood Rd","","Richmond","VA","23220","True","09/29/2026","250.00","250.00","13283244","","{3F11BCF2-C3F6-40FF-DF07-75AB46EEC0BB}"
"507627","1318945","Michael","","Schewel","","","Not Employed","Not Employed","Richmond, VA","318 Greenway Lane","","Richmond","VA","23226","True","09/15/2026","5000.00","5000.00","13283245","","{3F11BCF2-C3F6-40FF-DF07-75AB46EEC0BB}"
"507627","1318946","Ann","","Samford","","","Not Employed","Not Employed","Henrico, VA","207 Old Oak Rd","","Henrico","VA","23229","True","09/17/2026","500.00","500.00","13283246","","{3F11BCF2-C3F6-40FF-DF07-75AB46EEC0BB}"
"507627","1318947","Arshia","","Saiyed","","","Self Employed","Consultant","Richmond, VA","4210 Fitzhugh Avenue","","Richmond","VA","23230","True","09/28/2026","500.00","500.00","13283247","","{3F11BCF2-C3F6-40FF-DF07-75AB46EEC0BB}"
"507627","1318949","Lisa","","Roday","","","Self Employed","Consultant","Henrico, VA","9624 Sloman Place","","Richmond","VA","23238","True","09/29/2026","500.00","500.00","13283248","","{3F11BCF2-C3F6-40FF-DF07-75AB46EEC0BB}"
"507627","1318950","Harrison","","Roday","","","Third South Capital","Partner","Richmond, VA","3215 Stuart Ave #31","","Richmond","VA","23221","True","09/16/2026","1000.00","1000.00","13283249","","{3F11BCF2-C3F6-40FF-DF07-75AB46EEC0BB}"
"507627","1318953","Michael","","Rawls","","","Lumos Wealth Advisors","Partner","Richmond, VA","1718 Hanover Ave","","Richmond","VA","23220","True","09/20/2026","500.00","500.00","13283250","","{3F11BCF2-C3F6-40FF-DF07-75AB46EEC0BB}"
"507627","1318954","Karen","A.","Raschke","","","Not Employed","Not Employed","Richmond, VA","8019 Riverside Drive","","Richmond","VA","23225","True","09/14/2026","250.00","250.00","13283251","","{3F11BCF2-C3F6-40FF-DF07-75AB46EEC0BB}"
"507627","1318955","Stephen","","Popovich","","","Addiction Medicine Consultants Of Richmond","Physician","Richmond, VA","3702 Crestview Road","","Richmond","VA","23223","True","09/15/2026","1000.00","1000.00","13283252","","{3F11BCF2-C3F6-40FF-DF07-75AB46EEC0BB}"
"507627","1318956","Kimberly","","Peyton","","","Mastercard","Vice President","Harrison, NY","705 Maple Ave","","Richmond","VA","23226","True","09/28/2026","250.00","250.00","13283253","","{3F11BCF2-C3F6-40FF-DF07-75AB46EEC0BB}"
"507627","1318957","Matthew","","Percival","","","The Consulting Network Inc.","Software Engineer","Richmond, VA","4617 Park Ave","","Richmond","VA","23226","True","09/22/2026","500.00","500.00","13283254","","{3F11BCF2-C3F6-40FF-DF07-75AB46EEC0BB}"
"507627","1318958","Joseph","","Papa","","","Joseph Papa Public Relations","Owner/Founder","Richmond, VA","3309 Kensington Ave","","Richmond","VA","23221","True","09/14/2026","250.00","250.00","13283255","","{3F11BCF2-C3F6-40FF-DF07-75AB46EEC0BB}"
"507627","1318959","Tom","","Oristian","","","Medallia","Software Developer","McLean, VA","514 N 28th St","","Richmond","VA","23223","True","09/17/2026","1000.00","1000.00","13283256","","{3F11BCF2-C3F6-40FF-DF07-75AB46EEC0BB}"
"507627","1318960","Anna","","Mason","","","Not Employed","Not Employed","Richmond, VA","4420 Reedy Ave","","Richmond","VA","23225","True","09/28/2026","250.00","250.00","13283257","","{3F11BCF2-C3F6-40FF-DF07-75AB46EEC0BB}"
"507627","1318961","William","","Mansell","","","Broad Street Group","Partner","Richmond, VA","3110 Moore Street","","Richmond, VA","VA","23230","True","09/14/2026","250.00","250.00","13283258","","{3F11BCF2-C3F6-40FF-DF07-75AB46EEC0BB}"
"507627","1318962","Trieste","","Lockwood","","","Self Employed","Consultant","Richmond, VA","3024 Kensington Ave","","Richmond","VA","23221","True","09/23/2026","250.00","250.00","13283259","","{3F11BCF2-C3F6-40FF-DF07-75AB46EEC0BB}"
"507640","945447","Catherine","","Abernathy","","","x","retired","x","237 Lowland St SE","","Abingdon","VA","24210","True","08/26/2026","25.00","150.00","13283335","","{802C1026-0C6A-9CF7-561B-F9E26FE33818}"
"507640","945447","Catherine","","Abernathy","","","x","retired","x","237 Lowland St SE","","Abingdon","VA","24210","True","09/28/2026","25.00","175.00","13283336","","{802C1026-0C6A-9CF7-561B-F9E26FE33818}"
"507640","1189467","Lagwenna","","Patton","","","x","retired","x","16012 Pocahontas Trail","","Meadowview","VA","24361","True","07/01/2026","25.00","241.00","13283337","","{802C1026-0C6A-9CF7-561B-F9E26FE33818}"
"507640","1189467","Lagwenna","","Patton","","","x","retired","x","16012 Pocahontas Trail","","Meadowview","VA","24361","True","07/31/2026","25.00","266.00","13283338","","{802C1026-0C6A-9CF7-561B-F9E26FE33818}"
"507640","1189467","Lagwenna","","Patton","","","x","retired","x","16012 Pocahontas Trail","","Meadowview","VA","24361","True","09/02/2026","25.00","291.00","13283339","","{802C1026-0C6A-9CF7-561B-F9E26FE33818}"
"507640","1199756","Adam","","Meyerson","","","Foss Maritime","Chief Mate","Seattle, WA","539 Court St","","Abingdon","VA","24210","True","07/15/2026","25.00","175.00","13283340","","{802C1026-0C6A-9CF7-561B-F9E26FE33818}"
"507640","1199756","Adam","","Meyerson","","","Foss Maritime","Chief Mate","Seattle, WA","539 Court St","","Abingdon","VA","24210","True","08/19/2026","25.00","200.00","13283341","","{802C1026-0C6A-9CF7-561B-F9E26FE33818}"
"507640","1199756","Adam","","Meyerson","","","Foss Maritime","Chief Mate","Seattle, WA","539 Court St","","Abingdon","VA","24210","True","09/17/2026","25.00","225.00","13283342","","{802C1026-0C6A-9CF7-561B-F9E26FE33818}"
"507645","1278274","Paul","","Kitchen","Mr","","Retired","Retired","Floyd, VA","126 Grand View Lane NE","","Floyd","VA","24091","True","01/09/2026","1000.00","1000.00","13283459","","{A8186549-9092-2F23-B344-C3814378EB3B}"
"507645","1279312","Linda","","Haas","","","retired","retired","Pilot, VA","202 Silver Maples Ln","","Pilot","VA","24138","True","01/23/2026","300.00","300.00","13283460","","{A8186549-9092-2F23-B344-C3814378EB3B}"
"507645","1279312","Linda","","Haas","","","retired","retired","Pilot, VA","202 Silver Maples Ln","","Pilot","VA","24138","True","02/16/2026","100.00","400.00","13283461","","{A8186549-9092-2F23-B344-C3814378EB3B}"
"507645","1286162","Kathleen","","Dawe","","","Retired","Retired","Retired","1477 Poplar Camp Road","","Ferrum","VA","24088","True","02/17/2026","300.00","300.00","13283462","","{A8186549-9092-2F23-B344-C3814378EB3B}"
"507648","1278279","Karen","","Baker","Ms","","retired","Retired","Floyd, VA","214 W Main St","","Floyd","VA","24091","True","05/15/2026","500.00","777.17","13283687","","{2B556D3E-904F-0A6E-C7B3-4A4DAE76FDCD}"
"507648","1279312","Linda","","Haas","","","retired","retired","Pilot, VA","202 Silver Maples Ln","","Pilot","VA","24138","True","04/29/2026","50.00","450.00","13283688","","{2B556D3E-904F-0A6E-C7B3-4A4DAE76FDCD}"
"507648","1279430","John","","Hopkins","","","retired","retired","Floyd, VA","1113 Moore Rd","","Floyd","VA","24091","True","05/21/2026","25.00","125.00","13283689","","{2B556D3E-904F-0A6E-C7B3-4A4DAE76FDCD}"
"507648","1279430","John","","Hopkins","","","retired","retired","Floyd, VA","1113 Moore Rd","","Floyd","VA","24091","True","06/23/2026","25.00","150.00","13283690","","{2B556D3E-904F-0A6E-C7B3-4A4DAE76FDCD}"
"507648","1299205","Sarah","Hasty","Williams","","","Self employed","Artist","Floyd, VA","445 Floyd Hwy North","","Floyd","VA","24091","True","06/30/2026","465.00","465.00","13283691","","{2B556D3E-904F-0A6E-C7B3-4A4DAE76FDCD}"
"507649","1314275","Chet","","McPhatter","","","Banker Steel","Executive","Lynchburg, VA","973 Lewis Keith Rd","","Monroe","VA","24574","True","09/09/2026","103.50","103.50","13283692","","{E6B1610C-5EB0-91EC-CC5C-54956CDA613E}"
"507649","1316085","Jess","","Henderson","","","Capital One","Senior Finance Manager","Richmond, VA","309 Madison Street","","Lynchburg","VA","24504","True","09/11/2026","1000.00","1000.00","13283693","","{E6B1610C-5EB0-91EC-CC5C-54956CDA613E}"
"507649","1318171","Jimmy","","Rufus","","","Exp Realty","Realtor","Lynhburg, VA","2595 English Tavern Rd","","Lynchburg","VA","24501","True","09/17/2026","103.50","103.50","13283694","","{E6B1610C-5EB0-91EC-CC5C-54956CDA613E}"
"507649","1318172","Jeff","","Fedorko","","","Riverside Runners","Entepreneur","Lynchburg,VA","3307 Woodridge Place","","Lynchburg","VA","24503","True","09/21/2026","103.50","103.50","13283695","","{E6B1610C-5EB0-91EC-CC5C-54956CDA613E}"
"507652","","Debra","Janine","Agliano","","","TriMech Solutions","Accountant",",","14168 Windmill Dr","","Montpelier","VA","231922850","True","08/24/2026","20.00","980.00","13283723","","{266DBA18-4C0D-B518-A799-55D7A19FFC52}"
"507652","","David","Marc","Alexander","","","Retired","Retired",",","8755 Kaitlin Ct","","Mechanicsville","VA","231162941","True","08/13/2026","20.00","366.50","13283724","","{266DBA18-4C0D-B518-A799-55D7A19FFC52}"
"507652","","David","Marc","Alexander","","","Retired","Retired",",","8755 Kaitlin Ct","","Mechanicsville","VA","231162941","True","09/10/2026","500.00","866.50","13283725","","{266DBA18-4C0D-B518-A799-55D7A19FFC52}"
"507652","","Tim","","Anderson","","","Anderson & Associates","Attorney",",","2492 N Landing Rd","","Virginia Beach","VA","23456","True","08/10/2026","1000.00","1000.00","13283726","","{266DBA18-4C0D-B518-A799-55D7A19FFC52}"
"507652","","Andrea","Leigh","Casey","","","KWC CPAs","Director of Human Resources",",","14628 Dravo Pl","","Glen Allen","VA","230591564","True","08/13/2026","20.00","324.50","13283727","","{266DBA18-4C0D-B518-A799-55D7A19FFC52}"
"507652","","Herbert","Jackson","Dyer","","","Gulf Seabord General Contractors","Contractor",",","12470 Newfound Falls Ln","","Doswell","VA","230471706","True","08/13/2026","20.00","8900.50","13283728","","{266DBA18-4C0D-B518-A799-55D7A19FFC52}"
"507652","","Herbert","Jackson","Dyer","","","Gulf Seabord General Contractors","Contractor",",","12470 Newfound Falls Ln","","Doswell","VA","230471706","True","08/26/2026","20.00","9330.50","13283729","","{266DBA18-4C0D-B518-A799-55D7A19FFC52}"
"507652","","Herbert","Jackson","Dyer","","","Gulf Seabord General Contractors","Contractor",",","12470 Newfound Falls Ln","","Doswell","VA","230471706","True","08/26/2026","410.00","9330.50","13283730","","{266DBA18-4C0D-B518-A799-55D7A19FFC52}"
"507652","","Hyland","Franklin","Fowler","","","Retired","Delegate",",","13029 Old Ridge Rd","","Beaverdam","VA","230151744","True","09/14/2026","20.00","349.50","13283731","","{266DBA18-4C0D-B518-A799-55D7A19FFC52}"
"507652","","Jeffrey","Forrest","Gilley","","","Retired","Retired",",","9065 Fayemont Dr","","Mechanicsville","VA","231162833","True","08/13/2026","20.00","1716.50","13283732","","{266DBA18-4C0D-B518-A799-55D7A19FFC52}"
"507652","","Daniel","Lawrence","Johnson","","","Retired","Retired",",","14225 Clazemont Rd","","Montpelier","VA","231922532","True","09/13/2026","20.00","390.00","13283733","","{266DBA18-4C0D-B518-A799-55D7A19FFC52}"
"507652","","Robert","Spencer","Keeler","","","Retired","Retired",",","18120 Southern Cross Ln","","Beaverdam","VA","230151446","True","09/13/2026","20.00","12266.50","13283734","","{266DBA18-4C0D-B518-A799-55D7A19FFC52}"
"507652","","David","Christian","May","","","Dept Of Wildlife Resources","Analyst",",","8223 Meadowview Ln","","Mechanicsville","VA","231112213","True","08/13/2026","500.00","610.00","13283735","","{266DBA18-4C0D-B518-A799-55D7A19FFC52}"
"507652","","Jennifer","Lyn","McAnulty","","","MTR Inc.","Finance manager",",","14270 Riverside Dr","","Ashland","VA","230053125","True","09/14/2026","20.00","380.50","13283736","","{266DBA18-4C0D-B518-A799-55D7A19FFC52}"
"507652","","Emma","Lee","Mitchell","","","Weichert Realtors-Home Run Realty","Owner",",","11021 Mount Hope Church Rd","","Doswell","VA","230471810","True","09/14/2026","20.00","2516.50","13283737","","{266DBA18-4C0D-B518-A799-55D7A19FFC52}"
"507652","","Wilma","Bissette","Mull","","","Retired","Retired",",","5434 Fallman Dr","","Mechanicsville","VA","231165457","True","08/13/2026","20.00","315.00","13283738","","{266DBA18-4C0D-B518-A799-55D7A19FFC52}"
"507652","","Deborah","Schrock","Pellmann","","","Homemaker","Homemaker",",","11194 Gwathmey Church Rd","","Ashland","VA","230057620","True","08/13/2026","200.00","620.00","13283739","","{266DBA18-4C0D-B518-A799-55D7A19FFC52}"
"507652","","Clyde","Monroe","Reece","","","Retired","Retired",",","17600 Underwood Ct","","Rockville","VA","23146","True","09/10/2026","20.00","341.50","13283740","","{266DBA18-4C0D-B518-A799-55D7A19FFC52}"
"507652","","Susan","Scott","Robson","","","None","Unemployed",",","8138 Travelers Rest Dr","","Mechanicsville","VA","231112273","True","08/13/2026","20.00","416.50","13283741","","{266DBA18-4C0D-B518-A799-55D7A19FFC52}"
"507652","","Donald","Everett","Root","","","Apco International","Program Manager",",","706 S Center St","","Ashland","VA","230052009","True","09/10/2026","600.00","1920.00","13283742","","{266DBA18-4C0D-B518-A799-55D7A19FFC52}"
"507652","","Nancy","Sechrist","Russell","","","Retired","Retired",",","14634 Stone Trace Dr","","Montpelier","VA","231922853","True","08/20/2026","20.00","1340.00","13283743","","{266DBA18-4C0D-B518-A799-55D7A19FFC52}"
"507652","","Gregory","Wayne","Six","","","Hanover County Sheriff's Office","Administrative Captain",",","15358 Beechmont Dr","","Doswell","VA","230472153","True","09/14/2026","20.00","349.50","13283744","","{266DBA18-4C0D-B518-A799-55D7A19FFC52}"
"507652","","Tina","Laprad","Steenburgh","","","Retired","Retired",",","10361 Rapidan Way","","Ashland","VA","230053355","True","08/13/2026","20.00","444.00","13283745","","{266DBA18-4C0D-B518-A799-55D7A19FFC52}"
"507652","","Elizabeth","Gayle","Stoneman","","","PawsCienda Pet Resort","Business Owner",",","15991 Newfound Hills Ln","","Montpelier","VA","231922237","True","09/10/2026","20.00","340.00","13283746","","{266DBA18-4C0D-B518-A799-55D7A19FFC52}"
"507652","","Charles","Duval","Waddell","","","Retired","Retired",",","8434 Walnut Grove Rd","","Mechanicsville","VA","231114526","True","08/13/2026","20.00","436.50","13283747","","{266DBA18-4C0D-B518-A799-55D7A19FFC52}"
"507652","","Russell","Alton","Wright","","","Capital One","IT Manager",",","11482 Franklin Hills Dr","","Rockville","VA","231461842","True","08/21/2026","20.00","349.50","13283748","","{266DBA18-4C0D-B518-A799-55D7A19FFC52}"
"507654","1278279","Karen","","Baker","Ms","","retired","Retired","Floyd, VA","214 W Main St","","Floyd","VA","24091","True","07/27/2026","20.00","797.17","13283749","","{95678D15-CD99-3E75-8DF1-3E2F1401CBC9}"
"507654","1278279","Karen","","Baker","Ms","","retired","Retired","Floyd, VA","214 W Main St","","Floyd","VA","24091","True","09/08/2026","634.50","1431.67","13283750","","{95678D15-CD99-3E75-8DF1-3E2F1401CBC9}"
"507654","1279299","Kamala","","Bauers","","","Retired","Retired","Retired","288 Yarrow Way","","Floyd","VA","24091","True","09/08/2026","155.00","355.00","13283751","","{95678D15-CD99-3E75-8DF1-3E2F1401CBC9}"
"507654","1279312","Linda","","Haas","","","retired","retired","Pilot, VA","202 Silver Maples Ln","","Pilot","VA","24138","True","09/08/2026","95.50","545.50","13283752","","{95678D15-CD99-3E75-8DF1-3E2F1401CBC9}"
"507654","1279430","John","","Hopkins","","","retired","retired","Floyd, VA","1113 Moore Rd","","Floyd","VA","24091","True","07/21/2026","25.00","175.00","13283753","","{95678D15-CD99-3E75-8DF1-3E2F1401CBC9}"
"507654","1279430","John","","Hopkins","","","retired","retired","Floyd, VA","1113 Moore Rd","","Floyd","VA","24091","True","08/21/2026","25.00","200.00","13283754","","{95678D15-CD99-3E75-8DF1-3E2F1401CBC9}"
"507654","1279430","John","","Hopkins","","","retired","retired","Floyd, VA","1113 Moore Rd","","Floyd","VA","24091","True","09/08/2026","7.00","207.00","13283755","","{95678D15-CD99-3E75-8DF1-3E2F1401CBC9}"
"507654","1279430","John","","Hopkins","","","retired","retired","Floyd, VA","1113 Moore Rd","","Floyd","VA","24091","True","09/21/2026","25.00","232.00","13283756","","{95678D15-CD99-3E75-8DF1-3E2F1401CBC9}"
"507654","1279450","Nick","","Piazza","","","retired","retired","Floyd, VA","1913 Shooting Creek Rd SE","","Floyd","VA","24091","True","09/08/2026","313.00","333.00","13283757","","{95678D15-CD99-3E75-8DF1-3E2F1401CBC9}"
"507654","1279452","Donna","","Polseno","","","self","Artist","Floyd, VA","505 Russell Rd","","Floyd","VA","24091","True","09/14/2026","124.00","188.00","13283758","","{95678D15-CD99-3E75-8DF1-3E2F1401CBC9}"
"507654","1279453","Susannah","","Sanborn","","","retired","retired","Floyd, VA","217 Newton Rd NE","","Floyd","VA","24091","True","09/08/2026","190.00","190.00","13283759","","{95678D15-CD99-3E75-8DF1-3E2F1401CBC9}"
"507654","1279474","Mary","","Weeks","","","retired","retired","Floyd, VA","143 Willis Ave","","Floyd","VA","24091","True","08/07/2026","100.00","200.00","13283760","","{95678D15-CD99-3E75-8DF1-3E2F1401CBC9}"
"507654","1286162","Kathleen","","Dawe","","","Retired","Retired","Retired","1477 Poplar Camp Road","","Ferrum","VA","24088","True","09/08/2026","14.00","314.00","13283761","","{95678D15-CD99-3E75-8DF1-3E2F1401CBC9}"
"507654","1299176","Becky","","Piazza","","","retired","Retired","retired","1913 Shooting Creek Rd SE","","Floyd","VA","24091","True","09/08/2026","100.00","120.00","13283762","","{95678D15-CD99-3E75-8DF1-3E2F1401CBC9}"
"507654","1317535","Barbara","","Mudrinich","","","retired","Retired","retired","461 Laurel Ridge Estate Rd NW","","Meadows of Dan","VA","24120","True","09/08/2026","153.00","153.00","13283763","","{95678D15-CD99-3E75-8DF1-3E2F1401CBC9}"
"507654","1317538","Helen","","McClain","","","retired","retired","retired","2094 Union School Rd SW","","Willis","VA","24380","True","09/08/2026","262.00","262.00","13283764","","{95678D15-CD99-3E75-8DF1-3E2F1401CBC9}"
"507654","1317541","Valinda","","Dyer","","","Retired","Retired","Retired","149 Rock Church","","Meadows of Dan","VA","24120","True","09/08/2026","117.00","117.00","13283765","","{95678D15-CD99-3E75-8DF1-3E2F1401CBC9}"
"507654","1317543","Charles","","Brouwer","","","Self","Artist","Willis","268 Akers Rd NW","","Willis","VA","24380","True","09/08/2026","177.00","177.00","13283766","","{95678D15-CD99-3E75-8DF1-3E2F1401CBC9}"
"507654","1317545","Susan","","Goranson","","","Retired","Retired","Retired","213 Clearwater","","Floyd","VA","24091","True","09/08/2026","127.00","127.00","13283767","","{95678D15-CD99-3E75-8DF1-3E2F1401CBC9}"
"507654","1317549","Faye","","Nichols","","","retired","Retired","retired","P.O. Box 24","","Copper Hill","VA","24079","True","09/08/2026","112.00","112.00","13283768","","{95678D15-CD99-3E75-8DF1-3E2F1401CBC9}"
"507654","1317559","Jennifer","","Spoon","","","retired","Retired","retired","210 Akers Rd NW","","Willis","VA","24380","True","09/08/2026","208.00","208.00","13283769","","{95678D15-CD99-3E75-8DF1-3E2F1401CBC9}"
"507654","1317559","Jennifer","","Spoon","","","retired","Retired","retired","210 Akers Rd NW","","Willis","VA","24380","True","09/14/2026","11.00","219.00","13283770","","{95678D15-CD99-3E75-8DF1-3E2F1401CBC9}"
"507654","1317561","Beth","","Deskins","","","Retired","Retired","Retired","899 Fairview Church SW","","Floyd","VA","24091","True","09/08/2026","200.00","200.00","13283771","","{95678D15-CD99-3E75-8DF1-3E2F1401CBC9}"
"507654","1317562","Gayle","","Miller","","","retired","Retired","retired","415 Reed Hill Rd NW","","Floyd","VA","24091","True","09/08/2026","138.00","138.00","13283772","","{95678D15-CD99-3E75-8DF1-3E2F1401CBC9}"
"507654","1317564","Becca","","Fuller","","","Retired","Retired","Retired","828 Countyline Church Rd S","","Floyd","VA","24091","True","09/08/2026","340.00","340.00","13283773","","{95678D15-CD99-3E75-8DF1-3E2F1401CBC9}"
"507654","1317569","Cathy","","Meador","","","retired","Retired","retired","907 Trout Rd","","Woolwine","VA","21185","True","09/08/2026","168.00","168.00","13283774","","{95678D15-CD99-3E75-8DF1-3E2F1401CBC9}"
"507654","1317571","Steve","","Staengl","","","Blue Mountain","Teacher","Floyd","865 Dobbins Farm Rd NE","","Floyd","VA","24091","True","09/14/2026","230.00","252.00","13283775","","{95678D15-CD99-3E75-8DF1-3E2F1401CBC9}"
"507667","1277058","Ronald","","Branscome","","","NA","Retired","NA","515 Willis St","","Fredericksburg","VA","22401","True","08/16/2026","100.00","125.00","13283884","","{11A54B8F-C970-1989-06DD-ABD6EE043A80}"
"507667","1285554","Jennifer","","Eakin","","","NA","Retired","NA","1404 Prince Edward St","","Fredericksburg","VA","22401","True","07/10/2026","100.00","200.00","13283885","","{11A54B8F-C970-1989-06DD-ABD6EE043A80}"
"507670","246316","","","ActBlue","","","","Citi Conduit","Somerville, MA","P.O. Box441146","","Sommerville","MA","02144","False","09/21/2026","774.32","1278.58","13283886","","{8C42453A-1369-3F7E-BF71-02240A400B0E}"
"507670","246316","","","ActBlue","","","","Citi Conduit","Somerville, MA","P.O. Box441146","","Sommerville","MA","02144","False","09/23/2026","1103.60","2382.18","13283887","","{8C42453A-1369-3F7E-BF71-02240A400B0E}"
"507672","1319063","Theresa","","Coates Ellis","","","Buzz Around Town","Business Owner","Manassas, VA","10204 Waterford Dr.","","Manassas","VA","20110","True","10/03/2026","500.00",".00","13283888","","{63365260-4464-C5A0-6651-0F41185C240D}"
"507673","1309035","Lovena","Baldwin","Rapole","","","Retired","retired IT QA Analyst with Anthem","Retired","1612 Dinwiddie Ave","","Hopewell","VA","23860","True","09/01/2026","1000.00","2000.00","13283889","","{0EF90E81-9E76-ED3D-763C-5BCC2D59B561}"
"507674","1319066","Theresa","","Coates Ellie","","","Tackle Management","Self Employed","Manassas, VA","10204 Waterford Drive","","Manassas","VA","20110","True","10/03/2026","500.00",".00","13283890","","{5F2C78A2-7DEB-F71C-A4BE-0776A5472D23}"
"507676","1318160","John","","Cho","","","","","","3421 Preservation Dr","","Fairfax","VA","22031","True","09/23/2026","1000.00",".00","13283898","","{A95EE9B5-27AC-2F77-CD84-AF7C636D81BF}"
"507677","1318163","Trevor","","Milner","","","RETIRED","RETIRED","","3204 Adams Ct","","Fairfax","VA","22030","True","09/27/2026","500.00",".00","13283899","","{BDC3BC68-EC36-559A-8358-E90828BA6FF1}"
"507678","870639","Joseph","","Daniel","Mr.","","Culpeper Wood Preservers","Owner","Culpeper","PO Box 501, North Main Street","","Culpeper","VA","22701","True","07/28/2026","500.00","7050.00","13283900","","{2350E957-3DD0-5196-CE82-230F013B80C4}"
"507678","870639","Joseph","","Daniel","Mr.","","Culpeper Wood Preservers","Owner","Culpeper","PO Box 501, North Main Street","","Culpeper","VA","22701","True","08/25/2026","500.00","8050.00","13283901","","{2350E957-3DD0-5196-CE82-230F013B80C4}"
"507678","870639","Joseph","","Daniel","Mr.","","Culpeper Wood Preservers","Owner","Culpeper","PO Box 501, North Main Street","","Culpeper","VA","22701","True","09/22/2026","500.00","9050.00","13283902","","{2350E957-3DD0-5196-CE82-230F013B80C4}"
"507678","870679","Sharon","","Church","","","Affirmed Technologies","Engineer","Brandy Station, VA","12053 Alanthas Rd","","Brandy Station","VA","22714","True","08/06/2026","1000.00","1000.00","13283903","","{2350E957-3DD0-5196-CE82-230F013B80C4}"
"507678","1242240","Joshua","","Nichols","","","Collins Aerospace","Program Manager","Cedar Rapids, IA","19142 Sycamore Lane","","Culpeper","VA","22701","True","07/14/2026","50.00","350.00","13283904","","{2350E957-3DD0-5196-CE82-230F013B80C4}"
"507678","1242240","Joshua","","Nichols","","","Collins Aerospace","Program Manager","Cedar Rapids, IA","19142 Sycamore Lane","","Culpeper","VA","22701","True","08/06/2026","50.00","400.00","13283905","","{2350E957-3DD0-5196-CE82-230F013B80C4}"
"507678","1242240","Joshua","","Nichols","","","Collins Aerospace","Program Manager","Cedar Rapids, IA","19142 Sycamore Lane","","Culpeper","VA","22701","True","09/08/2026","50.00","450.00","13283906","","{2350E957-3DD0-5196-CE82-230F013B80C4}"
"507681","","","","McGuireWoods","","","","Legal Services","Richmond VA","800 E Canal St","","Richmond","VA","23219-3956","False","09/30/2026","25000.00","25000.00","13283907","","{7BF21E4B-248D-49AA-D22A-724628971E69}"
"507682","","Alexis","","Alexis Martinez","","","Private Practice","Therapist","Woodbridge VA","3484 Caledonia Cir","","Woodbridge","VA","22192-1062","True","09/12/2026","188.00","188.00","13283908","","{C3A61E4C-A85A-4191-EE19-D9124EF6B27F}"
"507682","","Brenda","","Amster-Parada","","","Retired","Retired","Bristow VA","9709 Seafield Pl","","Bristow","VA","20136-2534","True","08/08/2026","134.42","164.42","13283909","","{C3A61E4C-A85A-4191-EE19-D9124EF6B27F}"
"507682","","Amy","","Ashworth","","","Prince William County/Manassas/Manassas Park","Commonwealth's Attorney","Manassas VA","PO Box 1156","","Manassas","VA","20108-1156","True","08/15/2026","1035.25","1035.25","13283910","","{C3A61E4C-A85A-4191-EE19-D9124EF6B27F}"
"507682","","Andrea","","Bailey","","","Prince William County","County Supervisor","Woodbridge VA","4222 Fortuna Center Plz","","Dumfries","VA","22025-1515","True","08/08/2026","5175.25","5175.25","13283911","","{C3A61E4C-A85A-4191-EE19-D9124EF6B27F}"
"507682","","Chris","","Bates","Mr.","","Retired","Retired","Bristow VA","12525 Erroll Ln","","Bristow","VA","20136-2121","True","08/22/2026","129.63","129.63","13283912","","{C3A61E4C-A85A-4191-EE19-D9124EF6B27F}"
"507682","","Kenny","","Boddye","","","Boddye for Supervisor","Supervisor","Woodbridge VA","PO Box 1191","","Woodbridge","VA","22915","True","08/31/2026","2070.25","2120.25","13283913","","{C3A61E4C-A85A-4191-EE19-D9124EF6B27F}"
"507682","","Ellen","","Boneparth","","","Retired","Retired","Woodbridge VA","12143 Cathedral Dr","","Woodbridge","VA","22192-2233","True","08/23/2026","259.00","259.00","13283914","","{C3A61E4C-A85A-4191-EE19-D9124EF6B27F}"
"507682","","Tyrone","","Brown","","","Retired","Retired","Dumfries VA","17598 Duke St","","Dumfries","VA","22026-2357","True","09/12/2026","52.00","102.00","13283915","","{C3A61E4C-A85A-4191-EE19-D9124EF6B27F}"
"507682","","Heidi","","BruMar","","","The Johns Hopkins University Applied Physics Lab","Systems Engineer","Laurel MD","11100 Johns Hopkins Rd","","Laurel","MD","20723-6005","True","09/11/2026","375.00","375.00","13283916","","{C3A61E4C-A85A-4191-EE19-D9124EF6B27F}"
"507682","","Jen","","Jones","","","PenFed Credit Union","Cloud Engineer III","Mc Lean VA","13907 Shadow Fox Ct","","Gainesville","VA","20155-1726","True","08/14/2026","129.63","129.63","13283940","","{C3A61E4C-A85A-4191-EE19-D9124EF6B27F}"
"507682","","Sharon","Lee","Juergens","","","Retired","Retired","Gainesville VA","6856 Tred Avon Pl","","Gainesville","VA","20155-3133","True","08/24/2026","75.00","175.00","13283941","","{C3A61E4C-A85A-4191-EE19-D9124EF6B27F}"
"507682","","Sharon","Lee","Juergens","","","Retired","Retired","Gainesville VA","6856 Tred Avon Pl","","Gainesville","VA","20155-3133","True","09/06/2026","125.00","300.00","13283942","","{C3A61E4C-A85A-4191-EE19-D9124EF6B27F}"
"507682","","Denis","Michael","Katchmeric","","","Retired","Retired","Gainesville VA","13859 Cinch Ln","","Gainesville","VA","20155-3117","True","09/17/2026","100.00","200.00","13283943","","{C3A61E4C-A85A-4191-EE19-D9124EF6B27F}"
"507682","","Bonnie","","Klakowicz","","","Retired","Retired","Woodbridge VA","2100 Wessex Ct","","Woodbridge","VA","22191-4415","True","08/18/2026","129.63","179.63","13283944","","{C3A61E4C-A85A-4191-EE19-D9124EF6B27F}"
"507682","","James","","Klakowicz","","","Retired","Retired","Woodbridge VA","2100 Wessex Ct","","Woodbridge","VA","22191-4415","True","08/18/2026","129.63","129.63","13283945","","{C3A61E4C-A85A-4191-EE19-D9124EF6B27F}"
"507682","","Camille","","Klein","","","Retired","Retired","Haymarket VA","4600 Catharpin Creek Ln","","Haymarket","VA","20169-2141","True","08/09/2026","129.63","181.63","13283946","","{C3A61E4C-A85A-4191-EE19-D9124EF6B27F}"
"507682","","Eugene","","Klein","","","Retired","Retired","Haymarket VA","4600 Catharpin Creek Ln","","Haymarket","VA","20169-2141","True","08/09/2026","129.63","129.63","13283947","","{C3A61E4C-A85A-4191-EE19-D9124EF6B27F}"
"507682","","Gene","","Klein","","","Retired","Retired","Haymarket VA","4600 Catharpin Creek Ln","","Haymarket","VA","20169-2141","True","08/24/2026","50.00","102.00","13283948","","{C3A61E4C-A85A-4191-EE19-D9124EF6B27F}"
"507682","","Babur","","Lateef","","","Advanced ophthalmology inc.","Physician","Manassas VA","13001 Chaddsford Ter","","Manassas","VA","20112-5573","True","09/01/2026","500.00","500.00","13283949","","{C3A61E4C-A85A-4191-EE19-D9124EF6B27F}"
"507682","","Mark","","Leighton","","","N/A","N/A","Manassas VA","7522 Remington Rd","","Manassas","VA","20109-2922","True","09/03/2026","129.63","129.63","13283950","","{C3A61E4C-A85A-4191-EE19-D9124EF6B27F}"
"507682","","Grace","","Lintner","","","myself","homemaker","Manassas VA","8201 Honeysuckle Rd","","Manassas","VA","20112-4642","True","08/10/2026","129.63","229.63","13283951","","{C3A61E4C-A85A-4191-EE19-D9124EF6B27F}"
"507682","","Will","","Lintner","","","Retired","Retired","Manassas VA","8201 Honeysuckle Rd","","Manassas","VA","20112-4642","True","08/13/2026","129.63","129.63","13283952","","{C3A61E4C-A85A-4191-EE19-D9124EF6B27F}"
"507682","","Lindsey","","Longendyke","","","ERM","Marketing Director","Dumfries VA","1630 Sandpiper Bay Loop","","Dumfries","VA","22026-2978","True","08/18/2026","25.00","125.00","13283953","","{C3A61E4C-A85A-4191-EE19-D9124EF6B27F}"
"507682","","Lindsey","","Longendyke","","","ERM","Marketing Director","Dumfries VA","1630 Sandpiper Bay Loop","","Dumfries","VA","22026-2978","True","09/18/2026","25.00","150.00","13283954","","{C3A61E4C-A85A-4191-EE19-D9124EF6B27F}"
"507682","","CHARLES","","MARLOWE","","","MarSecCon, LLC","Consultant","Woodbridge VA","6037 Oaklawn Ln","","Woodbridge","VA","22193-3964","True","08/05/2026","129.63","129.63","13283955","","{C3A61E4C-A85A-4191-EE19-D9124EF6B27F}"
"507682","","Elizabeth","","Marlowe","","","Osbourn Park High School","Teacher","Manassas VA","6037 Oaklawn Ln","","Woodbridge","VA","22193-3964","True","08/05/2026","125.00","175.00","13283956","","{C3A61E4C-A85A-4191-EE19-D9124EF6B27F}"
"507682","","Alexis","","Martinez","","","NA","Therapist","Woodbridge VA","3484 Caledonia Cir","","Woodbridge","VA","22192-1062","True","09/16/2026","165.00","165.00","13283957","","{C3A61E4C-A85A-4191-EE19-D9124EF6B27F}"
"507682","","Shenique","","McLean","","","Baltimore City Public Schools","Attorney","Baltimore MD","35726 Little Mack Ave","","Clinton Township","MI","48035-2642","True","09/05/2026","125.00","250.00","13283958","","{C3A61E4C-A85A-4191-EE19-D9124EF6B27F}"
"507682","","Shenique","","McLean","","","Baltimore City Public Schools","Attorney","Baltimore MD","35726 Little Mack Ave","","Clinton Township","MI","48035-2642","True","09/05/2026","125.00","250.00","13283959","","{C3A61E4C-A85A-4191-EE19-D9124EF6B27F}"
"507682","","Oriella","","Mejia","","","Self Employed","Politics","Woodbridge VA","PO Box 63","","Woodbridge","VA","22194-0063","True","08/31/2026","207.25","466.25","13283960","","{C3A61E4C-A85A-4191-EE19-D9124EF6B27F}"
"507682","","Oriella","","Mejia","","","Self Employed","Politics","Woodbridge VA","PO Box 63","","Woodbridge","VA","22194-0063","True","08/31/2026","259.00","466.25","13283961","","{C3A61E4C-A85A-4191-EE19-D9124EF6B27F}"
"507682","","Bernard","","Nassaux","","","Retired","Retired","Bristow VA","13411 Hudson Pl","","Bristow","VA","20136-1711","True","08/07/2026","129.63","179.63","13283962","","{C3A61E4C-A85A-4191-EE19-D9124EF6B27F}"
"507682","","Bernard","","Nassaux","","","Retired","Retired","Bristow VA","13411 Hudson Pl","","Bristow","VA","20136-1711","True","09/12/2026","20.00","199.63","13283963","","{C3A61E4C-A85A-4191-EE19-D9124EF6B27F}"
"507682","","Susan","","Nassaux","","","Retired","Retired","Bristow VA","13411 Hudson Pl","","Bristow","VA","20136-1711","True","08/07/2026","129.63","293.93","13283964","","{C3A61E4C-A85A-4191-EE19-D9124EF6B27F}"
"507682","","Susan","","Nassaux","","","Retired","Retired","Bristow VA","13411 Hudson Pl","","Bristow","VA","20136-1711","True","09/12/2026","75.00","656.51","13283965","","{C3A61E4C-A85A-4191-EE19-D9124EF6B27F}"
"507682","","Cameron","","Nelson","","","Bunnyman Brewing","Bartender","Chantilly VA","3484 Caledonia Cir","","Woodbridge","VA","22192-1062","True","09/16/2026","40.00","345.00","13283966","","{C3A61E4C-A85A-4191-EE19-D9124EF6B27F}"
"507682","","Cameron","","Nelson","","","Bunnyman Brewing","Bartender","Chantilly VA","3484 Caledonia Cir","","Woodbridge","VA","22192-1062","True","09/16/2026","140.00","345.00","13283967","","{C3A61E4C-A85A-4191-EE19-D9124EF6B27F}"
"507682","","Sharon","","Pandak","","","Pandak PLLC","Lawyer","Woodbridge VA","11230 Edgemoor Ct","","Lake Ridge","VA","22192-1146","True","08/18/2026","259.00","259.00","13283968","","{C3A61E4C-A85A-4191-EE19-D9124EF6B27F}"
"507682","","Padreus","","Pratter","","","Retired","Retired","Woodbridge VA","15461 Cagney Ct","","Woodbridge","VA","22193-1061","True","08/04/2026","129.63","179.63","13283969","","{C3A61E4C-A85A-4191-EE19-D9124EF6B27F}"
"507682","","Padreus","","Pratter","","","Retired","Retired","Woodbridge VA","15461 Cagney Ct","","Woodbridge","VA","22193-1061","True","09/12/2026","10.00","189.63","13283970","","{C3A61E4C-A85A-4191-EE19-D9124EF6B27F}"
"507682","","","","PW Professional Firefighters","","","","","Manassas VA","8510 Virginia Meadows Dr","","Manassas","VA","20109-4861","False","09/05/2026","2000.00","2000.00","13283971","","{C3A61E4C-A85A-4191-EE19-D9124EF6B27F}"
"507682","","Saifaldin","","Rahman","","","JR Real Estate Group","Managing Partner","Fairfax VA","10300 Eaton Pl","Ste 350","Fairfax","VA","22030-2230","True","08/31/2026","1000.00","1000.00","13283972","","{C3A61E4C-A85A-4191-EE19-D9124EF6B27F}"
"507682","","Collin","","Robinson","","","Retired","Retired","Gainesville VA","13533 Tallyrand Way","","Gainesville","VA","20155-6651","True","08/30/2026","259.00","309.00","13283973","","{C3A61E4C-A85A-4191-EE19-D9124EF6B27F}"
"507682","","Collin","","Robinson","","","Retired","Retired","Gainesville VA","13533 Tallyrand Way","","Gainesville","VA","20155-6651","True","09/12/2026","10.00","319.00","13283974","","{C3A61E4C-A85A-4191-EE19-D9124EF6B27F}"
"507682","","Pete","","Robinson","","","Retired","Retired","Warrenton VA","7467 Suncrest Dr","","Warrenton","VA","20187-9059","True","09/12/2026","129.63","139.63","13283975","","{C3A61E4C-A85A-4191-EE19-D9124EF6B27F}"
"507682","","Pete","","Robinson","","","Retired","Retired","Warrenton VA","7467 Suncrest Dr","","Warrenton","VA","20187-9059","True","09/12/2026","10.00","139.63","13283976","","{C3A61E4C-A85A-4191-EE19-D9124EF6B27F}"
"507682","","Danica","","Roem","","","Senate of Virginia","Senator","Richmond VA","9713 Handerson Pl","Unit 306","Manassas Park","VA","20111-7032","True","08/17/2026","129.63","129.63","13283977","","{C3A61E4C-A85A-4191-EE19-D9124EF6B27F}"
"507682","","Danica","","Roem","","","Senate of Virginia","Senator","Richmond VA","9713 Handerson Pl","Unit 306","Manassas Park","VA","20111-7032","True","08/21/2026","100.00","229.63","13283978","","{C3A61E4C-A85A-4191-EE19-D9124EF6B27F}"
"507682","","Danica","","Roem","","","Senate of Virginia","Senator","Richmond VA","9713 Handerson Pl","Unit 306","Manassas Park","VA","20111-7032","True","09/10/2026","129.63","359.26","13283979","","{C3A61E4C-A85A-4191-EE19-D9124EF6B27F}"
"507682","","Matt","","Rowe","","","Stafford County","GIS Administrator","Stafford VA","1000 Snowden Hills Blvd","","Fredericksburg","VA","22401-4463","True","08/11/2026","125.00","125.00","13283980","","{C3A61E4C-A85A-4191-EE19-D9124EF6B27F}"
"507682","","Keith","","Scarborough","","","Retired","Retired","Woodbridge VA","500 Belmont Bay Dr","Unit 203","Woodbridge","VA","22191-5446","True","08/15/2026","259.00","359.00","13283981","","{C3A61E4C-A85A-4191-EE19-D9124EF6B27F}"
"507682","","jessica","","schaer","","","Student","Student","Haymarket VA","15696 Prosperity Dr","","Haymarket","VA","20169-2117","True","09/10/2026","129.63","129.63","13283982","","{C3A61E4C-A85A-4191-EE19-D9124EF6B27F}"
"507682","","Lorraine","","Schooner","","","Self Employed","Psychologist","Gainesville VA","7230 Heritage Village Plz","Ste 102","Gainesville","VA","20155-3054","True","08/24/2026","50.00","257.50","13283983","","{C3A61E4C-A85A-4191-EE19-D9124EF6B27F}"
"507682","","Lorraine","","Schooner","","","Self Employed","Psychologist","Gainesville VA","7230 Heritage Village Plz","Ste 102","Gainesville","VA","20155-3054","True","08/26/2026","129.63","387.13","13283984","","{C3A61E4C-A85A-4191-EE19-D9124EF6B27F}"
"507682","","Lorraine","","Schooner","","","Self Employed","Psychologist","Gainesville VA","7230 Heritage Village Plz","Ste 102","Gainesville","VA","20155-3054","True","09/12/2026","20.00","407.13","13283985","","{C3A61E4C-A85A-4191-EE19-D9124EF6B27F}"
"507682","","Briana","","Sewell","","","Retired","Retired","Woodbridge VA","PO Box 1849","","Woodbridge","VA","22195-1849","True","09/12/2026","250.00","300.00","13283986","","{C3A61E4C-A85A-4191-EE19-D9124EF6B27F}"
"507682","","Jason","","Simmons","","","Made","Principal","Laurel MD","7682 E Arbory Ct","","Laurel","MD","20707-5526","True","09/12/2026","20.00","155.00","13283987","","{C3A61E4C-A85A-4191-EE19-D9124EF6B27F}"
"507682","","Jason","","Simmons","","","Made","Principal","Laurel MD","7682 E Arbory Ct","","Laurel","MD","20707-5526","True","09/12/2026","135.00","155.00","13283988","","{C3A61E4C-A85A-4191-EE19-D9124EF6B27F}"
"507682","","Serbrenia","","Sims","","","Retired","Retired","Gainesville VA","6312 Culverhouse Ct","","Gainesville","VA","20155-6623","True","08/24/2026","375.00","478.75","13283989","","{C3A61E4C-A85A-4191-EE19-D9124EF6B27F}"
"507682","","Serbrenia","","Sims","","","Retired","Retired","Gainesville VA","6312 Culverhouse Ct","","Gainesville","VA","20155-6623","True","09/17/2026","80.00","558.75","13283990","","{C3A61E4C-A85A-4191-EE19-D9124EF6B27F}"
"507682","","Jacqueline","","Smith","","","Prince William County","Clerk of Circuit Court","Manassas VA","4680 Timber Ridge Dr","","Montclair","VA","22025-1057","True","09/11/2026","250.00","250.00","13283991","","{C3A61E4C-A85A-4191-EE19-D9124EF6B27F}"
"507682","","Sean","","Spence","","","Retired","Retired","Dumfries VA","1524 Sandpiper Bay Loop","","Dumfries","VA","22026-2982","True","09/12/2026","129.63","129.63","13283992","","{C3A61E4C-A85A-4191-EE19-D9124EF6B27F}"
"507682","","Mary","","Stanley","","","R3 Consulting","Project Manager","Arlington VA","14851 Swallow Ct","","Woodbridge","VA","22193-1865","True","09/08/2026","129.63","129.63","13283993","","{C3A61E4C-A85A-4191-EE19-D9124EF6B27F}"
"507682","","Samarina","","Stapp","","","PWCS","Substitute Teacher","Manassas VA","10142 Orland Stone Dr","","Bristow","VA","20136-2666","True","08/17/2026","129.63","129.63","13283994","","{C3A61E4C-A85A-4191-EE19-D9124EF6B27F}"
"507682","","George T.","","Stewart","","","Prince William County","County Supervisor","Gainesville VA","15532 MELLON Ct","","Gainesville","VA","20155","True","08/25/2026","1000.00","1000.00","13283995","","{C3A61E4C-A85A-4191-EE19-D9124EF6B27F}"
"507682","","","","Stripe","","","","","South San Francisco CA","354 Oyster Point Blvd","","South San Francisco","CA","94080-1912","False","07/22/2026","37.11","355.26","13283996","","{C3A61E4C-A85A-4191-EE19-D9124EF6B27F}"
"507682","","","","Stripe","","","","","South San Francisco CA","354 Oyster Point Blvd","","South San Francisco","CA","94080-1912","False","09/11/2026","74.57","429.83","13283997","","{C3A61E4C-A85A-4191-EE19-D9124EF6B27F}"
"507682","","","","Stripe","","","","","South San Francisco CA","354 Oyster Point Blvd","","South San Francisco","CA","94080-1912","False","09/16/2026","50.18","480.01","13283998","","{C3A61E4C-A85A-4191-EE19-D9124EF6B27F}"
"507682","","","","Suhas For Virginia","","","","","Ashburn VA","PO Box 302","","Ashburn","VA","20146-0302","False","08/21/2026","1000.00","1000.00","13283999","","{C3A61E4C-A85A-4191-EE19-D9124EF6B27F}"
"507682","","Kerensa","","Sumers","","","Not Employed","Administrator","Sterling VA","7536 Emerald Dr","","Manassas","VA","20109-6441","True","08/25/2026","259.00","358.27","13284000","","{C3A61E4C-A85A-4191-EE19-D9124EF6B27F}"
"507682","","Kerensa","","Sumers","","","Not Employed","Administrator","Sterling VA","7536 Emerald Dr","","Manassas","VA","20109-6441","True","09/05/2026","50.00","469.37","13284001","","{C3A61E4C-A85A-4191-EE19-D9124EF6B27F}"
"507682","","Joseph","","Tennant","","","Virginia House of Delegates","Legislative Assistant","Richmond VA","14612 Crossfield Way","","Woodbridge","VA","22191-4077","True","08/16/2026","129.63","229.63","13284002","","{C3A61E4C-A85A-4191-EE19-D9124EF6B27F}"
"507682","","Joseph","","Tennant","","","Virginia House of Delegates","Legislative Assistant","Richmond VA","14612 Crossfield Way","","Woodbridge","VA","22191-4077","True","09/08/2026","129.63","359.26","13284003","","{C3A61E4C-A85A-4191-EE19-D9124EF6B27F}"
"507682","","Joseph","","Tennant","","","Virginia House of Delegates","Legislative Assistant","Richmond VA","14612 Crossfield Way","","Woodbridge","VA","22191-4077","True","09/12/2026","30.00","389.26","13284004","","{C3A61E4C-A85A-4191-EE19-D9124EF6B27F}"
"507682","","Arturo","","Torres","","","Retired","Retired","Haymarket VA","15931 Cucumber Magnolia Way","","Haymarket","VA","20169-3002","True","09/06/2026","259.00","295.48","13284005","","{C3A61E4C-A85A-4191-EE19-D9124EF6B27F}"
"507682","","Arturo","","Torres","","","Retired","Retired","Haymarket VA","15931 Cucumber Magnolia Way","","Haymarket","VA","20169-3002","True","09/12/2026","10.00","305.48","13284006","","{C3A61E4C-A85A-4191-EE19-D9124EF6B27F}"
"507682","","","","Vindman for Congress","","","","","Dumfries VA","4222 Fortuna Center Plz","Ste 664","Dumfries","VA","22025-1515","False","09/12/2026","5000.00","5500.00","13284007","","{C3A61E4C-A85A-4191-EE19-D9124EF6B27F}"
"507682","","Denise","","Walker","","","Retired","Retired","Woodbridge VA","5550 Wide Oak Ct","","Woodbridge","VA","22192-6036","True","08/27/2026","129.63","229.63","13284008","","{C3A61E4C-A85A-4191-EE19-D9124EF6B27F}"
"507682","","Raymond","","White","","","Prince William County","Director of Communications","Dumfries VA","13411 Hudson Pl","","Bristow","VA","20136-1711","True","08/04/2026","129.63","388.63","13284009","","{C3A61E4C-A85A-4191-EE19-D9124EF6B27F}"
"507682","","Raymond","","White","","","Prince William County","Director of Communications","Dumfries VA","13411 Hudson Pl","","Bristow","VA","20136-1711","True","08/04/2026","259.00","388.63","13284010","","{C3A61E4C-A85A-4191-EE19-D9124EF6B27F}"
"507682","","Heidi","","Whitesel","","","Retired","Retired","Gainesville VA","6520 Majestic Prince Loop","","Gainesville","VA","20155-3124","True","09/01/2026","125.00","228.75","13284011","","{C3A61E4C-A85A-4191-EE19-D9124EF6B27F}"
"507682","","Harry","","Wiggins","","","Retired","Retired","Lake Ridge VA","3525 Waters End Trl","","Woodbridge","VA","22192-7114","True","09/05/2026","129.63","129.63","13284012","","{C3A61E4C-A85A-4191-EE19-D9124EF6B27F}"
"507682","","Harry","","Wiggins","","","Retired","Retired","Lake Ridge VA","3525 Waters End Trl","","Woodbridge","VA","22192-7114","True","09/13/2026","240.00","369.63","13284013","","{C3A61E4C-A85A-4191-EE19-D9124EF6B27F}"
"507682","","Justin","","Wilk","","","Jigsaw Learning LLC","Administrator","Wilmington MA","841 Woburn St","","Wilmington","MA","01887-3414","True","09/10/2026","125.00","125.00","13284014","","{C3A61E4C-A85A-4191-EE19-D9124EF6B27F}"
"507682","","philip","E.","yianilos","","","Examiners Title","self","Woodbridge VA","1617 Mount High St","","Woodbridge","VA","22192-2421","True","09/12/2026","50.00","400.00","13284015","","{C3A61E4C-A85A-4191-EE19-D9124EF6B27F}"
"507682","","philip","E.","yianilos","","","Examiners Title","self","Woodbridge VA","1617 Mount High St","","Woodbridge","VA","22192-2421","True","09/13/2026","100.00","500.00","13284016","","{C3A61E4C-A85A-4191-EE19-D9124EF6B27F}"
"507682","","Lisa","","Zargarpur","","","FCPS","Teacher","Manassas VA","13182 Rettew Dr","","Manassas","VA","20112-7800","True","09/01/2026","250.00","300.00","13284017","","{C3A61E4C-A85A-4191-EE19-D9124EF6B27F}"
"507683","","JOEL","","BIEBER","","","JOEL BIEBER FIRM","LAWYER","RICHMOND,VA","6806 PARAGON PLACE #100","","RICHMOND","VA","23230","True","10/02/2026","10000.00","25000.00","13284018","","{66A070DD-D9D7-778F-722D-64A6E75DCB0C}"
"507687","2541","Llezelle","","Dugger","","","City of Charlottesville","Clerk of Court","Charlottesville VA","428 2nd Street NE","","Charlottesville","VA","22902","True","09/26/2026","500.00","545.00","13284215","","{A89C4781-7955-6ED4-9AC6-0FF9C189F377}"
"507687","2542","Raymond","Lee","Richards","","","none","retired","Charlottesville,VA","1300 Carter Lane","","Charlottesville","VA","22901","True","09/05/2026","300.00","300.00","13284216","","{A89C4781-7955-6ED4-9AC6-0FF9C189F377}"
"507687","2625","James","D","Nix","","","none","Retired","not applicable","2402 Kerry Lane","","Charlottesville","VA","22901","True","09/04/2026","125.00","140.00","13284217","","{A89C4781-7955-6ED4-9AC6-0FF9C189F377}"
"507687","2631","James","","Hingeley","","","County of Albemarle","Attorney","Charlottesville VA","2000 Marchant St","1","Charlottesville","VA","22902","True","09/08/2026","125.00","125.00","13284218","","{A89C4781-7955-6ED4-9AC6-0FF9C189F377}"
"507687","2634","Warner","Davies","Chapman","","","none","none","Charlottesville VA","605 Lyons Avenue","","Charlottesville","VA","22902","True","09/04/2026","250.00","250.00","13284219","","{A89C4781-7955-6ED4-9AC6-0FF9C189F377}"
"507687","2642","Jay","C","Brown","","","UVA","Professor of Microbiology","Charlottesville VA","110 Shamrock Road","","Charlottesville","VA","22903","True","09/05/2026","125.00","125.00","13284220","","{A89C4781-7955-6ED4-9AC6-0FF9C189F377}"
"507687","2648","Sherry","P","Kraft","","","Self","Clinical Psychology","Charlottesville VA","410 2nd Street NE","","Charlottesville","VA","22902","True","09/04/2026","250.00","300.00","13284221","","{A89C4781-7955-6ED4-9AC6-0FF9C189F377}"
"507687","2648","Sherry","P","Kraft","","","Self","Clinical Psychology","Charlottesville VA","410 2nd Street NE","","Charlottesville","VA","22902","True","09/26/2026","35.00","335.00","13284222","","{A89C4781-7955-6ED4-9AC6-0FF9C189F377}"
"507687","2652","Elizabeth","H","Woodard","","","self","attorney","Charlottesville VA","928 Rosser Lane","","Charlottesville","VA","22903","True","09/12/2026","125.00","125.00","13284223","","{A89C4781-7955-6ED4-9AC6-0FF9C189F377}"
"507687","2654","","","Deeds for State Senate","","","","State Senate Campaign","Charlottesville VA","P O Box 5462","","Charlottesville","VA","22905","False","09/17/2026","1000.00","1000.00","13284224","","{A89C4781-7955-6ED4-9AC6-0FF9C189F377}"
"507687","2661","Peppy","","Linden","","","none","retired","not applicable","511 North 1st Street #503","","Charlottesville","VA","22902","True","09/04/2026","125.00","125.00","13284225","","{A89C4781-7955-6ED4-9AC6-0FF9C189F377}"
"507687","2673","Jason","Allen","Vandever","","","City of Charlottesville","City Treasurer","Charlottesville VA","2210 Greenbrier Dr","","Charlottesville","VA","22901","True","09/02/2026","250.00","265.00","13284226","","{A89C4781-7955-6ED4-9AC6-0FF9C189F377}"
"507687","2673","Jason","Allen","Vandever","","","City of Charlottesville","City Treasurer","Charlottesville VA","2210 Greenbrier Dr","","Charlottesville","VA","22901","True","09/26/2026","1.00","266.00","13284227","","{A89C4781-7955-6ED4-9AC6-0FF9C189F377}"
"507687","3592","Carolyn","J","Belt","","","Patio Beauty Shop","President","Charlottesville VA","1011 Little High Street","","Charlottesville","VA","22902","True","09/26/2026","125.00","125.00","13284228","","{A89C4781-7955-6ED4-9AC6-0FF9C189F377}"
"507687","3803","Maria","D","Chapel","","","Self","Homemaker","Charlottesville VA","1029 Hazel Street","","Charlottesville","VA","22902","True","09/26/2026","250.00","265.00","13284229","","{A89C4781-7955-6ED4-9AC6-0FF9C189F377}"
"507687","3835","Alison","","Booth","","","UVA","Professor of English","Charlottesville VA","1854 Field Road","","Charlottesville","VA","22903","True","09/18/2026","125.00","125.00","13284230","","{A89C4781-7955-6ED4-9AC6-0FF9C189F377}"
"507687","3857","Nancy","Coble","Damon","","","none","none","none","2407 Jefferson Park Ave","","Charlottesville","VA","22903","True","09/01/2026","250.00","320.00","13284231","","{A89C4781-7955-6ED4-9AC6-0FF9C189F377}"
"507687","3857","Nancy","Coble","Damon","","","none","none","none","2407 Jefferson Park Ave","","Charlottesville","VA","22903","True","09/04/2026","250.00","570.00","13284232","","{A89C4781-7955-6ED4-9AC6-0FF9C189F377}"
"507687","3857","Nancy","Coble","Damon","","","none","none","none","2407 Jefferson Park Ave","","Charlottesville","VA","22903","True","09/26/2026","95.00","665.00","13284233","","{A89C4781-7955-6ED4-9AC6-0FF9C189F377}"
"507687","3870","James","E","Brown","","","City of Charlottesville","City Sheriff","Charlottesville VA","712-B Bolling Avenue","","Charlottesville","VA","22902","True","09/28/2026","250.00","250.00","13284234","","{A89C4781-7955-6ED4-9AC6-0FF9C189F377}"
"507687","3876","Thomas","Jay","Vandever","","","IRC","Director","Charlottesville VA","916 Druid Avenue","","Charlottesville","VA","22902","True","09/06/2026","250.00","295.00","13284235","","{A89C4781-7955-6ED4-9AC6-0FF9C189F377}"
"507687","3876","Thomas","Jay","Vandever","","","IRC","Director","Charlottesville VA","916 Druid Avenue","","Charlottesville","VA","22902","True","09/23/2026","250.00","545.00","13284236","","{A89C4781-7955-6ED4-9AC6-0FF9C189F377}"
"507687","3885","Virginia","","Daugherty","","","Retired","Retired","Charlottesville","P.O. Box 2255","","Charlottesville","VA","22902","True","09/14/2026","125.00","125.00","13284237","","{A89C4781-7955-6ED4-9AC6-0FF9C189F377}"
"507687","4826","Susan","","McKinnon","","","none","none","none","1501 Short 18th ST","","Charlottesville","VA","22902","True","09/08/2026","250.00","250.00","13284238","","{A89C4781-7955-6ED4-9AC6-0FF9C189F377}"
"507687","4956","Fred","","Damon","","","UVA","Professor","Charlottesville VA","2407 Jefferson Park Ave","","Charlottesville","VA","22903","True","09/26/2026","200.00","200.00","13284239","","{A89C4781-7955-6ED4-9AC6-0FF9C189F377}"
"507687","8145","Kevin","","Lynch","","","Exide Technologies","Electrical Engineer","Charlottesville, VA","609 Locust Ave","","Charlottesville","VA","22901","True","09/23/2026","250.00","250.00","13284240","","{A89C4781-7955-6ED4-9AC6-0FF9C189F377}"
"507687","8429","Paula","","Fallon","","","Innisfree Village","Program Coordinator","Charlottesville, VA","1115 E Jefferson St","","Charlottesville","VA","22902","True","09/22/2026","125.00","140.00","13284241","","{A89C4781-7955-6ED4-9AC6-0FF9C189F377}"
"507687","8429","Paula","","Fallon","","","Innisfree Village","Program Coordinator","Charlottesville, VA","1115 E Jefferson St","","Charlottesville","VA","22902","True","09/26/2026","155.00","295.00","13284242","","{A89C4781-7955-6ED4-9AC6-0FF9C189F377}"
"507687","11035","Rebecca","C","Quinn","","","R C Quinn Consulting","Consultant","Charlottesville VA","104 4th Street NE","","Charlottesville","VA","22902","True","09/24/2026","250.00","265.00","13284243","","{A89C4781-7955-6ED4-9AC6-0FF9C189F377}"
"507687","95517","Suzanne","E","Michels","","PHD","Self","Clinical Psychology","Charlottesville VA","934 East Jefferson Street","","Charlottesville","VA","22902","True","09/04/2026","250.00","300.00","13284244","","{A89C4781-7955-6ED4-9AC6-0FF9C189F377}"
"507687","95517","Suzanne","E","Michels","","PHD","Self","Clinical Psychology","Charlottesville VA","934 East Jefferson Street","","Charlottesville","VA","22902","True","09/26/2026","20.00","320.00","13284245","","{A89C4781-7955-6ED4-9AC6-0FF9C189F377}"
"507687","95517","Suzanne","E","Michels","","PHD","Self","Clinical Psychology","Charlottesville VA","934 East Jefferson Street","","Charlottesville","VA","22902","True","09/26/2026","50.00","370.00","13284246","","{A89C4781-7955-6ED4-9AC6-0FF9C189F377}"
"507687","95517","Suzanne","E","Michels","","PHD","Self","Clinical Psychology","Charlottesville VA","934 East Jefferson Street","","Charlottesville","VA","22902","True","09/26/2026","95.00","465.00","13284247","","{A89C4781-7955-6ED4-9AC6-0FF9C189F377}"
"507687","95523","Norman","","Dill","","","Harlowe Powell Auction","Auctioneer","Charlottesville VA","2109 India Rd","","Charlottesville","VA","22901","True","09/07/2026","165.00","165.00","13284248","","{A89C4781-7955-6ED4-9AC6-0FF9C189F377}"
"507687","95548","Jane","","Davis","","","n/a","Not employed","n/a","1818 Winston Rd","","Charlottesville","VA","22903","True","09/06/2026","1000.00","1030.00","13284249","","{A89C4781-7955-6ED4-9AC6-0FF9C189F377}"
"507687","166554","Donna","","Goings","","","Donna Goings Real Estate LLC","Realtor","Charlottesville, VA","1438 Westwood Rd","","Charlottesville","VA","22903","True","09/21/2026","500.00","500.00","13284250","","{A89C4781-7955-6ED4-9AC6-0FF9C189F377}"
"507687","167601","Mary","","Hitz","","","self-employed","Writer","Charlottesville, VA","521 N 1st St","","Charlottesville","VA","22902","True","09/05/2026","125.00","125.00","13284251","","{A89C4781-7955-6ED4-9AC6-0FF9C189F377}"
"507687","168029","William","","Love","","","n/a","none","Charlottesville, VA","2659 Hydraulic Rd, Apt D","","Charlottesville","VA","22901","True","09/23/2026","125.00","125.00","13284252","","{A89C4781-7955-6ED4-9AC6-0FF9C189F377}"
"507687","168166","Genevieve","","Keller","","","UVA","Professor","Charlottesville, VA","PO BOX 92","","Charlottesville","VA","22902","True","09/21/2026","125.00","125.00","13284253","","{A89C4781-7955-6ED4-9AC6-0FF9C189F377}"
"507687","168519","Anne","","Hemenway","","","National Legal Research Group","attorney","Charlottesville, VA","800 Park St","","Charlottesville","VA","22902","True","09/08/2026","250.00","250.00","13284254","","{A89C4781-7955-6ED4-9AC6-0FF9C189F377}"
"507687","168519","Anne","","Hemenway","","","National Legal Research Group","attorney","Charlottesville, VA","800 Park St","","Charlottesville","VA","22902","True","09/26/2026","100.00","350.00","13284255","","{A89C4781-7955-6ED4-9AC6-0FF9C189F377}"
"507687","205556","Jean","","Hiatt","","","none","none","none","1719 Meadowbrook Heights","","Charlottesville","VA","22901","True","09/21/2026","250.00","265.00","13284256","","{A89C4781-7955-6ED4-9AC6-0FF9C189F377}"
"507687","213605","Clement","","Tingley","","","self","self employed","Charlottesville, VA","525 Grove Ave","","Charlottesville","VA","22902","True","09/04/2026","1000.00","1000.00","13284257","","{A89C4781-7955-6ED4-9AC6-0FF9C189F377}"
"507687","302992","Blake","","Caravati","","","self","contractor","Charlottesville, VA","1108 Little High St","","Charlottesville","VA","22902","True","09/16/2026","125.00","125.00","13284258","","{A89C4781-7955-6ED4-9AC6-0FF9C189F377}"
"507687","307255","Cynthia","","Chapman","","","none","none","none","605 Lyons Ave","","Charlottesville","VA","22902","True","09/26/2026","105.00","120.00","13284259","","{A89C4781-7955-6ED4-9AC6-0FF9C189F377}"
"507687","348878","Heather","","Hill","","","self","Independent Consultant","Charlottesville, VA","656 Evergreen Ave","","Charlottesville","VA","22902","True","09/15/2026","250.00","250.00","13284260","","{A89C4781-7955-6ED4-9AC6-0FF9C189F377}"
"507687","466727","Mary Ann","","Harris","","","none","none","Charlottesville, VA","1409 Foxbrook Lane","","Charlottesville","VA","22901","True","07/29/2026","25.00","175.00","13284261","","{A89C4781-7955-6ED4-9AC6-0FF9C189F377}"
"507687","466727","Mary Ann","","Harris","","","none","none","Charlottesville, VA","1409 Foxbrook Lane","","Charlottesville","VA","22901","True","08/29/2026","25.00","200.00","13284262","","{A89C4781-7955-6ED4-9AC6-0FF9C189F377}"
"507687","466727","Mary Ann","","Harris","","","none","none","Charlottesville, VA","1409 Foxbrook Lane","","Charlottesville","VA","22901","True","09/19/2026","250.00","450.00","13284263","","{A89C4781-7955-6ED4-9AC6-0FF9C189F377}"
"507687","466727","Mary Ann","","Harris","","","none","none","Charlottesville, VA","1409 Foxbrook Lane","","Charlottesville","VA","22901","True","09/29/2026","25.00","475.00","13284264","","{A89C4781-7955-6ED4-9AC6-0FF9C189F377}"
"507687","466736","Sumner","","Brown","","","Thomas Jefferson Health District","Health Educator","Charlottesville, VA","1107 E Jefferson St","","Charlottesville","VA","22902","True","09/08/2026","80.00","110.00","13284265","","{A89C4781-7955-6ED4-9AC6-0FF9C189F377}"
"507687","466740","Chris","","Meyer","","","EDF","Economist","Washington, DC","124 Oak Lawn Court","","Charlottesville","VA","22902","True","09/04/2026","250.00","250.00","13284266","","{A89C4781-7955-6ED4-9AC6-0FF9C189F377}"
"507687","466747","Raymond","","Dueser","","","none","none","none","515 Lochlyn Hill Drive","","Charlottesville","VA","22901","True","09/17/2026","125.00","145.00","13284267","","{A89C4781-7955-6ED4-9AC6-0FF9C189F377}"
"507687","487809","John","","McLaren","","","UVA","Professor","Charlottesville, VA","520 Locust Ave","","Charlottesville","VA","22902","True","09/18/2026","400.00","415.00","13284268","","{A89C4781-7955-6ED4-9AC6-0FF9C189F377}"
"507687","533620","Brian","","McCay","","","none","none","none","1015 Earlysville Forest Dr","","Earlysville","VA","22936","True","09/25/2026","165.00","165.00","13284269","","{A89C4781-7955-6ED4-9AC6-0FF9C189F377}"
"507687","533626","Daniel","","Doernberg","","","none","none","none","3105 Edgewater Dr","","Charlotttesville","VA","22902","True","09/04/2026","250.00","250.00","13284270","","{A89C4781-7955-6ED4-9AC6-0FF9C189F377}"
"507687","546313","Phyllis","","Leffler","","","none","none","none","1612 Concord Dr","","Charlottesville","VA","22901","True","09/04/2026","1080.00","1080.00","13284271","","{A89C4781-7955-6ED4-9AC6-0FF9C189F377}"
"507687","546317","Martha","","Donnelly","","","n/a","none","n/a","1400 Oxford Rd","","Charlottesville","VA","22903","True","09/04/2026","125.00","140.00","13284272","","{A89C4781-7955-6ED4-9AC6-0FF9C189F377}"
"507687","673709","John","Robert","Shepherd","","","UVA","anthropologist","Charlottesville, VA","112 Village Ct","","Charlottesville","VA","22903","True","09/05/2026","250.00","270.00","13284273","","{A89C4781-7955-6ED4-9AC6-0FF9C189F377}"
"507687","673709","John","Robert","Shepherd","","","UVA","anthropologist","Charlottesville, VA","112 Village Ct","","Charlottesville","VA","22903","True","09/26/2026","35.00","305.00","13284274","","{A89C4781-7955-6ED4-9AC6-0FF9C189F377}"
"507687","673710","Barbara","","Shenefield","","","self employed","Freelancer","Charlottesville, VA","321 Parkway","","Charlottesville","VA","22902","True","09/21/2026","125.00","125.00","13284275","","{A89C4781-7955-6ED4-9AC6-0FF9C189F377}"
"507687","673713","Terry","","Coffey","","","none","retired","none","2526 Woodland Dr","","Charlottesville","VA","22903","True","09/19/2026","250.00","250.00","13284276","","{A89C4781-7955-6ED4-9AC6-0FF9C189F377}"
"507687","699150","Steven","","Johnson","","","UVA","Professor","Charlottesville, VA","1010 Grove St","","Charlottesville","VA","22903","True","09/04/2026","1000.00","1000.00","13284277","","{A89C4781-7955-6ED4-9AC6-0FF9C189F377}"
"507687","714199","Dudley","","Doane","","","UVA","Educator","Charlottesville, VA","1524 Westwood Rd","","Charlottesville","VA","22903","True","07/05/2026","15.00","105.00","13284278","","{A89C4781-7955-6ED4-9AC6-0FF9C189F377}"
"507687","714199","Dudley","","Doane","","","UVA","Educator","Charlottesville, VA","1524 Westwood Rd","","Charlottesville","VA","22903","True","08/03/2026","15.00","120.00","13284279","","{A89C4781-7955-6ED4-9AC6-0FF9C189F377}"
"507687","714199","Dudley","","Doane","","","UVA","Educator","Charlottesville, VA","1524 Westwood Rd","","Charlottesville","VA","22903","True","09/03/2026","15.00","135.00","13284280","","{A89C4781-7955-6ED4-9AC6-0FF9C189F377}"
"507687","714199","Dudley","","Doane","","","UVA","Educator","Charlottesville, VA","1524 Westwood Rd","","Charlottesville","VA","22903","True","09/10/2026","80.00","215.00","13284281","","{A89C4781-7955-6ED4-9AC6-0FF9C189F377}"
"507687","714836","Ruth","","Goldeen","","","UVA","Occupational Therapist","Charlottesville, VA","2408 Jefferson Park Ave","","Charlottesville","VA","22903","True","09/17/2026","125.00","155.00","13284282","","{A89C4781-7955-6ED4-9AC6-0FF9C189F377}"
"507687","714836","Ruth","","Goldeen","","","UVA","Occupational Therapist","Charlottesville, VA","2408 Jefferson Park Ave","","Charlottesville","VA","22903","True","09/26/2026","25.00","180.00","13284283","","{A89C4781-7955-6ED4-9AC6-0FF9C189F377}"
"507687","714841","Inara","","Liepa","","","none","none","none","3411 Montague ST","","Charlottesville","VA","22902","True","09/16/2026","125.00","125.00","13284284","","{A89C4781-7955-6ED4-9AC6-0FF9C189F377}"
"507687","719403","Randall","","Salzman","","","self employed","Writer","Charlottesville, VA","320 11th St NW","","Charlottesville","VA","22903","True","07/29/2026","250.00","250.00","13284285","","{A89C4781-7955-6ED4-9AC6-0FF9C189F377}"
"507687","719403","Randall","","Salzman","","","self employed","Writer","Charlottesville, VA","320 11th St NW","","Charlottesville","VA","22903","True","09/14/2026","100.00","350.00","13284286","","{A89C4781-7955-6ED4-9AC6-0FF9C189F377}"
"507687","719433","Hugh","","Colvin","","","Central Health","Physician","Charlottesville, VA","1107 Herndon Rd","","Charlottesville","VA","22903","True","09/18/2026","120.00","135.00","13284287","","{A89C4781-7955-6ED4-9AC6-0FF9C189F377}"
"507687","833633","Joshua","","Throneburg","","","Nooks & Crannies","Small Business Owner","Charlottesville, VA","107 Christa Ct","","Charlottesville","VA","22903","True","09/14/2026","250.00","250.00","13284288","","{A89C4781-7955-6ED4-9AC6-0FF9C189F377}"
"507687","875064","Sally","Cary","Booker","","","none","none","none","225 E Jefferson St","","Charlottesville","VA","22902","True","09/24/2026","250.00","350.00","13284289","","{A89C4781-7955-6ED4-9AC6-0FF9C189F377}"
"507687","875065","Megan","","Hull","","","self","consultant","Washington, DC","2226 Hall Pl NW","","Washington","DC","20007","True","08/31/2026","500.00","500.00","13284290","","{A89C4781-7955-6ED4-9AC6-0FF9C189F377}"
"507687","892301","Juandiego","","Wade","","","City of Charlottesville","City Council","Charlottesville, VA","909 St Charles Ave","","Charlottesville","VA","22901","True","09/22/2026","125.00","140.00","13284291","","{A89C4781-7955-6ED4-9AC6-0FF9C189F377}"
"507687","892303","Mary","","Gore","","","none","none","Charlottesville, VA","1208 King St","","Charlottesville","VA","22903","True","09/24/2026","125.00","140.00","13284292","","{A89C4781-7955-6ED4-9AC6-0FF9C189F377}"
"507687","892316","Fritz","","Hudson","","","none","none","Charlottesville, VA","100 Holly Ct","","Charlottesville","VA","22901","True","09/24/2026","125.00","140.00","13284293","","{A89C4781-7955-6ED4-9AC6-0FF9C189F377}"
"507722","1319260","Henry","Paul","Harper","","","DuPont","Retired Shift Manager","Waynesboro, Va","221 Tinkling Spring Rd","","Fishersville","VA","22939","True","09/08/2026","200.00","200.00","13284421","","{342232E8-2BA4-6411-3EDA-F15D6B904D2A}"
"507722","1319271","","","Winsome for Governor","","","","Political Action Committee","Richmond, Va","P.O. Box 71596","","Richmond","VA","23255","False","09/25/2026","500.00","500.00","13284422","","{342232E8-2BA4-6411-3EDA-F15D6B904D2A}"
"507724","459882","","","Southwest United Builders PAC","","","","Non Profit","Roanoke, VA","1626 Apperson Dr.","Suite A","Salem","VA","24153","False","10/05/2026","10000.00",".00","13284423","","{C52EC05E-EC4B-2D2C-D078-72147964ADE2}"
"507728","4487","James","Philip","Casey","Mr","Jr","WorldBank","Consultant","Washington, DC","800 S. Stafford Street","","Arlington","VA","22204","True","09/21/2026","150.00","250.00","13284425","","{8372667C-8F68-7105-F9F9-A9FD6D1AF598}"
"507728","339838","Brian","","Quinn","","","Gigamon","Sales","Arlington, VA","818 N. Quincy St.","apt 809","Arlington","VA","22203","True","08/14/2026","500.00","500.00","13284426","","{8372667C-8F68-7105-F9F9-A9FD6D1AF598}"
"507728","1082017","Mary","Clark","Webster","","","retired","retired","Arlington, VA","1122 N. Hudson St.","#101","Arlington","VA","22201","True","09/14/2026","1000.00","1850.00","13284427","","{8372667C-8F68-7105-F9F9-A9FD6D1AF598}"
"507728","1124232","Frederick","","Tarantino","","","Self","Consultant","Arlington VA","3343 S. Wakefield","","Arlington","VA","22206","True","07/07/2026","300.00","570.00","13284428","","{8372667C-8F68-7105-F9F9-A9FD6D1AF598}"
"507728","1134892","Robin","","Stefan","","","retired","retired","Arlington, VA","304 N. Garfield st","","Arlington","VA","22201","True","09/28/2026","100.00","470.00","13284429","","{8372667C-8F68-7105-F9F9-A9FD6D1AF598}"
"507728","1192825","Patricia","","Schmid","","","retired","retired","Arlington, VA","4615 S 31st Rd","","Arlington","VA","22206","True","07/27/2026","100.00","400.00","13284430","","{8372667C-8F68-7105-F9F9-A9FD6D1AF598}"
"507728","1202835","Y.","C.","Loon","","","SEC","Financial Economist","Washington, DC","1021 N. Garfield St","#244","Arlington","VA","22201","True","09/07/2026","100.00","270.00","13284431","","{8372667C-8F68-7105-F9F9-A9FD6D1AF598}"
"507730","915832","Deborah","","Moore","","","Not Employed","Not Employed","","4610 Spalding Dr","","Dumfries","VA","22025","True","06/06/2021","25.00","125.00","13284432","","{985DAC74-28AD-92C3-FBF0-B9D8B192ADDA}"
"507730","915834","Florim","","Krasniqi","","","Famous Calabria Pizza LLC","Manager","Bronx, NY","2801 Waterbury Ave","","Bronx","NY","10461","True","05/29/2021","1500.00","1500.00","13284433","","{985DAC74-28AD-92C3-FBF0-B9D8B192ADDA}"
"507730","915836","Candi","","King","","","Self","Virtual Assistant","Woodbridge, Virginia","2607 Glenriver Way","","Woodbridge","VA","22191","True","05/30/2021","25.00","125.00","13284434","","{985DAC74-28AD-92C3-FBF0-B9D8B192ADDA}"
"507730","915838","Kathleen","","Hocker","","","Aura","Accountant","Herndon, VA","6309 Betsy Ross Ct","","Centreville","VA","20121","True","06/06/2021","100.00","1000.00","13284435","","{985DAC74-28AD-92C3-FBF0-B9D8B192ADDA}"
"507730","915840","Pat","","Engel","","","Not Employed","Not Employed","","3725 Henry Hudson Pkwy","","Bronx","NY","10463","True","05/30/2021","25.00","225.00","13284436","","{985DAC74-28AD-92C3-FBF0-B9D8B192ADDA}"
"507730","915843","Jeffrey","","Dinowitz","","","NY Assembly","Assemblyman","Bronx, NY","3701 Henry Hudson Pkwy","","Bronx","NY","10463","True","06/01/2021","500.00","2250.00","13284437","","{985DAC74-28AD-92C3-FBF0-B9D8B192ADDA}"
"507730","915844","Robert","","Cohen","","","RA Cohen","Realtor","Larchmont NY","22 Byron Lane","","Larchmont","NY","10538","True","05/28/2021","500.00","500.00","13284438","","{985DAC74-28AD-92C3-FBF0-B9D8B192ADDA}"
"507730","915847","Lyndsey","","Beasley","","","Greenleaf Health","CPA","Washington, DC","6506 Harvest Mill Ct","","Centreville","VA","20121","True","06/06/2021","25.00","225.00","13284439","","{985DAC74-28AD-92C3-FBF0-B9D8B192ADDA}"
"507736","1013501","","","Goochland County Republican Committee","","","","Political Party Committee","Goochland, Virginia","PO Box 637","","Goochland","VA","23063","False","07/10/2023","500.00","1500.00","13284452","","{7C180278-77CF-BBC2-0F9D-3F1E834D24A5}"
"507736","1030157","Victoria","Pitman","Smith","","","Retired","Retired","Goochland, Va","2701 Davis Mill Road","","Goochland","VA","23063","True","07/09/2023","160.00","160.00","13284453","","{7C180278-77CF-BBC2-0F9D-3F1E834D24A5}"
"507736","1034732","Annette","M.","Losik","","","Retired","Retired","Powhatan, Va","2505 Georges Rd","","Powhatan","VA","23139","True","07/07/2023","150.00","150.00","13284454","","{7C180278-77CF-BBC2-0F9D-3F1E834D24A5}"
"507736","1056618","Robert","G","Gathright","","","Retired","Retired","Goochland","2509 Danieltown Rd","","Goochland","VA","23063","True","08/05/2023","1000.00","1000.00","13284455","","{7C180278-77CF-BBC2-0F9D-3F1E834D24A5}"
"507736","1056630","","","Goochland Republican Women","","","","Political Party Committee","Goochland, Virginia","PO Box 34","","Manikin Sabot","VA","23103","False","08/10/2023","734.00","734.00","13284456","","{7C180278-77CF-BBC2-0F9D-3F1E834D24A5}"
"507815","1293517","Elaine","","Luria","","","Not employed","Not employed","Not employed","7421 Gleneagles Road","","Norfolk","VA","23505","True","09/04/2026","1000.00","1000.00","13285142","","{2E2FCAFC-8F0F-394A-C142-CFB835DA1228}"
"507815","1314898","Hala","","Ayala","","","VADEMS Womens Caucus","Chairperson","Woodbridge","2896 Burgundy Place","","Woodbridge","VA","22192","True","09/14/2026","200.00","200.00","13285143","","{2E2FCAFC-8F0F-394A-C142-CFB835DA1228}"
"507815","1319003","","","EducateUS","","","","Non-profit advocacy organization","Washington DC","4301 50th St NW","300","Washington","DC","20016","False","09/18/2026","250.00","250.00","13285144","","{2E2FCAFC-8F0F-394A-C142-CFB835DA1228}"
"507819","1300206","Wanda","","Washington","Mrs.","","ExP Realty","Realtor","Staunton, Virginia","108 Devon Ct.","","Waynesboro","VA","22980","True","09/16/2026","20.60","241.20","13285164","","{0A59F5B2-05A0-CF65-2DC7-571D34882514}"
"507819","1308619","Chanda","","McGuffin","","","Chanda's House","Consultant","Waynesboro, Virginia","644 Edwardian Ln","","Waynesboro","VA","22980","True","09/09/2026","77.25","299.68","13285165","","{0A59F5B2-05A0-CF65-2DC7-571D34882514}"
"507825","1288409","Alice","","Hirata","","","Not Employed","Not Employed","Not Employed","817 Lindsay Ct","","Henrico","VA","23229","True","04/29/2026","50.00","1050.00","13285221","","{76242676-F152-47EA-14FE-899EDD86C7B7}"
"507825","1288409","Alice","","Hirata","","","Not Employed","Not Employed","Not Employed","817 Lindsay Ct","","Henrico","VA","23229","True","04/30/2026","2500.00","3550.00","13285222","","{76242676-F152-47EA-14FE-899EDD86C7B7}"
"507825","1288409","Alice","","Hirata","","","Not Employed","Not Employed","Not Employed","817 Lindsay Ct","","Henrico","VA","23229","True","05/29/2026","50.00","3600.00","13285223","","{76242676-F152-47EA-14FE-899EDD86C7B7}"
"507825","1290579","","","American Civil Liberties Union Foundation, Inc.","","","","Non-Profit","New York, NY","125 Broad St","Fl 18","New York","NY","10004","False","04/23/2026","400000.00","400000.00","13285224","","{76242676-F152-47EA-14FE-899EDD86C7B7}"
"507825","1290943","","","Planned Parenthood Action Fund, Inc.","","","","Non-Profit","New York, NY","123 William St","Fl 10","New York","NY","10038","False","05/04/2026","275000.00","275000.00","13285225","","{76242676-F152-47EA-14FE-899EDD86C7B7}"
"507825","1291163","","","Virginia League for Planned Parenthood","","","","Non-profit","Richmond, VA","201 N Hamilton St.","","Richmond","VA","23221","False","06/29/2026","100000.00","207988.54","13285226","","{76242676-F152-47EA-14FE-899EDD86C7B7}"
"507825","1291631","","","Planned Parenthood of Greater New York","","","","Non-profit","Brooklyn, NY","44 Court St.","Fl. 4","Brooklyn","NY","11201","False","05/15/2026","5000.00","5000.00","13285227","","{76242676-F152-47EA-14FE-899EDD86C7B7}"
"507825","1291633","","","Planned Parenthood League of Massachusetts","","","","Non-profit","Boston, MA","1055 Commonwealth Ave.","","Boston","MA","02215","False","05/19/2026","4000.00","4000.00","13285228","","{76242676-F152-47EA-14FE-899EDD86C7B7}"
"507825","1295854","","","Think Big America","","","","Non-Profit","Chicago, IL","70 W Madison St","Ste 1790","Chicago","IL","60602","False","06/25/2026","50000.00","50000.00","13285229","","{76242676-F152-47EA-14FE-899EDD86C7B7}"
"507825","1295858","Lisa","","Halberstadt","","","Not Employed","Not Employed","Not Employed","1831 Hanover Ave","","Richmond","VA","23220","True","06/10/2026","100.00","200.00","13285230","","{76242676-F152-47EA-14FE-899EDD86C7B7}"
"507825","1295859","Tarina","","Keene","","","Not Employed","Not Employed","Not Employed","11 Ft Williams Pkwy","","Alexandria","VA","22304","True","04/02/2026","1000.00","1000.00","13285231","","{76242676-F152-47EA-14FE-899EDD86C7B7}"
"507825","1295863","Richard","","Keckler","","","Not Employed","Not Employed","Not Employed","1843 N 400 W","","North Ogden","UT","84414","True","04/09/2026","200.00","200.00","13285232","","{76242676-F152-47EA-14FE-899EDD86C7B7}"
"507825","1295866","Paige","","Goodpasture","","","Not Employed","Not Employed","Not Employed","200 S 10th St","Ste 1600","Richmond","VA","23219","True","04/30/2026","1000.00","1000.00","13285233","","{76242676-F152-47EA-14FE-899EDD86C7B7}"
"507825","1295868","Holland","","Williams","","","Not Employed","Not Employed","Not Employed","812 Tilden St","","Richmond","VA","23221","True","05/01/2026","250.00","250.00","13285234","","{76242676-F152-47EA-14FE-899EDD86C7B7}"
"507825","1295869","Karin","","Buettner","","","Not Employed","Not Employed","Not Employed","7022 Bisque Ter","","Henrico","VA","23238","True","05/01/2026","500.00","500.00","13285235","","{76242676-F152-47EA-14FE-899EDD86C7B7}"
"507825","1295873","Ann","","Heerens","","","Not Employed","Not Employed","Not Employed","8701 Ruggles Rd","","Henrico","VA","23229","True","05/01/2026","1000.00","1000.00","13285236","","{76242676-F152-47EA-14FE-899EDD86C7B7}"
"507825","1295874","Joan","","Peterson","","","Not Employed","Not Employed","Not Employed","9321 Carriage Stone Ct","","Richmond","VA","23235","True","05/01/2026","1000.00","1000.00","13285237","","{76242676-F152-47EA-14FE-899EDD86C7B7}"
"507825","1295874","Joan","","Peterson","","","Not Employed","Not Employed","Not Employed","9321 Carriage Stone Ct","","Richmond","VA","23235","True","05/06/2026","25.00","1025.00","13285238","","{76242676-F152-47EA-14FE-899EDD86C7B7}"
"507825","1295876","Mindy","","Robertson","","","Not Employed","Not Employed","Not Employed","11916 Pinto Pony Trl","","Oilville","VA","23129","True","05/01/2026","1000.00","1000.00","13285239","","{76242676-F152-47EA-14FE-899EDD86C7B7}"
"507825","1295880","Dana","Gregory","Rose","","","Not Employed","Not Employed","Not Employed","2416 Grove Ave","","Richmond","VA","23220","True","05/05/2026","500.00","500.00","13285240","","{76242676-F152-47EA-14FE-899EDD86C7B7}"
"507825","1295881","Elizabeth","","Carrier","","","Not Employed","Not Employed","Not Employed","1900 Westover Hills Blvd","","Richmond","VA","23225","True","05/06/2026","1000.00","1000.00","13285241","","{76242676-F152-47EA-14FE-899EDD86C7B7}"
"507825","1295884","James","","Price","","","Not Employed","Not Employed","Not Employed","33 Towana Rd","","Richmond","VA","23226","True","05/06/2026","1000.00","1000.00","13285242","","{76242676-F152-47EA-14FE-899EDD86C7B7}"
"507825","1295885","Marc","","Purintun","","","Williams Mullen","Attorney","Richmond, VA","3400 Park Ave","","Richmond","VA","23221","True","05/07/2026","1000.00","1000.00","13285243","","{76242676-F152-47EA-14FE-899EDD86C7B7}"
"507825","1295890","Kunal","","Kumar","","","Not Employed","Not Employed","Not Employed","5025 Ellis Meadows Ct","","Glen Allen","VA","22573","True","05/11/2026","1000.00","1000.00","13285244","","{76242676-F152-47EA-14FE-899EDD86C7B7}"
"507825","1295891","Alexandra","","Tate","","","Richmond OBGYN","Physician","Richmond, VA","8136 Sawmill Rd","","Henrico","VA","23229","True","05/13/2026","500.00","500.00","13285245","","{76242676-F152-47EA-14FE-899EDD86C7B7}"
"507825","1295893","Sarah","","Peterson","","","Bon Secours","Physician","Blue Ash, OH","11800 Spring Creek Dr","","Midlothian","VA","23113","True","05/13/2026","250.00","250.00","13285246","","{76242676-F152-47EA-14FE-899EDD86C7B7}"
"507825","1295894","Soma","","Pradhan","","","Not Employed","Not Employed","Not Employed","11742 Lincolnshire Ct","","Glen Allen","VA","23059","True","05/13/2026","200.00","200.00","13285247","","{76242676-F152-47EA-14FE-899EDD86C7B7}"
"507825","1295895","Lisa","","Ebeling","","","Not Employed","Not Employed","Not Employed","15 James Falls Dr","","Richmond","VA","23221","True","05/13/2026","250.00","250.00","13285248","","{76242676-F152-47EA-14FE-899EDD86C7B7}"
"507825","1295896","Willoughby","","Obenchain","","","Not Employed","Not Employed","Not Employed","1303 Virginia Ave","","Glen Allen","VA","23060","True","05/13/2026","180.00","180.00","13285249","","{76242676-F152-47EA-14FE-899EDD86C7B7}"
"507825","1296187","Megan","","Cassidy","","","Not Employed","Not Employed","Not Employed","12800 Pennmardel Ln","","Henrico","VA","23233","True","05/22/2026","500.00","500.00","13285250","","{76242676-F152-47EA-14FE-899EDD86C7B7}"
"507825","1296188","Rebecca","","Horton","","","River Fox Realty","Realtor","Richmond, VA","3308 Garland Ave","","Richmond","VA","23222","True","05/22/2026","200.00","200.00","13285251","","{76242676-F152-47EA-14FE-899EDD86C7B7}"
"507825","1296189","James","","Tyson","","","VENTA","Physician","Henrico, VA","328 S Gaskins Rd","","Henrico","VA","23238","True","05/26/2026","500.00","500.00","13285252","","{76242676-F152-47EA-14FE-899EDD86C7B7}"
"507825","1296192","Ann","","Slaughter","","","Not Employed","Not Employed","Not Employed","1816 Hanover Ave","","Richmond","VA","23220","True","05/28/2026","250.00","250.00","13285253","","{76242676-F152-47EA-14FE-899EDD86C7B7}"
"507825","1296196","Patricia","","Edinboro","","","Not Employed","Not Employed","Not Employed","10501 Delray Rd","","Glen Allen","VA","23060","True","05/28/2026","200.00","200.00","13285254","","{76242676-F152-47EA-14FE-899EDD86C7B7}"
"507825","1296202","Vineeta","","Shah","","","Not Employed","Not Employed","Not Employed","1613 Ridge Rd","Apt 5","Raleigh","NC","27607","True","06/01/2026","250.00","250.00","13285255","","{76242676-F152-47EA-14FE-899EDD86C7B7}"
"507825","1296203","Temple","","Basham","","","Shineforth","Non-Profit Manager","Richmond, VA","1209 Essex Ave","","Richmond","VA","23229","True","06/01/2026","250.00","250.00","13285256","","{76242676-F152-47EA-14FE-899EDD86C7B7}"
"507825","1296208","Ann Marie","","Elles","","","Self Employed","Interior Designer","Richmond, VA","6213 Three Chopt Rd","","Richmond","VA","23226","True","06/04/2026","500.00","500.00","13285257","","{76242676-F152-47EA-14FE-899EDD86C7B7}"
"507825","1296211","Wendy","","Martin","","","Self Employed","Speechwriter","Richmond, VA","2702 Grove Ave","","Richmond","VA","23220","True","06/05/2026","250.00","250.00","13285258","","{76242676-F152-47EA-14FE-899EDD86C7B7}"
"507825","1296212","Alison","","Farmer","","","Not Employed","Not Employed","Not Employed","2700 Floyd Ave","","Richmond","VA","23220","True","06/05/2026","500.00","500.00","13285259","","{76242676-F152-47EA-14FE-899EDD86C7B7}"
"507825","1296214","Sally","","Meyers","","","Not Employed","Not Employed","Not Employed","2100 Cedarfield Ln","","Henrico","VA","23233","True","06/05/2026","500.00","500.00","13285260","","{76242676-F152-47EA-14FE-899EDD86C7B7}"
"507825","1296222","Elizabeth","","Gilchrist","","","Not Employed","Retired","Not Employed","2251 Pimmit Dr","Apt 1033","Falls Church","VA","22043","True","06/15/2026","50.00","150.00","13285261","","{76242676-F152-47EA-14FE-899EDD86C7B7}"
"507825","1296225","Leigh","","Feller","","","Not Employed","Not Employed","Not Employed","335 Clovelly Rd","","Richmond","VA","23221","True","06/09/2026","200.00","200.00","13285262","","{76242676-F152-47EA-14FE-899EDD86C7B7}"
"507825","1296226","Patricia","","Hyer","","","Not Employed","Not Employed","Not Employed","703 Willard Dr","","Blacksburg","VA","24060","True","06/09/2026","250.00","250.00","13285263","","{76242676-F152-47EA-14FE-899EDD86C7B7}"
"507825","1296462","J.C.","","Miller","","","Not Employed","Not Employed","Not Employed","2125 Cedarfield Ln","","Henrico","VA","23233","True","06/10/2026","250.00","250.00","13285264","","{76242676-F152-47EA-14FE-899EDD86C7B7}"
"507825","1296474","Joseph","","Papa","","","Joseph Papa Public Relations","Business Owner","Richmond, VA","3309 Kensington Ave","","Richmond","VA","23221","True","06/11/2026","500.00","500.00","13285265","","{76242676-F152-47EA-14FE-899EDD86C7B7}"
"507825","1296475","Elizabeth","","Allen","","","Not Employed","Not Employed","Not Employed","337 Clovelly Rd","","Richmond","VA","23221","True","06/15/2026","1000.00","1025.00","13285266","","{76242676-F152-47EA-14FE-899EDD86C7B7}"
"507825","1296477","Wendy","","Klein","","","Not Employed","Not Employed","Not Employed","514 Libbie Ave","","Richmond","VA","23226","True","06/11/2026","500.00","500.00","13285267","","{76242676-F152-47EA-14FE-899EDD86C7B7}"
"507825","1296495","Robert","","Galgano","","","Not Employed","Not Employed","Not Employed","4414 Bromley Ln","","Richmond","VA","23221","True","06/15/2026","250.00","250.00","13285268","","{76242676-F152-47EA-14FE-899EDD86C7B7}"
"507825","1296510","Sheila","","Corcoran","","","Not Employed","Not Employed","Not Employed","10931 Lansdowne Ter","","Midlothian","VA","23113","True","06/23/2026","500.00","500.00","13285269","","{76242676-F152-47EA-14FE-899EDD86C7B7}"
"507825","1296512","Marc","","Lockhart","","","Not Employed","Not Employed","Not Employed","13004 Trinity Ct","","Richmond","VA","23233","True","05/28/2026","500.00","500.00","13285270","","{76242676-F152-47EA-14FE-899EDD86C7B7}"
"507825","1296514","Jennifer","","Kaufman","","","Not Employed","Not Employed","Not Employed","345 Clovelly Rd","","Richmond","VA","23221","True","06/17/2026","2000.00","3501.82","13285271","","{76242676-F152-47EA-14FE-899EDD86C7B7}"
"507825","1296515","Lucile","S.","Miller","","","Not Employed","Not Employed","Not Employed","6125 St Andrews Circle","","Richmond","VA","23226","True","06/17/2026","1000.00","1000.00","13285272","","{76242676-F152-47EA-14FE-899EDD86C7B7}"
"507825","1296516","Laura","Swift","Miller-Meyers","","","Not Employed","Not Employed","Not Employed","7710 Wood Rd","","Richmond","VA","23229","True","06/17/2026","2000.00","2000.00","13285273","","{76242676-F152-47EA-14FE-899EDD86C7B7}"
"507825","1296670","Quinn","","Delaney","","","Akonadi Foundation","Founder & Board Chair","Oakland, CA","43614th St.","Ste.1417","Oakland","CA","94612","True","06/29/2026","25000.00","25000.00","13285274","","{76242676-F152-47EA-14FE-899EDD86C7B7}"
"507825","1300170","","","Planned Parenthood Of Florida","","","","Non-Profit","West Palm Beach, FL","2300 N Florida Mango Rd","","West Palm Beach","FL","33409","False","06/05/2026","5000.00","5000.00","13285275","","{76242676-F152-47EA-14FE-899EDD86C7B7}"
"507828","1313141","S.","Vance","Wilkins","Mr.","Jr.","Retired","Retired","Amherst, VA","299 East Monitor Road","","Amherst","VA","24521","True","09/20/2026","100.00","367.69","13285279","","{02747BB2-44D0-5834-1B73-639E51610CE0}"
"507828","1319454","Cynthia","H.","Finley","Ms.","","Retired","Retired","Retired","3960 Dick Woods Road","","Charlottesville","VA","22903-7222","True","09/25/2026","500.00","500.00","13285280","","{02747BB2-44D0-5834-1B73-639E51610CE0}"
"507828","1319457","Nancy","B.","Muir","Ms.","","Retired","Retired","Retired","3324 Rowcross Street","","Crozet","VA","22932","True","09/25/2026","150.00","150.00","13285281","","{02747BB2-44D0-5834-1B73-639E51610CE0}"
"507845","1319424","Sarah","","O,Neill","","","retired","retired","New York","79 Washington Place","Apt 8R","New York","NY","10011","True","09/11/2026","1000.00",".00","13285333","","{56E8BB99-1908-002A-4458-F6B34346A5A7}"
"507848","","","","Winsome For Governor","","","","Candidate Committee","Henrico, VA","PO Box 71596","","Henrico","VA","23255-1596","False","10/06/2026","25000.00","129000.00","13285338","","{EA7FED1D-7562-B29E-75F2-089E5EB3C32A}"
"507849","1319424","Sarah","","O,Neill","","","retired","retired","New York","79 Washington Place","Apt 8R","New York","NY","10011","True","09/11/2026","1000.00","1000.00","13285339","","{CBDB86FB-B720-377A-01F7-60F47A4B0F74}"
"507849","1319477","Demo COmmitee","","Bristol VA","","","Democrats","committee","","PO BOx 17450","","Bristol","VA","24201","True","09/22/2026","200.00","200.00","13285340","","{CBDB86FB-B720-377A-01F7-60F47A4B0F74}"
"507850","1319466","Vallerie","","Black","","","Airline","Retired commercial pilot","Norfolk, VA","1114 Toler Place","","Norfolk","VA","23503","True","09/03/2026","200.00","200.00","13285341","","{4D8788C2-C557-AD84-0521-C8AFDF25E69A}"
"507850","1319469","Narendra","","Pleas","","","City of Suffolk","Commonwealth's Attorney","Suffolk, VA","442 W Washington St","","Suffolk","VA","23434","True","09/08/2026","200.00","200.00","13285342","","{4D8788C2-C557-AD84-0521-C8AFDF25E69A}"
"507850","1319470","Harry","","Cross","","","Cross Realty","Realtor","Suffolk, VA","1707 North Main Street","","Suffolk","VA","23434","True","09/09/2026","200.00","200.00","13285343","","{4D8788C2-C557-AD84-0521-C8AFDF25E69A}"
"507858","1317472","","","Manassas Manassas Park Democratic Committee","","","","political committee","Manassas,Virginia","PO Box 4041","","Manassas","VA","20108","False","08/26/2026","269.20","269.20","13285419","","{90064B78-4CA2-06C4-EEBD-EF90ED0E302F}"
"507858","1317473","","","Lake of the Woods Democratic Club","","","","political committee","Locust Grove, VA","PO Box 1351","","Locust Grove","VA","22508","False","09/04/2026","269.20","269.20","13285420","","{90064B78-4CA2-06C4-EEBD-EF90ED0E302F}"
"507858","1317474","","","Lake Frederick Democrats and Independents","","","","political committee","Lake Frederick, Virginia","107 Wax Wing Court","","Lake Frederick","VA","22630","False","09/16/2026","269.20","269.20","13285421","","{90064B78-4CA2-06C4-EEBD-EF90ED0E302F}"
"507858","1317475","","","Harrisonburg Democratic Committee","","","","political committee","Harrisonburg, VA","PO Box 961","","Harrisonburg","VA","22803","False","09/16/2026","807.60","807.60","13285422","","{90064B78-4CA2-06C4-EEBD-EF90ED0E302F}"
"507858","1318607","","","Clarke County Democratic Committee","","","","Political Party","Berryville, Virginia","403 Walnut St","","Berryville","VA","22611","False","09/18/2026","269.20","269.20","13285423","","{90064B78-4CA2-06C4-EEBD-EF90ED0E302F}"
"507858","1319106","","","LGBT+ Democrats of Virginia","","","","Political Committee","Richmond, Virginia","PO Box 25037","","Richmond","VA","23260","False","08/24/2026","269.20","269.20","13285424","","{90064B78-4CA2-06C4-EEBD-EF90ED0E302F}"
"507860","1319499","Robert","","Mitchell","","","Self-Employed","CPA","Newport News","10210 Warwick Blvd","","Newport News","VA","23601","True","10/05/2026","500.00",".00","13285425","","{24794DE8-635B-1D0A-E20D-974BFC1E6623}"
"507863","1319504","Keven","","Leblanc","","","","","","818 Locust St.","","Herndon","VA","20170","True","10/06/2026","500.00",".00","13285513","","{AA273B72-AF12-2FCC-9C6F-C07AACD2E05A}"
"507865","716403","Lisa","","Merkel","","","NA","None","NA","911 Elden Street","","Herndon","VA","20170","True","10/06/2026","500.00",".00","13285515","","{1D5DD654-0FA7-42F7-EF83-3EAF77EEBADB}"
"507869","922339","","","Prentis, LLC","","","","Deveploper","Chesapeake, VA","609 River Strand","","Chesapeake","VA","23320","False","10/06/2026","1000.00",".00","13285547","","{B0E0B20D-4D3B-371A-8658-6C5E7273D914}"
"507882","1319534","Jeffrey","C","Ryder","Mr","","From Savings","Retired","Smithfield Virginia","121 Royal Black Heath","","Smithfield","VA","23430","True","09/30/2026","1428.31","1428.31","13285564","","{743FE782-C91E-AFF1-390E-0A97CDF3F8A2}"
"507892","","Joel","Dean","Bieber","Mr.","","The Joel Bieber Firm","Attorney","Richmond VA","6806 Paragon Pl","Ste 100","Richmond","VA","23230-1825","True","10/02/2026","10000.00","25000.00","13285578","","{7FB1D571-2086-9DD4-802E-E1CA80F0C721}"
"507924","1311008","William","Lewis","Vaughn","Mr.","","Retired","Retired","Retired","16 Williams Street","","Staunton","VA","24401","True","09/14/2026","336.96","836.96","13286001","","{595EEE5D-C7B0-8461-9451-60951B4BBB64}"
"507930","","","","Elevance Health Inc.","","","","Healthcare","Cincinnati OH","3075 Vandercar Way","","Cincinnati","OH","45209-7542","False","10/06/2026","10000.00","10000.00","13286011","","{D95AD092-308B-6692-EC18-C58339FBBDA6}"
"507931","","","","The Virginia Education Association Fund for Children and Public Education","","","","PAC","Richmond VA","116 S 3rd St","","Richmond","VA","23219-3704","False","10/06/2026","20000.00","20000.00","13286012","","{C03C9E91-DB04-BD0F-33AD-3EEFBCE43A4C}"
"507937","23173","","","Republican Party of Chesapeake","","","","Political Party Committee","Chesapeake, Va","P. O. Box 15555","","Chesapeake","VA","23328","False","10/06/2026","22700.00",".00","13286013","","{DA706DF3-14AD-EC26-16CD-1BA6C40C7035}"
"507939","948853","","","Dominion Energy Inc. Political Action Committee - Virginia","","","","Political Action Committee","Richmond, VA","600 East Canal St","8th Floor","Richmond","VA","23219","False","10/06/2026","50000.00",".00","13286014","","{DBFD9E38-A235-3649-E7F1-36F78FCDCE0C}"
"507952","1313324","Chris","","Moore","","","","","","9610 Heather Green Drive","","Manassas","VA","20112","True","09/04/2026","250.00","250.00","13286112","","{A08DDE02-A991-820A-21C2-449F383FE464}"
"507952","1313327","Michael","","Garcia","","","","","","11801 Casabel Ct","","Woodbrige","VA","22192","True","09/04/2026","250.00","250.00","13286113","","{A08DDE02-A991-820A-21C2-449F383FE464}"
"507955","18727","","","Virginia Retail Federation PAC","","","","PAC","Richmond, VA","5101 Monument Ave.","","Richmond","VA","23230","False","07/07/2023","500.00","1000.00","13286120","","{DFFC8189-584D-D8D2-C13B-99E247B49D39}"
"507955","25422","","","The Medical Society of Virginia PAC","","","","PAC","Richmond, VA","2924 Emerywood Pkwy.","Suite 300","Richmond","VA","23294","False","07/24/2023","3000.00","6000.00","13286121","","{DFFC8189-584D-D8D2-C13B-99E247B49D39}"
"507955","58640","","","VADPAC","","","","Virginia Dental PAC","Richmond, VA","3460 Mayland Court","#110","Richmond","VA","23233","False","08/31/2023","5000.00","6500.00","13286122","","{DFFC8189-584D-D8D2-C13B-99E247B49D39}"
"507955","98330","Garnett","P","Milstead","","","Milstead & Milstead, Inc","Self Employed","Fredericksburg, VA","411 Tulip Polar Ln","","Fredericksburg","VA","22408","True","08/11/2023","200.00","200.00","13286123","","{DFFC8189-584D-D8D2-C13B-99E247B49D39}"
"507955","98821","","","VA Beverage Association","","","","PAC","Richmond, VA","P.O. Box 170","","Richmond","VA","23218","False","08/28/2023","2000.00","3000.00","13286124","","{DFFC8189-584D-D8D2-C13B-99E247B49D39}"
"507955","98823","","","Virginia Wine Wholesalers","","","","PAC","Richmond, VA","P.O. Box 170","","Richmond","VA","23218","False","08/21/2023","1500.00","1500.00","13286125","","{DFFC8189-584D-D8D2-C13B-99E247B49D39}"
"507955","118640","","","Service Corporation International","","","","SCI/PAC","Houston, TX","P.O. Box 130548","","Houston","TX","77219","False","08/03/2023","1000.00","1750.00","13286126","","{DFFC8189-584D-D8D2-C13B-99E247B49D39}"
"507955","197211","","","Virginia Society of CPAS","","","","PAC","Glen Allen, VA","4309 Cox Road","","Glen Allen","VA","23060","False","08/31/2023","1000.00","2000.00","13286127","","{DFFC8189-584D-D8D2-C13B-99E247B49D39}"
"507955","674214","","","Cozen O'Connor","","","","Law Fir","Philadelphia, PA","One Liberty Place, 1650 Market Street","","Philadelphia","PA","19103","False","08/31/2023","750.00","1250.00","13286128","","{DFFC8189-584D-D8D2-C13B-99E247B49D39}"
"507955","734744","","","HCA for Good Government","","","","PAC","Richmond, VA","901 E. Cary Street","2100","Richmond","VA","23219","False","08/31/2023","5000.00","10000.00","13286129","","{DFFC8189-584D-D8D2-C13B-99E247B49D39}"
"507955","832577","Garry","L","Gray","","","E.M. Gray & Sons","President","Bowling Green, VA","PO Box 470","","Bowling Green","VA","22427-0470","True","08/21/2023","500.00","500.00","13286130","","{DFFC8189-584D-D8D2-C13B-99E247B49D39}"
"507955","854579","","","Verizon","","","","Telecommunications","Washington, DC","1300 I Street NW","500 East","Washington","DC","20005","False","08/08/2023","500.00","1500.00","13286131","","{DFFC8189-584D-D8D2-C13B-99E247B49D39}"
"507956","868702","","","Truckers Political Action Committee of VA","","","","PAC","Richmond, Virginia","4821 Bethlehem Road","101","Richmond","VA","23230","False","09/15/2023","500.00","750.00","13286155","","{26F92E83-3D0D-FE7B-A05B-E261117484C2}"
"507956","875476","","","CVS Health","","","","Retail Pharmacy","Woonsocket, RI","1 CVS Drive","MC287","Woonsocket","RI","02895","False","09/14/2023","2000.00","3500.00","13286156","","{26F92E83-3D0D-FE7B-A05B-E261117484C2}"
"507956","927864","","","Virginia Academy of PAS PAC","","","","PAC","Charlottesville, Virginia","250 W Main Street","100","Charlottesville","VA","22902","False","09/15/2023","500.00","1000.00","13286157","","{26F92E83-3D0D-FE7B-A05B-E261117484C2}"
"507956","947220","","","Molina Healthcare, Inc.","","","","Managed Healthcare Services","Long Beach, California","P.O. Box 22819","","Long Beach","CA","90801","False","09/13/2023","1500.00","3000.00","13286158","","{26F92E83-3D0D-FE7B-A05B-E261117484C2}"
"507956","1058137","","","Virginia Bankers Association State PAC","","","","PAC","Glen Allen, Virginia","4490 Cox Road","","Glen Allen","VA","23060","False","09/08/2023","1500.00","1500.00","13286159","","{26F92E83-3D0D-FE7B-A05B-E261117484C2}"
"507956","1058335","Douglas","","Johnson","","","","Retired Businessman","","88 Storck Road","","Fredericksburg","VA","22406","True","09/07/2023","500.00","500.00","13286160","","{26F92E83-3D0D-FE7B-A05B-E261117484C2}"
"507956","1064963","","","Gilead Sciences, Inc.","","","","Biopharmaceutical research","Raleigh, NC","305 Church Street at North Hills Street","700","Raleigh","NC","27609","False","09/13/2023","500.00","500.00","13286161","","{26F92E83-3D0D-FE7B-A05B-E261117484C2}"
"507956","1075045","","","Virginia Chamber Political Action Committee","","","","PAC","Richmond, VA","919 E Main Street","900","Richmond","VA","23219","False","09/18/2023","5000.00","5000.00","13286162","","{26F92E83-3D0D-FE7B-A05B-E261117484C2}"
"507956","1076197","","","The Cigma Group Employee PAC","","","","PAC","Philadelphia, PA","1601 Chestnut Street","TL16B","Philadelphia","PA","19192","False","09/21/2023","750.00","750.00","13286163","","{26F92E83-3D0D-FE7B-A05B-E261117484C2}"
"507956","1077940","","","Acadia Healthcare Company,Inc. FEDPAC","","","","PAC","Franklin, TN","6100 Tower Circle","1000","Franklin","TN","37067","False","09/27/2023","500.00","500.00","13286164","","{26F92E83-3D0D-FE7B-A05B-E261117484C2}"
"507956","1077958","","","AVS Companies","","","","Amusement, gaming, vending","Elk Grove Village, IL","750 Morse Avenue","","Elk Grove Village","IL","60007","False","09/27/2023","1000.00","1000.00","13286165","","{26F92E83-3D0D-FE7B-A05B-E261117484C2}"
"507956","1077962","","","Vision Management Services","","","","Management services","Chicago, IL","325 West Huron","700","Chicago","IL","60654","False","09/27/2023","500.00","500.00","13286166","","{26F92E83-3D0D-FE7B-A05B-E261117484C2}"
"507956","1078153","Christopher","","Pomeroy","","","Aqualaw","Attorney","Glen Allen, VA","11804 Shadow Run Drive","","Glen Allen","VA","23059","True","09/27/2023","500.00","500.00","13286167","","{26F92E83-3D0D-FE7B-A05B-E261117484C2}"
"507957","1319593","","","Dulles Moteor Cars","","","","Auto","Leesburg VA","109 Catoctin Circle SE","","Leesburg","VA","20175","False","09/16/2026","1000.00","1000.00","13286168","","{827F0B19-543E-FA9B-FE32-58456D2F281D}"
"507958","1193903","Cynthia","","Finley","","","Retired","Retired","Retired","3960 Duck Woods Rd.","","Charlottesville","VA","22903","True","01/27/2026","200.00","235.00","13286169","","{0A818558-0C4B-215B-9999-4276AF320D67}"
"507958","1274689","Phillip","","Riese","","","Self Employed","Self Employed","Charlottesville, VA","1598 Broad Crossing RD","","Charlottesville","VA","22911","True","02/03/2026","100.00","135.00","13286170","","{0A818558-0C4B-215B-9999-4276AF320D67}"
"507959","1307128","HERIBERTO","","CORTES MENDEZ","","","SELF","TAXI DRIVER","ROCKINGHAM VIRGINIA","924 GREENDALE RD","","HARRISONBURG","VA","22801","True","09/02/2026","115.00","905.00","13286172","","{6073320E-A9F6-F465-D3F6-60C305E63E43}"
"507959","1307128","HERIBERTO","","CORTES MENDEZ","","","SELF","TAXI DRIVER","ROCKINGHAM VIRGINIA","924 GREENDALE RD","","HARRISONBURG","VA","22801","True","09/03/2026","351.00","1256.00","13286173","","{6073320E-A9F6-F465-D3F6-60C305E63E43}"
"507959","1307128","HERIBERTO","","CORTES MENDEZ","","","SELF","TAXI DRIVER","ROCKINGHAM VIRGINIA","924 GREENDALE RD","","HARRISONBURG","VA","22801","True","09/04/2026","350.00","1606.00","13286174","","{6073320E-A9F6-F465-D3F6-60C305E63E43}"
"507959","1307128","HERIBERTO","","CORTES MENDEZ","","","SELF","TAXI DRIVER","ROCKINGHAM VIRGINIA","924 GREENDALE RD","","HARRISONBURG","VA","22801","True","09/08/2026","80.00","1686.00","13286175","","{6073320E-A9F6-F465-D3F6-60C305E63E43}"
"507959","1307128","HERIBERTO","","CORTES MENDEZ","","","SELF","TAXI DRIVER","ROCKINGHAM VIRGINIA","924 GREENDALE RD","","HARRISONBURG","VA","22801","True","09/21/2026","60.00","1746.00","13286176","","{6073320E-A9F6-F465-D3F6-60C305E63E43}"
"507959","1307128","HERIBERTO","","CORTES MENDEZ","","","SELF","TAXI DRIVER","ROCKINGHAM VIRGINIA","924 GREENDALE RD","","HARRISONBURG","VA","22801","True","09/28/2026","15.00","1761.00","13286177","","{6073320E-A9F6-F465-D3F6-60C305E63E43}"
"507959","1307128","HERIBERTO","","CORTES MENDEZ","","","SELF","TAXI DRIVER","ROCKINGHAM VIRGINIA","924 GREENDALE RD","","HARRISONBURG","VA","22801","True","09/28/2026","40.00","1801.00","13286178","","{6073320E-A9F6-F465-D3F6-60C305E63E43}"
"507961","19117","Robert","","Bell","","","self","Attorney","Charlottesville, VA","2309 Finch Court","","Charlottesville","VA","22911","True","06/07/2026","100.00","135.00","13286179","","{D4B29FE5-9C42-0D69-EDA7-D908ABD9FED6}"
"507961","857096","Robert","","Keysar","","","retired","retired","retired","365 Burchs Creek Road","","Crozet","VA","22932","True","04/22/2026","35.00","108.10","13286180","","{D4B29FE5-9C42-0D69-EDA7-D908ABD9FED6}"
"507961","857096","Robert","","Keysar","","","retired","retired","retired","365 Burchs Creek Road","","Crozet","VA","22932","True","04/28/2026","210.00","318.10","13286181","","{D4B29FE5-9C42-0D69-EDA7-D908ABD9FED6}"
"507961","934032","Richard","Leslie","Garnett","","","Retired","Retired","Retired","4601 Grand View Drive","","Charlottesville","VA","22901","True","04/20/2026","1040.30","1040.30","13286182","","{D4B29FE5-9C42-0D69-EDA7-D908ABD9FED6}"
"507961","1193565","Laura","","Hynes","","","Homemaker","Homemaker","Homemaker","580 Glenngarry Court","","Earlysville","VA","22936","True","04/18/2026","520.30","555.30","13286183","","{D4B29FE5-9C42-0D69-EDA7-D908ABD9FED6}"
"507961","1193565","Laura","","Hynes","","","Homemaker","Homemaker","Homemaker","580 Glenngarry Court","","Earlysville","VA","22936","True","06/21/2026","208.30","763.60","13286184","","{D4B29FE5-9C42-0D69-EDA7-D908ABD9FED6}"
"507961","1203371","Scott","Supervisor","Smith","","","Retired","Retired","Retired","P.O. Box 45","","Ivy","VA","22945","True","04/15/2026","7500.00","7500.00","13286185","","{D4B29FE5-9C42-0D69-EDA7-D908ABD9FED6}"
"507961","1203371","Scott","Supervisor","Smith","","","Retired","Retired","Retired","P.O. Box 45","","Ivy","VA","22945","True","06/01/2026","620.00","8120.00","13286186","","{D4B29FE5-9C42-0D69-EDA7-D908ABD9FED6}"
"507961","1257134","Kathleen","","Fitzgerald","Mrs","","Virtana","Chef Revenue Officer","Palo Alto, CA","4865 Gilbert Station Rd.","","Barboursville","VA","22923","True","04/18/2026","260.30","295.23","13286187","","{D4B29FE5-9C42-0D69-EDA7-D908ABD9FED6}"
"507961","1257134","Kathleen","","Fitzgerald","Mrs","","Virtana","Chef Revenue Officer","Palo Alto, CA","4865 Gilbert Station Rd.","","Barboursville","VA","22923","True","06/22/2026","500.00","795.23","13286188","","{D4B29FE5-9C42-0D69-EDA7-D908ABD9FED6}"
"507961","1274972","Henry","","Perritt","","","Retired","Retired","Retired","114 Chestnut Ridge R.","","Charlottesville","VA","22911","True","04/18/2026","500.00","535.00","13286189","","{D4B29FE5-9C42-0D69-EDA7-D908ABD9FED6}"
"507961","1274972","Henry","","Perritt","","","Retired","Retired","Retired","114 Chestnut Ridge R.","","Charlottesville","VA","22911","True","06/27/2026","500.00","1035.00","13286190","","{D4B29FE5-9C42-0D69-EDA7-D908ABD9FED6}"
"507961","1280140","Lee Ann","","Adkins","","","UVA","Exec. Assistant","Charlottesville, VA","607 Malcolm Crescent","","Charlottesville","VA","22902","True","06/22/2026","104.30","139.30","13286191","","{D4B29FE5-9C42-0D69-EDA7-D908ABD9FED6}"
"507962","3244","Clara Belle","","Wheeler","","","self employed","self employed","self employed","1754 Stony Point Rd.","","Charlottesville","VA","22911","True","08/15/2026","20.00","120.00","13286192","","{8045FD8A-29DF-B74B-0A8F-A8F5512EFC95}"
"507962","778928","Nancy","B","Muir","","","Retired","Retired","Retired","3324 Rowcross St","","Crozet","VA","22932","True","07/19/2026","500.00","585.00","13286193","","{8045FD8A-29DF-B74B-0A8F-A8F5512EFC95}"
"507962","778928","Nancy","B","Muir","","","Retired","Retired","Retired","3324 Rowcross St","","Crozet","VA","22932","True","07/19/2026","20.00","605.00","13286194","","{8045FD8A-29DF-B74B-0A8F-A8F5512EFC95}"
"507962","778928","Nancy","B","Muir","","","Retired","Retired","Retired","3324 Rowcross St","","Crozet","VA","22932","True","09/14/2026","20.00","625.00","13286195","","{8045FD8A-29DF-B74B-0A8F-A8F5512EFC95}"
"507962","857096","Robert","","Keysar","","","retired","retired","retired","365 Burchs Creek Road","","Crozet","VA","22932","True","08/30/2026","40.00","358.10","13286196","","{8045FD8A-29DF-B74B-0A8F-A8F5512EFC95}"
"507962","982373","Connie","","Sylvester","","","Self","Self","Self","1730 Lambs Rd","","Charlottesville","VA","22901","True","08/25/2026","40.00","110.00","13286197","","{8045FD8A-29DF-B74B-0A8F-A8F5512EFC95}"
"507962","982373","Connie","","Sylvester","","","Self","Self","Self","1730 Lambs Rd","","Charlottesville","VA","22901","True","09/16/2026","21.10","131.10","13286198","","{8045FD8A-29DF-B74B-0A8F-A8F5512EFC95}"
"507962","1124061","Leslie","","Johnson","","","Retired","Retired","Retired","120 Woodstock Dr.","","Charlottesville","VA","22901","True","08/14/2026","3000.00","3070.00","13286199","","{8045FD8A-29DF-B74B-0A8F-A8F5512EFC95}"
"507962","1193553","Andreas","","Tolk","","","The Mitre Corp","Scientist Chief","McLean, VA","4883 Watts Passage","","Charlottesville","VA","22911","True","08/16/2026","40.00","113.40","13286200","","{8045FD8A-29DF-B74B-0A8F-A8F5512EFC95}"
"507962","1193565","Laura","","Hynes","","","Homemaker","Homemaker","Homemaker","580 Glenngarry Court","","Earlysville","VA","22936","True","09/11/2026","20.00","783.60","13286201","","{8045FD8A-29DF-B74B-0A8F-A8F5512EFC95}"
"507962","1193901","Marianne","","Gustafson","","","Self Employed","Self Employed","Self Employed","2013 Inglewood Dr.","","Charlottesville","VA","22901","True","08/21/2026","150.00","150.00","13286202","","{8045FD8A-29DF-B74B-0A8F-A8F5512EFC95}"
"507962","1193901","Marianne","","Gustafson","","","Self Employed","Self Employed","Self Employed","2013 Inglewood Dr.","","Charlottesville","VA","22901","True","08/25/2026","20.00","170.00","13286203","","{8045FD8A-29DF-B74B-0A8F-A8F5512EFC95}"
"507962","1193903","Cynthia","","Finley","","","Retired","Retired","Retired","3960 Duck Woods Rd.","","Charlottesville","VA","22903","True","07/19/2026","50.00","285.00","13286204","","{8045FD8A-29DF-B74B-0A8F-A8F5512EFC95}"
"507962","1193903","Cynthia","","Finley","","","Retired","Retired","Retired","3960 Duck Woods Rd.","","Charlottesville","VA","22903","True","07/22/2026","1000.00","1285.00","13286205","","{8045FD8A-29DF-B74B-0A8F-A8F5512EFC95}"
"507962","1193903","Cynthia","","Finley","","","Retired","Retired","Retired","3960 Duck Woods Rd.","","Charlottesville","VA","22903","True","09/12/2026","20.00","1305.00","13286206","","{8045FD8A-29DF-B74B-0A8F-A8F5512EFC95}"
"507962","1193936","Richard","","Garnett","","","Retired","Retired","Retired","PO Box 776","","Crozet","VA","22932","True","08/28/2026","500.00","570.00","13286207","","{8045FD8A-29DF-B74B-0A8F-A8F5512EFC95}"
"507962","1203371","Scott","Supervisor","Smith","","","Retired","Retired","Retired","P.O. Box 45","","Ivy","VA","22945","True","09/08/2026","50.01","8170.01","13286208","","{8045FD8A-29DF-B74B-0A8F-A8F5512EFC95}"
"507962","1257134","Kathleen","","Fitzgerald","Mrs","","Virtana","Chef Revenue Officer","Palo Alto, CA","4865 Gilbert Station Rd.","","Barboursville","VA","22923","True","08/30/2026","20.00","815.23","13286209","","{8045FD8A-29DF-B74B-0A8F-A8F5512EFC95}"
"507962","1274689","Phillip","","Riese","","","Self Employed","Self Employed","Charlottesville, VA","1598 Broad Crossing RD","","Charlottesville","VA","22911","True","08/25/2026","20.00","155.00","13286210","","{8045FD8A-29DF-B74B-0A8F-A8F5512EFC95}"
"507962","1284176","Joellen","","Pisarczyk","","","Retired","Retired","Retired","3498 Rowcross St.","","Crozet","VA","22932","True","08/16/2026","50.00","140.00","13286211","","{8045FD8A-29DF-B74B-0A8F-A8F5512EFC95}"
"507962","1284176","Joellen","","Pisarczyk","","","Retired","Retired","Retired","3498 Rowcross St.","","Crozet","VA","22932","True","08/17/2026","20.00","160.00","13286212","","{8045FD8A-29DF-B74B-0A8F-A8F5512EFC95}"
"507964","32442","","","Abbott Laboratories","","","","Employee PAC","Abbott Park, IL","100 Abbott Park Road","","Abbott Park","IL","60064","False","10/11/2023","1000.00","2000.00","13286226","","{566C0035-9C5E-B0D7-6F29-0832A4919973}"
"507964","46768","","","PhRMA","","","","Pharmaceutical Research & Manufacturer of America","Washington, DC","670 Maine Avenue SW","Suite 1000","Washington","DC","20024","False","10/02/2023","2000.00","4000.00","13286227","","{566C0035-9C5E-B0D7-6F29-0832A4919973}"
"507964","66170","","","Delta Dental","","","","Dental Insurance Company","Roanoke, VA","4818 Starkey Road","","Roanoke","VA","24018","False","10/10/2023","2000.00","2500.00","13286228","","{566C0035-9C5E-B0D7-6F29-0832A4919973}"
"507964","96347","","","The American Electric Power Company","","","","Power Company PAC","Columbus, OH","1 Riverside Plaza","","Columbus","OH","43215","False","10/23/2023","1000.00","2000.00","13286229","","{566C0035-9C5E-B0D7-6F29-0832A4919973}"
"507964","98256","","","Williams Mullen Clark & Dobbins","","","","Law Firm","Richmond, VA","P.O. Box 1320","","Richmond","VA","23218","False","10/04/2023","1500.00","3500.00","13286230","","{566C0035-9C5E-B0D7-6F29-0832A4919973}"
"507964","102974","Renna","","Cosner","","","Restaurant Commerical/Industrial Rental Property","Self-employed","Fredericksburg, VA","4934 Lansdowne Rd","","Fredericksburg","VA","22408","True","10/23/2023","500.00","500.00","13286231","","{566C0035-9C5E-B0D7-6F29-0832A4919973}"
"507964","152820","","","Virginia Council of Nurse Practitioners","","","","PAC","Charlottesville, VA","250 West Main St.","Suite 100","Charlottesville","VA","22902","False","10/04/2023","250.00","250.00","13286232","","{566C0035-9C5E-B0D7-6F29-0832A4919973}"
"507964","270971","","","McGuire Woods State PAC Fund","","","","PaC","Richmond, VA","800 East Canal Street","","Richmond","VA","23219","False","10/04/2023","1000.00","2000.00","13286233","","{566C0035-9C5E-B0D7-6F29-0832A4919973}"
"507964","499839","","","Amazon,com Services, Inc.","","","","On-line Shopping Company","Seattle, WA","P.O. Box 80683","","Seattle","WA","98108","False","10/19/2023","1000.00","2000.00","13286234","","{566C0035-9C5E-B0D7-6F29-0832A4919973}"
"507964","558535","","","Commonwealth Strategy Group","","","","Government Relations Firm","Richmond, VA","118N 8th Street","","Richmond","VA","23219","False","10/18/2023","1000.00","1000.00","13286235","","{566C0035-9C5E-B0D7-6F29-0832A4919973}"
"507964","730998","","","TransCanada USA Services, Inc.","","","","PAC","Washington DC","1250 I Street NW","Suite 225","Washington","DC","20005","False","10/16/2023","500.00","500.00","13286236","","{566C0035-9C5E-B0D7-6F29-0832A4919973}"
"507964","732563","","","Johnson & Johnson PAC","","","","Pharmaceuticals","Washington DC","1350 I Street NW","1210","Washington","DC","20005","False","10/23/2023","1000.00","1000.00","13286237","","{566C0035-9C5E-B0D7-6F29-0832A4919973}"
"507964","883557","","","Advansix Inc. Political Action Committee","","","","PAC","Parsippany, NJ","300 Kimball Drive","101","Parsippany","NJ","07054","False","10/11/2023","500.00","1000.00","13286238","","{566C0035-9C5E-B0D7-6F29-0832A4919973}"
"507964","923167","","","Retirement Unlimited Inc","","","","Retirement Homes & assisted Living","Roanoke, VA","2847 Penn Forest Boulevard","201","Roanoke","VA","24018","False","10/17/2023","2000.00","4500.00","13286239","","{566C0035-9C5E-B0D7-6F29-0832A4919973}"
"507964","953155","","","NiSource, Inc PAC","","","","PAC","Columbus, Ohio","290 W. Nationwide Boulevard","","Columbus","OH","43215","False","10/02/2023","250.00","500.00","13286240","","{566C0035-9C5E-B0D7-6F29-0832A4919973}"
"507964","1003869","","","Virginia Society of Anesthesiologists","","","","Medical PAC","Richmond, Virginia","118 N 8th Street","","Richmond","VA","23219","False","10/11/2023","2500.00","4000.00","13286241","","{566C0035-9C5E-B0D7-6F29-0832A4919973}"
"507964","1080020","","","CareFirst Management Company, LLC","","","","Healthcare benefits management","Owings Mills, MD","10455 Mill Run Circle","","Owings Mills","MD","21117-5559","False","10/02/2023","1000.00","1000.00","13286242","","{566C0035-9C5E-B0D7-6F29-0832A4919973}"
"507964","1080022","","","The National Right To Work Committee PAC","","","","PAC","Springfield, VA","8001 Braddock Road","500","Springfield","VA","22151","False","10/02/2023","250.00","250.00","13286243","","{566C0035-9C5E-B0D7-6F29-0832A4919973}"
"507964","1080857","","","Publix North Carolina, LP","","","","Retail Grocer","Lakeland, Florida","P.O. Box 407","","Lakeland","FL","33802","False","10/04/2023","500.00","500.00","13286244","","{566C0035-9C5E-B0D7-6F29-0832A4919973}"
"507964","1093788","","","Pyramid Healthcare, Inc.","","","","Substance abuse treatment","Altoona, PA","270 Lakemont Park Boulevard","","Altoona","PA","16602","False","10/16/2023","500.00","500.00","13286245","","{566C0035-9C5E-B0D7-6F29-0832A4919973}"
"507964","1098000","","","GlaxoSmithKline LLC PAC","","","","PAC","Washington DC","1050 K Street NW","800","Washington","DC","20001","False","10/19/2023","500.00","500.00","13286246","","{566C0035-9C5E-B0D7-6F29-0832A4919973}"
"507964","1099127","","","Virginia Pharmacists Association","","","","PAC","Richmond, Virginia","2530 Professional Road","","Richmond","VA","23235","False","10/23/2023","150.00","150.00","13286247","","{566C0035-9C5E-B0D7-6F29-0832A4919973}"
"507965","25407","","","Anthem Blue Cross Blue Shield","","","","Health Insurance","Cincinnati, OH","3075 Vandercar Way","","Cincinnati","OH","45209","False","11/07/2023","2500.00","5000.00","13286248","","{7BDBBB0B-CAD5-D2B0-256E-C4F8FE66958E}"
"507965","32440","","","Virginia Lifepoint Hospitals PAC","","","","PAC","Richlands, VA","6801 Gov GcPerry Hwy","","Richlands","VA","24641","False","10/30/2023","1500.00","1500.00","13286249","","{7BDBBB0B-CAD5-D2B0-256E-C4F8FE66958E}"
"507965","61518","","","Omega Protein","","","","Health Products","Calais, ME","P.O. Box 991","St. 500","Calais","ME","04619","False","10/27/2023","1000.00","1500.00","13286250","","{7BDBBB0B-CAD5-D2B0-256E-C4F8FE66958E}"
"507965","65068","","","Virginia Assisted Living Association PAC","","","","Assisted Living Services","Henrico VA","PO Box 71266","","Henrico","VA","23255","False","11/10/2023","1000.00","1000.00","13286251","","{7BDBBB0B-CAD5-D2B0-256E-C4F8FE66958E}"
"507965","96347","","","The American Electric Power Company","","","","Power Company PAC","Columbus, OH","1 Riverside Plaza","","Columbus","OH","43215","False","11/01/2023","1000.00","3000.00","13286252","","{7BDBBB0B-CAD5-D2B0-256E-C4F8FE66958E}"
"507965","152819","","","Insurance & Financial Advisors","","","","IFA PAc","Richmond, VA","3108 N Parham Rd","Suite 100A","Richmond","VA","23294","False","11/01/2023","500.00","500.00","13286253","","{7BDBBB0B-CAD5-D2B0-256E-C4F8FE66958E}"
"507965","156679","","","Commissioner of Revenue PAC","","","","CORPAC","Newport News, VA","2400 Washington Ave","","Newport News","VA","23607","False","11/01/2023","500.00","500.00","13286254","","{7BDBBB0B-CAD5-D2B0-256E-C4F8FE66958E}"
"507965","270962","","","Virginia Poultry Federation PAC","","","","PAC","Harrisonburg, VA","P.O. Box 2277","","Harrisonburg","VA","22801","False","11/03/2023","250.00","500.00","13286255","","{7BDBBB0B-CAD5-D2B0-256E-C4F8FE66958E}"
"507965","886740","Barry","D","Robinson","","","A.L. Bennett &Son Funeral Home","Mortician","Fredericksburg, VA","11409 Reed Road","","Fredericksburg","VA","22407-8417","True","11/11/2023","25.00","1025.00","13286256","","{7BDBBB0B-CAD5-D2B0-256E-C4F8FE66958E}"
"507965","1106530","","","VA Operators For Skill","","","","Gaming","Richmond, Virginia","5612 Eastport Boulevard","","Richmond","VA","23231","False","10/30/2023","1000.00","1000.00","13286257","","{7BDBBB0B-CAD5-D2B0-256E-C4F8FE66958E}"
"507965","1113452","","","Sheetz","","","","Convenience Stores","Altoona, Pennsylvania","5700 Sixth Avenue","","Altoona","PA","16602","False","11/14/2023","1000.00","1000.00","13286258","","{7BDBBB0B-CAD5-D2B0-256E-C4F8FE66958E}"
"507966","1119797","","","AT&T","","","","Telecommunications","St. Louis, Missouri","1010 Pine Street","","St. Louis","MO","63101","False","12/06/2023","250.00","250.00","13286259","","{2A77C68A-FCF3-2966-2F27-20A29BEE1B35}"
"507966","1121709","","","Northern Viada","","","","Auto Dealer Association","Fairfax, Virginia","2971 Prosperity Avenue","","Fairfax","VA","22031","False","12/20/2023","250.00","250.00","13286260","","{2A77C68A-FCF3-2966-2F27-20A29BEE1B35}"
"507966","1121710","","","Neurocrine Biosciences, Inc.","","","","Biopharmaceuticals","San Diego, California","12780 El Camino Real","","San Diego","CA","92130","False","12/20/2023","750.00","750.00","13286261","","{2A77C68A-FCF3-2966-2F27-20A29BEE1B35}"
"507970","1319602","CYNTHIA","","MOON","","","ROANOKE CITY SCHOOLS","CAFETERIA WORKER","ROANOKE, VA","29 ROLLINGWOOD CT.","","TROUTVILLE","VA","24175","True","10/06/2026","30.00",".00","13286268","","{59CF55BA-7C16-8ABB-150E-DA9F718617D7}"
"507974","790174","","","Westwood Pharmacy","","","","Pharmaceutical","Richmond, Virginia","5823 Patterson Avenue","","Richmond","VA","23226","False","10/06/2026","250.00",".00","13286283","","{BC43E096-E0C2-C2C8-CDE4-CEC0B69DF308}"
"507977","1319460","Donnie","","McClanahan","","","Self Employed","Restaurant Consultant","Waynesboro","512 Bader Ave","","Waynesboro","VA","22980","True","09/25/2026","125.00","125.00","13286421","","{3D249945-901F-F530-14CD-EFB56E50113B}"
"507981","16336","Dianna","","Richardson","","","none","retired","none","1431 Breckenridge Dr.","","Blacksburg","VA","24060","True","08/31/2026","350.00","450.00","13286422","","{9D7AF93C-FEEF-A1F2-609C-4BD92F5E27B3}"
"507981","40358","Steve","","Cochran","","","not employed","not employed","not employed","2175 Maple Lane","","Blacksburg","VA","24060","True","09/16/2026","700.00","800.00","13286423","","{9D7AF93C-FEEF-A1F2-609C-4BD92F5E27B3}"
"507981","40358","Steve","","Cochran","","","not employed","not employed","not employed","2175 Maple Lane","","Blacksburg","VA","24060","True","09/23/2026","50.00","850.00","13286424","","{9D7AF93C-FEEF-A1F2-609C-4BD92F5E27B3}"
"507981","76256","Susan","","Anderson","","","not employed","not employed","not employed","700 Preston Ave","","Blacksburg","VA","24060","True","09/04/2026","370.00","570.00","13286425","","{9D7AF93C-FEEF-A1F2-609C-4BD92F5E27B3}"
"507981","76263","Mary","","Biggs","","","Montgomery County","Member, Board of Supervisors","Christiansburg, VA","701 Hutcheson Dr","","Blacksburg","VA","24060","True","09/08/2026","185.00","220.00","13286426","","{9D7AF93C-FEEF-A1F2-609C-4BD92F5E27B3}"
"507981","76301","Mary","","North","","","N/A","not employed","N/A","6020 Piney Woods Rd","","Riner","VA","24149","True","09/01/2026","200.00","350.00","13286427","","{9D7AF93C-FEEF-A1F2-609C-4BD92F5E27B3}"
"507981","140834","Connie","","Froggatt","","","Montgomery County","School Board Member","Christiansburg, VA","1751 Brush Mtn Creek Rd","","Blacksburg","VA","24060","True","07/03/2026","100.00","700.00","13286428","","{9D7AF93C-FEEF-A1F2-609C-4BD92F5E27B3}"
"507981","140834","Connie","","Froggatt","","","Montgomery County","School Board Member","Christiansburg, VA","1751 Brush Mtn Creek Rd","","Blacksburg","VA","24060","True","09/03/2026","100.00","800.00","13286429","","{9D7AF93C-FEEF-A1F2-609C-4BD92F5E27B3}"
"507981","141120","William","","Ochsenwald","","","N/A","retired","N/A","1004 Highland Circle","","Blacksburg","VA","24060","True","08/20/2026","150.00","1050.00","13286430","","{9D7AF93C-FEEF-A1F2-609C-4BD92F5E27B3}"
"507981","141120","William","","Ochsenwald","","","N/A","retired","N/A","1004 Highland Circle","","Blacksburg","VA","24060","True","09/20/2026","150.00","1200.00","13286431","","{9D7AF93C-FEEF-A1F2-609C-4BD92F5E27B3}"
"507981","194413","Verna","","Schuetz","","","retired","retired","none","2080 Blue Jay Lane","","Blacksburg","VA","24060","True","09/11/2026","455.00","455.00","13286432","","{9D7AF93C-FEEF-A1F2-609C-4BD92F5E27B3}"
"507981","272980","Raymond","","Plaut","Mr.","","Va Tech","retired","Blacksburg, VA","620 Watson Lane","","Blacksburg","VA","24060","True","08/26/2026","200.00","1400.00","13286433","","{9D7AF93C-FEEF-A1F2-609C-4BD92F5E27B3}"
"507981","272980","Raymond","","Plaut","Mr.","","Va Tech","retired","Blacksburg, VA","620 Watson Lane","","Blacksburg","VA","24060","True","09/01/2026","170.00","1570.00","13286434","","{9D7AF93C-FEEF-A1F2-609C-4BD92F5E27B3}"
"507981","272980","Raymond","","Plaut","Mr.","","Va Tech","retired","Blacksburg, VA","620 Watson Lane","","Blacksburg","VA","24060","True","09/26/2026","200.00","1770.00","13286435","","{9D7AF93C-FEEF-A1F2-609C-4BD92F5E27B3}"
"507981","308529","Gretchen","","Distler","","","retired","retired","retired","2500 Shadow Lake Rd","","Blacksburg","VA","24060","True","07/01/2026","20.00","220.00","13286436","","{9D7AF93C-FEEF-A1F2-609C-4BD92F5E27B3}"
"507981","308529","Gretchen","","Distler","","","retired","retired","retired","2500 Shadow Lake Rd","","Blacksburg","VA","24060","True","08/30/2026","85.00","305.00","13286437","","{9D7AF93C-FEEF-A1F2-609C-4BD92F5E27B3}"
"507981","308529","Gretchen","","Distler","","","retired","retired","retired","2500 Shadow Lake Rd","","Blacksburg","VA","24060","True","09/01/2026","20.00","325.00","13286438","","{9D7AF93C-FEEF-A1F2-609C-4BD92F5E27B3}"
"507981","321412","Cynthia","","Chappelka","","","none","Retired","none","1504 Nelson Street","","Blackburg","VA","24060","True","08/27/2026","150.00","650.00","13286439","","{9D7AF93C-FEEF-A1F2-609C-4BD92F5E27B3}"
"507981","895093","Lorette Gayle","","Pierce","","","N/A","not employed","N/A","3845 Roanoke St.","","Christiansburg","VA","24073","True","09/25/2026","50.00","575.00","13286466","","{9D7AF93C-FEEF-A1F2-609C-4BD92F5E27B3}"
"507981","895093","Lorette Gayle","","Pierce","","","N/A","not employed","N/A","3845 Roanoke St.","","Christiansburg","VA","24073","True","09/28/2026","25.00","600.00","13286467","","{9D7AF93C-FEEF-A1F2-609C-4BD92F5E27B3}"
"507981","898828","Kenneth","","Hannsgen","","","None","None","None","1006 Oak Pointe Ct.","","Blacksburg","VA","24060","True","09/08/2026","200.00","550.00","13286468","","{9D7AF93C-FEEF-A1F2-609C-4BD92F5E27B3}"
"507981","898829","Barbara","H","Crockett","","","N/A","Retired","N/A","708 Gracelyn Ct.","","Blacksburg","VA","24060","True","07/01/2026","50.00","350.00","13286469","","{9D7AF93C-FEEF-A1F2-609C-4BD92F5E27B3}"
"507981","898829","Barbara","H","Crockett","","","N/A","Retired","N/A","708 Gracelyn Ct.","","Blacksburg","VA","24060","True","09/01/2026","50.00","400.00","13286470","","{9D7AF93C-FEEF-A1F2-609C-4BD92F5E27B3}"
"507981","902141","Christine","","Cadwallader","","","none","not employed","Blacksburg, VA","1417 Highland Circle","","Blacksburg","VA","24060","True","08/23/2026","20.00","120.00","13286471","","{9D7AF93C-FEEF-A1F2-609C-4BD92F5E27B3}"
"507981","902141","Christine","","Cadwallader","","","none","not employed","Blacksburg, VA","1417 Highland Circle","","Blacksburg","VA","24060","True","09/17/2026","85.00","205.00","13286472","","{9D7AF93C-FEEF-A1F2-609C-4BD92F5E27B3}"
"507981","902141","Christine","","Cadwallader","","","none","not employed","Blacksburg, VA","1417 Highland Circle","","Blacksburg","VA","24060","True","09/23/2026","20.00","225.00","13286473","","{9D7AF93C-FEEF-A1F2-609C-4BD92F5E27B3}"
"507981","920399","Karen","","Fischer","","","not applicable","not employed","not applicable","419 Seminole Dr.","","Blacksburg","VA","24060","True","09/10/2026","170.00","240.00","13286474","","{9D7AF93C-FEEF-A1F2-609C-4BD92F5E27B3}"
"507981","920399","Karen","","Fischer","","","not applicable","not employed","not applicable","419 Seminole Dr.","","Blacksburg","VA","24060","True","09/21/2026","10.00","250.00","13286475","","{9D7AF93C-FEEF-A1F2-609C-4BD92F5E27B3}"
"507981","924178","Susan","","DiSalvo","","","None","Not Employed","None","2805 Heritage Ln","","Blacksburg","VA","24060","True","08/23/2026","20.00","215.00","13286476","","{9D7AF93C-FEEF-A1F2-609C-4BD92F5E27B3}"
"507981","924178","Susan","","DiSalvo","","","None","Not Employed","None","2805 Heritage Ln","","Blacksburg","VA","24060","True","09/23/2026","20.00","235.00","13286477","","{9D7AF93C-FEEF-A1F2-609C-4BD92F5E27B3}"
"507981","924441","Patricia","","Hyer","","","None","Retired","None","703 Williard Dr","","Blacksburg","VA","24060","True","09/29/2026","25.00","115.00","13286478","","{9D7AF93C-FEEF-A1F2-609C-4BD92F5E27B3}"
"507981","924563","Felice","","Proctor","","","Not Employed","Not Employed","None","911 Toms Creek Road","","Blacksburg","VA","24060","True","09/13/2026","255.00","255.00","13286479","","{9D7AF93C-FEEF-A1F2-609C-4BD92F5E27B3}"
"507981","938752","Karolyn","","Givens","","","N/A","not employed","N/A","2311 North Main St","","Blacksburg","VA","24060","True","09/01/2026","185.00","285.00","13286480","","{9D7AF93C-FEEF-A1F2-609C-4BD92F5E27B3}"
"507981","940156","Edward","L","Champion","","","not employed","not employed","not employed","1613 Honeysuckle Dr","","Blacksburg","VA","24060","True","09/16/2026","85.00","125.00","13286481","","{9D7AF93C-FEEF-A1F2-609C-4BD92F5E27B3}"
"507981","944040","Sarah","","Jacob","","","N/A","not employed","N/A","2605 Warm Hearth Dr.","Apt 301 N","Blacksburg","VA","24060","True","07/07/2026","25.00","175.00","13286482","","{9D7AF93C-FEEF-A1F2-609C-4BD92F5E27B3}"
"507981","944040","Sarah","","Jacob","","","N/A","not employed","N/A","2605 Warm Hearth Dr.","Apt 301 N","Blacksburg","VA","24060","True","09/07/2026","25.00","200.00","13286483","","{9D7AF93C-FEEF-A1F2-609C-4BD92F5E27B3}"
"507981","944041","Tiffany","","Couch","","","Montgomery County Circuit Court","Clerk","Christiansburg, VA","290 Roudabush Dr NW","","Christiansburg","VA","24073","True","09/15/2026","85.00","135.00","13286484","","{9D7AF93C-FEEF-A1F2-609C-4BD92F5E27B3}"
"507981","944124","Gunin","","Kiran","","","Not Employed","Not Employed","Blacksburg, VA","607 Rich Circle","","Blacksburg","VA","24060","True","08/08/2026","25.00","125.00","13286485","","{9D7AF93C-FEEF-A1F2-609C-4BD92F5E27B3}"
"507981","944124","Gunin","","Kiran","","","Not Employed","Not Employed","Blacksburg, VA","607 Rich Circle","","Blacksburg","VA","24060","True","09/01/2026","350.00","475.00","13286486","","{9D7AF93C-FEEF-A1F2-609C-4BD92F5E27B3}"
"507981","944133","Clara","","Shinpaugh","","","Not Employed","Not Employed","Blacksburg, VA","2005 Christopher Dr","","Blacksburg","VA","24060","True","08/13/2026","200.00","225.00","13286487","","{9D7AF93C-FEEF-A1F2-609C-4BD92F5E27B3}"
"507981","944133","Clara","","Shinpaugh","","","Not Employed","Not Employed","Blacksburg, VA","2005 Christopher Dr","","Blacksburg","VA","24060","True","09/01/2026","170.00","395.00","13286488","","{9D7AF93C-FEEF-A1F2-609C-4BD92F5E27B3}"
"507981","944766","Philip","","Dalton","","","N/A","not employed","N/A","1205 Woodside Terrace","","Blacksburg","VA","24060","True","09/09/2026","170.00","170.00","13286489","","{9D7AF93C-FEEF-A1F2-609C-4BD92F5E27B3}"
"507981","944804","Derek","","Kitts","","","Tempus Leadership Solutions LLC","Consultant","Fairlawn, VA","1410 Sleepy Hollow Rd","","Christiansburg","VA","24073","True","09/24/2026","85.00","185.00","13286490","","{9D7AF93C-FEEF-A1F2-609C-4BD92F5E27B3}"
"507981","952205","Deborah","","Olsen","","","self employed","Consultant","Blacksburg, VA","402 Landsdowne St","","Blacksburg","VA","24060","True","09/04/2026","170.00","230.00","13286491","","{9D7AF93C-FEEF-A1F2-609C-4BD92F5E27B3}"
"507981","1000513","Amy","","Stilwell","","","N/A","not employed","N/A","503 Monticello Lane","","Blacksburg","VA","24060","True","09/08/2026","25.00","125.00","13286492","","{9D7AF93C-FEEF-A1F2-609C-4BD92F5E27B3}"
"507981","1062403","Joe","","Ivers","","","not employed","not employed","not employed","1905 Forest Lane","","Blacksburg","VA","24060","True","09/16/2026","370.00","370.00","13286493","","{9D7AF93C-FEEF-A1F2-609C-4BD92F5E27B3}"
"507981","1140724","Ann","","Goette","","","not employed","not employed","not employed","407 Kerr Lane","","Eggleston","VA","24086","True","09/16/2026","170.00","170.00","13286494","","{9D7AF93C-FEEF-A1F2-609C-4BD92F5E27B3}"
"507981","1198271","Kim","","Bates","","","not employed","not employed","not employed","3503 Catawba Rd","","Blacksburg","VA","24060","True","07/08/2026","25.00","675.00","13286495","","{9D7AF93C-FEEF-A1F2-609C-4BD92F5E27B3}"
"507981","1198271","Kim","","Bates","","","not employed","not employed","not employed","3503 Catawba Rd","","Blacksburg","VA","24060","True","08/20/2026","50.00","725.00","13286496","","{9D7AF93C-FEEF-A1F2-609C-4BD92F5E27B3}"
"507981","1198271","Kim","","Bates","","","not employed","not employed","not employed","3503 Catawba Rd","","Blacksburg","VA","24060","True","09/08/2026","25.00","750.00","13286497","","{9D7AF93C-FEEF-A1F2-609C-4BD92F5E27B3}"
"507981","1198271","Kim","","Bates","","","not employed","not employed","not employed","3503 Catawba Rd","","Blacksburg","VA","24060","True","09/16/2026","170.00","920.00","13286498","","{9D7AF93C-FEEF-A1F2-609C-4BD92F5E27B3}"
"507981","1198271","Kim","","Bates","","","not employed","not employed","not employed","3503 Catawba Rd","","Blacksburg","VA","24060","True","09/20/2026","50.00","970.00","13286499","","{9D7AF93C-FEEF-A1F2-609C-4BD92F5E27B3}"
"507981","1198729","Patricia","","Talbot","","","self","Educator","Blacksburg, VA","201 Eakin St SW","","Blacksburg","VA","24060","True","07/03/2026","50.00","300.00","13286500","","{9D7AF93C-FEEF-A1F2-609C-4BD92F5E27B3}"
"507981","1198729","Patricia","","Talbot","","","self","Educator","Blacksburg, VA","201 Eakin St SW","","Blacksburg","VA","24060","True","09/03/2026","50.00","350.00","13286501","","{9D7AF93C-FEEF-A1F2-609C-4BD92F5E27B3}"
"507981","1230649","John","","Hess","","","retired","retired","retired","70 Crescent Drive","","Christiansburg","VA","24073","True","09/06/2026","340.00","440.00","13286502","","{9D7AF93C-FEEF-A1F2-609C-4BD92F5E27B3}"
"507981","1291852","Nicholas","","Fischer","","","retired","retired","retired","419 Seminole Drive","","Blacksburg","VA","24060","True","07/02/2026","10.00","140.00","13286503","","{9D7AF93C-FEEF-A1F2-609C-4BD92F5E27B3}"
"507981","1291852","Nicholas","","Fischer","","","retired","retired","retired","419 Seminole Drive","","Blacksburg","VA","24060","True","09/02/2026","10.00","150.00","13286504","","{9D7AF93C-FEEF-A1F2-609C-4BD92F5E27B3}"
"507981","1299040","Edward","","Hertling","","","Carilion Clinic","Law enforcement","Roanoke, VA","3845 Schoolhouse Dr.","","Riner","VA","24149","True","09/25/2026","85.00","145.00","13286505","","{9D7AF93C-FEEF-A1F2-609C-4BD92F5E27B3}"
"507981","1318043","Linda","","Claussen","","","not employed","not employed","not employed","1903 Lacy Lane","","Blacksburg","VA","24060","True","09/07/2026","185.00","185.00","13286506","","{9D7AF93C-FEEF-A1F2-609C-4BD92F5E27B3}"
"507981","1318047","Todd","","Schenk","","","Virginia Tech","University Professor","Blacksburg, VA","1909 Shadow Lake Road","","Blacksburg","VA","24060","True","09/24/2026","270.00","270.00","13286507","","{9D7AF93C-FEEF-A1F2-609C-4BD92F5E27B3}"
"507981","1318050","Matthew","","Roberts","","","Roberts Law LLC","attorney","Blacksburg, VA","1001 Kentwood Drive","","Blacksburg","VA","24060","True","09/25/2026","185.00","185.00","13286508","","{9D7AF93C-FEEF-A1F2-609C-4BD92F5E27B3}"
"507981","1318052","CJ","","Silverman","","","not employed","not employed","not employed","180 Wood Shoe Ct. N","","Christiansburg","VA","24073","True","09/25/2026","170.00","170.00","13286509","","{9D7AF93C-FEEF-A1F2-609C-4BD92F5E27B3}"
"507982","1294144","Sharon","","Turner","","","N/A","Retired","N/A","12749 Bren ForestWay","","Manassas","VA","20112","True","06/01/2026","2000.00","2000.00","13286510","","{AB88C794-A9C6-239E-C692-43F55A159927}"
"507982","1294145","Jen","","Ferraro","","","George Mason University","Immunization Compliance Manager/nurse","Fairfax, VA","8511 Oakford Drive","","Springfield","VA","22152","True","06/13/2026","100.00","200.00","13286511","","{AB88C794-A9C6-239E-C692-43F55A159927}"
"507982","1294898","Alanna","","Kelly","","","N/A","Retired","N/A","129 Sunshine Ct.","","Petaluma","CA","94952","True","06/11/2026","500.00","500.00","13286512","","{AB88C794-A9C6-239E-C692-43F55A159927}"
"507983","1294145","Jen","","Ferraro","","","George Mason University","Immunization Compliance Manager/nurse","Fairfax, VA","8511 Oakford Drive","","Springfield","VA","22152","True","07/23/2026","100.00","300.00","13286513","","{292D8885-10A0-666C-6CC8-A81EEF7C9DC2}"
"507983","1300492","Amalfi","","Arias","","","Self Employed","Program Manager","Manassas, Virginia","9300 Prescott Ave","","Manassas","VA","20110","True","07/02/2026","330.00","330.00","13286514","","{292D8885-10A0-666C-6CC8-A81EEF7C9DC2}"
"507984","1309485","John","","Keast","","","Keast Strategic Solutions","Government Relations","Oxford, MS","507 Webb Street","","Oxford","MS","38655","True","08/04/2026","250.00","250.00","13286515","","{4A413F6E-E16A-F847-64F2-355770A1D3A4}"
"507985","1295322","Barbara","","Moran","","","Chesapeake Sheriff's Office","Retired","Chesapeake, VA","641 Hidden Falls Lane","","Chesapeake","VA","23320","True","09/15/2026","50.00","200.00","13286516","","{983CCD8D-F931-9393-484E-D2E64958E766}"
"507985","1318348","","","Dominion Recycling Center","","","","Recycling","Chesapeake, VA","PO Box 16104","","Chesapeake","VA","23328","False","09/01/2026","5000.00","5000.00","13286517","","{983CCD8D-F931-9393-484E-D2E64958E766}"
"507985","1318349","","","Hawkins Mill","","","","Community Association","Virginia Beach, VA","4536 Bonney Rd","","Virginia Beach","VA","23462","False","09/01/2026","2000.00","2000.00","13286518","","{983CCD8D-F931-9393-484E-D2E64958E766}"
"507985","1318350","","","Hickory Manor Association","","","","Residential Community","Virginia Beach, VA","4538 Bonney Rd","","Virginia Beach","VA","23462","False","09/01/2026","1500.00","1500.00","13286519","","{983CCD8D-F931-9393-484E-D2E64958E766}"
"507985","1318351","","","Spence Crossing Residential Inc.","","","","Residential Community","Virginia Beach, VA","4538 Bonney Rd","","Virginia Beach","VA","23462","False","09/01/2026","1500.00","1500.00","13286520","","{983CCD8D-F931-9393-484E-D2E64958E766}"
"507985","1318352","","","Political Action Committee of TBA","","","","Political Action Committee","Chesapeake, VA","2117 Smith Ave","","Chesapeake","VA","23320","False","09/03/2026","1500.00","1500.00","13286521","","{983CCD8D-F931-9393-484E-D2E64958E766}"
"507985","1319609","","","KG1 Battlefield LLC","","","","Real Estate","Virginia Beach, VA","1128 Independence Blvd","200","Virginia Beach","VA","23455","False","09/22/2026","2500.00","2500.00","13286522","","{983CCD8D-F931-9393-484E-D2E64958E766}"
"507985","1319611","Jeffrey","","Steadfast","","","Belmont at Greenbrier Operating Account","Property Management","Virginia Beach, VA","1128 Independence Blvd","200","Virginia Beach","VA","23455","True","09/22/2026","2500.00","2500.00","13286523","","{983CCD8D-F931-9393-484E-D2E64958E766}"
"507986","1313548","Kenny","","Loveless","","","Tang's Alterations","Haverdasher","Manassas, VA","8339 Gaither St.","","Manassas","VA","20110","True","09/08/2026","500.00","500.00","13286524","","{39682FEE-63A5-7AD3-3FC0-FCA24EF6DE0E}"
"507987","1314659","","","Boyd-Pamunkey Casino Political Action Committee","","","","Political Action Committee","Norfolk, VA","112 Granby St","Suite 300","Norfolk","VA","23510","False","09/12/2026","1500.00","1500.00","13286525","","{F5193D84-64DC-5EB3-7F2F-9EAA1156E47F}"
"507987","1315086","Jimmie","","Sullivan","","","Self","Retired","Norfolk, VA","1540 Lea View Ave","","Norfolk","VA","23503","True","09/14/2026","105.75","105.75","13286526","","{F5193D84-64DC-5EB3-7F2F-9EAA1156E47F}"
"507987","1317768","","","Coastal Virginia Building Industry Association","","","","Industry Association","Virginia Beach, VA","5041 Corporate Woods Dr","Suite 245","Virginia Beach","VA","23462","False","09/24/2026","1000.00","1000.00","13286527","","{F5193D84-64DC-5EB3-7F2F-9EAA1156E47F}"
"507989","1283125","Neil","","Steinberg","","","Photoworks","Photogrepher","Leesburg, VA","2a Loudoun St. SW","","Leesburg","VA","20175","True","08/20/2026","1316.18","1416.18","13286528","","{1B3068EA-369D-1E67-4E5A-91A84D410DDB}"
"507989","1283953","","","Friends of Kelly Burk","","","","Kelly Burk Leesburg, VA Mayoral Campaign Account","Leesburg, VA","111 Carlton St","","Leesburg","VA","20175","False","08/22/2026","1316.18","1516.18","13286529","","{1B3068EA-369D-1E67-4E5A-91A84D410DDB}"
"507989","1308989","Thomas","E","Murdock","","","Retired","Retired","Retired","19518 Barnwood Ct.","","Leesburg","VA","20175","True","07/28/2026","2500.00","2500.00","13286530","","{1B3068EA-369D-1E67-4E5A-91A84D410DDB}"
"507989","1308990","Kristy","","Murdock","","","Retired","Retired","Retired","17 Cornwall St. NW","","Leesburg","VA","20176","True","07/28/2026","1200.00","1200.00","13286531","","{1B3068EA-369D-1E67-4E5A-91A84D410DDB}"
"507989","1310167","Jessica","","Monte","","","Marymount University","College Professor","Arlington, VA","23077 Red Admiral PL.","","Brambleton","VA","20148","True","08/11/2026","250.00","250.00","13286532","","{1B3068EA-369D-1E67-4E5A-91A84D410DDB}"
"507989","1310251","Ellen","","Heald","","","Loudoun County","Loudoun County Elections Board Secretary","Leesburg, VA","18422 Harbour Town Ter","","Leesburg","VA","20176","True","08/15/2026","125.00","125.00","13286533","","{1B3068EA-369D-1E67-4E5A-91A84D410DDB}"
"507999","1319692","Julie","","Philp","","","ACG Advocacy","Lobbyist","Washington, DC","1312 27th St NW","","Washington","DC","20007","True","10/07/2026","500.00",".00","13286534","","{BF0EDFE6-5A4C-A3A2-6602-F828CEF9893A}"
"508007","156903","","","Laborers District Council Check-Off Fund","","","","labor fund","Columbia, MD","7130 Columbia Gateway Drive","Suite A","Columbia","MD","21046","False","10/07/2026","20000.00",".00","13286538","","{66453342-C578-7891-2538-3423A2025B0A}"
"508008","914511","Michael George","","Clark","Mr","","Kersey, Sealey, Clark & Associates","Insurance Broker","Newport News VA","103 Cove Drive","","Seaford","VA","23696","True","09/23/2026","550.00","550.00","13286539","","{06D847A0-4902-3E9E-E444-C477731852D0}"
"508008","1317641","H.","J","Dyer","Mr","","retired","retired","Doswell, Virginia","12470 Newfound Falls Lane","","Doswell","VA","23047","True","09/23/2026","500.00","500.00","13286540","","{06D847A0-4902-3E9E-E444-C477731852D0}"
"508008","1318087","","","Friends of Scott Wyatt","","","","Virginia Delegate","Mechanicsville, VA","PO Box 365","","Mechanicsville","VA","23111","False","09/28/2026","500.00","500.00","13286541","","{06D847A0-4902-3E9E-E444-C477731852D0}"
"508010","1280175","Christopher","Sean","Fairchild","Mr.","","National Filter Service","CEO","Fork Union, VA","5470 Thomas Jefferson Parkway","","Palmyra","VA","22963","True","06/20/2025","450.00","450.00","13286542","","{BA589F12-4F41-83E5-262B-6C0B6514F637}"
"508021","1280175","Christopher","Sean","Fairchild","Mr.","","National Filter Service","CEO","Fork Union, VA","5470 Thomas Jefferson Parkway","","Palmyra","VA","22963","True","12/31/2025","100.00","550.00","13286545","","{C17A89A7-6EA2-3866-B561-287E57A7D6EE}"
"508031","1319716","G.","FRANKLIN","FLIPPIN","","","GENTRY LOCKE ATTORNEY LAW FIRM","ATTORNEY","ROANOKE, VA","ROANOKE","","ROANOKE","VA","24014","True","10/06/2026","1000.00",".00","13286546","","{36EC164F-DC2F-EABF-60BB-C7BBF86CA99E}"
"508084","1313572","","","The Family Foundation","","","","Nonprofit Public Interest","Richmond, Virginia","707 E Franklin St","","Richmond","VA","23219","False","09/03/2026","36000.00",".00","13286652","","{DF129761-274D-B5C6-1125-9EE9D5CD8394}"
"508085","1186308","James","","St John","","","Heard concrete","Carpenter","Norfolk, Virginia","3421 West Bonner Drive","","Norfolk","VA","25313","True","09/07/2026","25.00","525.00","13286653","","{D87D4DC8-9B7B-F9AE-922A-F5016CD143C7}"
"508085","1319751","Rebecca","","Borton","","","Greenspace Financial","Financial Planner","Herndon, VA","1211 Bond Street","","Herndon","VA","20170","True","09/22/2026","250.00","250.00","13286654","","{D87D4DC8-9B7B-F9AE-922A-F5016CD143C7}"
"508093","1319758","Doug","","Davis","","","Davcon","Commercial Plumbing","Virginia Beach","240 London Bridge Road","","Virginia Beach","VA","23454","True","10/06/2026","2500.00",".00","13286662","","{8085CE40-165E-7B27-ACD9-846BA5208882}"
"508094","1317773","Lisa","","Ricci","","","Retired","Retired","Roanoke, VA","120 Lake Ave","","Salem","VA","24153","True","10/07/2026","500.00",".00","13286663","","{46DA4119-CCE0-0984-A719-4CD364285A6A}"
"508095","1319701","Shola","","Akinmeji","","","TerumobCT","Engineer","Chicago, IL","234 W Polk St, APT 1611","","Chicago","IL","60607","True","09/26/2026","100.00","200.00","13286664","","{ED59442E-0C25-84F1-DEBC-82CA7255FC4B}"
"508095","1319703","Andres","","Jimenez","","","Green 2.0","Executive Director","Washington DC, 20011","3119 Juniper Ln","","Falls Church","VA","22044","True","09/06/2026","250.00","250.00","13286665","","{ED59442E-0C25-84F1-DEBC-82CA7255FC4B}"
"508095","1319704","James","","Bierman","","","Fairfax County","Supervisor","Washington DC, 20006","5951 Ranleigh Manor Drive","","McLean","VA","22101","True","09/06/2026","150.00","150.00","13286666","","{ED59442E-0C25-84F1-DEBC-82CA7255FC4B}"
"507391","1315673","","","John Massoud LHM Revocable Trust","","","","District #6 Republican Party Chairman Frederick Co","Winchester","UAD 05/22/07 FBO S.A. John Massoud","","Winchester","VA","22602","False","09/10/2026","250.00","250.00","13278276","","{2137FC12-93C8-E7F6-6E14-D997AA2A5112}"
"507393","6235","","","Verizon","","","","Telecommunications","Richmond, VA","1300 I Street NW","Suite 500 East","Washington","DC","20005","False","09/30/2026","10000.00",".00","13278277","","{E732F1A3-1AC3-3D57-F0A2-D46C4BC13CD3}"
"507394","882990","","","CVS Health/Caremark","","","","Healthcare","Woonsocket, RI","1 CVS Drive","","Woonsocket","RI","02895","False","09/30/2026","20000.00",".00","13278278","","{368EE7F7-8906-D8CF-FFAE-914C8505F318}"
"507399","1312223","Helene","","Bruno","","","Blue Ridge CC","Instructor","","243 Taylor Street","","Staunton","VA","24401","True","08/29/2026","105.75","105.75","13278279","","{05BA7CF5-7D55-F0F3-C537-0623B8EAD4FA}"
"507401","690714","PHILIP","","CAMILL","","","Diocese of Arlington","Director of Religious Education","Arlington, VA","12725 BANNER PLANTATION DR","","FREDERICKSBURG","VA","22407","True","08/28/2026","100.00","160.00","13278280","","{9ED6D438-5D75-7C58-8124-5C590D6D67BB}"
"507401","976722","James","","Jatras","","","Retired","Retired","Retired","6850 Little Odd Ln","","Spotsylvania","VA","22551","True","09/24/2026","1000.00","1100.00","13278281","","{9ED6D438-5D75-7C58-8124-5C590D6D67BB}"
"507401","1079910","Roy","","Ewers","","","Visa","Programming","San Francisco, CA","11617 Nellings Place","","Woodbridge","VA","22192","True","09/30/2026","500.00","595.00","13278282","","{9ED6D438-5D75-7C58-8124-5C590D6D67BB}"
"507401","1275060","Gary","","Battistella","","","Retired","Retired","Retired","8200 Waterford Drive","","Spotsylvania","VA","22551","True","07/17/2026","25.00","175.00","13278283","","{9ED6D438-5D75-7C58-8124-5C590D6D67BB}"
"507401","1275060","Gary","","Battistella","","","Retired","Retired","Retired","8200 Waterford Drive","","Spotsylvania","VA","22551","True","08/17/2026","25.00","200.00","13278284","","{9ED6D438-5D75-7C58-8124-5C590D6D67BB}"
"507401","1275060","Gary","","Battistella","","","Retired","Retired","Retired","8200 Waterford Drive","","Spotsylvania","VA","22551","True","09/17/2026","25.00","225.00","13278285","","{9ED6D438-5D75-7C58-8124-5C590D6D67BB}"
"507406","894037","Nathan","","Bruschi","","","Anchorwork Inc","CEO","Albany, NY","5913 Beard Ave S","","Edina","MN","55410","True","09/26/2026","500.00","500.00","13278286","","{57DD677C-5BBC-86F6-E622-76E4408446F4}"
"507406","898305","Dominique","","Wright","","","N/A","N/A","Washington, DC","1607 Fairlawn Ave Se","","Washington","DC","20020","True","09/08/2026","25.00","125.00","13278287","","{57DD677C-5BBC-86F6-E622-76E4408446F4}"
"507406","913469","Jacqueline","","Jones","","","N/A","N/A","Mansfield, TX","1710 Fern Dr","","Mansfield","TX","76063","True","09/01/2026","50.00","550.00","13278288","","{57DD677C-5BBC-86F6-E622-76E4408446F4}"
"507406","919858","Kristen","","Witt","","","Riverside","Executive","Newport News, VA","9920 River Rd","","Newport News","VA","23601","True","09/27/2026","250.00","500.00","13278289","","{57DD677C-5BBC-86F6-E622-76E4408446F4}"
"507406","920293","Brandon","","North","","","N/A","N/A","N/A","4558 Glore Crossing Drive","","Mableton","GA","30126","True","09/16/2026","250.00","300.00","13278290","","{57DD677C-5BBC-86F6-E622-76E4408446F4}"
"507406","940895","","","Tidewaters Builders Association","","","","PAC","Chesapeake, VA","2117 Smith Ave","","Chesapeake","VA","23320","False","09/25/2026","1500.00","1500.00","13278291","","{57DD677C-5BBC-86F6-E622-76E4408446F4}"
"507406","945437","","","Mid Atlantic Laborers Political Education fund","","","","Union","Reston, VA","11951 Freedom Drive","310","Reston","VA","20190","False","09/01/2026","3500.00","3500.00","13278292","","{57DD677C-5BBC-86F6-E622-76E4408446F4}"
"507444","1314034","Gerry","","Auten","","","D/K","D/K","D/K","6049 22nd St N","","Arlington","VA","22205","True","09/07/2026","150.00","150.00","13278458","","{956E7EC1-83CB-BC73-1847-E0A6B9697D30}"
"507449","1312735","Barry","Wade","Cheatham","Mr.","","Sherman, Spero, Safarino & CO. CPAs, P.C.","CPA","Virginia Beach, VA","113 Wild Turkey Lane","","Franklin","VA","23851","True","09/03/2026","500.00","500.00","13278465","","{F3551644-2640-B53B-3FA0-DD0A1E345036}"
"507449","1312735","Barry","Wade","Cheatham","Mr.","","Sherman, Spero, Safarino & CO. CPAs, P.C.","CPA","Virginia Beach, VA","113 Wild Turkey Lane","","Franklin","VA","23851","True","09/07/2026","271.29","771.29","13278466","","{F3551644-2640-B53B-3FA0-DD0A1E345036}"
"507449","1312735","Barry","Wade","Cheatham","Mr.","","Sherman, Spero, Safarino & CO. CPAs, P.C.","CPA","Virginia Beach, VA","113 Wild Turkey Lane","","Franklin","VA","23851","True","09/13/2026","155.00","926.29","13278467","","{F3551644-2640-B53B-3FA0-DD0A1E345036}"
"507450","1313513","Jeffrey","L","Porter","","","Martin Plaza Furniture Outlet","Owner","115 Church Street East, Martinsville, VA 24112","1011 Mulberry Road","","Martinsville","VA","24112","True","09/02/2026","250.00","250.00","13278468","","{1566DB57-2E42-FB48-73A9-3D624C2AB334}"
"507450","1313515","Timoty","D","Martin","","","Martin Plaza Furniture outlet","Owner","115 Church Street East, Martinsville, VA 24112","913 Mulberry Raod","","Martinsville","VA","24112","True","09/02/2026","250.00","250.00","13278469","","{1566DB57-2E42-FB48-73A9-3D624C2AB334}"
"507450","1313516","T.","Brian","Hairfield","","","Retired","Retired","Martinsville, Va","601 Hairston Street","","Martinsville","VA","24112","True","09/05/2026","1000.00","1000.00","13278470","","{1566DB57-2E42-FB48-73A9-3D624C2AB334}"
"507451","1317759","Patsy","","Mayberry","","","n/a","Retired","n/a","2141 Galts Mill Rd","","Madison Heights","VA","24572","True","09/16/2026","100.00","200.00","13278471","","{4C51215D-559C-85EF-3BB1-D95A88B01EF1}"
"507451","1317761","Charles","","Tolley","","","n/a","Retired","n/a","146 Odins Bow Rd","","Madison Heights","VA","24572","True","09/16/2026","200.00","400.00","13278472","","{4C51215D-559C-85EF-3BB1-D95A88B01EF1}"
"507451","1318568","GENE","","DRAKE","","","N/A","RETIRED","N/A","158 BUTTERFLY LANE","","AMHERST","VA","24251","True","09/23/2026","500.00","500.00","13278473","","{4C51215D-559C-85EF-3BB1-D95A88B01EF1}"
"507452","1283234","Mike","","Beaty","","","retired","retired","Gainesville,VA","13644 Bridlewood Dr.","none","Gainesville","VA","20155","True","09/02/2026","250.00","1400.00","13278474","","{7BEAB7DD-BA8F-893F-A498-BEE44D134AE9}"
"507452","1296434","Charles","","Sweet","","","Retired","Retired","Manassas, VA","9104 Ewell St.","","Manassas","VA","20110","True","09/10/2026","500.00","1004.61","13278475","","{7BEAB7DD-BA8F-893F-A498-BEE44D134AE9}"
"507452","1317631","Maurice","","Gerson","","","Retired","Retired","Manassas, VA","8331 Ivy Glen Ct.","","Manassas","VA","20110","True","09/22/2026","150.00","150.00","13278476","","{7BEAB7DD-BA8F-893F-A498-BEE44D134AE9}"
"507453","1283151","Charles","","Sweet","","","Morgan,Lewis&Bockius","Attorney","Washington,DC","9104 Ewell Street","","Manassas","VA","20110","True","09/10/2026","500.00","1254.61","13278477","","{A26F9BE0-EB3E-225B-F0D7-44766D59893C}"
"507453","1295372","","","Sonia Vasquez Luna for Delegate","","","","Political campaign","Manassas, VA","PO Box 1171","","Manassas","VA","20108","False","09/11/2026","500.00","500.00","13278478","","{A26F9BE0-EB3E-225B-F0D7-44766D59893C}"
"507453","1309380","","","Jill Spall for Manassas","","","","Political campaign","Manassas, VA","10407 Spaggins Court","","Manassas","VA","20110","False","09/23/2026","750.00","1102.00","13278479","","{A26F9BE0-EB3E-225B-F0D7-44766D59893C}"
"507454","1318112","Whit","","Bromm","","","Retired","Retired","Roanoke","3324 Somercroft Court","","Roanoke","VA","24014","True","09/28/2026","150.00","150.00","13278480","","{54E6BBB0-0174-0432-A954-9467D12E2063}"
"507454","1318113","Neill","","Macrae","","","Retired","Retired","Roanoke","1110 26th Street","","Roanoke","VA","24015","True","09/18/2026","150.00","150.00","13278481","","{54E6BBB0-0174-0432-A954-9467D12E2063}"
"507454","1318114","David","","Bowers","","","Retired","Retired","Carolina Beach, NC","403 Ocean Blvd","","Carolina Beach","NC","28428","True","09/19/2026","250.00","250.00","13278482","","{54E6BBB0-0174-0432-A954-9467D12E2063}"
"507454","1318115","Anthony","","Stavola","Dr.","","Retired","Retired","Retired","1836 Greenwood Road","","Roanoke","VA","24015","True","09/04/2026","500.00","500.00","13278483","","{54E6BBB0-0174-0432-A954-9467D12E2063}"
"507454","1318353","Dudley","","Woody","","","WoodsRogers","Attorney","Roa","3814 Heatherton Road","","Roanoke","VA","24014","True","09/29/2026","250.00","250.00","13278484","","{54E6BBB0-0174-0432-A954-9467D12E2063}"
"507454","1318354","John","","McLeod","","","McLeod & Company","Accountant","Roanoke","410 1st Street","","Roanoke","VA","24011","True","09/29/2026","500.00","500.00","13278485","","{54E6BBB0-0174-0432-A954-9467D12E2063}"
"507456","1308159","TREQUITA","","TRIALS","","","SHILOH BAPTIST CHURCH","SECRETARY","SALEM,VA","839 GRAYSON AVE","","ROANOKE","VA","24016","True","09/03/2026","1.00","101.00","13278486","","{0CCD6969-A4B2-DD69-46FB-313A7B5CA862}"
"507456","1309671","ANNETTE","","LEWIS","","","RETIRED","RETIRED","ROANOKE,VA","4606 CASPER DR NE","","ROANOKE","VA","24019","True","09/28/2026","100.00","200.00","13278487","","{0CCD6969-A4B2-DD69-46FB-313A7B5CA862}"
"507466","1283036","Wendy","","Bargerstock","","","University of Virginia","Pharmacist","Charlottesville, Virginia","957 S. F T Valley Road","","Madison","VA","22727","True","07/07/2026","10.00","520.00","13278560","","{F3170D9A-C5E9-987E-DCF5-963942989DBA}"
"507466","1283036","Wendy","","Bargerstock","","","University of Virginia","Pharmacist","Charlottesville, Virginia","957 S. F T Valley Road","","Madison","VA","22727","True","07/14/2026","25.00","545.00","13278561","","{F3170D9A-C5E9-987E-DCF5-963942989DBA}"
"507466","1283036","Wendy","","Bargerstock","","","University of Virginia","Pharmacist","Charlottesville, Virginia","957 S. F T Valley Road","","Madison","VA","22727","True","08/03/2026","25.00","570.00","13278562","","{F3170D9A-C5E9-987E-DCF5-963942989DBA}"
"507466","1283036","Wendy","","Bargerstock","","","University of Virginia","Pharmacist","Charlottesville, Virginia","957 S. F T Valley Road","","Madison","VA","22727","True","08/07/2026","10.00","580.00","13278563","","{F3170D9A-C5E9-987E-DCF5-963942989DBA}"
"507466","1283036","Wendy","","Bargerstock","","","University of Virginia","Pharmacist","Charlottesville, Virginia","957 S. F T Valley Road","","Madison","VA","22727","True","08/14/2026","25.00","605.00","13278564","","{F3170D9A-C5E9-987E-DCF5-963942989DBA}"
"507466","1283036","Wendy","","Bargerstock","","","University of Virginia","Pharmacist","Charlottesville, Virginia","957 S. F T Valley Road","","Madison","VA","22727","True","09/03/2026","25.00","630.00","13278565","","{F3170D9A-C5E9-987E-DCF5-963942989DBA}"
"507466","1283036","Wendy","","Bargerstock","","","University of Virginia","Pharmacist","Charlottesville, Virginia","957 S. F T Valley Road","","Madison","VA","22727","True","09/07/2026","10.00","640.00","13278566","","{F3170D9A-C5E9-987E-DCF5-963942989DBA}"
"507466","1283036","Wendy","","Bargerstock","","","University of Virginia","Pharmacist","Charlottesville, Virginia","957 S. F T Valley Road","","Madison","VA","22727","True","09/14/2026","25.00","665.00","13278567","","{F3170D9A-C5E9-987E-DCF5-963942989DBA}"
"507474","1288348","","","Planned Parenthood South Atlantic","","","","Non-profit","Raleigh, NC","100 S Boylan Ave.","","Raleigh","NC","27603","False","10/01/2026","75000.00",".00","13278652","","{EA17C83E-2C47-1E60-B5F5-802E7EE0A1B9}"
"507477","1299677","Eli","","Rybinni","","","Peacemakers Inc","Machine Operator","Lynchburg. VA","416 Newberne St","","Lynchburg","VA","24501","True","09/09/2026","100.00","400.00","13278716","","{0C8B6AC6-ECBD-3BAC-9B44-4E84C63B2099}"
"507477","1318643","Andrea","","Yesalis","","","Retired","Retired","Lynchburg, VA","201 Meredith Pl","","Lynchburg","VA","24503","True","09/21/2026","400.00","400.00","13278717","","{0C8B6AC6-ECBD-3BAC-9B44-4E84C63B2099}"
"507480","1313796","Robert","R","Kinser","","","Kinser, Leftwidh & Kahle, P.C.","Attorney","Chesapeake","308 Cedar Lakes, Drive","","Chesapeake","VA","23322","True","09/09/2026","500.00","500.00","13278726","","{63D66101-43D3-3A47-6C0C-8149E37934E5}"
"507480","1313801","Brian","J","Moran","","","Brian Moran & Associates & Small Business Edge","Attorney","Midlothian","12032 Old Buckingham Rd.","","Midlothian","VA","23113","True","09/09/2026","150.00","150.00","13278727","","{63D66101-43D3-3A47-6C0C-8149E37934E5}"
"507480","1317021","C. Richard","","Cranwell","","","Cranwell & Moore P.L.C","Attorney","Vinton","111 W Virginia Ave.","","Vinton","VA","24179","True","09/15/2026","250.00","250.00","13278728","","{63D66101-43D3-3A47-6C0C-8149E37934E5}"
"507480","1317697","Jonathon","","Bowerbank","","","EMATS Inc.","CEO Of EMATS Inc.","Abingdon","20529 Rich Valley Road","","Abingdon","VA","24210","True","09/14/2026","300.22","300.22","13278729","","{63D66101-43D3-3A47-6C0C-8149E37934E5}"
"507482","1318651","Joseph","","Thompson","","","Self-Employed","Real Estate Agent","Troutville, VA","26 Carriage Lane","","Troutville","VA","24175","True","10/01/2026","2500.00",".00","13278779","","{11F3B71D-C3D6-CEB9-E5B1-21973E6BE311}"
"507483","1318650","","","Business Leadership Fund","","","","Political Action Committee","Roanoke, VA","1948 Franklin Rd. S.W.","Suite 200","Roanoke","VA","24014","False","10/01/2026","2000.00",".00","13278780","","{526A6E8E-41E5-F847-75F3-9764B2AE69E6}"
"507484","1318649","","","McNeil Roofing, Inc.","","","","Roofing","Roanoke, VA","PO Box 973","","Roanoke","VA","24005","False","10/01/2026","1000.00",".00","13278781","","{E893955E-1D91-2200-7830-95230C676FA1}"
"507488","1309765","Zack","","Holbrook","","","Unemployment","Unemployment","Manassas, VA","8819 Peabody Street","","Manassas","VA","20110","True","09/07/2026","75.00","150.00","13278837","","{057FDD0F-5A53-242E-E318-D9A2C3233F40}"
"507488","1313898","Glenford","","Wright","","","Hummingbird Service, Inc","Electrician","Amissville, Virginia","1358 Jason Lane","","Amissville","VA","20106","True","09/09/2026","500.00","500.00","13278838","","{057FDD0F-5A53-242E-E318-D9A2C3233F40}"
"507488","1316976","Sonia","","VASQUEZ LUNA FOR DELEGATE","","","","","Manassas, VA","10 Main Street","","Manassas","VA","20110","True","09/16/2026","250.00","250.00","13278839","","{057FDD0F-5A53-242E-E318-D9A2C3233F40}"
"507489","1309765","Zack","","Holbrook","","","Unemployment","Unemployment","Manassas, VA","8819 Peabody Street","","Manassas","VA","20110","True","09/07/2026","75.00","150.00","13278840","","{057FDD0F-5A53-242E-E318-D9A2C3233F40}"
"507489","1313898","Glenford","","Wright","","","Hummingbird Service, Inc","Electrician","Amissville, Virginia","1358 Jason Lane","","Amissville","VA","20106","True","09/09/2026","500.00","500.00","13278841","","{057FDD0F-5A53-242E-E318-D9A2C3233F40}"
"507489","1316976","Sonia","","VASQUEZ LUNA FOR DELEGATE","","","Unknown","Unknown","Manassas, VA","10 Main Street","","Manassas","VA","20110","True","09/16/2026","250.00","250.00","13278842","","{057FDD0F-5A53-242E-E318-D9A2C3233F40}"
"507495","1296964","Junius","","Williams","","","Dominion Energy","Retired-Director","Chesapeake, Virginia","21 Shamrock Drive","","Portsmouth","VA","23701","True","09/30/2026","500.00","1000.00","13278950","","{F129F0D3-FCDD-B52C-B737-FFC71B0EC9F9}"
"507495","1317086","Lydia","P","Patton","Dr.","","City of Portsmouth","Retired-City Manager","Portsmouth, Virginia","11700 Jacquelyn Lane","","Fredericksburg","VA","22407","True","09/17/2026","500.00","500.00","13278951","","{F129F0D3-FCDD-B52C-B737-FFC71B0EC9F9}"
"507516","182","John","E","Greenhalgh","","","n/a","retired","n/a","5404 Patriots Colony Dr","","Williamsburg","VA","23188","True","08/20/2026","26.00","164.00","13279238","","{8CA7DE6A-2248-69AA-63BB-8E783376DAF3}"
"507516","182","John","E","Greenhalgh","","","n/a","retired","n/a","5404 Patriots Colony Dr","","Williamsburg","VA","23188","True","09/17/2026","26.00","190.00","13279239","","{8CA7DE6A-2248-69AA-63BB-8E783376DAF3}"
"507516","191","Michael","J","Brown","","","n/a","retired","n/a","4087 Coronation","","Williamsburg","VA","23188","True","08/20/2026","26.00","188.00","13279240","","{8CA7DE6A-2248-69AA-63BB-8E783376DAF3}"
"507516","191","Michael","J","Brown","","","n/a","retired","n/a","4087 Coronation","","Williamsburg","VA","23188","True","09/17/2026","26.00","214.00","13279241","","{8CA7DE6A-2248-69AA-63BB-8E783376DAF3}"
"507516","192","Edward","W","Peterson","","","n/a","retired","n/a","119 Swinley Forest","","Williamsburg","VA","23188","True","07/16/2026","35.00","112.00","13279242","","{8CA7DE6A-2248-69AA-63BB-8E783376DAF3}"
"507516","189263","Cary","A","Garnet","","","n/a","retired","n/a","5434 Center Street","","Williamsburg","VA","23188","True","07/16/2026","26.00","112.00","13279243","","{8CA7DE6A-2248-69AA-63BB-8E783376DAF3}"
"507516","189263","Cary","A","Garnet","","","n/a","retired","n/a","5434 Center Street","","Williamsburg","VA","23188","True","08/20/2026","26.00","138.00","13279244","","{8CA7DE6A-2248-69AA-63BB-8E783376DAF3}"
"507516","196800","Robert","L","Ochsenhirt","","","n/a","retired","n/a","7428 Wicks Rd","","Williamsburg","VA","23188","True","07/16/2026","26.00","102.00","13279245","","{8CA7DE6A-2248-69AA-63BB-8E783376DAF3}"
"507516","196800","Robert","L","Ochsenhirt","","","n/a","retired","n/a","7428 Wicks Rd","","Williamsburg","VA","23188","True","08/20/2026","26.00","128.00","13279246","","{8CA7DE6A-2248-69AA-63BB-8E783376DAF3}"
"507516","256682","Steven","","Mains","","","n/a","retired","n/a","3781 Captain Wynne Dr","","Williamsburg","VA","23185","True","07/16/2026","26.00","143.00","13279247","","{8CA7DE6A-2248-69AA-63BB-8E783376DAF3}"
"507516","256682","Steven","","Mains","","","n/a","retired","n/a","3781 Captain Wynne Dr","","Williamsburg","VA","23185","True","08/03/2026","35.00","178.00","13279248","","{8CA7DE6A-2248-69AA-63BB-8E783376DAF3}"
"507516","256682","Steven","","Mains","","","n/a","retired","n/a","3781 Captain Wynne Dr","","Williamsburg","VA","23185","True","08/20/2026","26.00","204.00","13279249","","{8CA7DE6A-2248-69AA-63BB-8E783376DAF3}"
"507516","391099","Jay","H","Everson","","","self employed","Sales","Williamsburg, VA","6923 Chancery Ln","","Williamsburg","VA","23188","True","07/13/2026","35.00","187.00","13279250","","{8CA7DE6A-2248-69AA-63BB-8E783376DAF3}"
"507516","391099","Jay","H","Everson","","","self employed","Sales","Williamsburg, VA","6923 Chancery Ln","","Williamsburg","VA","23188","True","07/16/2026","26.00","213.00","13279251","","{8CA7DE6A-2248-69AA-63BB-8E783376DAF3}"
"507516","391099","Jay","H","Everson","","","self employed","Sales","Williamsburg, VA","6923 Chancery Ln","","Williamsburg","VA","23188","True","08/20/2026","26.00","239.00","13279252","","{8CA7DE6A-2248-69AA-63BB-8E783376DAF3}"
"507516","391099","Jay","H","Everson","","","self employed","Sales","Williamsburg, VA","6923 Chancery Ln","","Williamsburg","VA","23188","True","09/17/2026","26.00","265.00","13279253","","{8CA7DE6A-2248-69AA-63BB-8E783376DAF3}"
"507516","474863","Terry","D","Ricks","","","n/a","retired","n/a","2561 William Tankard Dr","","Williamsburg","VA","23185","True","07/02/2026","35.00","339.77","13279254","","{8CA7DE6A-2248-69AA-63BB-8E783376DAF3}"
"507516","474863","Terry","D","Ricks","","","n/a","retired","n/a","2561 William Tankard Dr","","Williamsburg","VA","23185","True","07/16/2026","26.00","365.77","13279255","","{8CA7DE6A-2248-69AA-63BB-8E783376DAF3}"
"507516","474863","Terry","D","Ricks","","","n/a","retired","n/a","2561 William Tankard Dr","","Williamsburg","VA","23185","True","08/20/2026","26.00","391.77","13279256","","{8CA7DE6A-2248-69AA-63BB-8E783376DAF3}"
"507516","485190","Arthur","A","Garrison","","","n/a","retired","n/a","152 Shoal Creek","","Williamsburg","VA","23188","True","07/16/2026","26.00","204.00","13279257","","{8CA7DE6A-2248-69AA-63BB-8E783376DAF3}"
"507516","485190","Arthur","A","Garrison","","","n/a","retired","n/a","152 Shoal Creek","","Williamsburg","VA","23188","True","08/20/2026","26.00","230.00","13279258","","{8CA7DE6A-2248-69AA-63BB-8E783376DAF3}"
"507516","717679","Charles","M","Colegrove","","","n/a","retired","n/a","110 Blackheath","","Williamsburg","VA","23188","True","07/16/2026","26.00","152.00","13279259","","{8CA7DE6A-2248-69AA-63BB-8E783376DAF3}"
"507516","717679","Charles","M","Colegrove","","","n/a","retired","n/a","110 Blackheath","","Williamsburg","VA","23188","True","09/17/2026","26.00","178.00","13279260","","{8CA7DE6A-2248-69AA-63BB-8E783376DAF3}"
"507516","732754","Marvin","A","Franz","","Jr","n/a","retired","n/a","103 Cardinal Ct","","Williamsburg","VA","23185","True","09/17/2026","40.00","116.00","13279261","","{8CA7DE6A-2248-69AA-63BB-8E783376DAF3}"
"507516","768192","Jeffry","E","Smith","","","Dr Sawdust Workshop LLC","woodworker","Williamsburg. VA","502 Arbordale Loop","","Williamsburg","VA","23188","True","07/02/2026","26.00","204.00","13279262","","{8CA7DE6A-2248-69AA-63BB-8E783376DAF3}"
"507516","768192","Jeffry","E","Smith","","","Dr Sawdust Workshop LLC","woodworker","Williamsburg. VA","502 Arbordale Loop","","Williamsburg","VA","23188","True","08/03/2026","26.00","230.00","13279263","","{8CA7DE6A-2248-69AA-63BB-8E783376DAF3}"
"507516","1275150","Vincent","V","Passero","","","n/a","Retired","n/a","281 Camp Road","","Toano","VA","23168","True","08/20/2026","26.00","249.00","13279290","","{8CA7DE6A-2248-69AA-63BB-8E783376DAF3}"
"507516","1275150","Vincent","V","Passero","","","n/a","Retired","n/a","281 Camp Road","","Toano","VA","23168","True","09/17/2026","26.00","275.00","13279291","","{8CA7DE6A-2248-69AA-63BB-8E783376DAF3}"
"507516","1290337","Harry","V","Fahl","","","n/a","Retired","n/a","5107 Scarborough Mews","","williamsburg","VA","23188","True","07/16/2026","26.00","180.00","13279292","","{8CA7DE6A-2248-69AA-63BB-8E783376DAF3}"
"507516","1291736","Neal","E","Burton","","","n/a","Retired","n/a","112 Entry Hill","","williamsburg","VA","23188","True","08/20/2026","26.00","113.00","13279293","","{8CA7DE6A-2248-69AA-63BB-8E783376DAF3}"
"507516","1291736","Neal","E","Burton","","","n/a","Retired","n/a","112 Entry Hill","","williamsburg","VA","23188","True","09/17/2026","26.00","139.00","13279294","","{8CA7DE6A-2248-69AA-63BB-8E783376DAF3}"
"507516","1291741","Ross","L","Crown","","","Retired","Retired","Retired","203 Ben Franklin Circle","","williamsburg","VA","23188","True","08/20/2026","61.00","113.00","13279295","","{8CA7DE6A-2248-69AA-63BB-8E783376DAF3}"
"507517","","","","Virginia Catholic Conference, LLC","","","","Advocacy Organization","Richmond,VA","919 E Main St","Ste 1140","Richmond","VA","23219","False","10/02/2026","100000.00","275000.00","13279296","","{A53BAC2D-35FB-F474-4137-690EDC26A9A4}"
"507520","1317227","William","","Sessoms","Mr","","N.A.","Retired","N.A.","304 Booty Lane","","Virginia Beach","VA","23451","True","09/19/2026","500.00","500.00","13279310","","{4570524D-78B7-0303-C36D-5AA1F55EBB1C}"
"507521","1318720","Elizabeth","","Guzman","","","City Of Alexandria","Social worker","Alexandria, VA","14935 Deepwood Lane","","Nokesville","VA","20181","True","10/01/2026","250.00",".00","13279311","","{427048EA-A918-52C3-42F0-14E038A001C3}"
"507523","411914","Sandra","","Price-Stroble","","","none","retired","Harrisonburg, VA","1363 Sparrow Court","","Harrisonburg","VA","22802","True","07/12/2026","25.00","175.00","13279410","","{BB9D8F95-A660-020E-6119-4A8ED1D8022F}"
"507523","411914","Sandra","","Price-Stroble","","","none","retired","Harrisonburg, VA","1363 Sparrow Court","","Harrisonburg","VA","22802","True","08/11/2026","25.00","200.00","13279411","","{BB9D8F95-A660-020E-6119-4A8ED1D8022F}"
"507523","411914","Sandra","","Price-Stroble","","","none","retired","Harrisonburg, VA","1363 Sparrow Court","","Harrisonburg","VA","22802","True","08/16/2026","100.00","300.00","13279412","","{BB9D8F95-A660-020E-6119-4A8ED1D8022F}"
"507523","411914","Sandra","","Price-Stroble","","","none","retired","Harrisonburg, VA","1363 Sparrow Court","","Harrisonburg","VA","22802","True","08/27/2026","75.00","375.00","13279413","","{BB9D8F95-A660-020E-6119-4A8ED1D8022F}"
"507523","411914","Sandra","","Price-Stroble","","","none","retired","Harrisonburg, VA","1363 Sparrow Court","","Harrisonburg","VA","22802","True","09/12/2026","25.00","400.00","13279414","","{BB9D8F95-A660-020E-6119-4A8ED1D8022F}"
"507523","411915","Harold","","Teer","","","none","Not employed","Rockingham, VA","1693 Massanetta Springs Rd","","Rockingham","VA","22801","True","08/09/2026","150.00","150.00","13279415","","{BB9D8F95-A660-020E-6119-4A8ED1D8022F}"
"507523","411924","Alleyn","","Harned","","","Virginia Clean Cities","Executive Director","Harrisonburg, VA","77 N Willow St","","Harrisonburg","VA","22802","True","07/02/2026","40.00","104.00","13279416","","{BB9D8F95-A660-020E-6119-4A8ED1D8022F}"
"507523","411924","Alleyn","","Harned","","","Virginia Clean Cities","Executive Director","Harrisonburg, VA","77 N Willow St","","Harrisonburg","VA","22802","True","07/03/2026","55.00","159.00","13279417","","{BB9D8F95-A660-020E-6119-4A8ED1D8022F}"
"507523","411924","Alleyn","","Harned","","","Virginia Clean Cities","Executive Director","Harrisonburg, VA","77 N Willow St","","Harrisonburg","VA","22802","True","07/19/2026","700.00","859.00","13279418","","{BB9D8F95-A660-020E-6119-4A8ED1D8022F}"
"507523","411924","Alleyn","","Harned","","","Virginia Clean Cities","Executive Director","Harrisonburg, VA","77 N Willow St","","Harrisonburg","VA","22802","True","09/06/2026","24.00","883.00","13279419","","{BB9D8F95-A660-020E-6119-4A8ED1D8022F}"
"507523","411925","Matthew","","Wade","","","Virginia Clean Cities","Deputy Director","Harrisonburg, VA","636 Wyndham Woods Circle","","Harrisonburg","VA","22801","True","07/02/2026","100.00","358.00","13279420","","{BB9D8F95-A660-020E-6119-4A8ED1D8022F}"
"507523","411925","Matthew","","Wade","","","Virginia Clean Cities","Deputy Director","Harrisonburg, VA","636 Wyndham Woods Circle","","Harrisonburg","VA","22801","True","07/03/2026","24.00","382.00","13279421","","{BB9D8F95-A660-020E-6119-4A8ED1D8022F}"
"507523","411925","Matthew","","Wade","","","Virginia Clean Cities","Deputy Director","Harrisonburg, VA","636 Wyndham Woods Circle","","Harrisonburg","VA","22801","True","07/27/2026","10.00","392.00","13279422","","{BB9D8F95-A660-020E-6119-4A8ED1D8022F}"
"507523","411925","Matthew","","Wade","","","Virginia Clean Cities","Deputy Director","Harrisonburg, VA","636 Wyndham Woods Circle","","Harrisonburg","VA","22801","True","08/13/2026","600.00","992.00","13279423","","{BB9D8F95-A660-020E-6119-4A8ED1D8022F}"
"507523","411925","Matthew","","Wade","","","Virginia Clean Cities","Deputy Director","Harrisonburg, VA","636 Wyndham Woods Circle","","Harrisonburg","VA","22801","True","08/27/2026","10.00","1002.00","13279424","","{BB9D8F95-A660-020E-6119-4A8ED1D8022F}"
"507523","411925","Matthew","","Wade","","","Virginia Clean Cities","Deputy Director","Harrisonburg, VA","636 Wyndham Woods Circle","","Harrisonburg","VA","22801","True","09/06/2026","20.00","1022.00","13279425","","{BB9D8F95-A660-020E-6119-4A8ED1D8022F}"
"507524","1318712","Michael","H","McKleman","","","Retired","Retired","Winchester, VA","705 S Stewart St","","WInchester","VA","22601","True","09/22/2026","125.00","125.00","13279541","","{505CC0F4-01AE-8CF8-3375-A603948DC5F0}"
"507530","1309576","Benjamin","Andrew","Puckett","","","First Bank & Trust Company","Banker","Bristol, TN","13352 Prices Bridge Road","","Glade Spring","VA","24340","True","09/14/2026","1650.00","2720.00","13279684","","{CD4834A1-0604-FAEF-671E-EE22CB8143DB}"
"507530","1309576","Benjamin","Andrew","Puckett","","","First Bank & Trust Company","Banker","Bristol, TN","13352 Prices Bridge Road","","Glade Spring","VA","24340","True","09/18/2026","251.00","2971.00","13279685","","{CD4834A1-0604-FAEF-671E-EE22CB8143DB}"
"507530","1312767","Daniel","","Reynolds","","","","","","24115 Brumley Gap Road","","Abingdon","VA","24210","True","09/03/2026","500.00","500.00","13279686","","{CD4834A1-0604-FAEF-671E-EE22CB8143DB}"
"507531","1318726","Edward","","Pratt","","","Retired","Retired","Manassas, VA","9413 FLOWERDEN LN","","MANASSAS","VA","20110","True","10/02/2026","500.00",".00","13279687","","{40D55F58-EA6B-8B14-029D-B636AE88E2C5}"
"507539","15028","Anne","","Hayes","","","N/A","N/A","Henrico","9712 Deborah Ridge Pl","","Richmond","VA","23238","True","08/18/2026","300.00","300.00","13280209","","{530C8297-9BA2-45D4-CA2C-ECC70415C4DF}"
"507539","15028","Anne","","Hayes","","","N/A","N/A","Henrico","9712 Deborah Ridge Pl","","Richmond","VA","23238","True","09/21/2026","200.00","500.00","13280210","","{530C8297-9BA2-45D4-CA2C-ECC70415C4DF}"
"507539","15154","Melissa","","Marrion","","","n/a","Retired","n/a","4303 New Kent Avenue","","Richmond","VA","23225","True","08/29/2026","140.00","180.00","13280211","","{530C8297-9BA2-45D4-CA2C-ECC70415C4DF}"
"507539","15154","Melissa","","Marrion","","","n/a","Retired","n/a","4303 New Kent Avenue","","Richmond","VA","23225","True","09/10/2026","5.00","185.00","13280212","","{530C8297-9BA2-45D4-CA2C-ECC70415C4DF}"
"507539","15277","Adalyn","","Brugger","","","Self","Attorney","Mechanicsville, VA","1973 Retreat Drive","","Mechanicsville","VA","23111","True","08/09/2026","2500.00","2500.00","13280213","","{530C8297-9BA2-45D4-CA2C-ECC70415C4DF}"
"507539","15420","Cheryl","","Zando","","","self","Consultant","Henrico VA","2307 New Berne Road","","Henrico","VA","23228","True","09/10/2026","100.00","190.00","13280214","","{530C8297-9BA2-45D4-CA2C-ECC70415C4DF}"
"507539","32852","Julie","","Laskaris","","","University of Richmond","Professor","Richmond VA","2405 Capehart Rd","","Henrico","VA","23294","True","07/10/2026","20.00","140.00","13280215","","{530C8297-9BA2-45D4-CA2C-ECC70415C4DF}"
"507539","32852","Julie","","Laskaris","","","University of Richmond","Professor","Richmond VA","2405 Capehart Rd","","Henrico","VA","23294","True","08/10/2026","20.00","160.00","13280216","","{530C8297-9BA2-45D4-CA2C-ECC70415C4DF}"
"507539","32852","Julie","","Laskaris","","","University of Richmond","Professor","Richmond VA","2405 Capehart Rd","","Henrico","VA","23294","True","09/10/2026","20.00","180.00","13280217","","{530C8297-9BA2-45D4-CA2C-ECC70415C4DF}"
"507539","32852","Julie","","Laskaris","","","University of Richmond","Professor","Richmond VA","2405 Capehart Rd","","Henrico","VA","23294","True","09/29/2026","100.00","280.00","13280218","","{530C8297-9BA2-45D4-CA2C-ECC70415C4DF}"
"507539","33279","Peggy","","Borgard","","","Self","Administrator","Henrico VA","6710 Thayer Ct","","Richmond","VA","23226","True","08/23/2026","90.00","170.00","13280219","","{530C8297-9BA2-45D4-CA2C-ECC70415C4DF}"
"507539","33279","Peggy","","Borgard","","","Self","Administrator","Henrico VA","6710 Thayer Ct","","Richmond","VA","23226","True","09/12/2026","10.00","180.00","13280220","","{530C8297-9BA2-45D4-CA2C-ECC70415C4DF}"
"507539","33295","Tyrone","","Nelson","","","Sixth Mt. Zion Baptist Church","Pastor","Richmond VA","1448 Village Drive","","Richmond","VA","23231","True","08/31/2026","140.00","140.00","13280221","","{530C8297-9BA2-45D4-CA2C-ECC70415C4DF}"
"507539","96257","John","","Borgard","Mr","","N/A","Retired","Henrico, VA","7701 Dartmoor Road","","Henrico","VA","23229","True","08/23/2026","90.00","170.00","13280222","","{530C8297-9BA2-45D4-CA2C-ECC70415C4DF}"
"507539","96257","John","","Borgard","Mr","","N/A","Retired","Henrico, VA","7701 Dartmoor Road","","Henrico","VA","23229","True","09/05/2026","10.00","180.00","13280223","","{530C8297-9BA2-45D4-CA2C-ECC70415C4DF}"
"507539","141435","Mary","","Reichert","","","N/A","RN","Henrico, VA","5106 Sulky Dr.","104","Henrico","VA","23228","True","08/09/2026","90.00","170.00","13280224","","{530C8297-9BA2-45D4-CA2C-ECC70415C4DF}"
"507539","303057","Roy","","Yamamoto","","","N/A","Retired","N/A","3809 Candlebrook Ct","","Henrico","VA","23233","True","08/28/2026","280.00","280.00","13280225","","{530C8297-9BA2-45D4-CA2C-ECC70415C4DF}"
"507539","337276","James","","Doyle","","","Ross Video","Manager","Glen Allen, VA","2911 Murano Way","","Glen Allen","VA","23059","True","07/12/2026","20.00","140.00","13280226","","{530C8297-9BA2-45D4-CA2C-ECC70415C4DF}"
"507539","337276","James","","Doyle","","","Ross Video","Manager","Glen Allen, VA","2911 Murano Way","","Glen Allen","VA","23059","True","08/12/2026","20.00","160.00","13280227","","{530C8297-9BA2-45D4-CA2C-ECC70415C4DF}"
"507539","337276","James","","Doyle","","","Ross Video","Manager","Glen Allen, VA","2911 Murano Way","","Glen Allen","VA","23059","True","08/27/2026","280.00","440.00","13280228","","{530C8297-9BA2-45D4-CA2C-ECC70415C4DF}"
"507558","1318742","Helen","","Schoene","","","Not employed","Not employed","Palmyra VA","211 Jefferson Drive","","Palmyra","VA","22963","True","05/02/2026","28.81","144.05","13280572","","{1DC4612C-7F90-DB78-6512-F2911BB8283D}"
"507558","1318742","Helen","","Schoene","","","Not employed","Not employed","Palmyra VA","211 Jefferson Drive","","Palmyra","VA","22963","True","06/02/2026","28.81","172.86","13280573","","{1DC4612C-7F90-DB78-6512-F2911BB8283D}"
"507558","1318745","Sharon","","Drucker","","","Not Employed","Not Employed","Palmyra VA","11 Whinchat Lane","","Palmyra","VA","22963","True","06/03/2026","17.28","103.68","13280574","","{1DC4612C-7F90-DB78-6512-F2911BB8283D}"
"507558","1318750","Stephen","","Beuttel","","","Not Employed","Not Employed","Palmyra VA","22 Mulligan","","Palmyra","VA","22963","True","04/01/2026","485.00","513.80","13280575","","{1DC4612C-7F90-DB78-6512-F2911BB8283D}"
"507558","1318750","Stephen","","Beuttel","","","Not Employed","Not Employed","Palmyra VA","22 Mulligan","","Palmyra","VA","22963","True","04/03/2026","9.60","523.40","13280576","","{1DC4612C-7F90-DB78-6512-F2911BB8283D}"
"507558","1318750","Stephen","","Beuttel","","","Not Employed","Not Employed","Palmyra VA","22 Mulligan","","Palmyra","VA","22963","True","05/03/2026","9.60","533.00","13280577","","{1DC4612C-7F90-DB78-6512-F2911BB8283D}"
"507558","1318750","Stephen","","Beuttel","","","Not Employed","Not Employed","Palmyra VA","22 Mulligan","","Palmyra","VA","22963","True","06/03/2026","9.60","542.60","13280578","","{1DC4612C-7F90-DB78-6512-F2911BB8283D}"
"507558","1318756","Mike","","Feazel","","","Not Employed","Not Employed","Palmyra VA","25 Vine Ridge Dr","","Palmyra","VA","22963","True","05/06/2026","24.01","120.05","13280579","","{1DC4612C-7F90-DB78-6512-F2911BB8283D}"
"507558","1318756","Mike","","Feazel","","","Not Employed","Not Employed","Palmyra VA","25 Vine Ridge Dr","","Palmyra","VA","22963","True","06/06/2026","24.01","144.06","13280580","","{1DC4612C-7F90-DB78-6512-F2911BB8283D}"
"507558","1318758","Richard","","Feazel","","","Not Employed","Not Employed","Palmyra VA","25 VINE RIDGE DR","","Palmyra","VA","22963","True","05/06/2026","24.01","120.05","13280581","","{1DC4612C-7F90-DB78-6512-F2911BB8283D}"
"507558","1318758","Richard","","Feazel","","","Not Employed","Not Employed","Palmyra VA","25 VINE RIDGE DR","","Palmyra","VA","22963","True","06/06/2026","24.01","144.06","13280582","","{1DC4612C-7F90-DB78-6512-F2911BB8283D}"
"507558","1318760","Marvin","","Moss","","","Not Employed","Not Employed","Palmyra VA","14054 James Madison Hwy","","Palmyra","VA","22963","True","04/07/2026","48.02","192.08","13280583","","{1DC4612C-7F90-DB78-6512-F2911BB8283D}"
"507558","1318760","Marvin","","Moss","","","Not Employed","Not Employed","Palmyra VA","14054 James Madison Hwy","","Palmyra","VA","22963","True","05/07/2026","48.02","240.10","13280584","","{1DC4612C-7F90-DB78-6512-F2911BB8283D}"
"507558","1318760","Marvin","","Moss","","","Not Employed","Not Employed","Palmyra VA","14054 James Madison Hwy","","Palmyra","VA","22963","True","06/07/2026","48.02","288.12","13280585","","{1DC4612C-7F90-DB78-6512-F2911BB8283D}"
"507558","1318768","Patricia","","Brown","","","Not Employed","Not Employed","Palmyra VA","22 Mulligan Dr","","Palmyra","VA","22963","True","06/27/2026","24.01","120.05","13280586","","{1DC4612C-7F90-DB78-6512-F2911BB8283D}"
"507558","1318771","Angela","","Chainer","","","Not Employed","Not Employed","Palmyra VA","PO Box 5","","Palmyra","VA","22963","True","05/04/2026","96.05","293.29","13280587","","{1DC4612C-7F90-DB78-6512-F2911BB8283D}"
"507558","1318771","Angela","","Chainer","","","Not Employed","Not Employed","Palmyra VA","PO Box 5","","Palmyra","VA","22963","True","05/24/2026","96.05","389.34","13280588","","{1DC4612C-7F90-DB78-6512-F2911BB8283D}"
"507558","1318771","Angela","","Chainer","","","Not Employed","Not Employed","Palmyra VA","PO Box 5","","Palmyra","VA","22963","True","06/04/2026","96.05","485.39","13280589","","{1DC4612C-7F90-DB78-6512-F2911BB8283D}"
"507558","1318783","","","Contest Every Race Action Fund, a Fund of Rapid Resist Action","","","","Non-Profit","Chicago, IL","2045 W. Grand Ave Ste B","PMB 31638","Chicago","IL","60612","False","04/22/2026","400.00","1200.00","13280590","","{1DC4612C-7F90-DB78-6512-F2911BB8283D}"
"507558","1318786","Dosha","","Morris","","","Not Employed","Not Employed","Troy VA","1139 Little Creek Road","","Troy","VA","22974","True","06/01/2026","24.01","112.03","13280591","","{1DC4612C-7F90-DB78-6512-F2911BB8283D}"
"507558","1318794","Regina","","Creasy","","","Not Employed","Not Employed","Palmyra, VA","38 Jennings Drive","","Palmyra","VA","22963","True","04/30/2026","120.00","120.00","13280592","","{1DC4612C-7F90-DB78-6512-F2911BB8283D}"
"507563","","","","RURAL GROUNDGAME 3X","","","","Political Action Committee","Rockingham VA","676 Melrose Rd","","Rockingham","VA","22802-1306","False","10/02/2026","10248.00","10248.00","13280593","","{AA09A5EF-83ED-A05D-8FCA-AC5C4AB8BD0F}"
"507567","2586","Patrick","","Carl","Mr.","","n/a","retired","n/a","11416 Enchanted Way","","Fredericksburg","VA","22407","True","07/05/2026","11.53","225.53","13280595","","{9E8210A6-0EEF-DFF8-20E7-B08236EC93C5}"
"507567","2586","Patrick","","Carl","Mr.","","n/a","retired","n/a","11416 Enchanted Way","","Fredericksburg","VA","22407","True","08/02/2026","12.00","237.53","13280596","","{9E8210A6-0EEF-DFF8-20E7-B08236EC93C5}"
"507567","2586","Patrick","","Carl","Mr.","","n/a","retired","n/a","11416 Enchanted Way","","Fredericksburg","VA","22407","True","09/02/2026","12.10","249.63","13280597","","{9E8210A6-0EEF-DFF8-20E7-B08236EC93C5}"
"507567","2586","Patrick","","Carl","Mr.","","n/a","retired","n/a","11416 Enchanted Way","","Fredericksburg","VA","22407","True","09/06/2026","200.00","449.63","13280598","","{9E8210A6-0EEF-DFF8-20E7-B08236EC93C5}"
"507605","","Lissa","","Savaglio","","","Eplus","Operations","Sterling VA","42567 Highgate Ter","","Brambleton","VA","20148-6422","True","08/10/2026","84.00","168.00","13281879","","{23316C5D-8979-124C-50FA-D41F629026C1}"
"507605","","Lissa","","Savaglio","","","Eplus","Operations","Sterling VA","42567 Highgate Ter","","Brambleton","VA","20148-6422","True","09/10/2026","84.00","252.00","13281880","","{23316C5D-8979-124C-50FA-D41F629026C1}"
"507605","","Laura","","Tekrony","","","Loudoun County-Little River District","Supervisor","Leesburg VA","40497 Sousa Pl","","Aldie","VA","20105-2391","True","07/10/2026","200.00","200.00","13281881","","{23316C5D-8979-124C-50FA-D41F629026C1}"
"507605","","Mary","A","Tondreau","","","none","none","Ashburn VA","21145 Cardinal Pond Ter","Apt 425","Ashburn","VA","20147-6137","True","09/16/2026","25.00","120.00","13281882","","{23316C5D-8979-124C-50FA-D41F629026C1}"
"507606","1050689","","","GOPAC Election Fund","","","","Political Action Committee","Arlington, VA","1201 Wilson Boulevard","2110","Arlington","VA","22209","False","10/02/2026","25000.00",".00","13281883","","{238C5EC7-7275-3016-25BA-8B798BF73CF0}"
"507609","","Merry","Victoria","Allen-Scott","","","Not Employed","n/a","Williamsburg VA","4190 Winthrop Cir","","Williamsburg","VA","23188-7611","True","07/05/2026","20.00","170.00","13281886","","{0B68C258-60DE-F9AC-7BDE-72E5444CC87C}"
"507609","","Merry","Victoria","Allen-Scott","","","Not Employed","n/a","Williamsburg VA","4190 Winthrop Cir","","Williamsburg","VA","23188-7611","True","08/02/2026","20.00","190.00","13281887","","{0B68C258-60DE-F9AC-7BDE-72E5444CC87C}"
"507609","","Merry","Victoria","Allen-Scott","","","Not Employed","n/a","Williamsburg VA","4190 Winthrop Cir","","Williamsburg","VA","23188-7611","True","08/30/2026","20.00","210.00","13281888","","{0B68C258-60DE-F9AC-7BDE-72E5444CC87C}"
"507609","","Merry","Victoria","Allen-Scott","","","Not Employed","n/a","Williamsburg VA","4190 Winthrop Cir","","Williamsburg","VA","23188-7611","True","09/30/2026","20.00","230.00","13281889","","{0B68C258-60DE-F9AC-7BDE-72E5444CC87C}"
"507609","","Lizabeth","Ann","Allison","","","William and Mary","Professor","Williamsburg VA","2130 Lake Powell Rd","","Williamsburg","VA","23185-3123","True","08/02/2026","100.00","300.00","13281890","","{0B68C258-60DE-F9AC-7BDE-72E5444CC87C}"
"507609","","Maureen","Morrissey","Archer","","","Professional English, Inc","President","Yorktown VA","205 Heavens Way","","Yorktown","VA","23693-2617","True","07/05/2026","10.00","120.00","13281891","","{0B68C258-60DE-F9AC-7BDE-72E5444CC87C}"
"507609","","Maureen","Morrissey","Archer","","","Professional English, Inc","President","Yorktown VA","205 Heavens Way","","Yorktown","VA","23693-2617","True","08/02/2026","10.00","130.00","13281892","","{0B68C258-60DE-F9AC-7BDE-72E5444CC87C}"
"507609","","Maureen","Morrissey","Archer","","","Professional English, Inc","President","Yorktown VA","205 Heavens Way","","Yorktown","VA","23693-2617","True","09/06/2026","10.00","140.00","13281893","","{0B68C258-60DE-F9AC-7BDE-72E5444CC87C}"
"507609","","Steven","Jay","Berke","","","Not Employed","n/a","Williamsburg VA","5700 Williamsburg Landing Dr","Apt 204","Williamsburg","VA","23185-3779","True","07/19/2026","40.00","280.00","13281894","","{0B68C258-60DE-F9AC-7BDE-72E5444CC87C}"
"507609","","Steven","Jay","Berke","","","Not Employed","n/a","Williamsburg VA","5700 Williamsburg Landing Dr","Apt 204","Williamsburg","VA","23185-3779","True","08/16/2026","20.00","300.00","13281895","","{0B68C258-60DE-F9AC-7BDE-72E5444CC87C}"
"507609","","Steven","Jay","Berke","","","Not Employed","n/a","Williamsburg VA","5700 Williamsburg Landing Dr","Apt 204","Williamsburg","VA","23185-3779","True","08/23/2026","20.00","320.00","13281896","","{0B68C258-60DE-F9AC-7BDE-72E5444CC87C}"
"507609","","Steven","Jay","Berke","","","Not Employed","n/a","Williamsburg VA","5700 Williamsburg Landing Dr","Apt 204","Williamsburg","VA","23185-3779","True","09/20/2026","40.00","360.00","13281897","","{0B68C258-60DE-F9AC-7BDE-72E5444CC87C}"
"507609","","Cynthia","Morrison","Bickey","","","Mine Power Systems","Business","Beaver WV","4222 New Town Ave","","Williamsburg","VA","23188-2681","True","07/19/2026","25.00","245.00","13281898","","{0B68C258-60DE-F9AC-7BDE-72E5444CC87C}"
"507609","","Cynthia","Morrison","Bickey","","","Mine Power Systems","Business","Beaver WV","4222 New Town Ave","","Williamsburg","VA","23188-2681","True","08/16/2026","25.00","270.00","13281899","","{0B68C258-60DE-F9AC-7BDE-72E5444CC87C}"
"507609","","Cynthia","Morrison","Bickey","","","Mine Power Systems","Business","Beaver WV","4222 New Town Ave","","Williamsburg","VA","23188-2681","True","09/13/2026","25.00","295.00","13281900","","{0B68C258-60DE-F9AC-7BDE-72E5444CC87C}"
"507609","","Sara","","Bowden","","","Not Employed","n/a","Williamsburg VA","141 Macaulay Rd","","Williamsburg","VA","23185","True","08/16/2026","25.00","125.00","13281901","","{0B68C258-60DE-F9AC-7BDE-72E5444CC87C}"
"507609","","Anne","Katherine","Brennan","","","Not Employed","n/a","Williamsburg VA","159 Lakewood Dr","","Williamsburg","VA","23185-3176","True","08/09/2026","15.00","110.00","13281902","","{0B68C258-60DE-F9AC-7BDE-72E5444CC87C}"
"507609","","Anne","Katherine","Brennan","","","Not Employed","n/a","Williamsburg VA","159 Lakewood Dr","","Williamsburg","VA","23185-3176","True","08/30/2026","10.00","120.00","13281903","","{0B68C258-60DE-F9AC-7BDE-72E5444CC87C}"
"507609","","Anne","Katherine","Brennan","","","Not Employed","n/a","Williamsburg VA","159 Lakewood Dr","","Williamsburg","VA","23185-3176","True","09/27/2026","10.00","130.00","13281904","","{0B68C258-60DE-F9AC-7BDE-72E5444CC87C}"
"507627","1318963","David","","Lefkowitz","","","Not Employed","Not Employed","New York, NY","422 East 72nd Street #28E","","New York, NY","NY","10021","True","09/29/2026","1000.00","1000.00","13283260","","{3F11BCF2-C3F6-40FF-DF07-75AB46EEC0BB}"
"507627","1318964","Rita","","Hummel","","","Not Employed","Not Employed","Richmond, VA","21 Tow Path Ln S","","Richmond","VA","23221","True","09/21/2026","2500.00","2500.00","13283261","","{3F11BCF2-C3F6-40FF-DF07-75AB46EEC0BB}"
"507627","1318965","Anne","","Holton","","","George Mason U","Professor","Richmond, VA","1101 Haxall Point Unit 914","","Richmond","VA","23227","True","09/15/2026","1000.00","1000.00","13283262","","{3F11BCF2-C3F6-40FF-DF07-75AB46EEC0BB}"
"507627","1318968","Sophie","","Grayer","","","Revolution Foods","Management","Richmond, VA","3215 Stuart Ave 31","","Richmond","VA","23222","True","09/29/2026","500.00","500.00","13283263","","{3F11BCF2-C3F6-40FF-DF07-75AB46EEC0BB}"
"507627","1318969","Carolyn","","Garner","","","Not Employed","Not Employed","Richmond, VA","204 Lockgreen Ct","","Richmond","VA","23226","True","09/25/2026","500.00","500.00","13283264","","{3F11BCF2-C3F6-40FF-DF07-75AB46EEC0BB}"
"507627","1318971","Sarah","","Finley","","","Not Employed","Not Employed","Richmond, VA","2017 Hanover Avenue","","Richmond","VA","23220","True","09/28/2026","500.00","500.00","13283265","","{3F11BCF2-C3F6-40FF-DF07-75AB46EEC0BB}"
"507627","1318972","Lawrence","","Eiben","","","Not Employed","Not Employed","Richmond, VA","5501 Matoaka Rd","","Richmond","VA","23226","True","09/17/2026","2000.00","2000.00","13283266","","{3F11BCF2-C3F6-40FF-DF07-75AB46EEC0BB}"
"507627","1318973","Robert","","Downs","","","Not Employed","Not Employed","Richmond, VA","1205 Loch Lomond Ct","","Richmond","VA","23221","True","09/26/2026","500.00","500.00","13283267","","{3F11BCF2-C3F6-40FF-DF07-75AB46EEC0BB}"
"507627","1318975","Kathy","","Coleman","","","Not Employed","Not Employed","Richmond, VA","1623 Pope Avenue","","Richmond","VA","23227","True","09/17/2026","500.00","500.00","13283268","","{3F11BCF2-C3F6-40FF-DF07-75AB46EEC0BB}"
"507627","1318976","Kim","","Cho","","","KUC LLC","Business Owner","Richmond, VA","P.O. Box 7386","","Richmond","VA","23221","True","09/29/2026","300.00","300.00","13283269","","{3F11BCF2-C3F6-40FF-DF07-75AB46EEC0BB}"
"507627","1318977","Neal","","Chhabra","","","Devoted Health","Corporate Finance","Brooklyn, NY","6447 Lake Meadow Dr","","Burke","VA","22015","True","09/29/2026","250.00","250.00","13283270","","{3F11BCF2-C3F6-40FF-DF07-75AB46EEC0BB}"
"507627","1318979","Annie","","Campbell","","","Not Employed","Not Employed","Richmond, VA","1310 Whitby Road","","Richmond","VA","23227","True","09/15/2026","1000.00","1000.00","13283271","","{3F11BCF2-C3F6-40FF-DF07-75AB46EEC0BB}"
"507627","1318980","Kathleen","","Burcher","","","Airbnb","Policy Manager","San Francisco, CA","13038 Fairway Ln","","Ashland","VA","23005","True","09/15/2026","1000.00","1000.00","13283272","","{3F11BCF2-C3F6-40FF-DF07-75AB46EEC0BB}"
"507627","1318981","Mary","","Bruner","","","Not Employed","Not Employed","Richmond, VA","611 Gardiner Rd","","Richmond","VA","23229","True","09/16/2026","1000.00","1000.00","13283273","","{3F11BCF2-C3F6-40FF-DF07-75AB46EEC0BB}"
"507627","1318982","Mark","","Bowles","","","McGuireWoods LLP","Attorney","Goochland, VA","2626 Turner Road","","Goochland","VA","23063","True","09/29/2026","250.00","250.00","13283274","","{3F11BCF2-C3F6-40FF-DF07-75AB46EEC0BB}"
"507628","1295145","","","NOVA Labor Federation AFL-CIO","","","","Labor","Annandale, Virginia","PO Box 565","","Annandale","VA","22003","False","10/02/2026","20000.00",".00","13283275","","{46A01A54-A27E-BF2A-9E71-8E704ADD3677}"
"507632","1314759","Nina","","Weissberg","","","","","","627 Potomac River Rd","","McLean","VA","22102","True","09/11/2026","300.00","300.00","13283292","","{4FA8CC5A-50D0-F669-CB7F-58EABDBD081A}"
"507632","1314759","Nina","","Weissberg","","","","","","627 Potomac River Rd","","McLean","VA","22102","True","09/11/2026","200.00","500.00","13283293","","{4FA8CC5A-50D0-F669-CB7F-58EABDBD081A}"
"507633","1318989","Mary","","McDermott","","","","","","621 Northgate Avenue","","Waynesboro","VA","22980","True","10/01/2026","500.00",".00","13283294","","{A954F561-32CA-A376-F999-16523C02634A}"
"507634","1314759","Nina","","Weissberg","","","","","","627 Potomac River Rd","","McLean","VA","22102","True","09/11/2026","300.00",".00","13283295","","{863FD834-BF0F-FBA4-50D6-128F8E22EA9C}"
"507635","1314759","Nina","","Weissberg","","","","","","627 Potomac River Rd","","McLean","VA","22102","True","09/11/2026","200.00",".00","13283296","","{CECE261C-37CB-DA30-9EE0-497E64317A60}"
"507640","859304","Karl","","Busch","","","self","executive recruiter","Abingdon, VA","31050 Rhea Valley Rd.","","Meadowview","VA","24361","True","07/15/2026","25.00","555.00","13283327","","{802C1026-0C6A-9CF7-561B-F9E26FE33818}"
"507640","859304","Karl","","Busch","","","self","executive recruiter","Abingdon, VA","31050 Rhea Valley Rd.","","Meadowview","VA","24361","True","08/12/2026","25.00","580.00","13283328","","{802C1026-0C6A-9CF7-561B-F9E26FE33818}"
"507640","859304","Karl","","Busch","","","self","executive recruiter","Abingdon, VA","31050 Rhea Valley Rd.","","Meadowview","VA","24361","True","09/13/2026","25.00","605.00","13283329","","{802C1026-0C6A-9CF7-561B-F9E26FE33818}"
"507640","883042","Lori","","Freeman","","","","retired","","14525 Branch Street","","Abingdon","VA","24210","True","08/14/2026","250.00","275.00","13283330","","{802C1026-0C6A-9CF7-561B-F9E26FE33818}"
"507640","910637","Julianne","Johnson","Miles","","","x","x","x","384 Oakmont Dr.","","Abingdon","VA","24211","True","07/15/2026","25.00","175.00","13283331","","{802C1026-0C6A-9CF7-561B-F9E26FE33818}"
"507640","910637","Julianne","Johnson","Miles","","","x","x","x","384 Oakmont Dr.","","Abingdon","VA","24211","True","08/16/2026","25.00","200.00","13283332","","{802C1026-0C6A-9CF7-561B-F9E26FE33818}"
"507640","910637","Julianne","Johnson","Miles","","","x","x","x","384 Oakmont Dr.","","Abingdon","VA","24211","True","09/16/2026","25.00","225.00","13283333","","{802C1026-0C6A-9CF7-561B-F9E26FE33818}"
"507640","945447","Catherine","","Abernathy","","","x","retired","x","237 Lowland St SE","","Abingdon","VA","24210","True","07/28/2026","25.00","125.00","13283334","","{802C1026-0C6A-9CF7-561B-F9E26FE33818}"
"507655","14840","Joy","R","Dean","Ms","","Ramdev Hospitality, LLC","Receptionist","Chesapeake, VA","4418 N. Highgate Circle","","Portsmouth","VA","23703","True","07/01/2026","500.00","560.00","13283776","","{8AF98267-B256-51BA-075E-FBC969C44F86}"
"507655","14840","Joy","R","Dean","Ms","","Ramdev Hospitality, LLC","Receptionist","Chesapeake, VA","4418 N. Highgate Circle","","Portsmouth","VA","23703","True","07/09/2026","300.00","860.00","13283777","","{8AF98267-B256-51BA-075E-FBC969C44F86}"
"507655","42391","Diana","L","Kunkle","Ms","","Retired","Retired","Portsmouth","3855 Sunset Point","","Portsmouth","VA","23703","True","09/17/2026","200.00","315.00","13283778","","{8AF98267-B256-51BA-075E-FBC969C44F86}"
"507655","896271","Dorothy","Leigh","Alegria","Ms","","Retired (USN)","Retired (USN)","Portsmouth, VA","506 Chandler Harper Dr","","Portsmouth","VA","23701","True","09/16/2026","100.00","360.00","13283779","","{8AF98267-B256-51BA-075E-FBC969C44F86}"
"507655","1300648","","","Tidewater Tea Party Alliance dba Portsmouth Tea Party.","","","","","Portsmouth Virginia","4418 N. Highgate Circle","","Portsmouth","VA","23703","False","07/09/2026","300.00","300.00","13283780","","{8AF98267-B256-51BA-075E-FBC969C44F86}"
"507655","1309797","","","Full Strut Disposal","","","","Disposal","Va. Beach Virginia","2545 Squadron Ct.","","Va. Beach","VA","23453","False","07/26/2026","200.00","200.00","13283781","","{8AF98267-B256-51BA-075E-FBC969C44F86}"
"507659","1319029","","","Friends of Stella G. Pekarshy","","","","Political Committee","Centreville	VA","P.O. box 23191","","Centreville","VA","20120","False","09/23/2026","1000.00",".00","13283797","","{7ADDAFA3-97B6-A125-C162-CE29AEE3D1B7}"
"507660","1319027","","","Friends of Irene Shin","","","","Political Committee","Herdon, VA","P.O. Box 5501","","Herdon","VA","20172","False","09/29/2026","300.00",".00","13283798","","{05C83545-C653-5BE5-BC31-41DC46328E40}"
"507664","1319041","Don","","Reinhold","","","Transportation","Partner","Petersburg, VA","1667 Varina Ave","","Petersburg","VA","23805","True","10/04/2026","1000.00",".00","13283866","","{DA045523-CA79-40FC-A5B9-74FCB3F26D3A}"
"507667","891235","Kenneth","","Lecky","","","Expressions Networks","Software Developer","Washington, DC","1205 Charles St","","Fredericksburg","VA","22401","True","07/11/2026","20.00","321.80","13283867","","{11A54B8F-C970-1989-06DD-ABD6EE043A80}"
"507667","891235","Kenneth","","Lecky","","","Expressions Networks","Software Developer","Washington, DC","1205 Charles St","","Fredericksburg","VA","22401","True","08/07/2026","25.00","346.80","13283868","","{11A54B8F-C970-1989-06DD-ABD6EE043A80}"
"507667","891235","Kenneth","","Lecky","","","Expressions Networks","Software Developer","Washington, DC","1205 Charles St","","Fredericksburg","VA","22401","True","08/11/2026","20.00","366.80","13283869","","{11A54B8F-C970-1989-06DD-ABD6EE043A80}"
"507667","891235","Kenneth","","Lecky","","","Expressions Networks","Software Developer","Washington, DC","1205 Charles St","","Fredericksburg","VA","22401","True","09/11/2026","20.00","386.80","13283870","","{11A54B8F-C970-1989-06DD-ABD6EE043A80}"
"507667","892762","Jannan","","Holmes","","","Self","Mental Health Therapist","Fredericksburg, VA","705 Hilltop Lane","","Fredericksburg","VA","22401","True","09/09/2026","100.00","125.00","13283871","","{11A54B8F-C970-1989-06DD-ABD6EE043A80}"
"507667","893836","Will","","Mackintosh","","","UMW","College Professor","Fredericksburg, VA","814 Cornell St","","Fredericksburg","VA","22401","True","09/23/2026","100.00","145.00","13283872","","{11A54B8F-C970-1989-06DD-ABD6EE043A80}"
"507667","898488","Bruce","","Saller","","","NA","Retired","NA","1125 Hanover St","","Fredericksburg","VA","22401","True","08/15/2026","10.00","105.00","13283873","","{11A54B8F-C970-1989-06DD-ABD6EE043A80}"
"507667","898488","Bruce","","Saller","","","NA","Retired","NA","1125 Hanover St","","Fredericksburg","VA","22401","True","09/15/2026","10.00","115.00","13283874","","{11A54B8F-C970-1989-06DD-ABD6EE043A80}"
"507667","898488","Bruce","","Saller","","","NA","Retired","NA","1125 Hanover St","","Fredericksburg","VA","22401","True","09/29/2026","103.00","218.00","13283875","","{11A54B8F-C970-1989-06DD-ABD6EE043A80}"
"507667","1128483","Rich","","Larochelle","","","NA","Retired","NA","404 Riverside Dr","","Fredericksburg","VA","22401","True","08/25/2026","700.00","700.00","13283876","","{11A54B8F-C970-1989-06DD-ABD6EE043A80}"
"507667","1133923","Ernest","","Ackermann","","","NA","Retired","NA","1300 College Ave","","Fredericksburg","VA","22401","True","08/12/2026","250.00","250.00","13283877","","{11A54B8F-C970-1989-06DD-ABD6EE043A80}"
"507667","1141295","James","","Huber","","","NA","Retired","NA","519 Dunmore St","","Fredericksburg","VA","22401","True","08/12/2026","1000.00","1150.00","13283878","","{11A54B8F-C970-1989-06DD-ABD6EE043A80}"
"507667","1148414","Kerry","","Devine","","","Stafford County PS","Teacher","Stafford, VA","800 Mercer St","","Fredericksburg","VA","22401","True","09/21/2026","100.00","225.00","13283879","","{11A54B8F-C970-1989-06DD-ABD6EE043A80}"
"507667","1168587","Helen","","Ross","","","NA","Retired","NA","1310 Franklin St","","Fredericksburg","VA","22401","True","08/21/2026","135.00","160.00","13283880","","{11A54B8F-C970-1989-06DD-ABD6EE043A80}"
"507667","1185879","Leslie","","Leahy","","","NA","Retired","NA","1608 Littlepage St","","Fredericksburg","VA","22401","True","08/24/2026","250.00","275.00","13283881","","{11A54B8F-C970-1989-06DD-ABD6EE043A80}"
"507667","1198298","David","","Durham","","","Leidos","Sr. Capture Manager","Alexandria, VA","721 Kenmore Ave","","Fredericksburg","VA","22401","True","08/21/2026","250.00","275.00","13283882","","{11A54B8F-C970-1989-06DD-ABD6EE043A80}"
"507667","1202363","Gayle","","Brown","","","NA","Retired","NA","911 Marye St","","Fredericksburg","VA","22401","True","08/12/2026","100.00","150.00","13283883","","{11A54B8F-C970-1989-06DD-ABD6EE043A80}"
"507682","","Catherine","","Byrne","","","Fairfax County Government","Accountant","Woodbridge VA","2300 Margraf Cir","","Woodbridge","VA","22191-4087","True","08/20/2026","50.00","179.63","13283917","","{C3A61E4C-A85A-4191-EE19-D9124EF6B27F}"
"507682","","Catherine","","Byrne","","","Fairfax County Government","Accountant","Woodbridge VA","2300 Margraf Cir","","Woodbridge","VA","22191-4087","True","08/20/2026","129.63","179.63","13283918","","{C3A61E4C-A85A-4191-EE19-D9124EF6B27F}"
"507682","","Catherine","","Byrne","","","Fairfax County Government","Accountant","Woodbridge VA","2300 Margraf Cir","","Woodbridge","VA","22191-4087","True","09/13/2026","175.00","354.63","13283919","","{C3A61E4C-A85A-4191-EE19-D9124EF6B27F}"
"507682","","jordan","","dale","","","Retired","Retired","Dumfries VA","1707 Autumn Maple Leaf Dr","","Dumfries","VA","22026-2838","True","07/02/2026","20.00","240.00","13283920","","{C3A61E4C-A85A-4191-EE19-D9124EF6B27F}"
"507682","","jordan","","dale","","","Retired","Retired","Dumfries VA","1707 Autumn Maple Leaf Dr","","Dumfries","VA","22026-2838","True","08/02/2026","20.00","260.00","13283921","","{C3A61E4C-A85A-4191-EE19-D9124EF6B27F}"
"507682","","jordan","","dale","","","Retired","Retired","Dumfries VA","1707 Autumn Maple Leaf Dr","","Dumfries","VA","22026-2838","True","09/02/2026","20.00","280.00","13283922","","{C3A61E4C-A85A-4191-EE19-D9124EF6B27F}"
"507682","","Linda","","David","","","Retired","Retired","Gainesville VA","6926 Walnut Hill Dr","","Gainesville","VA","20155-3016","True","09/10/2026","129.63","129.63","13283923","","{C3A61E4C-A85A-4191-EE19-D9124EF6B27F}"
"507682","","Joan","","Donnelly","","","Retired","Retired","Gainesville VA","13890 Chelmsford Dr","","Gainesville","VA","20155-3125","True","08/26/2026","134.42","134.42","13283924","","{C3A61E4C-A85A-4191-EE19-D9124EF6B27F}"
"507682","","Marc","","Etchepare","","","Indeed.com","Account Manager","Haymarket VA","15474 Fog Mountain Cir","","Haymarket","VA","20169-8152","True","09/11/2026","129.63","233.38","13283925","","{C3A61E4C-A85A-4191-EE19-D9124EF6B27F}"
"507682","","Josh Thomas","","For Delegate","","","N/A","N/A","Washington DC","880 P St NW","Apt 817","Washington","DC","20001-3554","True","09/11/2026","250.00","250.00","13283926","","{C3A61E4C-A85A-4191-EE19-D9124EF6B27F}"
"507682","","Jeremy McPike","","for State Senate","","","N/A","N/A","Woodbridge VA","13536 Pace Ct","","Woodbridge","VA","22193-3988","True","09/04/2026","2000.00","2000.00","13283927","","{C3A61E4C-A85A-4191-EE19-D9124EF6B27F}"
"507682","","Margaret","","Franklin","","","Virginia House of Delegates","Delegate","Richmond VA","PO Box 8254","","Richmond","VA","23226-0254","True","09/20/2026","259.00","259.00","13283928","","{C3A61E4C-A85A-4191-EE19-D9124EF6B27F}"
"507682","","Ryan","","Frasier","","","Virginia House of Delegates","Legislative Assistant","Richmond VA","14545 ALSACE Ln","","Gainesville","VA","20155","True","09/12/2026","125.00","125.00","13283929","","{C3A61E4C-A85A-4191-EE19-D9124EF6B27F}"
"507682","","","","Friends of Andrea Bailey","","","","Candidate Committee","Dumfries VA","4222 Fortuna Center Plz","Ste 252","Dumfries","VA","22025-1515","False","07/02/2026","250.00","500.00","13283930","","{C3A61E4C-A85A-4191-EE19-D9124EF6B27F}"
"507682","","","","Friends of Andrea Bailey","","","","Candidate Committee","Dumfries VA","4222 Fortuna Center Plz","Ste 252","Dumfries","VA","22025-1515","False","07/02/2026","250.00","500.00","13283931","","{C3A61E4C-A85A-4191-EE19-D9124EF6B27F}"
"507682","","Elizabeth","","Guzman","","","City of Alexandria","Social Worker","Alexandria VA","14935 Deepwood Ln","","Nokesville","VA","20181-2601","True","09/10/2026","259.00","259.00","13283932","","{C3A61E4C-A85A-4191-EE19-D9124EF6B27F}"
"507682","","Elizabeth","","Guzman","","","City of Alexandria","Social Worker","Alexandria VA","14935 Deepwood Ln","","Nokesville","VA","20181-2601","True","09/12/2026","20.00","279.00","13283933","","{C3A61E4C-A85A-4191-EE19-D9124EF6B27F}"
"507682","","Nancy","","Herwig","","","Retired","Retired","Haymarket VA","15709 Nelson Dr","","Haymarket","VA","20169-1315","True","09/17/2026","125.00","175.00","13283934","","{C3A61E4C-A85A-4191-EE19-D9124EF6B27F}"
"507682","","Adele","Elizabeth","Jackson","","","Fairfax County Public School","Teacher","Falls Church VA","9645 Auburn Rd","","Nokesville","VA","20181-1133","True","09/09/2026","129.63","129.63","13283935","","{C3A61E4C-A85A-4191-EE19-D9124EF6B27F}"
"507682","","Deshundra","","Jefferson","","","Prince William Board of County Supervisors","Chair At-Large","Woodbridge VA","15903 Brawner Dr","","Dumfries","VA","22025-1417","True","08/05/2026","129.63","257.51","13283936","","{C3A61E4C-A85A-4191-EE19-D9124EF6B27F}"
"507682","","Byron","","Jenkins","","","Retired","Retired","Gainesville VA","7047 Kona Dr","","Gainesville","VA","20155-3324","True","09/02/2026","259.00","566.25","13283937","","{C3A61E4C-A85A-4191-EE19-D9124EF6B27F}"
"507682","","Lillie","","Jessie","","","Retired","Retired","Woodbridge VA","2753 Omisol Rd","","Woodbridge","VA","22192-3803","True","08/21/2026","129.63","129.63","13283938","","{C3A61E4C-A85A-4191-EE19-D9124EF6B27F}"
"507682","","Richard","","Jessie","","","Retired","Retired","Woodbridge VA","2753 Omisol Rd","","Woodbridge","VA","22192-3803","True","08/21/2026","129.63","229.63","13283939","","{C3A61E4C-A85A-4191-EE19-D9124EF6B27F}"
"507687","907482","Elizabeth","","Wittner","","","UVA","Teacher","Charlottesville, VA","1322 Oxford Pl","","Charlottesville","VA","22903","True","09/24/2026","125.00","125.00","13284294","","{A89C4781-7955-6ED4-9AC6-0FF9C189F377}"
"507687","912217","Kristine","","Montamat","","","none","none","none","1631 Brandywine Dr","","Charlottesville","VA","22901","True","09/14/2026","250.00","270.00","13284295","","{A89C4781-7955-6ED4-9AC6-0FF9C189F377}"
"507687","912217","Kristine","","Montamat","","","none","none","none","1631 Brandywine Dr","","Charlottesville","VA","22901","True","09/26/2026","5.00","275.00","13284296","","{A89C4781-7955-6ED4-9AC6-0FF9C189F377}"
"507687","966092","Laura","","Shea","","","unknown","unknown","Charlottesville, VA","1109 Montrose Ave","","Charlottesville","VA","22902","True","09/23/2026","125.00","140.00","13284297","","{A89C4781-7955-6ED4-9AC6-0FF9C189F377}"
"507687","1148231","Catherine","","Barnes","","","none","none","none","511 N First St","614","Charlottesville","VA","22902","True","09/09/2026","165.00","165.00","13284298","","{A89C4781-7955-6ED4-9AC6-0FF9C189F377}"
"507687","1148232","Nancy","","Weiss","","","none","none","none","3264 Lonesome Mtn Rd","","Charlottesville","VA","22911","True","09/04/2026","250.00","250.00","13284299","","{A89C4781-7955-6ED4-9AC6-0FF9C189F377}"
"507687","1148262","Allen","","Hammer","","","none","none","none","200 Tuckahoe Farm","","Charlottesville","VA","22901","True","09/26/2026","250.00","250.00","13284300","","{A89C4781-7955-6ED4-9AC6-0FF9C189F377}"
"507687","1186941","Catherine","","Canevari","","","none","none","none","3440 Darby Rd","","Charlottesville","VA","22947","True","09/21/2026","80.00","105.00","13284301","","{A89C4781-7955-6ED4-9AC6-0FF9C189F377}"
"507687","1206188","Charlotte","","Crystal","","","none","none","none","1874 Field Rd","","Charlottesville","VA","22903","True","07/26/2026","25.00","175.00","13284302","","{A89C4781-7955-6ED4-9AC6-0FF9C189F377}"
"507687","1206188","Charlotte","","Crystal","","","none","none","none","1874 Field Rd","","Charlottesville","VA","22903","True","08/22/2026","25.00","200.00","13284303","","{A89C4781-7955-6ED4-9AC6-0FF9C189F377}"
"507687","1206188","Charlotte","","Crystal","","","none","none","none","1874 Field Rd","","Charlottesville","VA","22903","True","09/22/2026","25.00","225.00","13284304","","{A89C4781-7955-6ED4-9AC6-0FF9C189F377}"
"507687","1229246","Brian","","Shott","","","Eisenhower School","Professor","Washington, DC","1777 Lambs Rd","","Charlottesville","VA","22901","True","09/26/2026","225.00","225.00","13284305","","{A89C4781-7955-6ED4-9AC6-0FF9C189F377}"
"507687","1230102","Parthenia","","Monagan","","","none","none","none","1390 Allister Green","","Charlottesville","VA","22901","True","09/20/2026","150.00","150.00","13284306","","{A89C4781-7955-6ED4-9AC6-0FF9C189F377}"
"507687","1319072","Lewis","","Payne","","","none","none","none","912 Marsh Lane","","Charlottesville","VA","22903","True","09/06/2026","500.00","500.00","13284307","","{A89C4781-7955-6ED4-9AC6-0FF9C189F377}"
"507687","1319073","Henry","","McHenry","","Jr","City of Charlottesville","teacher","Charlottesville, VA","3337 Garth Rd","","Charlottesville","VA","22901","True","09/06/2026","125.00","125.00","13284308","","{A89C4781-7955-6ED4-9AC6-0FF9C189F377}"
"507687","1319073","Henry","","McHenry","","Jr","City of Charlottesville","teacher","Charlottesville, VA","3337 Garth Rd","","Charlottesville","VA","22901","True","09/25/2026","80.00","205.00","13284309","","{A89C4781-7955-6ED4-9AC6-0FF9C189F377}"
"507687","1319075","Michael","","Caplin","","","none","none","none","317 Rivanwood Pl","","Charlottesville","VA","22901","True","09/05/2026","125.00","125.00","13284310","","{A89C4781-7955-6ED4-9AC6-0FF9C189F377}"
"507687","1319080","Deborah","","Johnson","","","none","none","none","1614 Keith Valley Rd","","Charlottesville","VA","22901","True","09/10/2026","125.00","125.00","13284311","","{A89C4781-7955-6ED4-9AC6-0FF9C189F377}"
"507687","1319107","Alev","","Erisir","","","UVA","Professor","Charlottesville, VA","520 Locust Ave","","Charlottesville","VA","22901","True","09/26/2026","310.00","310.00","13284312","","{A89C4781-7955-6ED4-9AC6-0FF9C189F377}"
"507690","1170582","Ann","","Null","","","None","None","NA","631 Oak St.","","Herndon","VA","20170","True","09/30/2026","500.00","500.00","13284314","","{20B8D301-2588-8B82-0902-15679590A1EC}"
"507692","1319138","Steven","","Mitchell","","","","","","1291 Monroe St","","Herndon","VA","20170","True","10/05/2026","500.00",".00","13284316","","{62615623-2CDE-4A6E-968A-0F2FCAF1638A}"
"507696","696","","","Blue Ridge Beverage Co., Inc.","","","","Beer Distributor","Salem, VA","P.O. Box 700","","Salem","VA","24153","False","10/05/2026","10936.19",".00","13284352","","{27C12437-9FCF-3BDD-215A-E0150367DFBB}"
"507697","718","","","Premium Distributors of Va., LLC","","","","Beer Distributor","Chantilly, VA","15001 Northridge Drive","","Chantilly","VA","20151","False","10/05/2026","39156.22",".00","13284353","","{0A526CCE-9064-EA9C-4D1B-A20EC7FE50B3}"
"507698","726","","","Virginia Eagle Dist. Co.","","","","Beer Distributor","Charlottesville, VA","669 Gold Eagle Drive","","Charlottesville","VA","22901","False","10/05/2026","14797.47",".00","13284354","","{28EEFB40-85E7-0806-417C-49EB24C0F8B8}"
"507700","1279142","Chris","","Little","","","Retired","Retired","McDowell, VA","154 Three Pond Lane","","McDowell","VA","24458","True","07/17/2026","1800.00","3900.00","13284375","","{D1A7C251-C394-1AA0-F80F-EA56AA7C1235}"
"507700","1279142","Chris","","Little","","","Retired","Retired","McDowell, VA","154 Three Pond Lane","","McDowell","VA","24458","True","09/24/2026","650.00","4550.00","13284376","","{D1A7C251-C394-1AA0-F80F-EA56AA7C1235}"
"507700","1309754","Jane","","Rackley","","","NA","Retired","NA","247 Spruce Street","","Monterey","VA","24465","True","08/10/2026","200.00","200.00","13284377","","{D1A7C251-C394-1AA0-F80F-EA56AA7C1235}"
"507700","1309755","John","E.","Heckle","","","NA","Retired","NA","4961 Blue Grass Valley Road","","Monterey","VA","24465","True","08/10/2026","250.00","250.00","13284378","","{D1A7C251-C394-1AA0-F80F-EA56AA7C1235}"
"507700","1309756","Melvyn","A.","Herwald","","","NA","Retired","NA","12578 Bullpasture River Road","","McDowell","VA","24458","True","08/10/2026","200.00","200.00","13284379","","{D1A7C251-C394-1AA0-F80F-EA56AA7C1235}"
"507707","956774","","","Haley Automotive Group","","","","dealership","Richmond, VA","9811 Midlothian Turnpike","","Richmond","VA","23235","False","10/05/2026","10000.00",".00","13284398","","{1190394F-9F88-F94C-2DB6-4C18726ADC22}"
"507713","1285892","Audrey","","Clement","","","N/A","Unemployed","N/A","1530 N Longfellow St","APT B","Arlington","VA","22205","True","10/05/2026","1000.00",".00","13284412","","{58E395CC-C534-52DF-FEE3-A5E601FB79FA}"
"507720","","","","Laborers Mid-Atlantic Regional Organizing Coalitio","","","","Labor Organization","Reston, VA","1875 Explorer St.","Suite 920","Reston","VA","20190","False","10/05/2026","512393.26",".00","13284418","","{15E862FB-F501-C8A0-472B-EBFB7020BE20}"
"507736","1056641","","","5th Congressional District of Virginia Republican Committee","","","","Political Party Committee","Lovingston, Virginia","PO Box 75","","Lovingston","VA","22949","False","07/31/2023","500.00","500.00","13284457","","{7C180278-77CF-BBC2-0F9D-3F1E834D24A5}"
"507736","1056649","","","Friends of Ken Peterson","","","","Political Committee","Goochland, Virginia","PO Box 54","","Manakin-Sabot","VA","23103","False","07/31/2023","300.00","300.00","13284458","","{7C180278-77CF-BBC2-0F9D-3F1E834D24A5}"
"507736","1056702","Robert","","Pittman","","III","Retired","Retired","Union Springs","255 County Rd 61","","Union Springs","AL","36089","True","07/23/2023","250.00","250.00","13284459","","{7C180278-77CF-BBC2-0F9D-3F1E834D24A5}"
"507740","906730","Patrick","","Sullivan","","","Retired","Retired","N/A","2817 Gleneagles Rd","","Salem","VA","24153","True","09/09/2026","50.00","150.00","13284466","","{10E06DD8-0521-9942-F2D6-51BFCE4D8A0D}"
"507740","1317670","","","Commonwealth Conservative PAC","","","","Political Organization","Berryville, VA","PO Box 391","","Berryville","VA","22611","False","09/23/2026","1500.00","1500.00","13284467","","{10E06DD8-0521-9942-F2D6-51BFCE4D8A0D}"
"507740","1317671","Tonya","","Sibert","","","Frederick County Government","Commissioner of Revenue","Frederick County, VA","121 Widener Drive","","Winchester","VA","22603","True","09/23/2026","150.00","150.00","13284468","","{10E06DD8-0521-9942-F2D6-51BFCE4D8A0D}"
"507741","1318852","Tom","","Fricton","","","USMC","Military","FPO, AP","1024 Laguna Dr","","Carslbad","CA","92008","True","09/28/2026","200.00","200.00","13284469","","{557D53BF-A761-2B45-56AB-A925D7A4AB45}"
"507741","1318861","Richard","","Rosenberger","","","Not Employed","Not Employed","Not Employed","245 Meadowside Ct","","Pewaukee","WI","53072","True","09/09/2026","200.00","200.00","13284470","","{557D53BF-A761-2B45-56AB-A925D7A4AB45}"
"507742","1285582","John","","Rowe","Hon","","City of Portsmouth","Former Mayor City of Portsmouth","Portsmouth, Virginia","5017 Dogwood Trail","","Portsmouth","VA","23703","True","08/23/2026","200.00","400.00","13284471","","{7D5F218E-4B9C-542C-3716-70DDC2D23AEA}"
"507742","1297280","Atul","","Gupta","Dr.","","Radavantage","Radiologist","Richmond, Virginia","101 Adams Drive","","Lynchburg","VA","24502","True","08/25/2026","5000.00","6000.00","13284472","","{7D5F218E-4B9C-542C-3716-70DDC2D23AEA}"
"507742","1310961","","","Lucas Lodge, LLC","","","","Adult Group Home","Portsmouth, Virginia","1214 County Street","","Portsmouth","VA","23704","False","08/24/2026","10000.00","10000.00","13284473","","{7D5F218E-4B9C-542C-3716-70DDC2D23AEA}"
"507742","1310963","Melvin","O","Marriner","Dr.","","Grove Church","Senior Pastor","Portsmouth, Virginia","1616 Clark's Circle","","Chesapeake","VA","23321","True","08/23/2026","500.00","500.00","13284474","","{7D5F218E-4B9C-542C-3716-70DDC2D23AEA}"
"507742","1311051","Daniels","","Evans","","","Evans Electrical","Contractor","Portsmouth, Virginia","3401 Challis Drive","","Chesapeake","VA","23321","True","08/25/2026","200.00","200.00","13284475","","{7D5F218E-4B9C-542C-3716-70DDC2D23AEA}"
"507743","1296964","Junius","","Williams","","","Dominion Energy","Retired-Director","Chesapeake, Virginia","21 Shamrock Drive","","Portsmouth","VA","23701","True","09/30/2026","500.00","1000.00","13284476","","{F129F0D3-FCDD-B52C-B737-FFC71B0EC9F9}"
"507743","1317086","Lydia","P","Patton","Dr.","","City of Portsmouth","Retired-City Manager","Portsmouth, Virginia","11700 Jacquelyn Lane","","Fredericksburg","VA","22407","True","09/17/2026","500.00","500.00","13284477","","{F129F0D3-FCDD-B52C-B737-FFC71B0EC9F9}"
"507743","1317715","","","Don Scott for Virginia","","","","Campaign Account","Richmond, Virginia","General Assembly Building","201 North 9th Street; Room 1403","Richmond","VA","23219","False","09/23/2026","3000.00","3000.00","13284478","","{F129F0D3-FCDD-B52C-B737-FFC71B0EC9F9}"
"507746","865112","","","Verizon","","","","Telecommunications","Washington, DC","1300 I Street, NW","Suite 500 East","Washington","DC","20005","False","10/05/2026","1500.00",".00","13284479","","{5ECDFCC6-46C4-12E0-D12B-F755EF225F97}"
"507747","806429","","","Amazon.com Services LLC","","","","Online Sales","Seattle, WA","205 Pennsylvania Ave   SE","","Washington","DC","20003","False","10/05/2026","2500.00",".00","13284480","","{2A89DBC5-3717-691F-0234-6CFDA6BAC4A0}"
"507758","1317085","Johnny","","Mounce","Mr","","Retired","Retired","Retired, Virginia","116 Far Point Lane","","Ridgeway","VA","24148","True","09/17/2026","300.00","300.00","13284590","","{3D13306C-E646-D076-1C55-464A85FA6564}"
"507758","1317455","Ronnie","Dean","Minter","","","Walden - US Federal Courts","Supervisor - Court Security","Roanoke, VA","1510 North Fork Road","","Martinsville","VA","24112","True","09/28/2026","550.00","650.00","13284591","","{3D13306C-E646-D076-1C55-464A85FA6564}"
"507759","1286340","Milton","","Havron","","","Not employed","Not employed","Not employed","442 Fairmont Ave","","Winchester","VA","22601","True","10/05/2026","500.00",".00","13284592","","{0DDDE0E0-0DD4-75FF-1EFB-8441FD1101D2}"
"507780","192030","","","Holiday Inn Virginia Beach Oceanside","","","","Hotel","Virginia Beach","2607 Atlantic Avenue","","Virginia Beach","VA","23451","False","09/04/2026","259.20","259.20","13284650","","{1FACD630-C73A-39B6-10CF-ABB039E02327}"
"507780","192030","","","Holiday Inn Virginia Beach Oceanside","","","","Hotel","Virginia Beach","2607 Atlantic Avenue","","Virginia Beach","VA","23451","False","09/04/2026","268.20","527.40","13284651","","{1FACD630-C73A-39B6-10CF-ABB039E02327}"
"507780","195368","","","Sundial Motel","","","","Hotel","Virginia Beach","308 21st Street","","Virginia Beach","VA","23451","False","09/28/2026","120.60","120.60","13284652","","{1FACD630-C73A-39B6-10CF-ABB039E02327}"
"507780","931290","","","Fairfield Inn & Suites Oceanfront","","","","Hotel","Virginia Beach","1901 Atlantic Avenue","","Virginia Beach","VA","23451","False","09/18/2026","205.20","205.20","13284653","","{1FACD630-C73A-39B6-10CF-ABB039E02327}"
"507781","276590","","","Lionberger Construction","","","","Construction","Roanoke","PO Box 20209","","Roanoke","VA","24018","False","10/27/2025","1000.00",".00","13284654","","{C5826A39-9AEA-B541-F4A5-9B23F7B05C42}"
"507789","1170582","Ann","","Null","","","None","None","NA","631 Oak St.","","Herndon","VA","20170","True","09/30/2026","500.00","500.00","13285025","","{20B8D301-2588-8B82-0902-15679590A1EC}"
"507800","1319402","","","Human Rights Campaign","","","","Civil rights organization","Washington, D.C.","1640 Rhode Island Ave NW","","Washington","DC","20036","False","10/02/2026","10000.00",".00","13285119","","{2E8435CC-BE59-A9B3-8A42-196B92B7FDBA}"
"507801","1319404","","","GLBTQ Legal Advocates & Defenders","","","","Legal rights organization","Boston, MA","18 Tremont Street","Suite 950","Boston","MA","02108","False","10/06/2026","25000.00",".00","13285120","","{53BEA8A3-1324-D1FB-D456-B415999CE393}"
"507802","1319408","Joshua","","Badgley","","","Not employed","Not employed","Reston, Va","1976 Logan Manor Drive","","Reston","VA","20190","True","10/05/2026","100.00",".00","13285121","","{254F868A-DFBD-91F0-1DF3-466DDC036E1A}"
"507850","1319471","Randy","","Carter","","","City of Suffolk","Clerk of Circuit Court","Suffolk, VA","150 N Main St","","Suffolk","VA","23434","True","09/27/2026","500.00","500.00","13285344","","{4D8788C2-C557-AD84-0521-C8AFDF25E69A}"
"507852","1252317","Terry","","Ricks","","","Retired","Retired","Retired","2561 William Tankard Drive","","Williamsburg","VA","23185","True","07/23/2026","500.00","1190.00","13285348","","{2176CFEB-4389-FEA0-DDDC-CAF64EC82B7A}"
"507852","1288897","Jeffrey","","Ryer","","","Self","Writer","Williamsburg,VA","7154 MERRIMAC TRL","","Williamsburg","VA","23185-5259","True","07/22/2026","100.00","190.00","13285349","","{2176CFEB-4389-FEA0-DDDC-CAF64EC82B7A}"
"507852","1289100","Neal","","Burton","","","BURTON ACCOUNTING SERVICES, INC","ACCOUNTANT","WILLIAMSBURG, VA","112 Entry Hill","","Williamsburg","VA","23188","True","08/04/2026","500.00","975.00","13285350","","{2176CFEB-4389-FEA0-DDDC-CAF64EC82B7A}"
"507853","1290943","","","Planned Parenthood Action Fund, Inc.","","","","Non-Profit","New York, NY","123 William St","Fl 10","New York","NY","10038","False","10/06/2026","250000.00",".00","13285351","","{E6011E6D-90F7-E66A-A50E-4A745930EF43}"
"507857","1313713","","","23rd Street Corporation","","","","T/A Crystal City Sports Pub","Arlington, VA","529 23rd Street S","","Arlington","VA","22202","False","09/06/2026","1000.00","1000.00","13285400","","{F5CC7B86-585E-3F56-10C8-7ACE74F816C8}"
"507858","192682","Margaret","","Richardson","","","Self","Consultant","Washington, DC","PO Box 26","","Delaplane","VA","20144","True","09/11/2026","500.00","500.00","13285401","","{90064B78-4CA2-06C4-EEBD-EF90ED0E302F}"
"507858","467141","Stephen","","Langford","","","DXC","Financial Analyst","Herndon, Virginia","5876 Free State Rd.","","Marshall","VA","20115","True","08/28/2026","25.00","150.00","13285402","","{90064B78-4CA2-06C4-EEBD-EF90ED0E302F}"
"507858","467141","Stephen","","Langford","","","DXC","Financial Analyst","Herndon, Virginia","5876 Free State Rd.","","Marshall","VA","20115","True","09/28/2026","25.00","175.00","13285403","","{90064B78-4CA2-06C4-EEBD-EF90ED0E302F}"
"507858","591430","Tracey","L","Newton","","","Hidden Valley Corporation of VA","Property Management","Middleburg, VA","23325 Dover Rd.","","Middleburg","VA","20117","True","09/16/2026","1000.00","1000.00","13285404","","{90064B78-4CA2-06C4-EEBD-EF90ED0E302F}"
"507858","843769","","","Culpeper County Democratic Committee","","","","political committee","Culpeper, VA","P O Box 131","","Culpeper","VA","22701-0131","False","09/11/2026","269.20","506.98","13285405","","{90064B78-4CA2-06C4-EEBD-EF90ED0E302F}"
"507858","843770","","","Winchester-Frederick County Democratic Committee","","","","political committee","Winchester, VA","P O Box 2215","","Winchester","VA","22604","False","09/17/2026","430.72","430.72","13285406","","{90064B78-4CA2-06C4-EEBD-EF90ED0E302F}"
"507858","843963","Janice","","Hall","","","N/A","Retired","N/A","6256 Millwood Dr","","Warrenton","VA","20187-7924","True","08/20/2026","20.00","190.00","13285407","","{90064B78-4CA2-06C4-EEBD-EF90ED0E302F}"
"507858","910017","Paula","","Patrick","","","Not Employed","Not Employed","N/A","165 TOPAZ CT","","WARRENTON","VA","20186","True","08/31/2026","110.00","745.00","13285408","","{90064B78-4CA2-06C4-EEBD-EF90ED0E302F}"
"507858","910017","Paula","","Patrick","","","Not Employed","Not Employed","N/A","165 TOPAZ CT","","WARRENTON","VA","20186","True","09/18/2026","110.00","855.00","13285409","","{90064B78-4CA2-06C4-EEBD-EF90ED0E302F}"
"507858","933109","George","","Ohrstrom","","","Larkspur Services","Consultant","Berryville, VA","PO Box 1000","","Berryville","VA","22611","True","08/21/2026","1000.00","1500.00","13285410","","{90064B78-4CA2-06C4-EEBD-EF90ED0E302F}"
"507858","1174528","Melissa","","Gray","","","Self-employed","Writer","Middleburg, VA","1224 17th St","","New Orleans","LA","70115","True","09/20/2026","250.00","250.00","13285411","","{90064B78-4CA2-06C4-EEBD-EF90ED0E302F}"
"507858","1187048","Chai","","Lim","","","Department of Homeland Security","Statistician","Camp Spring, MD","5405 Baldwin Street","","Warrenton","VA","20187","True","08/07/2026","20.00","120.00","13285412","","{90064B78-4CA2-06C4-EEBD-EF90ED0E302F}"
"507858","1187048","Chai","","Lim","","","Department of Homeland Security","Statistician","Camp Spring, MD","5405 Baldwin Street","","Warrenton","VA","20187","True","09/07/2026","20.00","140.00","13285413","","{90064B78-4CA2-06C4-EEBD-EF90ED0E302F}"
"507858","1217960","Alexander","","Plott","","","Deloitte","Financial Consultant","Arlington, VA","7013 Skyland Drive","","Warrenton","VA","20187","True","08/04/2026","50.00","300.00","13285414","","{90064B78-4CA2-06C4-EEBD-EF90ED0E302F}"
"507858","1217960","Alexander","","Plott","","","Deloitte","Financial Consultant","Arlington, VA","7013 Skyland Drive","","Warrenton","VA","20187","True","09/04/2026","50.00","350.00","13285415","","{90064B78-4CA2-06C4-EEBD-EF90ED0E302F}"
"507858","1250889","","","Loudoun County Democratic Committee","","","","Political Committee","Leesburg, VA","P.O. Box 544","","Leesburg","VA","20178","False","08/25/2026","403.80","403.80","13285416","","{90064B78-4CA2-06C4-EEBD-EF90ED0E302F}"
"507858","1250898","","","Greene County Democrats","","","","political committee","Stanardsville, VA","P.O. Box 826","","Stanardsville","VA","22973","False","09/11/2026","134.60","134.60","13285417","","{90064B78-4CA2-06C4-EEBD-EF90ED0E302F}"
"507858","1317471","","","Goochland Democratic Committee","","","","political committee","Goochland, VA","PO Box 125","","Goochland","VA","23063","False","08/25/2026","446.87","446.87","13285418","","{90064B78-4CA2-06C4-EEBD-EF90ED0E302F}"
"507955","1033169","Terrie","","Suit","ms","","VA Board of Realtors","Retired","Bumpass, VA","3412 Windsor Rose Drive","","Bumpass","VA","23024","True","07/13/2023","1000.00","1000.00","13286132","","{DFFC8189-584D-D8D2-C13B-99E247B49D39}"
"507955","1044377","","","Virginia Radiology PAC","","","","PAC","Richmond, Virginia","2821 Emerywood Parkway","200","Richmond","VA","23294","False","08/04/2023","2000.00","2000.00","13286133","","{DFFC8189-584D-D8D2-C13B-99E247B49D39}"
"507955","1048118","","","Motorola Solutions Inc. PAC","","","","PAC","Washington, DC","601 Pennsylvania Avenue, NW","675 North","Washington","DC","20004","False","08/14/2023","500.00","500.00","13286134","","{DFFC8189-584D-D8D2-C13B-99E247B49D39}"
"507955","1050361","","","Merck & Company, Inc.","","","","Pharmaceuticals","Rahway, New Jersey","126 East Lincoln Avenue, PO Box 2000","","Rahway","NJ","07065","False","08/22/2023","1000.00","1000.00","13286135","","{DFFC8189-584D-D8D2-C13B-99E247B49D39}"
"507955","1051267","","","Jazz Pharmaceuticals, Inc. PAC","","","","Pharmaceutical PAC","Sausalito, California","28 Liberty Ship Way","2815","Sausalito","CA","94965","False","08/25/2023","500.00","500.00","13286136","","{DFFC8189-584D-D8D2-C13B-99E247B49D39}"
"507956","18726","","","Veterinarians Political Action Committee","","","","PAC","Richmond, VA","3801 Westerre Parkway","Suite D","Richmond","VA","23233","False","09/15/2023","1000.00","3000.00","13286137","","{26F92E83-3D0D-FE7B-A05B-E261117484C2}"
"507956","18730","","","Virginia Farm Bureau Federation","","","","Ag/PAC","Richmond, VA","P. O. Box 27552","","Richmond","VA","23261","False","09/15/2023","500.00","1000.00","13286138","","{26F92E83-3D0D-FE7B-A05B-E261117484C2}"
"507956","18732","","","Reed Smith LLP","","","","PAC","Richmond, VA","Riverfront Plaza West Tower 901 E. Byrd Street","Suite 1700","Richmond","VA","23219","False","09/27/2023","500.00","1000.00","13286139","","{26F92E83-3D0D-FE7B-A05B-E261117484C2}"
"507956","25394","","","Virginia Hospital  & Healthcare Association","","","","Health Services Association PAC","Glen Allen, VA","4200 Innslake Drive","Suite 203","Glen Allen","VA","23060","False","09/15/2023","1000.00","1000.00","13286140","","{26F92E83-3D0D-FE7B-A05B-E261117484C2}"
"507956","58643","","","Walgreens","","","","Pharmacy Chain","Deerfield, Il","104 Wilmot Road","","Deerfield","IL","60015","False","09/15/2023","1000.00","2000.00","13286141","","{26F92E83-3D0D-FE7B-A05B-E261117484C2}"
"507956","58645","","","RAI Services Company","","","","Tobacco Company","Winston-Salem, NC","P.O. Box 464","","Winston-Salem","NC","27102","False","09/14/2023","500.00","1500.00","13286142","","{26F92E83-3D0D-FE7B-A05B-E261117484C2}"
"507956","65057","","","Realtors Political Action Committee of Virginia","","","","PAC","Richmond, VA","10231 Telegraph Road","","Glen Allen","VA","23059","False","09/18/2023","1500.00","2000.00","13286143","","{26F92E83-3D0D-FE7B-A05B-E261117484C2}"
"507956","104662","","","Virginia Beer Wholesalers Association, Inc.","","","","PAC","Richmond, VA","17 East Cary Street","","Richmond","VA","23219","False","09/14/2023","1000.00","2000.00","13286144","","{26F92E83-3D0D-FE7B-A05B-E261117484C2}"
"507956","270963","","","AMGEN State Political Contributions Account","","","","PAC","Alexandria, VA","5845 Richmond Highway","Suite 820","Alexandria","VA","22303","False","09/18/2023","1000.00","3500.00","13286145","","{26F92E83-3D0D-FE7B-A05B-E261117484C2}"
"507956","338969","","","McKesson Corporation Employees Political Fund","","","","PAC","Washington, DC","505 9th Street NW","901","Washington","DC","20004","False","09/15/2023","500.00","1000.00","13286146","","{26F92E83-3D0D-FE7B-A05B-E261117484C2}"
"507956","380335","Daniel","","Spear","","","Self Employed","Builder","Spotsylvania, VA","6901 Meeting Street","","Spotsylvania","VA","22553","True","09/14/2023","200.00","200.00","13286147","","{26F92E83-3D0D-FE7B-A05B-E261117484C2}"
"507956","478979","","","KIDSMD PAC","","","","PAC","Richmond, VA","118 N 8th St.","","Richmond","VA","23219","False","09/27/2023","500.00","1000.00","13286148","","{26F92E83-3D0D-FE7B-A05B-E261117484C2}"
"507956","507292","","","Transurban (USA) Inc. CR","","","","Corp, Funder for American Legoislative Exchange","Tysons, VA","7900 Westpark Drive","Suite T500","Tysons","VA","22102","False","09/27/2023","500.00","1500.00","13286149","","{26F92E83-3D0D-FE7B-A05B-E261117484C2}"
"507956","668061","","","CC Procurement","","","","Contracts and Procuremewnt","Chelimsford, MA","321 Billerica Road","Suite 204","Chelimsford","MA","01824","False","09/27/2023","500.00","1500.00","13286150","","{26F92E83-3D0D-FE7B-A05B-E261117484C2}"
"507956","674220","","","Ahold Delhaize USA Inc.","","","","PAC","Salisbury, NC","P.O. Box 1330","","Salisbury","NC","28143","False","09/25/2023","500.00","500.00","13286151","","{26F92E83-3D0D-FE7B-A05B-E261117484C2}"
"507956","730997","","","Pfizer Inc","","","","Pharmaceuticals","Memphis, TN","949 Shady Grove Road","","Memphis","TN","38120","False","09/14/2023","1000.00","1000.00","13286152","","{26F92E83-3D0D-FE7B-A05B-E261117484C2}"
"507956","828868","Peter","","Scelfo","Dr","","","Retired Dentist","","11431 Piedmont Drive","","Fredericksburg","VA","22407","True","09/18/2023","500.00","500.00","13286153","","{26F92E83-3D0D-FE7B-A05B-E261117484C2}"
"507956","862815","","","Chiropractic Political Action Committee of VA","","","","PAC","Richmond, Virginia","P.O. Box 29069","","Henrico","VA","23242","False","09/27/2023","500.00","1000.00","13286154","","{26F92E83-3D0D-FE7B-A05B-E261117484C2}"
"507981","368963","Ludeman","","Eng","","","None","Retired","None","202 Vinyard Ave","","Blacksburg","VA","24060","True","07/05/2026","15.00","105.00","13286440","","{9D7AF93C-FEEF-A1F2-609C-4BD92F5E27B3}"
"507981","368963","Ludeman","","Eng","","","None","Retired","None","202 Vinyard Ave","","Blacksburg","VA","24060","True","08/29/2026","85.00","190.00","13286441","","{9D7AF93C-FEEF-A1F2-609C-4BD92F5E27B3}"
"507981","368963","Ludeman","","Eng","","","None","Retired","None","202 Vinyard Ave","","Blacksburg","VA","24060","True","09/05/2026","15.00","205.00","13286442","","{9D7AF93C-FEEF-A1F2-609C-4BD92F5E27B3}"
"507981","369097","Jeffrey","","Bond","","","retired","Retired","retired","1790 Lusters Gate Rd","","Blacksburg","VA","24060","True","09/14/2026","85.00","185.00","13286443","","{9D7AF93C-FEEF-A1F2-609C-4BD92F5E27B3}"
"507981","483477","Robert","","Beckman","","","None","Retired","None","413 Dunton Drive","","Blacksburg","VA","24060","True","08/15/2026","25.00","275.00","13286444","","{9D7AF93C-FEEF-A1F2-609C-4BD92F5E27B3}"
"507981","483477","Robert","","Beckman","","","None","Retired","None","413 Dunton Drive","","Blacksburg","VA","24060","True","09/02/2026","170.00","445.00","13286445","","{9D7AF93C-FEEF-A1F2-609C-4BD92F5E27B3}"
"507981","496651","Carol","","Fox","","","N/A","retired","N/A","1750 East Ridge Drive","","Blacksburg","VA","24060","True","07/06/2026","10.00","170.00","13286446","","{9D7AF93C-FEEF-A1F2-609C-4BD92F5E27B3}"
"507981","496651","Carol","","Fox","","","N/A","retired","N/A","1750 East Ridge Drive","","Blacksburg","VA","24060","True","09/06/2026","50.00","220.00","13286447","","{9D7AF93C-FEEF-A1F2-609C-4BD92F5E27B3}"
"507981","496651","Carol","","Fox","","","N/A","retired","N/A","1750 East Ridge Drive","","Blacksburg","VA","24060","True","09/21/2026","85.00","305.00","13286448","","{9D7AF93C-FEEF-A1F2-609C-4BD92F5E27B3}"
"507981","677033","Stephen","","Williams","","","Click & Pledge","CTO","Blacksburg, VA","2108 Reagan Road","","Blacksburg","VA","24060","True","08/20/2026","75.00","375.00","13286449","","{9D7AF93C-FEEF-A1F2-609C-4BD92F5E27B3}"
"507981","677033","Stephen","","Williams","","","Click & Pledge","CTO","Blacksburg, VA","2108 Reagan Road","","Blacksburg","VA","24060","True","09/20/2026","75.00","450.00","13286450","","{9D7AF93C-FEEF-A1F2-609C-4BD92F5E27B3}"
"507981","747480","Fred","L","Umberger","","","non","Retired","none","915 College Street","","Christiansburg","VA","24073","True","09/03/2026","255.00","605.00","13286451","","{9D7AF93C-FEEF-A1F2-609C-4BD92F5E27B3}"
"507981","748346","Sarah","","Orrick","","","self employed","Writer","Elliston, VA","PO Box 289 1891 Big Spring Drive","","Elliston","VA","24087","True","07/03/2026","100.00","260.00","13286452","","{9D7AF93C-FEEF-A1F2-609C-4BD92F5E27B3}"
"507981","748346","Sarah","","Orrick","","","self employed","Writer","Elliston, VA","PO Box 289 1891 Big Spring Drive","","Elliston","VA","24087","True","09/03/2026","20.00","280.00","13286453","","{9D7AF93C-FEEF-A1F2-609C-4BD92F5E27B3}"
"507981","895077","Richard","","Ashley","","","Virginia Tech","Educator","Blacksburg, VA","140 Darci Dr SE","","Christiansburg","VA","24073","True","08/27/2026","5.00","105.00","13286454","","{9D7AF93C-FEEF-A1F2-609C-4BD92F5E27B3}"
"507981","895077","Richard","","Ashley","","","Virginia Tech","Educator","Blacksburg, VA","140 Darci Dr SE","","Christiansburg","VA","24073","True","09/03/2026","10.00","115.00","13286455","","{9D7AF93C-FEEF-A1F2-609C-4BD92F5E27B3}"
"507981","895077","Richard","","Ashley","","","Virginia Tech","Educator","Blacksburg, VA","140 Darci Dr SE","","Christiansburg","VA","24073","True","09/26/2026","5.00","120.00","13286456","","{9D7AF93C-FEEF-A1F2-609C-4BD92F5E27B3}"
"507981","895078","Carl","","Zipper","","","N/A","retired","N/A","3910 Horse Farm Road","","Blacksburg","VA","24060","True","08/17/2026","45.00","280.00","13286457","","{9D7AF93C-FEEF-A1F2-609C-4BD92F5E27B3}"
"507981","895078","Carl","","Zipper","","","N/A","retired","N/A","3910 Horse Farm Road","","Blacksburg","VA","24060","True","09/17/2026","45.00","325.00","13286458","","{9D7AF93C-FEEF-A1F2-609C-4BD92F5E27B3}"
"507981","895078","Carl","","Zipper","","","N/A","retired","N/A","3910 Horse Farm Road","","Blacksburg","VA","24060","True","09/25/2026","170.00","495.00","13286459","","{9D7AF93C-FEEF-A1F2-609C-4BD92F5E27B3}"
"507981","895080","Jim","","Kline","","","none","Retired","Blacksburg, VA","405 Landsdowne St.","","Blacksburg","VA","24060","True","08/09/2026","120.00","170.00","13286460","","{9D7AF93C-FEEF-A1F2-609C-4BD92F5E27B3}"
"507981","895080","Jim","","Kline","","","none","Retired","Blacksburg, VA","405 Landsdowne St.","","Blacksburg","VA","24060","True","09/09/2026","10.00","180.00","13286461","","{9D7AF93C-FEEF-A1F2-609C-4BD92F5E27B3}"
"507981","895085","Becky","","Mauldon","","","APEX LLC","Senior web developer","Roanoke, VA","508 Alleghany St.","","Blacksburg","VA","24060","True","08/19/2026","15.00","145.00","13286462","","{9D7AF93C-FEEF-A1F2-609C-4BD92F5E27B3}"
"507981","895085","Becky","","Mauldon","","","APEX LLC","Senior web developer","Roanoke, VA","508 Alleghany St.","","Blacksburg","VA","24060","True","09/17/2026","185.00","330.00","13286463","","{9D7AF93C-FEEF-A1F2-609C-4BD92F5E27B3}"
"507981","895093","Lorette Gayle","","Pierce","","","N/A","not employed","N/A","3845 Roanoke St.","","Christiansburg","VA","24073","True","08/25/2026","50.00","500.00","13286464","","{9D7AF93C-FEEF-A1F2-609C-4BD92F5E27B3}"
"507981","895093","Lorette Gayle","","Pierce","","","N/A","not employed","N/A","3845 Roanoke St.","","Christiansburg","VA","24073","True","08/28/2026","25.00","525.00","13286465","","{9D7AF93C-FEEF-A1F2-609C-4BD92F5E27B3}"
