"ScheduleGId","ReportId","ScheduleACount","ScheduleATotal","ScheduleBCount","ScheduleBTotal","UnItemizedCount","UnItemizedTotal","UnItemizedInKindCount","UnItemizedInKindTotal","AllContributionsCount","AllContributionsTotal","ScheduleCTotal","ScheduleBTotalAgain","UnItemizedInKindTotalAgain","ScheduleDTotal","TotalInKindAndExpenditures","BeginningLoanBalance","LoansReceivedTotal","LoansReceivedAndExistingTotal","LoansPaidTotal","NewLoanBalance","ScheduleId","ReportUID"
"361130","416720","0",".00","0",".00","1","100.00","0",".00","1","100.00",".00",".00",".00","103.95","103.95",".00",".00",".00",".00",".00","","{F0918F8F-D2EA-609A-3401-36AEC1BB5E58}"
"366000","423065","5","1726.30","0",".00","1","99.00","0",".00","6","1825.30","175.00",".00",".00","1544.44","1544.44",".00",".00",".00",".00",".00","","{7982BDA1-B8DD-4E3F-6DC7-93959A6E9BAB}"
"410332","480011","0",".00","0",".00","0",".00","0",".00","0",".00",".00",".00",".00",".00",".00",".00",".00",".00",".00",".00","","{CB2939DB-1EE8-9C2F-77C3-7EECBF2A16DD}"
"432377","504012","0",".00","0",".00","1","100.00","0",".00","1","100.00",".00",".00",".00",".00",".00",".00",".00",".00",".00",".00","","{A443816B-2A4B-3643-62F2-A77DEC68AFDC}"
"432458","504115","0",".00","0",".00","0",".00","0",".00","0",".00",".00",".00",".00",".00",".00",".00",".00",".00",".00",".00","","{07CA7EE7-EDB5-47EA-4F6F-87AF9BEB9F94}"
"432461","504118","1","25000.00","0",".00","0",".00","0",".00","1","25000.00",".00",".00",".00","85.20","85.20","1000.00",".00","1000.00",".00","1000.00","","{25DDF48D-8CA8-47E7-4F9E-E68EF3A79D1E}"
"432463","504120","10","15380.00","0",".00","9","550.00","0",".00","19","15930.00",".00",".00",".00",".00",".00",".00",".00",".00",".00",".00","","{211CB0ED-7265-F9B0-EE8A-5BAC055AD172}"
"432465","504125","30","14050.00","3","283.47","13","1100.00","1","95.00","47","15528.47",".00","283.47","95.00","1287.20","1665.67","5000.00",".00","5000.00",".00","5000.00","","{10ACEF26-2B31-429C-0FA0-2533912F6A8C}"
"432467","504127","0",".00","1","1500.00","0",".00","0",".00","1","1500.00",".00","1500.00",".00","7510.42","9010.42","700.00","15000.00","15700.00",".00","15700.00","","{92E453B0-7F22-3B4F-7D1E-65E0C2E6DE60}"
"432468","504128","9","1229.28","1","90.57","24","644.39","0",".00","34","1964.24",".00","90.57",".00","541.60","632.17",".00",".00",".00",".00",".00","","{00237E4D-2B8B-4EAE-F093-F1972BC5A65B}"
"432469","504129","1","120.00","0",".00","0",".00","0",".00","1","120.00",".00",".00",".00","2949.47","2949.47",".00",".00",".00",".00",".00","","{43FB4C46-B3DC-4BD9-DA01-50F15A82B79B}"
"432470","504130","6","2300.00","0",".00","1","50.00","0",".00","7","2350.00",".00",".00",".00","1289.32","1289.32",".00",".00",".00",".00",".00","","{04C663CF-AA46-B436-E072-25C3F8E969AE}"
"432471","504131","1","1500.00","0",".00","0",".00","0",".00","1","1500.00",".00",".00",".00",".00",".00","3000.00",".00","3000.00",".00","3000.00","","{D3CFEF5C-0D2F-F6EB-E967-484BABCAF107}"
"432473","504133","1","200.00","0",".00","1","99.00","0",".00","2","299.00",".00",".00",".00","147.00","147.00",".00","500.00","500.00",".00","500.00","","{4BE82569-44F7-F7EA-5EC6-0D7F27BDF2D5}"
"432475","504135","12","1646.00","0",".00","14","357.65","0",".00","26","2003.65",".00",".00",".00","3267.64","3267.64",".00",".00",".00",".00",".00","","{24901B2D-0F31-8BB2-FBFD-6C7CA07FBC96}"
"432477","504137","5","1750.41","0",".00","1","96.06","0",".00","6","1846.47",".00",".00",".00","589.68","589.68",".00",".00",".00",".00",".00","","{F09FF0DE-81FA-8BF6-569B-65D58D518439}"
"432478","504138","6","6707.36","0",".00","1","100.00","0",".00","7","6807.36",".00",".00",".00","8307.98","8307.98",".00",".00",".00",".00",".00","","{1B3068EA-369D-1E67-4E5A-91A84D410DDB}"
"432479","504139","0",".00","0",".00","0",".00","0",".00","0",".00",".00",".00",".00",".00",".00",".00",".00",".00",".00",".00","","{0F03D6ED-CD9A-2F63-3815-20F5956CEC1B}"
"432480","504140","0",".00","0",".00","0",".00","0",".00","0",".00",".00",".00",".00",".00",".00","100.00",".00","100.00",".00","100.00","","{96FAC7C3-011E-A5A0-BF2F-73D062C269CD}"
"432481","504141","0",".00","0",".00","0",".00","0",".00","0",".00",".00",".00",".00",".00",".00",".00",".00",".00",".00",".00","","{D1366091-215E-3EAD-D431-1AD8082B2CAD}"
"432482","504142","0",".00","0",".00","0",".00","0",".00","0",".00",".00",".00",".00","244.98","244.98",".00",".00",".00",".00",".00","","{12B34678-7F9F-B807-3497-22A51EB2A91B}"
"432483","504143","1","261.28","0",".00","5","167.19","0",".00","6","428.47",".00",".00",".00","129.80","129.80","174.00",".00","174.00",".00","174.00","","{410335EF-5C52-83DA-069A-11964A4A680A}"
"432487","504147","4","1000.00","0",".00","9","435.00","0",".00","13","1435.00",".00",".00",".00","1046.53","1046.53",".00",".00",".00",".00",".00","","{89711C22-640D-068B-9BF6-B52B5C45B610}"
"432488","504148","3","900.00","0",".00","23","1187.00","0",".00","26","2087.00","345.00",".00",".00","2628.22","2628.22","1600.00","500.00","2100.00","231.00","1869.00","","{D8B74629-326C-5473-8FE6-8905F3AD7E89}"
"432489","504150","0",".00","0",".00","5","205.00","0",".00","5","205.00","142.32",".00",".00","641.82","641.82","1869.00",".00","1869.00","300.00","1569.00","","{14648960-6BE8-A127-FFA2-70C767500BCF}"
"432490","504151","3","200.00","1","278.78","2","125.00","0",".00","6","603.78",".00","278.78",".00","1520.80","1799.58","1569.00","580.00","2149.00",".00","2149.00","","{E41012D1-E228-7ECD-67C9-B376296C5239}"
"432491","504152","1","340.00","0",".00","7","500.00","0",".00","8","840.00",".00",".00",".00","1218.68","1218.68","2149.00","310.00","2459.00",".00","2459.00","","{6D477DC7-857E-9B24-71E4-92372F521CBC}"
"432492","504153","3","805.00","1","1700.00","0",".00","0",".00","4","2505.00",".00","1700.00",".00","655.92","2355.92","2459.00","207.31","2666.31",".00","2666.31","","{474A954A-BAA6-8CAE-7360-C8B7A7BA0EF2}"
"432493","504154","0",".00","0",".00","0",".00","0",".00","0",".00","48.25",".00",".00","1101.78","1101.78","2666.31","563.34","3229.65",".00","3229.65","","{FF4CF902-B8C8-BDF1-323D-39CDE9F99E07}"
"432494","504155","9","3249.65","0",".00","0",".00","0",".00","9","3249.65",".00",".00",".00",".00",".00","3229.65",".00","3229.65","3229.65",".00","","{472158C5-EEE3-2C77-1EDB-E7760D087C0A}"
"432495","504156","0",".00","0",".00","0",".00","0",".00","0",".00",".00",".00",".00",".00",".00",".00",".00",".00",".00",".00","","{81833F48-9D3F-BA9C-4C41-0CE2C573EA1D}"
"432496","504157","0",".00","0",".00","0",".00","0",".00","0",".00",".00",".00",".00",".00",".00",".00",".00",".00",".00",".00","","{B1A03A4E-C918-E62F-BCF7-554CB06569A6}"
"432497","504158","0",".00","0",".00","0",".00","0",".00","0",".00",".00",".00",".00",".00",".00",".00",".00",".00",".00",".00","","{CECBB3B1-8B22-0EC5-2027-267FC2801C80}"
"432498","504159","0",".00","0",".00","0",".00","0",".00","0",".00",".00",".00",".00",".00",".00",".00",".00",".00",".00",".00","","{47DE41B5-357B-19DB-5201-5567DD5C3D89}"
"432499","504160","1","40.00","0",".00","2","75.00","0",".00","3","115.00",".00",".00",".00","4.55","4.55",".00",".00",".00",".00",".00","","{96E4C43F-A487-A012-C036-4E9D49A3F3C4}"
"432500","504161","0",".00","0",".00","0",".00","0",".00","0",".00",".00",".00",".00",".00",".00",".00",".00",".00",".00",".00","","{21171EE6-AC01-D131-B2C4-937C0912BED1}"
"432503","504164","0",".00","0",".00","0",".00","0",".00","0",".00",".00",".00",".00",".00",".00",".00",".00",".00",".00",".00","","{263B2729-13FC-2B53-3E18-1CF752E28C34}"
"432504","504165","0",".00","1","129.03","4","256.08","0",".00","5","385.11",".00","129.03",".00","607.43","736.46",".00","452.02","452.02",".00","452.02","","{05BA7CF5-7D55-F0F3-C537-0623B8EAD4FA}"
"432505","504169","0",".00","0",".00","0",".00","0",".00","0",".00",".00",".00",".00",".00",".00","10000.00",".00","10000.00",".00","10000.00","","{33CD2DB1-42A5-80A2-2C5F-3C5EDF22EB6A}"
"432507","504171","0",".00","0",".00","0",".00","0",".00","0",".00",".00",".00",".00",".00",".00",".00",".00",".00",".00",".00","","{3673D555-5B65-AA15-8E21-FC4C4C70E163}"
"432513","504178","0",".00","0",".00","0",".00","0",".00","0",".00",".00",".00",".00",".00",".00",".00",".00",".00",".00",".00","","{EB402FBC-A4AB-F0E8-19D3-511E3D98B33E}"
"432514","504179","0",".00","0",".00","0",".00","0",".00","0",".00",".00",".00",".00",".00",".00",".00",".00",".00",".00",".00","","{153055E8-94D1-C9E7-3E19-664F73381C23}"
"432518","504183","8","320.00","0",".00","0",".00","0",".00","8","320.00",".00",".00",".00","110.62","110.62",".00",".00",".00",".00",".00","","{145049B3-02F5-2CBD-36F3-767D4924F9F5}"
"432519","504185","6","1350.00","0",".00","4","300.00","0",".00","10","1650.00",".00",".00",".00","267.89","267.89",".00",".00",".00",".00",".00","","{F048558C-CA3D-12E2-D91E-DB93B412FD88}"
"432520","504186","8","31575.00","0",".00","13","858.00","1","32.80","22","32465.80",".00",".00","32.80","1875.91","1908.71",".00",".00",".00",".00",".00","","{0FDD5377-35CC-974B-86AC-AC40F69E2D7E}"
"432521","504187","1","25000.00","0",".00","0",".00","0",".00","1","25000.00",".00",".00",".00","5450.00","5450.00",".00",".00",".00",".00",".00","","{F78473E8-C0E3-E4F9-28B7-F5F01D019348}"
"432523","504189","0",".00","0",".00","0",".00","0",".00","0",".00",".00",".00",".00","72.00","72.00",".00",".00",".00",".00",".00","","{0AE1BD7D-380F-161B-E746-F56AB7CDA8D2}"
"432524","504190","1","100.00","0",".00","0",".00","0",".00","1","100.00",".00",".00",".00","551.33","551.33",".00",".00",".00",".00",".00","","{ECDF59FC-06FC-895F-2A49-91F6CCC30EE3}"
"432528","504195","2","700.00","0",".00","4","325.00","0",".00","6","1025.00",".00",".00",".00","1017.57","1017.57",".00",".00",".00",".00",".00","","{B82B646B-C7DB-5DEA-6682-497D59763A83}"
"432533","504201","6","1650.00","4","3151.10","8","620.00","0",".00","18","5421.10",".03","3151.10",".00","3904.70","7055.80",".00",".00",".00",".00",".00","","{D1F689F7-FB82-2AE4-912E-659835923B13}"
"432535","504204","42","25665.94","8","1916.00","1","31.25","1","100.00","52","27713.19",".00","1916.00","100.00","67590.37","69606.37",".00",".00",".00",".00",".00","","{FFBF0A3C-F0F2-FA58-9C39-40766712E07A}"
"432537","504206","4","21525.00","1","131.97","4","325.00","1","97.00","10","22078.97",".00","131.97","97.00","72.10","301.07",".00",".00",".00",".00",".00","","{25EC3CD7-D70D-06BC-BB40-51F4DCE601C2}"
"432538","504207","8","1847.00","4","623.00","1","100.00","0",".00","13","2570.00","75.00","623.00",".00","1289.92","1912.92",".00",".00",".00",".00",".00","","{54633325-31F7-71A4-C270-D7A55CE5FB46}"
"432539","504208","13","23771.50","0",".00","0",".00","0",".00","13","23771.50",".00",".00",".00","12554.79","12554.79",".00",".00",".00",".00",".00","","{11CBB99C-848A-3E6B-3820-64BCC49C25F7}"
"432540","504209","0",".00","0",".00","1","100.00","0",".00","1","100.00",".00",".00",".00",".00",".00",".00",".00",".00",".00",".00","","{3A4C97AD-B50D-CB64-4608-4434B439055A}"
"432542","504211","1","95000.00","0",".00","0",".00","0",".00","1","95000.00","2204.00",".00",".00","427957.79","427957.79",".00",".00",".00",".00",".00","","{8650B4EC-265C-7C35-6006-D2F706050A66}"
"432543","504212","0",".00","0",".00","0",".00","0",".00","0",".00",".00",".00",".00",".00",".00",".00",".00",".00",".00",".00","","{6BD5E289-38C7-DAF8-78C6-355773857B6A}"
"432549","504219","4","1700.00","0",".00","3","200.00","0",".00","7","1900.00",".00",".00",".00","2847.96","2847.96","200.00","1000.00","1200.00",".00","1200.00","","{CE63EA8D-9062-B0D4-A5D4-2D40512C01B3}"
"432550","504220","1","500.00","0",".00","2","175.00","0",".00","3","675.00",".00",".00",".00","1080.33","1080.33",".00",".00",".00",".00",".00","","{C898B043-A9FB-DDE6-B31F-81A224DC28CD}"
"432552","504222","0",".00","0",".00","0",".00","0",".00","0",".00",".00",".00",".00",".00",".00",".00",".00",".00",".00",".00","","{C95ECF68-536E-EA97-0445-9D3F7BC0B102}"
"432553","504223","0",".00","0",".00","0",".00","0",".00","0",".00","4509.37",".00",".00","10.00","10.00",".00",".00",".00",".00",".00","","{0337EB74-D3D5-3A5E-1D96-1EA6BE912823}"
"432557","504227","0",".00","0",".00","0",".00","0",".00","0",".00",".00",".00",".00",".00",".00",".00",".00",".00",".00",".00","","{EA2831D4-A11B-A4EF-27AE-10FE8B3D02E1}"
"432558","504228","0",".00","0",".00","0",".00","0",".00","0",".00",".00",".00",".00",".00",".00",".00",".00",".00",".00",".00","","{D82ED741-F281-AD4B-2937-0AC44A4FC1F2}"
"432559","504229","0",".00","0",".00","0",".00","0",".00","0",".00",".00",".00",".00","2000.00","2000.00",".00",".00",".00",".00",".00","","{EC54ED94-BF97-6EA9-F28B-F5C463023AEF}"
"432563","504233","0",".00","0",".00","0",".00","0",".00","0",".00",".00",".00",".00",".00",".00",".00",".00",".00",".00",".00","","{D9C2839E-168E-8E90-145C-4CE1CBE09FED}"
"432564","504234","0",".00","0",".00","0",".00","0",".00","0",".00",".00",".00",".00","152.64","152.64",".00",".00",".00",".00",".00","","{B692F0E2-958A-D214-F422-368B69E82379}"
"432566","504236","3","1900.00","0",".00","1","100.00","0",".00","4","2000.00",".00",".00",".00","1553.18","1553.18",".00",".00",".00",".00",".00","","{78160BA7-9752-638C-446A-3228EF646479}"
"432568","504239","0",".00","0",".00","0",".00","0",".00","0",".00",".00",".00",".00",".00",".00",".00",".00",".00",".00",".00","","{1432E67E-56F8-5594-9BB5-F7D431A2A577}"
"432570","504241","1","500.00","0",".00","0",".00","0",".00","1","500.00",".00",".00",".00","1007.07","1007.07",".00",".00",".00",".00",".00","","{1B002D9B-F73A-2B42-0E2A-8863C680747A}"
"432572","504243","0",".00","0",".00","0",".00","0",".00","0",".00",".00",".00",".00",".00",".00","465.00",".00","465.00",".00","465.00","","{F2918B5B-D975-D753-10B4-862BD314B900}"
"432573","504244","0",".00","0",".00","0",".00","0",".00","0",".00",".00",".00",".00",".00",".00","465.00",".00","465.00",".00","465.00","","{F2918B5B-D975-D753-10B4-862BD314B900}"
"432574","504245","0",".00","0",".00","0",".00","0",".00","0",".00",".00",".00",".00",".00",".00",".00",".00",".00",".00",".00","","{B5A71CBA-90BE-7728-17C1-A879444ECA67}"
"432575","504246","8","1900.00","3","575.00","3","125.00","1","14.00","15","2614.00",".00","575.00","14.00","1329.36","1918.36",".00",".00",".00",".00",".00","","{7B0CCB33-3BF4-C3C4-106A-46661F96B485}"
"432577","504248","8","1900.00","3","575.00","3","125.00","1","14.00","15","2614.00",".00","575.00","14.00","1329.36","1918.36",".00",".00",".00",".00",".00","","{7B0CCB33-3BF4-C3C4-106A-46661F96B485}"
"432579","504250","1","200.00","0",".00","2","200.00","0",".00","3","400.00",".00",".00",".00","1134.18","1134.18","2000.00",".00","2000.00",".00","2000.00","","{E87F9977-2742-FE6E-7E54-01825DC11A63}"
"432581","504252","4","1650.00","0",".00","7","500.00","0",".00","11","2150.00",".00",".00",".00",".00",".00",".00",".00",".00",".00",".00","","{F22F0E57-2660-EE20-DA7F-D248BEBAF834}"
"432582","504253","2","5185.10","0",".00","0",".00","0",".00","2","5185.10",".00",".00",".00","3461.33","3461.33",".00",".00",".00",".00",".00","","{567D040F-A1B7-7B33-8589-3787FE5F632A}"
"432585","504256","0",".00","0",".00","0",".00","0",".00","0",".00",".00",".00",".00",".00",".00",".00",".00",".00",".00",".00","","{11890846-1052-F81B-FE4D-1DF62162E394}"
"432587","504258","0",".00","0",".00","0",".00","0",".00","0",".00",".00",".00",".00",".00",".00",".00",".00",".00",".00",".00","","{11890846-1052-F81B-FE4D-1DF62162E394}"
"432589","504260","0",".00","0",".00","0",".00","0",".00","0",".00",".00",".00",".00",".00",".00","100.00",".00","100.00",".00","100.00","","{DBE80EFF-AA71-A74D-D062-93DA13EF40A2}"
"432591","504262","0",".00","0",".00","0",".00","0",".00","0",".00",".00",".00",".00",".00",".00",".00",".00",".00",".00",".00","","{11890846-1052-F81B-FE4D-1DF62162E394}"
"432592","504263","0",".00","0",".00","0",".00","0",".00","0",".00",".00",".00",".00",".00",".00",".00",".00",".00",".00",".00","","{5DA29F9E-9D39-370D-D314-1C99CB467046}"
"432594","504265","1","500.00","0",".00","0",".00","0",".00","1","500.00",".00",".00",".00","1747.27","1747.27",".00",".00",".00",".00",".00","","{AA163A96-7D26-883B-8D16-304B6062ACB0}"
"432596","504267","0",".00","0",".00","0",".00","0",".00","0",".00",".00",".00",".00",".00",".00",".00",".00",".00",".00",".00","","{88085A1D-0EEC-B191-4A25-4471092C2093}"
"432597","504268","0",".00","0",".00","0",".00","0",".00","0",".00",".00",".00",".00",".00",".00",".00",".00",".00",".00",".00","","{A810D0E3-36B6-8D3E-F3DA-23B88D240AB1}"
"432598","504270","0",".00","0",".00","0",".00","0",".00","0",".00",".00",".00",".00",".00",".00",".00",".00",".00",".00",".00","","{CA1F273F-DEAF-69A5-0A74-E677A1E59E6A}"
"432599","504271","0",".00","0",".00","0",".00","0",".00","0",".00",".00",".00",".00","13170.09","13170.09",".00",".00",".00",".00",".00","","{4B01214E-30A8-358E-3673-D72B427D4AD2}"
"432600","504272","0",".00","0",".00","0",".00","0",".00","0",".00",".00",".00",".00",".00",".00",".00",".00",".00",".00",".00","","{C037DE38-FD85-B618-1387-6A85F106A643}"
"432602","504274","60","3669.00","17","1280.00","113","3165.80","19","1122.00","209","9236.80",".00","1280.00","1122.00","253.96","2655.96",".00",".00",".00",".00",".00","","{0FE5FA54-096A-1407-EFB0-43D7D091A165}"
"432606","504278","0",".00","0",".00","0",".00","0",".00","0",".00",".00",".00",".00",".00",".00","300.00",".00","300.00",".00","300.00","","{31D17D5F-E8A0-78E2-CC1F-D1B595F8FCC5}"
"432607","504279","0",".00","0",".00","0",".00","0",".00","0",".00",".00",".00",".00",".00",".00",".00",".00",".00",".00",".00","","{80E3D6C0-F6E5-89A1-FEFF-FAF8E384C364}"
"432608","504280","2","4708.60","0",".00","0",".00","0",".00","2","4708.60",".00",".00",".00","3461.33","3461.33",".00",".00",".00",".00",".00","","{567D040F-A1B7-7B33-8589-3787FE5F632A}"
"432609","504281","1","500.00","0",".00","0",".00","0",".00","1","500.00",".00",".00",".00","1747.27","1747.27",".00",".00",".00",".00",".00","","{AA163A96-7D26-883B-8D16-304B6062ACB0}"
"432614","504286","0",".00","0",".00","0",".00","0",".00","0",".00",".00",".00",".00",".00",".00",".00",".00",".00",".00",".00","","{88085A1D-0EEC-B191-4A25-4471092C2093}"
"432615","504287","0",".00","0",".00","0",".00","0",".00","0",".00",".00",".00",".00",".00",".00",".00",".00",".00",".00",".00","","{A810D0E3-36B6-8D3E-F3DA-23B88D240AB1}"
"432617","504289","0",".00","0",".00","0",".00","0",".00","0",".00",".00",".00",".00",".00",".00",".00",".00",".00",".00",".00","","{CA1F273F-DEAF-69A5-0A74-E677A1E59E6A}"
"432618","504290","0",".00","0",".00","0",".00","0",".00","0",".00",".00",".00",".00",".00",".00",".00",".00",".00",".00",".00","","{C037DE38-FD85-B618-1387-6A85F106A643}"
"432619","504291","1","1000.00","0",".00","0",".00","0",".00","1","1000.00",".00",".00",".00","84.00","84.00",".00",".00",".00",".00",".00","","{3D2B4AEB-BC7B-A33A-15D5-DC72E40EB391}"
"432620","504292","10","4450.00","1","259.09","4","280.00","0",".00","15","4989.09",".00","259.09",".00",".00","259.09","378.00",".00","378.00",".00","378.00","","{F1F614BE-9928-54EE-11E8-9EE4B52DB09A}"
"432621","504293","2","1150.00","0",".00","3","230.00","0",".00","5","1380.00",".00",".00",".00","814.55","814.55",".00",".00",".00",".00",".00","","{3BCA2E52-EFA0-4D2C-F2DD-9756C6EDE033}"
"432623","504296","0",".00","0",".00","0",".00","0",".00","0",".00",".00",".00",".00",".00",".00",".00",".00",".00",".00",".00","","{95B0156B-517E-7E5B-D5B5-4A461398CFC6}"
"432624","504297","0",".00","0",".00","3","215.00","0",".00","3","215.00",".00",".00",".00","453.74","453.74","674.00",".00","674.00",".00","674.00","","{CE788547-B365-C107-ED95-4E39A1723874}"
"432625","504298","3","1500.00","0",".00","0",".00","0",".00","3","1500.00","1.34",".00",".00",".00",".00",".00",".00",".00",".00",".00","","{A62FDE7B-0D54-37CE-5959-CA5CCBB14561}"
"432626","504299","3","2800.00","0",".00","0",".00","0",".00","3","2800.00",".00",".00",".00",".00",".00",".00",".00",".00",".00",".00","","{5533909B-7A92-E077-CAC1-B2D0D2F7B488}"
"432627","504300","5","4750.00","0",".00","0",".00","0",".00","5","4750.00",".00",".00",".00","1607.10","1607.10",".00",".00",".00",".00",".00","","{8B402A27-8E90-6FF4-6A70-6CE9C38EAC9F}"
"432629","504302","0",".00","0",".00","0",".00","0",".00","0",".00",".00",".00",".00","5000.00","5000.00",".00",".00",".00",".00",".00","","{F4C59AA2-2226-42F5-7669-1190BA475A70}"
"432630","504303","0",".00","0",".00","0",".00","0",".00","0",".00","500.00",".00",".00","1520.00","1520.00",".00",".00",".00",".00",".00","","{CB73C501-9D39-343A-A60A-F9E6A540144C}"
"432631","504304","0",".00","0",".00","0",".00","0",".00","0",".00",".00",".00",".00","30.00","30.00",".00",".00",".00",".00",".00","","{5FA2EEC2-AD66-48D6-8849-CD524D183E80}"
"432632","504305","0",".00","0",".00","0",".00","0",".00","0",".00",".00",".00",".00","30.00","30.00",".00",".00",".00",".00",".00","","{7DCA897E-96A5-C9C7-4693-0FF564B71748}"
"432633","504306","0",".00","0",".00","0",".00","0",".00","0",".00",".00",".00",".00","30.00","30.00",".00",".00",".00",".00",".00","","{22005791-914A-01BF-6585-7E9E550CE333}"
"432634","504307","0",".00","0",".00","0",".00","0",".00","0",".00",".00",".00",".00","30.00","30.00",".00",".00",".00",".00",".00","","{984B26CA-41D2-92B7-7CAC-F41403143626}"
"432635","504308","1","3000.00","0",".00","0",".00","0",".00","1","3000.00",".00",".00",".00","2020.00","2020.00",".00",".00",".00",".00",".00","","{0E4914AE-534B-F306-2A00-809D81139D87}"
"432636","504309","2","6000.00","0",".00","0",".00","0",".00","2","6000.00",".00",".00",".00","1646.00","1646.00",".00",".00",".00",".00",".00","","{B6B6C145-CA4E-1CBB-6A34-1E6519FF1DE4}"
"432637","504310","0",".00","0",".00","0",".00","0",".00","0",".00",".00",".00",".00","3500.00","3500.00",".00",".00",".00",".00",".00","","{CC0CFE1F-DBF7-603B-BD95-1685A01FE66B}"
"432638","504311","2","1000.00","0",".00","0",".00","0",".00","2","1000.00",".00",".00",".00","1000.00","1000.00",".00",".00",".00",".00",".00","","{75F0D84D-EB87-4503-5FCC-63B4401A882B}"
"432639","504312","0",".00","0",".00","0",".00","0",".00","0",".00",".00",".00",".00",".00",".00",".00",".00",".00",".00",".00","","{E4F41545-5C48-E154-4AC3-7F1308E65E81}"
"432640","504313","0",".00","0",".00","0",".00","0",".00","0",".00",".00",".00",".00",".00",".00",".00",".00",".00",".00",".00","","{0C81C84E-0E3D-AB9E-94CA-88A36571A23C}"
"432641","504314","0",".00","0",".00","0",".00","0",".00","0",".00",".00",".00",".00",".00",".00",".00",".00",".00",".00",".00","","{364FE3CD-3845-9794-4AE1-0C2BF1C5D33F}"
"432642","504315","3","193869.51","0",".00","0",".00","0",".00","3","193869.51",".00",".00",".00","39034.13","39034.13",".00",".00",".00",".00",".00","","{BADFA35B-B24B-5784-CC76-06210C8AFDF5}"
"432643","504316","0",".00","0",".00","0",".00","0",".00","0",".00",".00",".00",".00","250.00","250.00",".00",".00",".00",".00",".00","","{F1E7E67A-5B40-9908-54CC-23FE8F52EEAF}"
"432644","504317","0",".00","0",".00","0",".00","0",".00","0",".00",".00",".00",".00",".00",".00",".00",".00",".00",".00",".00","","{DD942126-4F80-B620-D189-68CE50586F3C}"
"432645","504318","0",".00","0",".00","0",".00","0",".00","0",".00",".00",".00",".00",".00",".00",".00",".00",".00",".00",".00","","{0A57BE13-E182-43DC-460D-1ACBA584B0D5}"
"432646","504319","0",".00","0",".00","0",".00","0",".00","0",".00",".00",".00",".00",".00",".00",".00",".00",".00",".00",".00","","{483C0EBF-3714-4D8F-5355-92373D5C775E}"
"432647","504320","0",".00","0",".00","0",".00","0",".00","0",".00",".00",".00",".00",".00",".00",".00",".00",".00",".00",".00","","{4C11E5B9-D279-8C9F-DC81-95A59FC66F32}"
"432648","504321","0",".00","0",".00","0",".00","0",".00","0",".00",".00",".00",".00","1500.00","1500.00",".00",".00",".00",".00",".00","","{11D2D641-DA28-D634-BE83-BF35B380C88A}"
"432649","504322","1","250.00","0",".00","0",".00","0",".00","1","250.00",".00",".00",".00",".00",".00",".00",".00",".00",".00",".00","","{BB9C7057-B9CB-CE49-6507-3003B13C315E}"
"432650","504323","0",".00","0",".00","0",".00","0",".00","0",".00",".00",".00",".00",".00",".00",".00",".00",".00",".00",".00","","{D58AC508-30CE-09BD-E41A-8ABD19495668}"
"432651","504324","0",".00","0",".00","0",".00","0",".00","0",".00",".00",".00",".00","100.00","100.00",".00",".00",".00",".00",".00","","{BD7145FD-899F-1307-BA91-B737D3FF7A04}"
"432652","504325","20","93750.00","0",".00","0",".00","0",".00","20","93750.00","3098.62",".00",".00","71811.84","71811.84",".00",".00",".00",".00",".00","","{15539CFD-689E-DFE7-1B5C-4FE3F1F55970}"
"432655","504328","1","1000.00","0",".00","0",".00","0",".00","1","1000.00",".00",".00",".00","2000.00","2000.00",".00",".00",".00",".00",".00","","{4369D5E5-FCEE-B813-C8D1-62556E813B89}"
"432659","504332","3","2200.00","0",".00","2","150.00","0",".00","5","2350.00",".00",".00",".00","1928.74","1928.74",".00",".00",".00",".00",".00","","{E52195F0-E57D-23D2-BCD3-C4314E78808C}"
"432663","504336","0",".00","0",".00","0",".00","0",".00","0",".00",".00",".00",".00","8500.00","8500.00",".00",".00",".00",".00",".00","","{49E4F467-ADAD-67F4-618E-B058BC0B7E60}"
"432664","504337","0",".00","0",".00","0",".00","0",".00","0",".00",".00",".00",".00",".00",".00",".00",".00",".00",".00",".00","","{5DA29F9E-9D39-370D-D314-1C99CB467046}"
"432665","504338","2","200.00","0",".00","2","100.00","0",".00","4","300.00",".00",".00",".00","79.91","79.91",".00",".00",".00",".00",".00","","{239B1C45-0723-3DE0-DD38-AE17ACA6FDB7}"
"432666","504339","2","1200.00","0",".00","0",".00","0",".00","2","1200.00",".00",".00",".00","206.07","206.07","50.00",".00","50.00",".00","50.00","","{0C54DA3D-8A0B-1F90-6269-E2B28CE51B5B}"
"432667","504340","0",".00","0",".00","0",".00","0",".00","0",".00",".00",".00",".00",".00",".00",".00",".00",".00",".00",".00","","{B18FE0E4-6402-199A-F1B4-EF909E3D1A20}"
"432669","504342","0",".00","0",".00","0",".00","0",".00","0",".00",".00",".00",".00",".00",".00",".00",".00",".00",".00",".00","","{D5153ACD-A8CC-8AA7-E88A-2848A3538E5F}"
"432676","504349","5","1150.00","0",".00","9","575.00","0",".00","14","1725.00",".00",".00",".00","565.61","565.61",".00",".00",".00",".00",".00","","{C49FEC3A-566B-8DBB-0F4E-9FFAC0C33DA4}"
"432678","504351","12","12650.00","0",".00","18","1370.00","0",".00","30","14020.00",".00",".00",".00","448.78","448.78",".00",".00",".00",".00",".00","","{42B1529B-56D9-A1F9-D9EA-A0E081152CFF}"
"432679","504353","0",".00","0",".00","0",".00","0",".00","0",".00",".00",".00",".00",".00",".00",".00",".00",".00",".00",".00","","{418A7E86-B4E3-3E2A-625B-6AC282CF7EE5}"
"432680","504352","1","250.00","0",".00","10","730.00","0",".00","11","980.00",".00",".00",".00","1508.66","1508.66",".00",".00",".00",".00",".00","","{4A413F6E-E16A-F847-64F2-355770A1D3A4}"
"432682","504357","0",".00","0",".00","0",".00","0",".00","0",".00",".00",".00",".00",".00",".00",".00",".00",".00",".00",".00","","{C6DF2AA7-44C3-2323-BECD-22A53A4D2F68}"
"432683","504358","0",".00","0",".00","0",".00","0",".00","0",".00",".00",".00",".00",".00",".00",".00",".00",".00",".00",".00","","{2BE4669D-FF32-C771-B020-8A4409744681}"
"432684","504360","5","39171.68","0",".00","0",".00","0",".00","5","39171.68",".00",".00",".00","5103.60","5103.60",".00",".00",".00",".00",".00","","{4A23DCE7-EBC8-A235-0B82-D46033CF4C13}"
"432685","504362","0",".00","0",".00","0",".00","0",".00","0",".00",".00",".00",".00",".00",".00",".00",".00",".00",".00",".00","","{D6718D5B-610D-0729-EBD6-78D3B7972526}"
"432686","504363","57","9143.01","0",".00","8","105.00","0",".00","65","9248.01","627.96",".00",".00","1097.71","1097.71",".00",".00",".00",".00",".00","","{BF35C3C3-D279-CC16-1433-1F3590AFD871}"
"432689","504366","0",".00","0",".00","0",".00","0",".00","0",".00",".00",".00",".00",".00",".00",".00",".00",".00",".00",".00","","{65EB8886-5CB7-661E-2F09-8CB15EA9E214}"
"432690","504367","0",".00","0",".00","0",".00","0",".00","0",".00",".00",".00",".00",".00",".00",".00",".00",".00",".00",".00","","{CE066F7E-0271-2829-737E-627ACBF11CB1}"
"432691","504367","0",".00","0",".00","0",".00","0",".00","0",".00",".00",".00",".00",".00",".00",".00",".00",".00",".00",".00","","{CE066F7E-0271-2829-737E-627ACBF11CB1}"
"432692","504368","3","699.52","1","20.15","0",".00","0",".00","4","719.67",".00","20.15",".00","1230.30","1250.45",".00",".00",".00",".00",".00","","{257E338A-82D4-79ED-A086-03E95F5BB00F}"
"432694","504370","1","5000.00","0",".00","0",".00","0",".00","1","5000.00",".00",".00",".00","5000.00","5000.00",".00",".00",".00",".00",".00","","{A9A579AF-21BD-BA1B-2496-897378BFDF08}"
"432696","504372","4","14000.00","0",".00","0",".00","0",".00","4","14000.00",".00",".00",".00","7000.00","7000.00",".00",".00",".00",".00",".00","","{408232D3-DB5C-1487-0CBC-3A96B3703BF7}"
"432698","504374","0",".00","0",".00","0",".00","0",".00","0",".00",".00",".00",".00","200.00","200.00",".00",".00",".00",".00",".00","","{B6360448-D248-1943-6BC1-D5C875D740E9}"
"432699","504377","0",".00","0",".00","0",".00","0",".00","0",".00",".00",".00",".00",".00",".00","300.00",".00","300.00",".00","300.00","","{80CFC400-F541-FAC4-EECC-8B57DBC1E698}"
"432700","504378","0",".00","0",".00","0",".00","0",".00","0",".00",".00",".00",".00",".00",".00",".00",".00",".00",".00",".00","","{D8B3B8EC-9F07-A69F-3C34-AD4739B5C343}"
"432702","504380","2","800.00","0",".00","9","580.00","0",".00","11","1380.00",".00",".00",".00","2591.45","2591.45",".00",".00",".00",".00",".00","","{33AF72BE-EE45-D18B-00E3-8BDDC0BC8E93}"
"432704","504383","5","8200.00","0",".00","3","165.00","0",".00","8","8365.00",".00",".00",".00","3301.39","3301.39",".00",".00",".00",".00",".00","","{18705802-1531-17A0-2CC0-7A39252542C0}"
"432705","504384","4","6000.00","0",".00","2","200.00","0",".00","6","6200.00",".00",".00",".00","3335.23","3335.23","1000.25",".00","1000.25",".00","1000.25","","{95E63F9D-DC14-B92E-F96D-3B160D059200}"
"432706","504385","11","200.00","0",".00","13","130.00","0",".00","24","330.00",".00",".00",".00","465.42","465.42","2500.00",".00","2500.00","2500.00",".00","","{87DFC94F-3B16-AC6A-9E5A-9039303DE283}"
"432708","504387","4","1800.00","0",".00","4","225.03","0",".00","8","2025.03",".00",".00",".00","2725.02","2725.02","4507.40",".00","4507.40",".00","4507.40","","{0F3CC7FD-5B65-FF09-BB54-E43AC49B0103}"
"432709","504388","0",".00","0",".00","0",".00","0",".00","0",".00",".00",".00",".00",".00",".00",".00",".00",".00",".00",".00","","{2F142B42-33C9-1A43-9BDF-8EBA8B9B22C5}"
"432713","504395","4","2200.00","0",".00","3","250.00","1","73.11","8","2523.11",".00",".00","73.11","4623.94","4697.05",".00",".00",".00",".00",".00","","{CA6D31A1-DAC4-F012-3755-476C079041A1}"
"432714","504396","1","34.73","0",".00","1","100.00","0",".00","2","134.73",".00",".00",".00","34.73","34.73",".00",".00",".00",".00",".00","","{562AF070-8289-003A-2367-395EBBD886C0}"
"432716","504398","8","4299.00","1","293.00","7","600.00","0",".00","16","5192.00",".00","293.00",".00","3326.10","3619.10",".00",".00",".00",".00",".00","","{F39AC41B-2DB0-092F-7238-340AB6F8A669}"
"432717","504399","0",".00","0",".00","0",".00","0",".00","0",".00",".00",".00",".00",".00",".00",".00",".00",".00",".00",".00","","{52347C42-F218-BF57-115C-DD30707AE9F9}"
"432722","504406","6","930.00","1","5574.76","16","915.00","0",".00","23","7419.76",".00","5574.76",".00","1313.98","6888.74",".00","4600.00","4600.00",".00","4600.00","","{0F431140-108B-A407-C90E-34A8070E2060}"
"432723","504408","0",".00","0",".00","0",".00","0",".00","0",".00",".00",".00",".00",".00",".00",".00",".00",".00",".00",".00","","{86AD83A3-AA0C-32F6-9936-04878150027C}"
"432725","504410","2","300.00","0",".00","2","125.00","0",".00","4","425.00",".00",".00",".00","1217.26","1217.26",".00","550.00","550.00",".00","550.00","","{41CDE39C-394B-DA11-169E-EA8F32C9E6BD}"
"432727","504412","0",".00","0",".00","0",".00","0",".00","0",".00",".00",".00",".00",".00",".00","12385.57",".00","12385.57",".00","12385.57","","{6FC68417-00FB-67D8-C58C-AACE204DAC1D}"
"432730","504415","0",".00","0",".00","0",".00","0",".00","0",".00",".00",".00",".00",".00",".00",".00",".00",".00",".00",".00","","{8347E464-9EDD-694C-DA6C-0DA97D30DC20}"
"432732","504417","0",".00","0",".00","0",".00","0",".00","0",".00",".00",".00",".00",".00",".00",".00",".00",".00",".00",".00","","{EDA911F3-5142-6DAD-0B3C-97AE68F63921}"
"432733","504418","1","40.00","0",".00","8","47.57","0",".00","9","87.57",".00",".00",".00",".00",".00",".00",".00",".00",".00",".00","","{4F0F59FD-9D70-3BC3-17A9-AD8CEC0F6D4F}"
"432736","504426","1","300.00","0",".00","1","99.00","0",".00","2","399.00",".08",".00",".00",".00",".00",".00",".00",".00",".00",".00","","{0C76AF8F-1C0C-D6BE-F4C9-3E1C0C6F834F}"
"432739","504429","0",".00","0",".00","0",".00","0",".00","0",".00",".00",".00",".00",".00",".00",".00",".00",".00",".00",".00","","{CE6CD3B8-30D6-0357-40FB-A641B4110E74}"
"432740","504430","0",".00","0",".00","0",".00","0",".00","0",".00",".00",".00",".00",".00",".00",".00",".00",".00",".00",".00","","{CC0362D1-B00A-5DD5-2A29-BD75AE24E3BE}"
"432741","504432","3","310.00","0",".00","3","300.00","0",".00","6","610.00",".00",".00",".00","10775.48","10775.48","5000.00",".00","5000.00",".00","5000.00","","{06121EF2-E088-EB64-044E-05F6FB300D79}"
"432742","504433","113","1402.10","0",".00","78","288.00","0",".00","191","1690.10",".00",".00",".00","50500.00","50500.00",".00",".00",".00",".00",".00","","{96277057-9A35-B095-E982-A5F8518C9E06}"
"432743","504434","192","16573.08","0",".00","94","1173.10","0",".00","286","17746.18",".00",".00",".00","85000.00","85000.00",".00",".00",".00",".00",".00","","{4FEC2A04-024E-C0E8-65C2-8DF56080FD3B}"
"432746","504437","1","5000.00","0",".00","0",".00","0",".00","1","5000.00",".00",".00",".00","5000.00","5000.00",".00",".00",".00",".00",".00","","{0ED36C43-0DF8-6168-1F01-097C23DBEC56}"
"432748","504439","0",".00","0",".00","0",".00","0",".00","0",".00",".00",".00",".00","48.00","48.00",".00",".00",".00",".00",".00","","{37F6DA70-6FBB-983D-0100-A540AEE11304}"
"432750","504444","2","33000.00","0",".00","0",".00","0",".00","2","33000.00",".00",".00",".00","39430.63","39430.63",".00",".00",".00",".00",".00","","{931575AB-19D0-330B-5FAD-76C87471C04D}"
"432751","504445","4","287.81","0",".00","0",".00","0",".00","4","287.81",".00",".00",".00","762.71","762.71",".00",".00",".00",".00",".00","","{5C962813-D77B-09B7-C07E-D70E7AA518EA}"
"432752","504446","1","200.00","0",".00","9","575.00","0",".00","10","775.00",".00",".00",".00","434.99","434.99",".00",".00",".00",".00",".00","","{67B896CB-7FF9-C313-0B32-402050AA9FB1}"
"432753","504447","1","1000.00","0",".00","1","70.00","0",".00","2","1070.00",".00",".00",".00","849.22","849.22",".00",".00",".00",".00",".00","","{E6F560A7-ADE5-6E2D-5051-134AA6FAB6B6}"
"432758","504452","0",".00","0",".00","0",".00","0",".00","0",".00",".00",".00",".00",".00",".00",".00",".00",".00",".00",".00","","{EB58CAFF-44C1-B65B-4DE5-72A3D249C344}"
"432760","504453","31","2980.00","0",".00","44","1767.00","0",".00","75","4747.00",".00",".00",".00","3273.97","3273.97",".00",".00",".00",".00",".00","","{38E1A87F-D2F4-BC31-ABE9-D114320EC82E}"
"432763","504460","4","100.00","0",".00","29","725.00","0",".00","33","825.00",".00",".00",".00","384.55","384.55",".00",".00",".00",".00",".00","","{BCA8DAF2-89D9-DB51-5B53-E36E6A237C18}"
"432765","504463","0",".00","0",".00","0",".00","0",".00","0",".00",".00",".00",".00",".00",".00",".00",".00",".00",".00",".00","","{A4BD78D4-D47F-0724-38FB-8BAE98FCD36B}"
"432768","504466","2","830.00","0",".00","3","170.00","0",".00","5","1000.00",".00",".00",".00","448.39","448.39",".00",".00",".00",".00",".00","","{D0853108-21E7-DBC9-D023-B192B5E486FE}"
"432770","504469","0",".00","0",".00","0",".00","0",".00","0",".00",".00",".00",".00",".00",".00",".00",".00",".00",".00",".00","","{1B7A44F4-A043-605A-58DA-94868C28AE72}"
"432773","504472","10","947.64","0",".00","6","170.00","0",".00","16","1117.64",".00",".00",".00","4877.24","4877.24",".00",".00",".00",".00",".00","","{AD91EAA7-AE46-689B-39C7-9E907C906FB6}"
"432774","504473","10","947.64","0",".00","6","170.00","0",".00","16","1117.64",".00",".00",".00","4877.24","4877.24",".00",".00",".00",".00",".00","","{AD91EAA7-AE46-689B-39C7-9E907C906FB6}"
"432777","504478","0",".00","0",".00","0",".00","0",".00","0",".00",".02",".00",".00",".00",".00",".00",".00",".00",".00",".00","","{ACFAAE93-9B01-4FC5-ABB0-E796D43C15F5}"
"432779","504480","5","15900.00","0",".00","4","350.00","0",".00","9","16250.00",".00",".00",".00","2569.53","2569.53",".00",".00",".00",".00",".00","","{7D5F218E-4B9C-542C-3716-70DDC2D23AEA}"
"432780","504481","0",".00","0",".00","0",".00","0",".00","0",".00",".00",".00",".00",".00",".00",".00",".00",".00",".00",".00","","{0421E4B3-33E0-55E1-8C6D-245A2E1401EF}"
"432782","504483","0",".00","0",".00","0",".00","0",".00","0",".00",".00",".00",".00",".00",".00",".00",".00",".00",".00",".00","","{525C2784-E61A-1C3B-7EC6-8E356AB7BE9B}"
"432789","504492","4","2200.00","2","79.16","5","400.60","0",".00","11","2679.76","4.82","79.16",".00","755.63","834.79",".00",".00",".00",".00",".00","","{C9D17E82-4437-15AC-950D-F60CB12FD97C}"
"432790","504493","1","500.00","0",".00","0",".00","0",".00","1","500.00",".00",".00",".00","17.94","17.94","13232.15",".00","13232.15",".00","13232.15","","{D7F3E422-4FD7-0390-6C30-3AB0F09831F8}"
"432792","504495","0",".00","0",".00","0",".00","0",".00","0",".00",".00",".00",".00",".00",".00","90.46",".00","90.46",".00","90.46","","{B0B8B34B-C513-B62D-0E64-F3A94772D98B}"
"432795","504498","4","2361.42","0",".00","22","527.54","0",".00","26","2888.96",".83",".00",".00","21044.12","21044.12",".00",".00",".00",".00",".00","","{52842277-15BD-1785-5F52-7B007BFDCC26}"
"432798","504502","17548","2055204.02","0",".00","0",".00","0",".00","17548","2055204.02","6989.95",".00",".00","2035980.28","2035980.28",".00",".00",".00",".00",".00","","{FB2CD4FB-E1D0-F037-F6E7-0C18F23AA7D6}"
"432799","504503","2","1000.00","0",".00","0",".00","0",".00","2","1000.00",".00",".00",".00","4761.78","4761.78",".00",".00",".00",".00",".00","","{A4340217-868F-4F5F-9E37-65BC9CCA757D}"
"432801","504506","0",".00","0",".00","0",".00","0",".00","0",".00",".00",".00",".00",".00",".00",".00",".00",".00",".00",".00","","{082F6511-3B17-305D-1207-BD38F32C828F}"
"432802","504507","0",".00","0",".00","2","100.00","0",".00","2","100.00",".00",".00",".00",".00",".00",".00",".00",".00",".00",".00","","{78A52AFC-BA6A-0F77-7E53-EFF61C6656F9}"
"432804","504509","0",".00","0",".00","10","16.45","0",".00","10","16.45",".00",".00",".00",".00",".00",".00",".00",".00",".00",".00","","{58E4C418-0B07-0A6A-8EEC-9E9DA69B8A01}"
"432807","504516","1","100.00","0",".00","3","300.00","0",".00","4","400.00",".00",".00",".00","333.98","333.98","3000.00",".00","3000.00",".00","3000.00","","{CD93251D-0752-00BF-AAD3-8B0E026F183A}"
"432808","504518","0",".00","0",".00","0",".00","0",".00","0",".00",".00",".00",".00",".00",".00",".00",".00",".00",".00",".00","","{B6347666-4D5C-7559-000E-CF086FEA035E}"
"432812","504528","0",".00","0",".00","0",".00","0",".00","0",".00",".00",".00",".00",".00",".00",".00",".00",".00",".00",".00","","{60242F60-1776-77E6-D02D-BBE8E5DB0078}"
"432814","504531","17","4941.00","0",".00","61","4168.22","0",".00","78","9109.22",".00",".00",".00","9533.68","9533.68",".00",".00",".00",".00",".00","","{9037C064-1BE7-325F-241E-10788F910200}"
"432815","504533","2","265.00","0",".00","31","905.00","0",".00","33","1170.00",".00",".00",".00","1309.31","1309.31",".00",".00",".00",".00",".00","","{9A53EF50-0C97-C272-4B61-077198AE306A}"
"432816","504534","6","1370.00","0",".00","3","135.00","0",".00","9","1505.00",".00",".00",".00","1319.88","1319.88",".00",".00",".00",".00",".00","","{0D07EC27-3CD7-69D5-42D6-31BAE85FD186}"
"432821","504542","4","1450.00","0",".00","7","469.00","0",".00","11","1919.00",".00",".00",".00","119.06","119.06","100.00",".00","100.00",".00","100.00","","{C1226197-891D-DC8F-90FF-EB7450E66C1C}"
"432826","504547","1","375.00","0",".00","0",".00","0",".00","1","375.00",".00",".00",".00","427.76","427.76",".00",".00",".00",".00",".00","","{867B803A-13DF-9B6B-5091-CC23665B128D}"
"432830","504552","6","375.00","0",".00","9","145.00","0",".00","15","520.00",".00",".00",".00","7855.62","7855.62",".00",".00",".00",".00",".00","","{4DFB48CF-1B6C-28E4-A6C6-330298546A2B}"
"432831","504553","5","1951.00","1","1000.00","13","790.00","0",".00","19","3741.00",".00","1000.00",".00","3003.82","4003.82","100.00",".00","100.00",".00","100.00","","{6A4ADE0C-8522-7A02-84A5-21F8DCAC4961}"
"432832","504554","0",".00","0",".00","0",".00","0",".00","0",".00",".00",".00",".00",".00",".00",".00",".00",".00",".00",".00","","{6DB4CFA2-190D-D02F-BF40-22BA681E95A6}"
"432834","504556","0",".00","1","334.00","6","405.00","0",".00","7","739.00",".00","334.00",".00","3200.94","3534.94","15000.00","5000.00","20000.00",".00","20000.00","","{9FB935F8-E11A-7864-2E70-E0037E40E2F9}"
"432835","504558","0",".00","0",".00","2","75.00","0",".00","2","75.00",".00",".00",".00","646.37","646.37",".00",".00",".00",".00",".00","","{F2B275C3-280C-B5EB-6622-17951762B166}"
"432838","504561","0",".00","0",".00","0",".00","0",".00","0",".00",".00",".00",".00",".00",".00","500.00",".00","500.00",".00","500.00","","{6CF305C8-3661-AA2E-737B-3149C8258210}"
"432839","504562","18","446.80","0",".00","11","133.40","0",".00","29","580.20",".00",".00",".00","2216.22","2216.22",".00",".00",".00",".00",".00","","{4A25EC04-127E-3F3A-2892-71B1B78F2537}"
"432841","504564","2","250.00","0",".00","5","500.00","0",".00","7","750.00",".00",".00",".00","19.75","19.75",".00",".00",".00",".00",".00","","{0CDF77A5-D725-B681-3A4C-F51722E3B237}"
"432842","504565","0",".00","0",".00","0",".00","0",".00","0",".00",".00",".00",".00",".00",".00","16000.00",".00","16000.00",".00","16000.00","","{2F6785B7-A5A4-1AA5-3608-A4FA0EE142D0}"
"432843","504566","0",".00","0",".00","0",".00","0",".00","0",".00",".00",".00",".00",".00",".00","16000.00",".00","16000.00",".00","16000.00","","{2F6785B7-A5A4-1AA5-3608-A4FA0EE142D0}"
"432844","504567","0",".00","0",".00","0",".00","0",".00","0",".00",".00",".00",".00",".00",".00","16000.00",".00","16000.00",".00","16000.00","","{2F6785B7-A5A4-1AA5-3608-A4FA0EE142D0}"
"432845","504568","0",".00","0",".00","0",".00","0",".00","0",".00",".00",".00",".00",".00",".00","16000.00",".00","16000.00",".00","16000.00","","{2F6785B7-A5A4-1AA5-3608-A4FA0EE142D0}"
"432846","504569","0",".00","0",".00","0",".00","0",".00","0",".00",".00",".00",".00",".00",".00","16000.00",".00","16000.00",".00","16000.00","","{2F6785B7-A5A4-1AA5-3608-A4FA0EE142D0}"
"432847","504570","0",".00","0",".00","0",".00","0",".00","0",".00",".00",".00",".00",".00",".00","16000.00",".00","16000.00",".00","16000.00","","{2F6785B7-A5A4-1AA5-3608-A4FA0EE142D0}"
"432848","504571","0",".00","0",".00","0",".00","0",".00","0",".00",".00",".00",".00",".00",".00","16000.00",".00","16000.00",".00","16000.00","","{2F6785B7-A5A4-1AA5-3608-A4FA0EE142D0}"
"432849","504572","0",".00","0",".00","0",".00","0",".00","0",".00",".00",".00",".00",".00",".00","16000.00",".00","16000.00",".00","16000.00","","{2F6785B7-A5A4-1AA5-3608-A4FA0EE142D0}"
"432850","504573","0",".00","0",".00","0",".00","0",".00","0",".00",".00",".00",".00",".00",".00","16000.00",".00","16000.00",".00","16000.00","","{2F6785B7-A5A4-1AA5-3608-A4FA0EE142D0}"
"432851","504574","0",".00","0",".00","0",".00","0",".00","0",".00",".00",".00",".00",".00",".00","16000.00",".00","16000.00",".00","16000.00","","{DDF7CD67-3DE7-00BC-1623-F3C4F98D06B2}"
"432852","504575","0",".00","0",".00","0",".00","0",".00","0",".00",".00",".00",".00",".00",".00","16000.00",".00","16000.00",".00","16000.00","","{DDF7CD67-3DE7-00BC-1623-F3C4F98D06B2}"
"432853","504576","0",".00","0",".00","0",".00","0",".00","0",".00",".00",".00",".00",".00",".00","16000.00",".00","16000.00",".00","16000.00","","{DDF7CD67-3DE7-00BC-1623-F3C4F98D06B2}"
"432854","504577","0",".00","0",".00","0",".00","0",".00","0",".00",".00",".00",".00",".00",".00","16000.00",".00","16000.00",".00","16000.00","","{DDF7CD67-3DE7-00BC-1623-F3C4F98D06B2}"
"432855","504578","0",".00","0",".00","0",".00","0",".00","0",".00",".00",".00",".00",".00",".00","16000.00",".00","16000.00",".00","16000.00","","{DDF7CD67-3DE7-00BC-1623-F3C4F98D06B2}"
"432856","504579","0",".00","0",".00","0",".00","0",".00","0",".00",".00",".00",".00",".00",".00","16000.00",".00","16000.00",".00","16000.00","","{DDF7CD67-3DE7-00BC-1623-F3C4F98D06B2}"
"432857","504580","0",".00","0",".00","0",".00","0",".00","0",".00",".00",".00",".00",".00",".00","16000.00",".00","16000.00",".00","16000.00","","{DDF7CD67-3DE7-00BC-1623-F3C4F98D06B2}"
"432858","504581","0",".00","0",".00","0",".00","0",".00","0",".00",".00",".00",".00",".00",".00","16000.00",".00","16000.00",".00","16000.00","","{DDF7CD67-3DE7-00BC-1623-F3C4F98D06B2}"
"432859","504582","0",".00","0",".00","0",".00","0",".00","0",".00",".00",".00",".00",".00",".00","16000.00",".00","16000.00",".00","16000.00","","{DDF7CD67-3DE7-00BC-1623-F3C4F98D06B2}"
"432860","504583","0",".00","0",".00","0",".00","0",".00","0",".00",".00",".00",".00",".00",".00","16000.00",".00","16000.00",".00","16000.00","","{DDF7CD67-3DE7-00BC-1623-F3C4F98D06B2}"
"432861","504584","0",".00","0",".00","0",".00","0",".00","0",".00",".00",".00",".00",".00",".00","16000.00",".00","16000.00",".00","16000.00","","{DDF7CD67-3DE7-00BC-1623-F3C4F98D06B2}"
"432862","504585","1","1000.00","0",".00","2","149.99","0",".00","3","1149.99",".00",".00",".00","35.14","35.14",".00",".00",".00",".00",".00","","{DCB2F82D-1180-98B0-0F95-D5341AE6E245}"
"432866","504589","0",".00","0",".00","0",".00","0",".00","0",".00",".00",".00",".00",".00",".00","16000.00",".00","16000.00",".00","16000.00","","{1CE8360B-BAE1-6FB9-F198-27A4B7CD8A62}"
"432872","504596","3","1250.00","0",".00","0",".00","1","27.00","4","1277.00",".03",".00","27.00","1152.76","1179.76",".00",".00",".00",".00",".00","","{0CF3E209-690C-C6DD-0160-E5E05AB4FE9E}"
"432877","504601","5","800.00","2","99.37","7","70.00","0",".00","14","969.37","274.67","99.37",".00","174.42","273.79",".00",".00",".00",".00",".00","","{5536DD43-F3C5-348E-0734-A45152323C2F}"
"432880","504605","0",".00","0",".00","0",".00","0",".00","0",".00",".00",".00",".00","959.79","959.79",".00",".00",".00",".00",".00","","{C577C394-B032-7712-8906-3F1FBE8EB507}"
"432881","504606","0",".00","0",".00","0",".00","0",".00","0",".00",".00",".00",".00",".00",".00",".00",".00",".00",".00",".00","","{E1C1FD2C-231E-8D0E-0435-4EAE85146B9B}"
"432882","504607","2","4237.50","0",".00","0",".00","0",".00","2","4237.50",".00",".00",".00","36250.00","36250.00",".00",".00",".00",".00",".00","","{8B6C98DE-8912-4EDD-9B04-3EB87907E2DA}"
"432883","504608","0",".00","0",".00","1","100.00","0",".00","1","100.00",".00",".00",".00","414.00","414.00",".00",".00",".00",".00",".00","","{DA346729-C135-AE8C-4D7A-31404A6A9ADD}"
"432884","504609","0",".00","0",".00","0",".00","0",".00","0",".00",".00",".00",".00","1000.00","1000.00",".00",".00",".00",".00",".00","","{C548E0F7-829F-E874-B9B7-4CA33AD7F236}"
"432889","504617","0",".00","0",".00","0",".00","0",".00","0",".00",".00",".00",".00",".00",".00",".00",".00",".00",".00",".00","","{A95D2B15-9DF7-B849-B971-969DEC88C76F}"
"432892","504620","0",".00","0",".00","0",".00","0",".00","0",".00",".00",".00",".00","406.25","406.25",".00",".00",".00",".00",".00","","{9FF9E0D4-BC31-27B9-2EFC-4E31C20A82D4}"
"432894","504623","0",".00","0",".00","1","100.00","0",".00","1","100.00",".00",".00",".00",".00",".00","50.00",".00","50.00",".00","50.00","","{349A76DC-F0B9-E4A5-0FB7-A2B432FDCD94}"
"432895","504624","0",".00","0",".00","0",".00","0",".00","0",".00",".00",".00",".00",".00",".00",".00",".00",".00",".00",".00","","{671E8B26-BAEA-9A7C-941F-06FCA2B36105}"
"432896","504625","0",".00","0",".00","0",".00","0",".00","0",".00",".00",".00",".00","2124.30","2124.30","3000.00",".00","3000.00",".00","3000.00","","{67724E69-50BD-B5F4-14CA-2773CEAF6B9A}"
"432897","504626","0",".00","0",".00","11","23.00","0",".00","11","23.00","3.09",".00",".00",".00",".00",".00",".00",".00",".00",".00","","{A14AC80F-4239-BA79-A7BD-EE47DBA84D76}"
"432898","504627","2","450.00","0",".00","6","465.00","0",".00","8","915.00",".00",".00",".00","1147.08","1147.08","10000.00",".00","10000.00",".00","10000.00","","{8862BC73-7D5B-3031-8DA6-2D437F1F5B39}"
"432901","504630","7","2650.00","0",".00","8","600.00","0",".00","15","3250.00",".00",".00",".00","3388.75","3388.75",".00",".00",".00",".00",".00","","{D65643F5-51A5-6630-E5E1-A526D0CE93BC}"
"432903","504632","14","11800.00","0",".00","4","350.00","0",".00","18","12150.00","9.09",".00",".00","750.00","750.00",".00",".00",".00",".00",".00","","{0C2684AD-B4B9-5743-F47F-12B665C38883}"
"432904","504633","4","100.00","0",".00","0",".00","0",".00","4","100.00",".00",".00",".00","3.96","3.96",".00",".00",".00",".00",".00","","{2FE55494-C35F-5AEE-2928-D3351097738D}"
"432908","504637","15","5630.00","17","13336.60","32","2044.00","2","141.20","66","21151.80",".00","13336.60","141.20","6012.48","19490.28",".00","720.99","720.99",".00","720.99","","{D7738761-05FF-9020-4813-138BA7CE85F1}"
"432909","504638","2","525.00","0",".00","2","45.00","0",".00","4","570.00",".00",".00",".00","1721.24","1721.24",".00",".00",".00","720.99","-720.99","","{F1BF0A30-B432-228C-8390-8D2553CD008F}"
"432910","504639","0",".00","0",".00","0",".00","0",".00","0",".00",".00",".00",".00",".00",".00",".00",".00",".00",".00",".00","","{27DDBD71-0051-F8B3-2C68-10C927252D00}"
"432912","504641","0",".00","0",".00","0",".00","0",".00","0",".00",".00",".00",".00",".00",".00",".00",".00",".00",".00",".00","","{3D44199D-C82F-CE10-4BF0-7CF7AD9070EA}"
"432913","504642","0",".00","0",".00","0",".00","0",".00","0",".00",".00",".00",".00",".00",".00",".00",".00",".00",".00",".00","","{EC6914AB-00B1-AA80-8860-5C7FBB46F27A}"
"432916","504645","0",".00","0",".00","0",".00","0",".00","0",".00",".00",".00",".00",".00",".00",".00",".00",".00",".00",".00","","{BF3BCC3B-7EF3-47E2-AF85-16515D011307}"
"432919","504648","5","3200.00","0",".00","13","855.00","0",".00","18","4055.00",".00",".00",".00","4849.90","4849.90",".00",".00",".00",".00",".00","","{73900EC0-0326-D232-3AA7-68FF0B026035}"
"432920","504649","14","2552.50","2","600.00","13","720.00","1","100.00","30","3972.50",".00","600.00","100.00","418.90","1118.90","2000.00",".00","2000.00",".00","2000.00","","{20AE954C-BEC1-EAEC-27FC-8B7023D07063}"
"432922","504651","0",".00","0",".00","0",".00","0",".00","0",".00",".00",".00",".00","14650.00","14650.00",".00",".00",".00",".00",".00","","{73C6CEC3-4013-5156-7CF1-ED999F289994}"
"432925","504654","0",".00","0",".00","0",".00","0",".00","0",".00",".00",".00",".00",".00",".00","8203.16",".00","8203.16",".00","8203.16","","{DFEE4A85-8187-8E9C-04D7-3EBCA06D154A}"
"432928","504657","1","250.00","0",".00","0",".00","0",".00","1","250.00",".00",".00",".00","57.74","57.74",".00",".00",".00",".00",".00","","{F2946A59-63A9-3203-B4E9-85B43EA1A629}"
"432930","504659","0",".00","0",".00","0",".00","0",".00","0",".00",".00",".00",".00",".00",".00",".00",".00",".00",".00",".00","","{53F784DF-957C-8693-4F1F-7BC64067730F}"
"432931","504660","4","2100.00","1","260.00","5","355.00","0",".00","10","2715.00",".00","260.00",".00","901.14","1161.14",".00",".00",".00",".00",".00","","{9838A896-7FA9-D5D4-2552-478F4940E4F0}"
"432932","504661","0",".00","0",".00","0",".00","0",".00","0",".00",".00",".00",".00",".00",".00",".00",".00",".00",".00",".00","","{0469FEB5-4DE8-5955-9495-4E260F42DE1D}"
"432934","504663","0",".00","0",".00","0",".00","0",".00","0",".00",".00",".00",".00","100.00","100.00","192.00",".00","192.00",".00","192.00","","{AFA64AE8-E4B9-76C4-67EB-0B63E3D4C772}"
"432938","504667","0",".00","0",".00","0",".00","0",".00","0",".00",".00",".00",".00",".00",".00",".00",".00",".00",".00",".00","","{2F97C09A-8846-B45D-3DF4-1F5D7683D5DC}"
"432941","504672","0",".00","0",".00","0",".00","0",".00","0",".00",".00",".00",".00","175.00","175.00",".00",".00",".00",".00",".00","","{20891B0A-97CC-316A-9FE4-53A2420E1875}"
"432942","504673","1","25000.00","0",".00","0",".00","0",".00","1","25000.00","4000.00",".00",".00","60303.00","60303.00",".00",".00",".00",".00",".00","","{B48D7AE0-0F5E-3399-7E8E-D8497F231DE2}"
"432944","504675","0",".00","0",".00","0",".00","0",".00","0",".00",".00",".00",".00",".00",".00",".00",".00",".00",".00",".00","","{41188BDA-968B-2DC7-E54D-4DF3556E498C}"
"432945","504676","0",".00","0",".00","0",".00","0",".00","0",".00",".00",".00",".00",".00",".00",".00",".00",".00",".00",".00","","{9FE92304-3229-7A03-0BDE-E1648FC9B7E6}"
"432952","504683","0",".00","0",".00","0",".00","0",".00","0",".00",".00",".00",".00",".00",".00","226.68",".00","226.68",".00","226.68","","{6153919D-204B-3EAB-0CC4-A894B8B988B5}"
"432954","504685","0",".00","0",".00","0",".00","0",".00","0",".00",".00",".00",".00",".00",".00",".00",".00",".00",".00",".00","","{54385A5B-3908-8207-89A8-0F49140EAB97}"
"432955","504686","1","1000.00","0",".00","0",".00","0",".00","1","1000.00",".00",".00",".00","300.00","300.00",".00",".00",".00",".00",".00","","{1E6F0876-E785-9FC8-962C-8CD92060C398}"
"432956","504687","1","100.00","0",".00","9","440.00","0",".00","10","540.00",".00",".00",".00","363.52","363.52",".00",".00",".00",".00",".00","","{81878346-D6EB-CAEE-F451-12349793F4B2}"
"432957","504688","0",".00","0",".00","0",".00","0",".00","0",".00",".00",".00",".00","210.00","210.00",".00",".00",".00",".00",".00","","{809EEA8A-C987-F5D9-1602-ACEB15192D2D}"
"432959","504691","2","38.42","0",".00","0",".00","0",".00","2","38.42",".00",".00",".00",".00",".00",".00",".00",".00",".00",".00","","{38236FA1-6D97-6E9B-30CD-CB86D1682A5D}"
"432962","504694","2","1600.00","0",".00","0",".00","0",".00","2","1600.00",".00",".00",".00",".00",".00","500.00",".00","500.00",".00","500.00","","{6747C341-6A0A-9D1C-C6C6-E16325B2D9E6}"
"432963","504695","0",".00","0",".00","0",".00","0",".00","0",".00",".00",".00",".00",".00",".00",".00",".00",".00",".00",".00","","{124A7597-F93A-5EF8-86FA-524FCF3206C2}"
"432964","504696","0",".00","0",".00","0",".00","0",".00","0",".00",".00",".00",".00",".00",".00",".00",".00",".00",".00",".00","","{C287D7D2-BA56-4B29-A42A-D94C8F7B6CED}"
"432965","504697","0",".00","0",".00","1","18.00","0",".00","1","18.00",".00",".00",".00",".00",".00",".00",".00",".00",".00",".00","","{0920B8BC-A8EE-EBB9-A5F5-1C02452D801A}"
"432966","504698","0",".00","0",".00","0",".00","0",".00","0",".00",".00",".00",".00","3250.00","3250.00",".00",".00",".00",".00",".00","","{2E331D82-3F67-4459-A87B-D618956D08B9}"
"432968","504700","153","131433.34","0",".00","85","699.16","0",".00","238","132132.50",".00",".00",".00","68970.83","68970.83",".00",".00",".00",".00",".00","","{9B2909FE-AF30-CD2A-45F3-DC8757806156}"
"432969","504701","3","11130.24","0",".00","0",".00","0",".00","3","11130.24",".00",".00",".00","3500.00","3500.00",".00",".00",".00",".00",".00","","{CA2CAA9D-7CC4-EA21-FA38-5DBD8F40024B}"
"432970","504702","1","250.00","0",".00","5","400.00","0",".00","6","650.00",".00",".00",".00",".00",".00",".00",".00",".00",".00",".00","","{F2FA7471-F396-C6CF-7042-9F3695BB0427}"
"432972","504704","0",".00","0",".00","0",".00","0",".00","0",".00",".00",".00",".00",".00",".00","783.83",".00","783.83",".00","783.83","","{1C30A933-B643-18F4-9492-F06D4F228558}"
"432973","504705","0",".00","0",".00","0",".00","0",".00","0",".00",".00",".00",".00","1867.62","1867.62",".00",".00",".00",".00",".00","","{C3783EB0-0013-5F4D-005F-12CF98BFE889}"
"432975","504707","13","6118.11","0",".00","0",".00","0",".00","13","6118.11",".00",".00",".00","4500.00","4500.00",".00",".00",".00",".00",".00","","{414AECDD-84B4-D3C0-7BD3-0704AD973DEF}"
"432976","504708","0",".00","0",".00","0",".00","0",".00","0",".00",".00",".00",".00",".00",".00",".00",".00",".00",".00",".00","","{824F7A06-62C9-4F1A-AC46-E08CEA8F4BEC}"
"432977","504709","1","500.00","0",".00","0",".00","0",".00","1","500.00",".00",".00",".00",".00",".00",".00",".00",".00",".00",".00","","{C9A24BDE-E6D7-E769-B004-D736DCCFECE4}"
"432980","504712","0",".00","0",".00","0",".00","0",".00","0",".00",".00",".00",".00","2500.00","2500.00",".00",".00",".00",".00",".00","","{0F33F321-DF8E-A889-82BD-4DBCEC78E38C}"
"432987","504719","0",".00","0",".00","0",".00","0",".00","0",".00",".00",".00",".00",".00",".00",".00",".00",".00",".00",".00","","{2F9EC97C-1D16-8760-0F86-705A225D11C8}"
"432989","504721","1","1000.00","0",".00","0",".00","0",".00","1","1000.00",".00",".00",".00","2500.00","2500.00",".00",".00",".00",".00",".00","","{33FDE8B1-9861-1817-42E8-44DA12ED3671}"
"432990","504722","0",".00","0",".00","0",".00","0",".00","0",".00",".00",".00",".00",".00",".00",".00",".00",".00",".00",".00","","{DBDC3033-CC5D-7C98-4466-FC03B4A1E4EE}"
"432992","504724","0",".00","0",".00","0",".00","0",".00","0",".00",".00",".00",".00",".00",".00",".00",".00",".00",".00",".00","","{1E8C65F9-AA5A-7E8A-7670-4D3717BFFC78}"
"432994","504727","0",".00","0",".00","0",".00","0",".00","0",".00",".00",".00",".00",".00",".00",".00",".00",".00",".00",".00","","{1E8C65F9-AA5A-7E8A-7670-4D3717BFFC78}"
"432995","504725","167","11433.01","0",".00","28","680.00","0",".00","195","12113.01",".00",".00",".00","2128.97","2128.97",".00",".00",".00",".00",".00","","{8ED50315-DCDD-C320-75D2-EEA3DB75395A}"
"432998","504730","0",".00","0",".00","0",".00","0",".00","0",".00",".00",".00",".00",".00",".00",".00",".00",".00",".00",".00","","{9D531B9A-0710-F829-7790-46A3A45EEA57}"
"432999","504731","2","400.00","0",".00","0",".00","0",".00","2","400.00",".00",".00",".00","399.07","399.07",".00",".00",".00",".00",".00","","{A4BD78D4-D47F-0724-38FB-8BAE98FCD36B}"
"433002","504734","88","159562.50","0",".00","0",".00","0",".00","88","159562.50","34.69",".00",".00","29280.00","29280.00",".00",".00",".00",".00",".00","","{DB3ABDDB-8686-F572-A3ED-C542A4D8879F}"
"433003","504735","0",".00","0",".00","0",".00","0",".00","0",".00",".00",".00",".00","302.33","302.33",".00",".00",".00",".00",".00","","{CC5307E3-9972-6DDD-88EB-AB5DCC71637C}"
"433004","504736","0",".00","0",".00","0",".00","0",".00","0",".00",".00",".00",".00",".00",".00",".00",".00",".00",".00",".00","","{BFDD2FBA-7AD6-F628-C05E-17A9D8D3C755}"
"433005","504737","0",".00","0",".00","0",".00","0",".00","0",".00",".00",".00",".00",".00",".00",".00",".00",".00",".00",".00","","{C6662F22-0373-2DCA-066C-278D5202E6B6}"
"433006","504738","2","1200.00","0",".00","2","150.00","0",".00","4","1350.00",".00",".00",".00","5030.71","5030.71",".00","5030.71","5030.71",".00","5030.71","","{5F9E5292-DDF3-AC18-539F-35B4EDFB3AC4}"
"433007","504739","0",".00","0",".00","0",".00","0",".00","0",".00",".00",".00",".00",".00",".00",".00",".00",".00",".00",".00","","{4EDCE42C-6E06-0992-814B-C6678379F982}"
"433008","504740","0",".00","0",".00","0",".00","0",".00","0",".00",".00",".00",".00",".00",".00",".00",".00",".00",".00",".00","","{B96C65CA-CA70-E7F7-F701-018657327F9B}"
"433009","504741","0",".00","0",".00","0",".00","0",".00","0",".00",".00",".00",".00","1408.14","1408.14",".00",".00",".00",".00",".00","","{80C27037-96AC-71C2-FCE6-5E66749EC52E}"
"433010","504742","1","25000.00","0",".00","0",".00","0",".00","1","25000.00",".00",".00",".00","175.00","175.00",".00",".00",".00",".00",".00","","{085713C2-0678-A9D5-1822-3E58E5A3BFDE}"
"433011","504743","1","12000.00","0",".00","0",".00","0",".00","1","12000.00",".00",".00",".00","3125.25","3125.25",".00",".00",".00",".00",".00","","{27E2B6CB-F147-64FE-75FC-7144370AC2E7}"
"433012","504744","32","7869.60","0",".00","7","505.80","0",".00","39","8375.40",".00",".00",".00",".00",".00",".00",".00",".00",".00",".00","","{4405C95C-7478-F76C-8F4F-45BB6DB76358}"
"433013","504745","2","165.00","0",".00","0",".00","0",".00","2","165.00",".00",".00",".00","6500.00","6500.00",".00",".00",".00",".00",".00","","{02523A63-C948-36BD-9050-3B9CDD15D9D2}"
"433015","504748","9","2700.00","0",".00","4","399.00","0",".00","13","3099.00",".00",".00",".00","1224.81","1224.81",".00",".00",".00",".00",".00","","{95809047-AA51-A7FA-E464-06A576238642}"
"433016","504751","1","250.00","0",".00","0",".00","0",".00","1","250.00",".00",".00",".00","90.08","90.08",".00","35.00","35.00","35.00",".00","","{0B4141C2-78FD-E750-FBD3-96E29B7823F4}"
"433017","504749","2","400.00","0",".00","3","275.00","0",".00","5","675.00",".00",".00",".00","3600.00","3600.00","5030.71","3600.00","8630.71",".00","8630.71","","{188D4F45-FB28-7A9F-0801-B81DF5358984}"
"433019","504753","0",".00","0",".00","0",".00","0",".00","0",".00",".00",".00",".00",".00",".00",".00",".00",".00",".00",".00","","{B2887630-5120-D692-97E8-8DAA8D9D5A38}"
"433021","504757","0",".00","0",".00","0",".00","0",".00","0",".00",".00",".00",".00",".00",".00",".00",".00",".00",".00",".00","","{DE2876C1-AB3D-1FE7-862E-BE6B175454D4}"
"433024","504761","0",".00","0",".00","0",".00","0",".00","0",".00",".00",".00",".00",".00",".00",".00",".00",".00",".00",".00","","{334F3D42-F9BB-F834-787F-1596420AD23A}"
"433025","504762","4","13000.00","0",".00","0",".00","0",".00","4","13000.00",".00",".00",".00","2532.45","2532.45",".00",".00",".00",".00",".00","","{25134BE4-0B44-67FE-23DE-262BFFC0CE5D}"
"433027","504764","0",".00","1","58.30","0",".00","0",".00","1","58.30",".00","58.30",".00","376.00","434.30",".00",".00",".00",".00",".00","","{FB61A6DB-F3E1-A16E-2670-130989496D10}"
"433035","504772","0",".00","0",".00","0",".00","0",".00","0",".00",".00",".00",".00",".00",".00",".00",".00",".00",".00",".00","","{A864E27B-E71E-5BD5-9F71-4AECCCAD7541}"
"433036","504773","0",".00","0",".00","0",".00","0",".00","0",".00",".00",".00",".00",".00",".00",".00",".00",".00",".00",".00","","{E6AAA873-584B-C1BD-C37E-CCED82DBCF1C}"
"433038","504775","0",".00","0",".00","0",".00","0",".00","0",".00",".00",".00",".00",".00",".00",".00",".00",".00",".00",".00","","{8A675763-8103-4B95-FCD3-CA5331305628}"
"433039","504776","0",".00","0",".00","0",".00","0",".00","0",".00",".00",".00",".00",".00",".00",".00",".00",".00",".00",".00","","{8A675763-8103-4B95-FCD3-CA5331305628}"
"433041","504778","1","260.23","0",".00","0",".00","0",".00","1","260.23",".00",".00",".00","260.23","260.23",".00",".00",".00",".00",".00","","{36CB6960-5F68-C02E-2F94-72D014A26D21}"
"433043","504781","2","400.00","0",".00","3","275.00","0",".00","5","675.00",".00",".00",".00","4085.00","4085.00","5030.71","3600.00","8630.71",".00","8630.71","","{188D4F45-FB28-7A9F-0801-B81DF5358984}"
"433046","504784","1","175.00","1","379.07","0",".00","0",".00","2","554.07",".00","379.07",".00",".00","379.07",".00",".00",".00",".00",".00","","{DAA8A178-1B62-B176-4695-0484DE91660B}"
"433048","504786","1","150.00","0",".00","1","50.00","0",".00","2","200.00",".00",".00",".00",".00",".00","8630.71",".00","8630.71","1740.00","6890.71","","{95ECA903-E99F-3EAE-6253-FE9B7500C2E4}"
"433050","504788","0",".00","0",".00","0",".00","0",".00","0",".00",".00",".00",".00",".00",".00","6890.71",".00","6890.71",".00","6890.71","","{677DADC8-887E-A36D-E72D-B494D268B203}"
"433051","504789","1","2500.00","0",".00","12","600.00","0",".00","13","3100.00",".00",".00",".00","1000.00","1000.00",".00",".00",".00",".00",".00","","{A9E57EAB-6228-BD4D-81EF-D2A2D9A9AA87}"
"433052","504791","0",".00","0",".00","0",".00","0",".00","0",".00",".00",".00",".00",".00",".00",".00",".00",".00",".00",".00","","{EB9C8E63-C2C9-F2D3-8F87-3236F28D1705}"
"433053","504790","0",".00","0",".00","0",".00","0",".00","0",".00",".00",".00",".00",".00",".00","6890.71",".00","6890.71",".00","6890.71","","{F79ECB71-CE36-C3B9-F3B0-9BB9F1AF4503}"
"433055","504793","0",".00","0",".00","0",".00","0",".00","0",".00",".00",".00",".00",".00",".00","6890.71",".00","6890.71",".00","6890.71","","{305304E1-49A1-9EF0-953C-8BE65984C034}"
"433056","504794","4","7750.02","0",".00","0",".00","0",".00","4","7750.02",".00",".00",".00",".00",".00",".00",".00",".00",".00",".00","","{8EAA0655-5810-920B-61BF-CDE99EE77925}"
"433057","504795","0",".00","0",".00","5","175.00","0",".00","5","175.00",".69",".00",".00","3889.00","3889.00",".00",".00",".00",".00",".00","","{96A57000-A14B-97A3-E850-8BEA4949C74E}"
"433058","504796","3","404.48","0",".00","3","77.70","1","100.00","7","582.18",".00",".00","100.00","340.08","440.08",".00",".00",".00",".00",".00","","{DA4A9D3A-0EAF-F660-3025-17D59426CB92}"
"433060","504800","0",".00","0",".00","0",".00","0",".00","0",".00",".00",".00",".00",".00",".00","6890.71",".00","6890.71",".00","6890.71","","{566B064D-8274-CA95-F71B-4955C3295E02}"
"433061","504801","0",".00","0",".00","0",".00","0",".00","0",".00",".00",".00",".00","3093.12","3093.12",".00",".00",".00",".00",".00","","{5C90B5EE-70E6-8947-F58C-1FACDE046B95}"
"433064","504804","0",".00","0",".00","0",".00","0",".00","0",".00",".00",".00",".00",".00",".00","6890.71",".00","6890.71",".00","6890.71","","{819BD3E6-6A5E-F779-C619-1C7721021DA4}"
"433065","504806","0",".00","0",".00","0",".00","0",".00","0",".00",".00",".00",".00",".00",".00",".00",".00",".00",".00",".00","","{6C6FBA86-ACC6-81EF-D7D2-3465BB07ABE4}"
"433069","504809","0",".00","0",".00","0",".00","0",".00","0",".00",".00",".00",".00","230.14","230.14",".00",".00",".00",".00",".00","","{EA15951C-C01A-9BFA-6AE6-B2C555275D47}"
"433070","504810","0",".00","0",".00","0",".00","0",".00","0",".00",".00",".00",".00",".00",".00",".00",".00",".00",".00",".00","","{AEC01C0B-B4CD-9C9F-9BBE-B4A1C660A210}"
"433075","504815","1","250.00","0",".00","8","524.99","0",".00","9","774.99",".00",".00",".00","127.84","127.84",".00",".00",".00",".00",".00","","{12588BF9-1DD5-C5E3-3C96-DAB8CAF63FF9}"
"433079","504819","0",".00","0",".00","0",".00","0",".00","0",".00",".00",".00",".00",".00",".00","6890.71",".00","6890.71",".00","6890.71","","{7B807E92-795D-FF67-056C-69635ECA4437}"
"433080","504820","0",".00","0",".00","0",".00","0",".00","0",".00",".00",".00",".00",".00",".00","6890.71",".00","6890.71",".00","6890.71","","{CA81B37D-0B81-CCC0-2F6D-354F264508C7}"
"433081","504821","0",".00","0",".00","0",".00","0",".00","0",".00",".00",".00",".00",".00",".00","6890.71",".00","6890.71",".00","6890.71","","{5AF38DB3-C87B-BF5A-E9E9-55433D4F750C}"
"433082","504822","0",".00","0",".00","0",".00","0",".00","0",".00",".00",".00",".00",".00",".00","6890.71",".00","6890.71",".00","6890.71","","{2E9EAD26-2427-69E1-3B62-C5942F055E43}"
"433083","504823","0",".00","0",".00","0",".00","0",".00","0",".00",".00",".00",".00",".00",".00","6890.71",".00","6890.71",".00","6890.71","","{0A622117-AF6B-9066-AB4D-A5D644CE429A}"
"433085","504825","0",".00","0",".00","0",".00","0",".00","0",".00",".00",".00",".00",".00",".00","6890.71",".00","6890.71",".00","6890.71","","{E259B23F-B889-2A8B-9F38-D6E68E940FE1}"
"433086","504826","0",".00","0",".00","0",".00","0",".00","0",".00",".00",".00",".00",".00",".00","6890.71",".00","6890.71",".00","6890.71","","{9B0397D4-AA9B-2CE7-E6F7-5A36E503D58F}"
"433088","504828","5","12250.00","0",".00","5","295.00","0",".00","10","12545.00",".00",".00",".00","13236.20","13236.20",".00",".00",".00",".00",".00","","{4C85E3CE-0E0A-04B2-A815-752FDEE27A81}"
"433089","504829","0",".00","0",".00","0",".00","0",".00","0",".00",".00",".00",".00",".00",".00","6890.71",".00","6890.71",".00","6890.71","","{7B688318-3BAB-B203-4989-24DEF8D8E560}"
"433091","504831","0",".00","0",".00","0",".00","0",".00","0",".00",".00",".00",".00",".00",".00","6890.71",".00","6890.71",".00","6890.71","","{5FFDDF4F-1B56-8023-B0A1-BCD4DD99094A}"
"433092","504832","0",".00","0",".00","0",".00","0",".00","0",".00",".00",".00",".00",".00",".00","6890.71",".00","6890.71",".00","6890.71","","{3593219B-BE48-750A-DF1F-FCEA95E5EF47}"
"433093","504833","0",".00","0",".00","0",".00","0",".00","0",".00",".00",".00",".00",".00",".00","6890.71",".00","6890.71",".00","6890.71","","{6473F79A-BC5F-3AC8-5A62-EDEBB19CFA87}"
"433094","504835","44","10502.73","0",".00","50","2464.25","0",".00","94","12966.98","2273.14",".00",".00","8910.64","8910.64",".00",".00",".00",".00",".00","","{EC7FE53B-F654-9774-C1FD-6FBC17C84791}"
"433095","504834","0",".00","0",".00","0",".00","0",".00","0",".00",".00",".00",".00",".00",".00","6890.71",".00","6890.71",".00","6890.71","","{7145415B-5FA2-8978-5104-E081B8577B4E}"
"433096","504836","0",".00","0",".00","0",".00","0",".00","0",".00",".00",".00",".00",".00",".00","6890.71",".00","6890.71",".00","6890.71","","{4DFF16CE-B655-DCA1-7D2B-663EACB14402}"
"433098","504838","0",".00","0",".00","0",".00","0",".00","0",".00",".00",".00",".00",".00",".00","6890.71",".00","6890.71",".00","6890.71","","{5F295763-4875-4849-8FD3-307E216DF173}"
"433099","504839","0",".00","0",".00","0",".00","0",".00","0",".00",".00",".00",".00",".00",".00","6890.71",".00","6890.71",".00","6890.71","","{5E05D3B7-0492-F696-30A1-CEC475E91CB4}"
"433100","504840","0",".00","0",".00","0",".00","0",".00","0",".00",".00",".00",".00",".00",".00","6890.71",".00","6890.71",".00","6890.71","","{F57900BB-3AF8-10A6-A19A-ADE83005F7E3}"
"433101","504841","12","6325.00","4","237.40","9","479.00","2","52.00","27","7093.40",".00","237.40","52.00","1649.19","1938.59","1000.00",".00","1000.00",".00","1000.00","","{981B9561-A98B-89CD-6EE0-3B1A4CEF29FA}"
"433102","504842","0",".00","0",".00","0",".00","0",".00","0",".00",".00",".00",".00",".00",".00",".00",".00",".00",".00",".00","","{CDE39BE1-4617-72FC-98A8-9E38828F1D31}"
"433104","504843","0",".00","0",".00","0",".00","0",".00","0",".00",".00",".00",".00",".00",".00","6890.71",".00","6890.71",".00","6890.71","","{BEFCFD01-DEE9-7894-BA4F-B88F0CD86A05}"
"433105","504845","0",".00","0",".00","0",".00","0",".00","0",".00",".00",".00",".00",".00",".00",".00",".00",".00",".00",".00","","{EF96ABF9-BD7F-29C3-B161-FA1D438A89AE}"
"433106","504846","0",".00","0",".00","0",".00","0",".00","0",".00",".00",".00",".00",".00",".00","6890.71",".00","6890.71",".00","6890.71","","{8AC1E8FE-4C86-6F3C-B24B-68B613040420}"
"433107","504847","0",".00","0",".00","0",".00","0",".00","0",".00",".00",".00",".00",".00",".00","6890.71",".00","6890.71",".00","6890.71","","{55D6795C-6AA5-D145-8B2C-7F331945B20E}"
"433108","504848","0",".00","0",".00","0",".00","0",".00","0",".00",".00",".00",".00",".00",".00","6890.71",".00","6890.71",".00","6890.71","","{9A0221E5-DE93-AED6-681B-EA7BD4589C95}"
"433109","504849","0",".00","0",".00","0",".00","0",".00","0",".00",".00",".00",".00",".00",".00","6890.71",".00","6890.71",".00","6890.71","","{F7A70D08-F854-B7A2-FD86-B8314719ACE5}"
"433116","504856","0",".00","0",".00","0",".00","0",".00","0",".00",".00",".00",".00",".00",".00","6890.71",".00","6890.71",".00","6890.71","","{D2EB7806-2DFC-4ECC-9C07-4426EC71D13F}"
"433118","504858","0",".00","0",".00","0",".00","0",".00","0",".00",".00",".00",".00",".00",".00","6890.71",".00","6890.71",".00","6890.71","","{D2EB7806-2DFC-4ECC-9C07-4426EC71D13F}"
"433119","504859","0",".00","0",".00","0",".00","0",".00","0",".00",".00",".00",".00",".00",".00","6890.71",".00","6890.71",".00","6890.71","","{C628BD8B-5BDB-241E-29D3-BE3062136131}"
"433121","504861","0",".00","0",".00","0",".00","0",".00","0",".00",".00",".00",".00",".00",".00","1581.58",".00","1581.58",".00","1581.58","","{D786F5A4-1CD3-9551-2070-0BFB41761A7A}"
"433125","504865","0",".00","0",".00","0",".00","0",".00","0",".00",".00",".00",".00",".00",".00","1581.58",".00","1581.58",".00","1581.58","","{4E6DEDD9-DBF8-E2E5-2E66-5ABE4AE7F3DE}"
"433128","504868","1","200.00","0",".00","2","200.00","0",".00","3","400.00",".00",".00",".00",".00",".00",".00",".00",".00",".00",".00","","{629BFD9D-5EB8-43E7-4563-2A80BE582354}"
"433129","504869","0",".00","0",".00","0",".00","0",".00","0",".00",".00",".00",".00",".00",".00","6890.71",".00","6890.71",".00","6890.71","","{CA8F6DDC-6C81-F352-1646-2B19247526B1}"
"433131","504871","0",".00","0",".00","0",".00","0",".00","0",".00",".00",".00",".00",".00",".00","6890.71",".00","6890.71",".00","6890.71","","{60584004-1FFC-FD3B-1B1E-121D02FF4BD4}"
"433137","504877","0",".00","0",".00","0",".00","0",".00","0",".00",".00",".00",".00",".00",".00","6890.71",".00","6890.71",".00","6890.71","","{0703851F-75A9-F597-20A0-9C6947A9666A}"
"433138","504878","0",".00","0",".00","0",".00","0",".00","0",".00",".71",".00",".00",".00",".00",".00",".00",".00",".00",".00","","{DAA92075-7D55-E4B3-B7B7-9DB7AAF286B5}"
"433139","504879","0",".00","0",".00","0",".00","0",".00","0",".00",".00",".00",".00",".00",".00","6890.71",".00","6890.71",".00","6890.71","","{10C63923-9BCF-0B64-C620-07F92B9BDE5D}"
"433140","504880","0",".00","0",".00","0",".00","0",".00","0",".00",".00",".00",".00","4266.00","4266.00",".00",".00",".00",".00",".00","","{FE01CD4D-4E3D-9D2D-3B4D-FF9DCB1A68D1}"
"433141","504881","4","6890.71","0",".00","0",".00","0",".00","4","6890.71",".00",".00",".00",".00",".00","6890.71",".00","6890.71","6890.71",".00","","{D96B8902-694F-AF56-498A-DAFE154DA46B}"
"433144","504885","0",".00","0",".00","0",".00","0",".00","0",".00",".00",".00",".00","19.80","19.80",".00",".00",".00",".00",".00","","{A2314F60-DA5B-3E23-6DD7-5B516000DD72}"
"433146","504887","0",".00","0",".00","0",".00","0",".00","0",".00",".79",".00",".00",".00",".00","900.00",".00","900.00",".00","900.00","","{BE68639C-717B-B6B3-1E85-15E18FEA77AE}"
"433147","504888","4","110.00","0",".00","3","30.00","0",".00","7","140.00","20.39",".00",".00","138892.38","138892.38",".00",".00",".00",".00",".00","","{15A2EADC-27BF-067E-AE10-CD0551148449}"
"433150","504894","0",".00","0",".00","0",".00","0",".00","0",".00",".00",".00",".00",".00",".00",".00",".00",".00",".00",".00","","{BA2B5DC2-D8C6-EA6E-289F-38109DB77232}"
"433151","504895","0",".00","0",".00","0",".00","0",".00","0",".00",".00",".00",".00",".00",".00",".00",".00",".00",".00",".00","","{BA2B5DC2-D8C6-EA6E-289F-38109DB77232}"
"433153","504898","0",".00","0",".00","0",".00","0",".00","0",".00",".00",".00",".00",".00",".00",".00",".00",".00",".00",".00","","{4608E81C-7C93-EFFB-FC2C-AC987BBA8C3E}"
"433155","504900","0",".00","0",".00","0",".00","0",".00","0",".00",".00",".00",".00",".00",".00",".00",".00",".00",".00",".00","","{DFA0A23B-FFD0-0AF8-D857-1FE124E60432}"
"433157","504902","0",".00","0",".00","0",".00","0",".00","0",".00",".00",".00",".00",".00",".00",".00",".00",".00",".00",".00","","{D20AE584-167E-EAB7-0FA6-7C732FFEC117}"
"433158","504903","0",".00","0",".00","0",".00","0",".00","0",".00",".00",".00",".00",".00",".00",".00",".00",".00",".00",".00","","{8730F832-410C-268E-1C56-BB3DFE15C9AF}"
"433159","504904","1","200.00","0",".00","7","500.00","0",".00","8","700.00",".00",".00",".00",".00",".00",".00",".00",".00",".00",".00","","{BDCB5799-4C37-2CFF-C508-3CC35D8D84FD}"
"433160","504905","7","145.00","0",".00","17","415.00","0",".00","24","560.00",".00",".00",".00","22.20","22.20",".00",".00",".00",".00",".00","","{8A539E16-B033-F083-E1F2-66B7775BD8FC}"
"433162","504907","0",".00","0",".00","0",".00","0",".00","0",".00",".00",".00",".00",".00",".00",".00",".00",".00",".00",".00","","{DA416EBD-4828-AF9F-9ACA-917E629D70B5}"
"433163","504908","0",".00","0",".00","0",".00","0",".00","0",".00",".00",".00",".00",".00",".00",".00",".00",".00",".00",".00","","{85415562-24EB-8E52-3EAC-6C276544917A}"
"433164","504909","0",".00","0",".00","0",".00","0",".00","0",".00",".00",".00",".00",".00",".00",".00",".00",".00",".00",".00","","{524AFB9D-B749-383F-C766-22FD91B3A700}"
"433165","504910","0",".00","0",".00","0",".00","0",".00","0",".00",".00",".00",".00",".00",".00",".00",".00",".00",".00",".00","","{F3CB3AB2-B89A-B129-ABC6-75DB0C8BA560}"
"433166","504911","0",".00","0",".00","0",".00","0",".00","0",".00",".00",".00",".00",".00",".00","489.50",".00","489.50",".00","489.50","","{078BB247-2D2A-B9F2-176C-2D4BB8F16991}"
"433170","504915","0",".00","0",".00","0",".00","0",".00","0",".00",".00",".00",".00",".00",".00",".00",".00",".00",".00",".00","","{0E137851-E171-10CD-02F9-9DBD9B054217}"
"433171","504916","0",".00","0",".00","0",".00","0",".00","0",".00",".00",".00",".00",".00",".00",".00",".00",".00",".00",".00","","{1AD8AE9E-6F1D-C06F-2208-DD85069528E6}"
"433172","504917","0",".00","0",".00","0",".00","0",".00","0",".00",".00",".00",".00","1000.00","1000.00",".00",".00",".00",".00",".00","","{D5586B34-3CA9-091E-0CA9-D0C2516CAD18}"
"433173","504918","0",".00","0",".00","0",".00","0",".00","0",".00",".00",".00",".00",".00",".00",".00",".00",".00",".00",".00","","{15FC38D5-F927-05D9-8C8B-8391DACA07EF}"
"433174","504919","0",".00","0",".00","0",".00","0",".00","0",".00",".00",".00",".00",".00",".00",".00",".00",".00",".00",".00","","{13825BA0-1E58-FC23-B0F2-A81F57DB818E}"
"433175","504920","2","1628.36","0",".00","0",".00","0",".00","2","1628.36",".00",".00",".00",".00",".00",".00",".00",".00",".00",".00","","{B3992227-8C74-2B0C-4E1B-8210DB0D4C85}"
"433176","504921","0",".00","0",".00","0",".00","0",".00","0",".00",".00",".00",".00",".00",".00",".00",".00",".00",".00",".00","","{9C5BC327-85EB-7A67-4DEB-E7124CFB0109}"
"433177","504922","1","50000.00","0",".00","0",".00","0",".00","1","50000.00",".00",".00",".00","40676.71","40676.71",".00",".00",".00",".00",".00","","{FE1C69C5-1DFB-A1F9-3626-3E922126BEE6}"
"433178","504923","0",".00","0",".00","0",".00","0",".00","0",".00",".00",".00",".00",".00",".00",".00",".00",".00",".00",".00","","{CA895E83-C6C3-6E0D-9C07-43DA550CC524}"
"433179","504924","0",".00","0",".00","0",".00","0",".00","0",".00",".00",".00",".00",".00",".00",".00",".00",".00",".00",".00","","{10FFF180-09FC-D6C4-B09A-E89251E4FADA}"
"433180","504925","0",".00","0",".00","0",".00","0",".00","0",".00",".00",".00",".00",".00",".00",".00",".00",".00",".00",".00","","{E5F2F707-46E6-69E0-B4E7-910FA386747A}"
"433181","504926","0",".00","0",".00","0",".00","0",".00","0",".00",".00",".00",".00",".00",".00",".00",".00",".00",".00",".00","","{553644B4-EEE6-2167-3566-63133A2A3C76}"
"433182","504927","0",".00","0",".00","0",".00","0",".00","0",".00",".00",".00",".00",".00",".00",".00",".00",".00",".00",".00","","{D9D7C243-9E7D-FC0D-7A1D-3E0095B0FBD4}"
"433184","504929","0",".00","0",".00","0",".00","0",".00","0",".00",".00",".00",".00",".00",".00",".00",".00",".00",".00",".00","","{4CD7A410-8E22-EF53-180E-0FD8417AD76C}"
"433185","504930","0",".00","0",".00","0",".00","0",".00","0",".00",".00",".00",".00",".00",".00",".00",".00",".00",".00",".00","","{BAE843EA-5AD1-8055-C702-3AFD473B762C}"
"433187","504932","0",".00","0",".00","0",".00","0",".00","0",".00",".00",".00",".00",".00",".00",".00",".00",".00",".00",".00","","{9EBEAF7D-5064-DD79-B3F7-50611EF3473A}"
"433188","504933","0",".00","0",".00","0",".00","0",".00","0",".00",".00",".00",".00",".00",".00",".00",".00",".00",".00",".00","","{D055CE8C-7E63-0647-C91A-B47C3B13BC24}"
"433191","504936","0",".00","0",".00","0",".00","0",".00","0",".00",".00",".00",".00",".00",".00",".00",".00",".00",".00",".00","","{505E46B3-022F-72DE-4DBA-70C3B8A338AC}"
"433193","504938","0",".00","0",".00","0",".00","0",".00","0",".00",".00",".00",".00",".00",".00",".00",".00",".00",".00",".00","","{2254BE48-0DA1-BC71-DCB4-A5C9B0FD0EAA}"
"433194","504939","0",".00","0",".00","0",".00","0",".00","0",".00",".00",".00",".00",".00",".00",".00",".00",".00",".00",".00","","{BFFD6669-0755-DE79-BF67-DC6F07008135}"
"433195","504940","0",".00","0",".00","0",".00","0",".00","0",".00",".00",".00",".00",".00",".00",".00",".00",".00",".00",".00","","{AB17CEDA-67AB-ACEF-6700-09A226844482}"
"433196","504941","0",".00","0",".00","0",".00","0",".00","0",".00",".00",".00",".00",".00",".00",".00",".00",".00",".00",".00","","{81D60A11-257C-D38C-CDA2-D21DD0FB72D5}"
"433197","504942","0",".00","0",".00","0",".00","0",".00","0",".00",".00",".00",".00",".00",".00",".00",".00",".00",".00",".00","","{65EB8886-5CB7-661E-2F09-8CB15EA9E214}"
"433198","504943","0",".00","0",".00","0",".00","0",".00","0",".00",".00",".00",".00",".00",".00",".00",".00",".00",".00",".00","","{4AFAC276-07BF-4834-D4A6-A0F50EB12DB8}"
"433199","504944","0",".00","0",".00","0",".00","0",".00","0",".00",".00",".00",".00",".00",".00",".00",".00",".00",".00",".00","","{CC0362D1-B00A-5DD5-2A29-BD75AE24E3BE}"
"433200","504945","0",".00","0",".00","0",".00","0",".00","0",".00",".00",".00",".00",".00",".00",".00",".00",".00",".00",".00","","{EB58CAFF-44C1-B65B-4DE5-72A3D249C344}"
"433201","504946","0",".00","0",".00","0",".00","0",".00","0",".00",".00",".00",".00",".00",".00",".00",".00",".00",".00",".00","","{B6328C6C-0D85-C48E-3F39-61828DD9DE73}"
"433208","504954","2","1489.23","0",".00","0",".00","0",".00","2","1489.23",".00",".00",".00","1301.80","1301.80",".00",".00",".00",".00",".00","","{3E3E928B-808B-7D61-831D-B0D7CA8BA898}"
"433210","504956","11","3550.00","0",".00","7","500.00","0",".00","18","4050.00",".00",".00",".00","3304.35","3304.35",".00",".00",".00",".00",".00","","{1D58BA2C-5B4C-33A3-5D42-2D5ED4DFB7CD}"
"433214","504960","0",".00","0",".00","0",".00","0",".00","0",".00",".00",".00",".00",".00",".00","3852.21",".00","3852.21",".00","3852.21","","{6ED91C66-4BDB-262D-35D4-63D98D6EB8B3}"
"433215","504961","0",".00","0",".00","1","10.00","0",".00","1","10.00",".00",".00",".00",".00",".00",".00",".00",".00",".00",".00","","{2BE39D2F-C195-B5FE-7E46-BD23AC522664}"
"433223","504969","0",".00","0",".00","2","35.00","0",".00","2","35.00",".00",".00",".00","20.00","20.00",".00",".00",".00",".00",".00","","{846B2460-60B8-8BC8-5503-0902713E5037}"
"433225","504971","0",".00","0",".00","0",".00","0",".00","0",".00",".00",".00",".00","8.00","8.00",".00",".00",".00",".00",".00","","{BA02C560-57AA-C338-3D2B-583D72DD5134}"
"433229","504975","3","25623.39","0",".00","0",".00","0",".00","3","25623.39","5041.01",".00",".00","4000.00","4000.00",".00",".00",".00",".00",".00","","{A8611CDA-A6A6-9F8B-B1F3-3704A459A56E}"
"433231","504977","157","6853.26","0",".00","385","3143.42","0",".00","542","9996.68","1679.18",".00",".00","312595.18","312595.18",".00",".00",".00",".00",".00","","{FD7B023B-B14F-3B19-0676-B3BC9F253F1E}"
"433232","504978","0",".00","0",".00","0",".00","0",".00","0",".00",".00",".00",".00",".00",".00",".00",".00",".00",".00",".00","","{DA3357AF-4B61-F449-7FB6-7B3F9D09B2F3}"
"433233","504979","2","500.00","0",".00","0",".00","0",".00","2","500.00",".00",".00",".00","1030.94","1030.94",".00",".00",".00",".00",".00","","{EE1A663B-DFC4-8493-5FF0-E1799425B50B}"
"433234","504980","1","2930.00","0",".00","0",".00","0",".00","1","2930.00",".00",".00",".00",".00",".00",".00",".00",".00",".00",".00","","{2CFC427C-5E03-9866-1793-13F97FE9D4B1}"
"433235","504981","1","150.00","0",".00","0",".00","0",".00","1","150.00","11000.00",".00",".00","23250.00","23250.00",".00",".00",".00",".00",".00","","{CEFAB094-F043-25EB-3447-4EDEA7643938}"
"433237","504983","0",".00","0",".00","0",".00","0",".00","0",".00",".00",".00",".00",".00",".00",".00",".00",".00",".00",".00","","{04C51DF1-EC6A-ED12-0DA1-2BC07A65E5F2}"
"433238","504984","0",".00","0",".00","0",".00","0",".00","0",".00",".20",".00",".00",".00",".00",".00",".00",".00",".00",".00","","{3EE4A883-7ED9-031A-DB5F-624B98923150}"
"433239","504985","0",".00","0",".00","0",".00","0",".00","0",".00",".00",".00",".00",".00",".00",".00",".00",".00",".00",".00","","{F019CDDB-1924-A5D2-FD5C-A9CAC7E8BCCF}"
"433240","504986","0",".00","0",".00","0",".00","0",".00","0",".00",".00",".00",".00","24.00","24.00","1100.00",".00","1100.00",".00","1100.00","","{8292D19E-8822-4E08-1026-1C0C4C45CE25}"
"433244","504991","9","159.84","0",".00","0",".00","0",".00","9","159.84",".00",".00",".00","3627.60","3627.60",".00",".00",".00",".00",".00","","{D57EC3FE-4709-841B-FF58-DB8071DF4279}"
"433245","504993","0",".00","0",".00","0",".00","0",".00","0",".00",".00",".00",".00",".00",".00",".00",".00",".00",".00",".00","","{1AAAFA01-D6AB-A23B-0B7A-12D336F20637}"
"433246","504993","0",".00","0",".00","0",".00","0",".00","0",".00",".00",".00",".00",".00",".00",".00",".00",".00",".00",".00","","{1AAAFA01-D6AB-A23B-0B7A-12D336F20637}"
"433247","504994","0",".00","0",".00","0",".00","0",".00","0",".00",".00",".00",".00",".00",".00",".00",".00",".00",".00",".00","","{30121165-9EE8-C1A9-9B99-1EA984C4E776}"
"433248","504995","0",".00","0",".00","0",".00","0",".00","0",".00",".00",".00",".00",".00",".00",".00",".00",".00",".00",".00","","{F71FAB42-9023-3200-7D45-514064FE79AE}"
"433249","504996","0",".00","0",".00","0",".00","0",".00","0",".00",".00",".00",".00",".00",".00",".00",".00",".00",".00",".00","","{7858D5F1-758E-FCFF-B239-A5F61E89877D}"
"433252","504999","0",".00","0",".00","0",".00","0",".00","0",".00",".00",".00",".00",".00",".00",".00",".00",".00",".00",".00","","{11993A41-5BE7-8EB8-4D57-F50540AF6232}"
"433253","505000","14","165000.00","0",".00","0",".00","0",".00","14","165000.00",".00",".00",".00","93515.00","93515.00",".00",".00",".00",".00",".00","","{1CEB1E3F-C6E6-55BB-4399-72F97DCA7787}"
"433254","505001","4","4840.00","0",".00","0",".00","0",".00","4","4840.00",".00",".00",".00","5540.00","5540.00",".00",".00",".00",".00",".00","","{825F826C-AF0F-6095-D762-22DE9E102D9E}"
"433263","505010","4","2915.00","1","1000.00","3","250.00","0",".00","8","4165.00",".00","1000.00",".00","2045.29","3045.29","153.43","3563.34","3716.77",".00","3716.77","","{01E20D24-97FC-1AAF-B8DC-86CBE3BCEBEB}"
"433266","505013","3","557.00","0",".00","4","350.00","0",".00","7","907.00",".00",".00",".00","1296.41","1296.41",".00",".00",".00",".00",".00","","{7703AA39-8C5E-FCC6-3774-F5FD72ABC50B}"
"433268","505015","4","2915.00","1","1000.00","3","250.00","0",".00","8","4165.00",".00","1000.00",".00","2045.29","3045.29","153.43","3563.34","3716.77",".00","3716.77","","{01E20D24-97FC-1AAF-B8DC-86CBE3BCEBEB}"
"433270","505017","0",".00","0",".00","0",".00","0",".00","0",".00",".00",".00",".00",".00",".00",".00",".00",".00",".00",".00","","{A1AB8B52-AED3-EF9C-A05B-797B353674A3}"
"433273","505020","0",".00","0",".00","0",".00","0",".00","0",".00",".00",".00",".00",".00",".00",".00",".00",".00",".00",".00","","{2B1F905B-DC12-E25B-AD82-8D6C48DDB02C}"
"433276","505023","0",".00","14","2337.87","7","310.00","3","180.00","24","2827.87",".00","2337.87","180.00","66.00","2583.87",".00",".00",".00",".00",".00","","{1D0056A2-A5DA-B28E-CDA2-85E0519815D4}"
"433278","505025","2","350.00","0",".00","18","1300.00","0",".00","20","1650.00",".00",".00",".00","1247.46","1247.46",".00",".00",".00",".00",".00","","{25F38A47-1396-0C62-65A6-8870B741E613}"
"433283","505030","0",".00","0",".00","0",".00","0",".00","0",".00",".00",".00",".00",".00",".00",".00",".00",".00",".00",".00","","{48F57EDE-3E33-E27C-944E-F3E5BE42EB07}"
"433284","505031","0",".00","2","541.83","0",".00","0",".00","2","541.83",".00","541.83",".00",".00","541.83",".00",".00",".00",".00",".00","","{32510B42-DCB8-6EDA-E6F9-5CF7BA22D2EA}"
"433285","505032","24","26089.69","5","2086.87","6","501.94","0",".00","35","28678.50",".00","2086.87",".00","12171.35","14258.22","400.00",".00","400.00",".00","400.00","","{3E7B59CB-3203-D280-98C1-03B424C0B174}"
"433286","505033","3","75.00","0",".00","0",".00","0",".00","3","75.00",".00",".00",".00","3790.95","3790.95",".00",".00",".00",".00",".00","","{DAAED483-55EA-A37D-A0E6-3CC4A5EB73AA}"
"433288","505035","0",".00","0",".00","0",".00","0",".00","0",".00",".00",".00",".00",".00",".00",".00",".00",".00",".00",".00","","{22DDE592-1187-BD7E-5498-485209B3F9F4}"
"433289","505036","0",".00","0",".00","0",".00","0",".00","0",".00",".00",".00",".00",".00",".00",".00",".00",".00",".00",".00","","{CCCCAA93-0AA9-245D-1E87-E78EDE92A6F6}"
"433290","505037","0",".00","0",".00","3","3.00","0",".00","3","3.00",".00",".00",".00",".12",".12",".00",".00",".00",".00",".00","","{ED036362-9BD6-F632-F31D-4B1AC7D81B54}"
"433293","505040","2","1500.00","0",".00","0",".00","0",".00","2","1500.00",".00",".00",".00","4453.00","4453.00",".00",".00",".00",".00",".00","","{A8175CBB-DFB8-80BC-C0C3-B8DD005E52B2}"
"433294","505042","0",".00","0",".00","0",".00","0",".00","0",".00",".00",".00",".00",".00",".00",".00",".00",".00",".00",".00","","{170EDC59-6E6F-6B03-520C-86C27EE85D02}"
"433295","505043","0",".00","0",".00","0",".00","0",".00","0",".00",".00",".00",".00",".00",".00",".00",".00",".00",".00",".00","","{49C16DFD-02BC-42EA-7FE4-9B5E78A84D4F}"
"433297","505045","0",".00","0",".00","0",".00","0",".00","0",".00",".00",".00",".00","1000.00","1000.00",".00",".00",".00",".00",".00","","{D5055775-9FBD-5A9D-9710-E1422E276FCB}"
"433298","505046","0",".00","0",".00","0",".00","0",".00","0",".00",".00",".00",".00","15.00","15.00",".00",".00",".00",".00",".00","","{FC291C5A-4D46-E918-0131-89902BDA3804}"
"433299","505047","0",".00","0",".00","0",".00","0",".00","0",".00",".00",".00",".00","1500.00","1500.00","68.60",".00","68.60",".00","68.60","","{F5E0854E-B5CD-B261-0841-BBEFC6741A83}"
"433300","505048","0",".00","3","28.50","0",".00","0",".00","3","28.50",".00","28.50",".00",".00","28.50",".00",".00",".00",".00",".00","","{5097903D-9003-70A5-E38A-D9EC564F8D1C}"
"433301","505049","3","2983.50","0",".00","28","155.00","0",".00","31","3138.50",".00",".00",".00",".00",".00",".00",".00",".00",".00",".00","","{6CBD312C-C1E4-470D-249E-DF337A110487}"
"433302","505051","2","2000.00","0",".00","0",".00","0",".00","2","2000.00",".00",".00",".00","2089.31","2089.31",".00",".00",".00",".00",".00","","{71F0836D-431B-949A-B373-FE66C37FC6E1}"
"433303","505052","0",".00","0",".00","0",".00","0",".00","0",".00",".00",".00",".00",".00",".00",".00",".00",".00",".00",".00","","{C3408D24-AE37-9F1A-FE70-14F925744B93}"
"433305","505055","0",".00","0",".00","0",".00","0",".00","0",".00",".00",".00",".00",".00",".00",".00",".00",".00",".00",".00","","{69A04317-8070-29F9-3FF3-E63E4D57B7E7}"
"433308","505058","0",".00","0",".00","0",".00","0",".00","0",".00",".00",".00",".00",".00",".00",".00",".00",".00",".00",".00","","{4B39CCA6-00F1-C4A0-763C-F6EABD1DB619}"
"433309","505058","0",".00","0",".00","0",".00","0",".00","0",".00",".00",".00",".00",".00",".00",".00",".00",".00",".00",".00","","{4B39CCA6-00F1-C4A0-763C-F6EABD1DB619}"
"433313","505062","3","3000.00","0",".00","0",".00","0",".00","3","3000.00",".00",".00",".00","1897.50","1897.50",".00",".00",".00",".00",".00","","{CBD55BEC-054F-E01E-BA0E-1729FCE71BE1}"
"433314","505063","23","34398.00","0",".00","1","50.00","0",".00","24","34448.00","1015.77",".00",".00","58823.89","58823.89",".00",".00",".00",".00",".00","","{38A1B664-91CF-0A6B-DF12-156216E8949B}"
"433315","505064","108","112400.24","0",".00","18","1405.00","0",".00","126","113805.24",".00",".00",".00","106047.95","106047.95",".00",".00",".00",".00",".00","","{3089EEB4-6A88-5F50-8118-8A9789CF9481}"
"433316","505065","0",".00","0",".00","0",".00","0",".00","0",".00",".00",".00",".00",".00",".00",".00",".00",".00",".00",".00","","{1F3910B7-D36C-2076-EFFE-D758D7E56BE3}"
"433317","505067","10","5206.80","0",".00","1","100.00","0",".00","11","5306.80",".00",".00",".00","1522.00","1522.00","1100.00",".00","1100.00",".00","1100.00","","{E7C60396-8EDA-FA90-1521-1D6AAAEA1227}"
"433320","505070","10","5206.80","0",".00","1","100.00","0",".00","11","5306.80",".00",".00",".00","1522.00","1522.00","1100.00",".00","1100.00",".00","1100.00","","{E7C60396-8EDA-FA90-1521-1D6AAAEA1227}"
"433323","505073","1","500.00","0",".00","0",".00","0",".00","1","500.00",".00",".00",".00",".00",".00",".00",".00",".00",".00",".00","","{567BD498-39F7-DD48-ADFD-B31FA8059615}"
"433327","505077","0",".00","0",".00","0",".00","0",".00","0",".00",".00",".00",".00",".00",".00",".00",".00",".00",".00",".00","","{FC0009DE-C4D3-D4F6-6A08-407C274E3326}"
"433328","505078","0",".00","0",".00","0",".00","0",".00","0",".00",".00",".00",".00",".00",".00",".00",".00",".00",".00",".00","","{FC0009DE-C4D3-D4F6-6A08-407C274E3326}"
"433329","505079","0",".00","0",".00","0",".00","0",".00","0",".00",".00",".00",".00",".00",".00",".00",".00",".00",".00",".00","","{CAA7314A-77A8-CD12-3F0A-655FE44AB145}"
"433334","505087","1","1600.00","0",".00","0",".00","0",".00","1","1600.00","750.00",".00",".00","10000.00","10000.00",".00",".00",".00",".00",".00","","{99F06924-72CA-0187-4DE7-79C596A09710}"
"433335","505088","5","1834.00","0",".00","3","250.00","0",".00","8","2084.00",".00",".00",".00","1571.55","1571.55",".00",".00",".00",".00",".00","","{5CE2B4AE-6C50-DBE6-6CC8-2155D1E32F62}"
"433337","505090","0",".00","0",".00","0",".00","0",".00","0",".00",".00",".00",".00",".00",".00",".00",".00",".00",".00",".00","","{F35CE96A-F616-9C42-E2B4-C99F14A00F4D}"
"433339","505097","10","3250.00","0",".00","9","570.00","0",".00","19","3820.00",".00",".00",".00","2630.83","2630.83",".00",".00",".00",".00",".00","","{7EF60BB9-413A-110C-DFE9-9DA73D506435}"
"433341","505099","6","255.00","0",".00","6","285.00","0",".00","12","540.00",".00",".00",".00","515.30","515.30",".00",".00",".00",".00",".00","","{068F1304-10B3-2ED1-554D-B1AD13F1C3F8}"
"433346","505104","0",".00","0",".00","0",".00","0",".00","0",".00",".00",".00",".00","2250.00","2250.00",".00",".00",".00",".00",".00","","{BE939359-8251-C19C-C9E2-40F3AEF95A88}"
"433350","505110","1","2000.00","0",".00","1","7.31","0",".00","2","2007.31",".00",".00",".00","2033.97","2033.97",".00",".00",".00",".00",".00","","{98E3F680-0581-9A48-BBAA-E53E72DCAA34}"
"433352","505112","0",".00","0",".00","0",".00","0",".00","0",".00",".00",".00",".00",".00",".00",".00",".00",".00",".00",".00","","{64D24EB6-77D3-3FAC-50FD-5209C665B5FD}"
"433354","505114","2","2000.00","2","242.59","2","196.80","0",".00","6","2439.39",".00","242.59",".00","3992.10","4234.69","500.00",".00","500.00",".00","500.00","","{A22B727E-04C7-6578-C2CB-47890632A9A1}"
"433365","505125","5","33700.00","0",".00","9","675.00","0",".00","14","34375.00",".00",".00",".00","8257.12","8257.12",".00",".00",".00",".00",".00","","{0F899371-5BE0-C2A1-929C-4B48A86D90E9}"
"433366","505126","8","166.68","0",".00","4","162.08","0",".00","12","328.76",".00",".00",".00","1580.42","1580.42",".00",".00",".00",".00",".00","","{2ABE0131-727E-E901-2FF9-FA8584E672C1}"
"433368","505128","0",".00","0",".00","0",".00","0",".00","0",".00",".00",".00",".00",".00",".00",".00",".00",".00",".00",".00","","{4CFBB8BD-3CE3-5A10-B9C6-A1B0A4AC97FD}"
"433369","505130","0",".00","0",".00","4","27.37","0",".00","4","27.37",".00",".00",".00","12824.48","12824.48",".00",".00",".00",".00",".00","","{CCB41ACD-4939-A349-21ED-AB1EA070FC3C}"
"433372","505133","0",".00","0",".00","0",".00","0",".00","0",".00",".00",".00",".00",".00",".00",".00",".00",".00",".00",".00","","{1FE4E970-5DE0-845F-5EF4-322AF31105C4}"
"433374","505135","0",".00","0",".00","0",".00","0",".00","0",".00",".00",".00",".00","694.55","694.55",".00",".00",".00",".00",".00","","{42714C9F-A2BB-4C6A-893B-3E5F312FA9A0}"
"433377","505140","1","200.00","0",".00","2","200.00","0",".00","3","400.00",".00",".00",".00","2218.03","2218.03",".00",".00",".00",".00",".00","","{F28A96D5-FF08-D11A-9C3B-11F5931562E0}"
"433378","505141","5","1000.00","0",".00","13","605.00","0",".00","18","1605.00",".00",".00",".00","2173.01","2173.01","500.26","92.00","592.26","342.26","250.00","","{90B40620-DCD4-A750-95BB-4E9C4789A2F4}"
"433388","505151","0",".00","0",".00","0",".00","0",".00","0",".00",".00",".00",".00",".00",".00",".00",".00",".00",".00",".00","","{522F3755-7A97-1F75-C49B-B0D0D2B83995}"
"433390","505153","0",".00","0",".00","0",".00","0",".00","0",".00",".00",".00",".00",".00",".00",".00",".00",".00",".00",".00","","{AB280E00-A3DF-D053-888E-7C7DDB6045C2}"
"433391","505154","0",".00","0",".00","0",".00","0",".00","0",".00",".00",".00",".00","1000.00","1000.00",".00",".00",".00",".00",".00","","{B4C3DFDB-3151-4318-C4EF-7A08493D96BE}"
"433392","505155","0",".00","0",".00","0",".00","0",".00","0",".00",".00",".00",".00",".00",".00",".00",".00",".00",".00",".00","","{E1792A65-EFB0-8A8B-7EE8-C06AD8174052}"
"433393","505158","58","14917.38","0",".00","9","288.43","0",".00","67","15205.81",".00",".00",".00","6196.54","6196.54",".00",".00",".00",".00",".00","","{6E1ABF5E-C588-8625-E7CD-D5520BC21D69}"
"433395","505160","1","500.00","0",".00","0",".00","1","35.00","2","535.00",".00",".00","35.00","257.12","292.12","30.11",".00","30.11",".00","30.11","","{76E9E08D-C8AE-76AD-134A-085537E33CD2}"
"433396","505162","23","7693.32","0",".00","40","1630.00","0",".00","63","9323.32","735.69",".00",".00","54000.00","54000.00",".00",".00",".00",".00",".00","","{9E8ADF18-8123-310A-6E3A-ED80774B8BE7}"
"433397","505163","0",".00","0",".00","0",".00","0",".00","0",".00",".00",".00",".00",".00",".00",".00",".00",".00",".00",".00","","{72C4CB51-C509-625E-E113-3F49F0FB343C}"
"433398","505164","0",".00","0",".00","0",".00","0",".00","0",".00",".00",".00",".00",".00",".00",".00",".00",".00",".00",".00","","{83AABD58-BDAA-49CA-3F22-B6A7DB6EFABA}"
"433399","505165","0",".00","0",".00","0",".00","0",".00","0",".00","40.00",".00",".00","61.06","61.06","1000.00",".00","1000.00",".00","1000.00","","{41B7BFB4-E510-FBDA-B97A-7251D2191854}"
"433402","505168","3","5650.00","0",".00","1","100.00","0",".00","4","5750.00",".00",".00",".00","2704.13","2704.13",".00",".00",".00",".00",".00","","{80F83334-B134-57CD-B86F-9CCB9ECFFF55}"
"433403","505169","0",".00","0",".00","0",".00","0",".00","0",".00",".00",".00",".00",".00",".00",".00",".00",".00",".00",".00","","{CBFE1E39-E409-FC36-6FED-00E5FB7C456F}"
"433404","505170","0",".00","0",".00","0",".00","0",".00","0",".00",".00",".00",".00",".00",".00",".00",".00",".00",".00",".00","","{ED32EA23-D48E-30EC-2CFE-65384F4166C0}"
"433405","505171","0",".00","0",".00","23","595.31","0",".00","23","595.31",".00",".00",".00","160.00","160.00","1261.69",".00","1261.69",".00","1261.69","","{79E39BEC-C980-3FDD-7626-C63772D4D919}"
"433406","505172","3","755.00","0",".00","0",".00","0",".00","3","755.00",".00",".00",".00","1200.00","1200.00",".00",".00",".00",".00",".00","","{55C04CFF-999E-F328-D3D7-AF462CAA9E55}"
"433407","505173","0",".00","0",".00","0",".00","0",".00","0",".00",".00",".00",".00",".00",".00",".00",".00",".00",".00",".00","","{924DAE11-69F9-ADC8-8392-D5113DCC5630}"
"433408","505176","0",".00","0",".00","0",".00","0",".00","0",".00",".00",".00",".00",".00",".00",".00",".00",".00",".00",".00","","{DCC5A3C9-146C-CC24-A57A-474E7CF817F9}"
"433409","505178","15","188700.00","0",".00","0",".00","0",".00","15","188700.00",".00",".00",".00","58442.34","58442.34",".00",".00",".00",".00",".00","","{3DB1CB5E-8674-CC45-58D9-E3AF3489ADF5}"
"433411","505180","509","148364.53","0",".00","2190","52371.88","0",".00","2699","200736.41","7000.00",".00",".00","132502.02","132502.02",".00",".00",".00",".00",".00","","{96F8EF55-CFE3-43D4-D0EE-47EC7F4802C0}"
"433414","505183","6","225.00","0",".00","3","15.00","0",".00","9","240.00",".00",".00",".00","1125.00","1125.00",".00",".00",".00",".00",".00","","{4D6E873A-C6B0-88B9-1E18-DA81B2147E03}"
"433417","505188","2","550.00","0",".00","7","465.00","0",".00","9","1015.00",".00",".00",".00","1362.97","1362.97",".00","1085.66","1085.66",".00","1085.66","","{8F99218F-3A55-41F2-1E6C-D2E08C948FE6}"
"433418","505189","1","500.00","0",".00","0",".00","0",".00","1","500.00",".00",".00",".00","472.40","472.40",".00",".00",".00",".00",".00","","{AC98FD5E-064E-E674-3D11-B1AF03115677}"
"433423","505194","0",".00","0",".00","0",".00","0",".00","0",".00",".00",".00",".00",".00",".00","219.00",".00","219.00",".00","219.00","","{13B9824E-5370-8DC5-CC40-324FF5F0C344}"
"433424","505195","6","840.00","0",".00","7","580.00","0",".00","13","1420.00",".00",".00",".00","838.45","838.45",".00",".00",".00",".00",".00","","{0637B6D5-DD22-B104-AD89-FC8B650E4B67}"
"433426","505197","0",".00","0",".00","0",".00","0",".00","0",".00","1.30",".00",".00",".00",".00",".00",".00",".00",".00",".00","","{2AED5183-96E3-ABC5-4770-AEB19FA682B2}"
"433427","505198","7","4642.62","0",".00","0",".00","0",".00","7","4642.62",".00",".00",".00","7289.00","7289.00",".00",".00",".00",".00",".00","","{73A6D271-B3F5-729E-9350-6868C09E8E3A}"
"433429","505200","1","120.00","0",".00","0",".00","0",".00","1","120.00",".00",".00",".00","2949.47","2949.47",".00",".00",".00",".00",".00","","{43FB4C46-B3DC-4BD9-DA01-50F15A82B79B}"
"433431","505203","0",".00","0",".00","0",".00","0",".00","0",".00",".00",".00",".00",".00",".00",".00",".00",".00",".00",".00","","{5C0DFCD5-CE0B-7DA3-6503-DD9CBD3A369F}"
"433435","505206","1","1500.00","0",".00","0",".00","0",".00","1","1500.00","17.15",".00",".00","1500.00","1500.00",".00",".00",".00",".00",".00","","{137EECBD-186F-3414-B87C-E2A28EEAA8C1}"
"433436","505207","0",".00","0",".00","0",".00","0",".00","0",".00",".00",".00",".00","337.75","337.75","8500.00",".00","8500.00","1300.00","7200.00","","{29404D56-1DAC-BF6A-D0B0-B4B4BC5016C9}"
"433437","505208","1","120.00","0",".00","0",".00","0",".00","1","120.00",".00",".00",".00","3039.47","3039.47",".00",".00",".00",".00",".00","","{43FB4C46-B3DC-4BD9-DA01-50F15A82B79B}"
"433439","505211","0",".00","0",".00","0",".00","0",".00","0",".00",".00",".00",".00","25.00","25.00",".00",".00",".00",".00",".00","","{C34A7E41-93AF-03E9-853A-36BDDA94668F}"
"433442","505214","5","2500.00","0",".00","0",".00","0",".00","5","2500.00",".00",".00",".00",".00",".00",".00",".00",".00",".00",".00","","{F3861E37-5576-5D10-B482-E86BA40BB1F2}"
"433444","505216","0",".00","0",".00","0",".00","0",".00","0",".00",".00",".00",".00",".00",".00",".00",".00",".00",".00",".00","","{58696638-B15C-FE54-5760-FD9F1C0C3E2E}"
"433449","505221","86","17142.32","0",".00","752","33357.30","0",".00","838","50499.62",".00",".00",".00","41342.27","41342.27",".00",".00",".00",".00",".00","","{613A2E65-8F96-2DD0-F4C9-2C43B2DC9CFA}"
"433452","505226","0",".00","0",".00","0",".00","0",".00","0",".00",".00",".00",".00",".00",".00",".00",".00",".00",".00",".00","","{AC6A9B83-B8B8-E304-586D-106D5AB7D2C8}"
"433455","505229","4","4025000.00","0",".00","0",".00","0",".00","4","4025000.00","5000.00",".00",".00","3670037.00","3670037.00",".00",".00",".00",".00",".00","","{BE319F5B-03CF-F220-A30D-C11383C6015D}"
"433456","505230","3","2000.00","0",".00","0",".00","0",".00","3","2000.00",".00",".00",".00","3926.05","3926.05","5000.00",".00","5000.00",".00","5000.00","","{51836708-72A5-4364-FF80-5AD99E0988F8}"
"433458","505232","53","48065.00","0",".00","10","975.00","0",".00","63","49040.00",".00",".00",".00","70066.00","70066.00",".00",".00",".00",".00",".00","","{DADA41A7-F669-0DB9-C7D9-3C56E1412C5F}"
"433459","505233","0",".00","0",".00","0",".00","0",".00","0",".00",".00",".00",".00","8000.00","8000.00",".00",".00",".00",".00",".00","","{7B53DBE9-47AA-0189-D71F-DEB83CDD6116}"
"433461","505235","1","200.00","0",".00","1","100.00","0",".00","2","300.00",".00",".00",".00",".00",".00",".00",".00",".00",".00",".00","","{6B1AC035-A2C8-C39B-0125-829064E11F74}"
"433464","505238","1","200.00","0",".00","1","100.00","0",".00","2","300.00",".00",".00",".00",".00",".00",".00",".00",".00",".00",".00","","{6B1AC035-A2C8-C39B-0125-829064E11F74}"
"433465","505239","0",".00","0",".00","0",".00","0",".00","0",".00",".00",".00",".00","485.62","485.62","2661.96","485.62","3147.58",".00","3147.58","","{168C8D9C-D25E-12E9-A492-D31896139FAA}"
"433467","505241","0",".00","0",".00","0",".00","0",".00","0",".00",".00",".00",".00",".00",".00",".00",".00",".00",".00",".00","","{0F45233C-F6ED-2B2B-80E7-A8F44DD2FE3D}"
"433469","505243","1","30000.00","0",".00","0",".00","0",".00","1","30000.00","2.62",".00",".00","47000.00","47000.00",".00",".00",".00",".00",".00","","{18981B4A-0148-74AE-F2CA-01F1BF9EA082}"
"433470","505245","0",".00","0",".00","0",".00","0",".00","0",".00",".00",".00",".00",".00",".00",".00",".00",".00",".00",".00","","{49F4DE8E-73DD-7E4D-8EEB-042F4EA2531D}"
"433472","505247","0",".00","0",".00","0",".00","0",".00","0",".00",".00",".00",".00",".00",".00",".00",".00",".00",".00",".00","","{6DA69855-602F-F7F9-8A2F-5C46A6FB09CF}"
"433474","505251","0",".00","0",".00","0",".00","0",".00","0",".00",".00",".00",".00","53.91","53.91",".00",".00",".00",".00",".00","","{08D1A113-1846-8F04-E662-7F2319E8A238}"
"433476","505253","0",".00","0",".00","6","25.59","0",".00","6","25.59",".00",".00",".00","426.06","426.06",".00",".00",".00",".00",".00","","{FC027062-9245-0B86-8F42-963F68E21174}"
"433477","505254","0",".00","0",".00","0",".00","0",".00","0",".00",".00",".00",".00",".00",".00",".00",".00",".00",".00",".00","","{D1A6DD2E-BF60-046C-D21E-0FE16F22FB68}"
"433478","505255","1","1000.00","0",".00","0",".00","0",".00","1","1000.00",".00",".00",".00","445.45","445.45",".00",".00",".00",".00",".00","","{588AB499-8054-8186-74F9-2C45FB2256F9}"
"433480","505257","8","55000.00","0",".00","0",".00","0",".00","8","55000.00",".00",".00",".00","25.00","25.00",".00",".00",".00",".00",".00","","{2439ED17-E78D-77E9-5809-4965F1878122}"
"433481","505258","12","4950.00","0",".00","20","1285.00","0",".00","32","6235.00",".00",".00",".00","3300.00","3300.00",".00",".00",".00",".00",".00","","{B46DB847-0EC1-A8E1-39E2-627406179E33}"
"433482","505259","13","4650.00","1","1170.02","20","1575.00","0",".00","34","7395.02",".00","1170.02",".00",".00","1170.02",".00","3300.00","3300.00",".00","3300.00","","{CFDB2F8D-E867-0504-D019-D2B78F9B5470}"
"433483","505260","0",".00","0",".00","1","100.00","0",".00","1","100.00",".00",".00",".00","4275.00","4275.00","3300.00",".00","3300.00",".00","3300.00","","{22523C0C-0C98-90D0-FA24-A3053B8D5FE3}"
"433484","505261","0",".00","0",".00","0",".00","0",".00","0",".00",".00",".00",".00",".00",".00","3300.00",".00","3300.00",".00","3300.00","","{49C6978F-F129-E9E7-8D2D-C79DC6FF3E0E}"
"433487","505263","0",".00","0",".00","0",".00","0",".00","0",".00",".00",".00",".00","25.00","25.00",".00",".00",".00",".00",".00","","{F67F0868-E4EA-8509-F5F5-476970A36887}"
"433488","505266","0",".00","0",".00","1","20.00","0",".00","1","20.00",".00",".00",".00","157.82","157.82",".00",".00",".00",".00",".00","","{24C06A25-859C-C6E0-3C8B-7C649EEABF14}"
"433489","505267","1","200000.00","0",".00","0",".00","0",".00","1","200000.00",".00",".00",".00",".00",".00",".00",".00",".00",".00",".00","","{70829B90-5542-5304-375E-AFC0C0FCA2AD}"
"433490","505268","0",".00","0",".00","1","100.00","0",".00","1","100.00",".00",".00",".00",".00",".00",".00","140.00","140.00",".00","140.00","","{9EE092F9-A158-E19A-8BB2-5C235FF4E237}"
"433493","505271","0",".00","0",".00","0",".00","0",".00","0",".00",".00",".00",".00",".00",".00",".00",".00",".00",".00",".00","","{DAD98344-0D60-2024-46A2-B530B8D244D1}"
"433494","505272","0",".00","0",".00","0",".00","0",".00","0",".00",".00",".00",".00",".00",".00",".00",".00",".00",".00",".00","","{0864D6B9-2BA6-40C3-5E1D-4811CE025DC9}"
"433496","505276","1","185000.00","0",".00","0",".00","0",".00","1","185000.00",".00",".00",".00","51619.88","51619.88",".00",".00",".00",".00",".00","","{B353EC20-CF6B-227D-35B1-127AAED58610}"
"433498","505280","21","19784.00","0",".00","12","985.00","0",".00","33","20769.00",".00",".00",".00","3827.09","3827.09",".00",".00",".00",".00",".00","","{B52AA7DE-208D-F507-1D29-4D91A6A95079}"
"433500","505283","0",".00","0",".00","0",".00","0",".00","0",".00",".00",".00",".00",".00",".00","100.00",".00","100.00","100.00",".00","","{D258647E-40ED-C077-EE03-E22A064EBBD9}"
"433501","505284","2","25100.00","1","102.00","0",".00","2","85.00","5","25287.00",".00","102.00","85.00","900.00","1087.00",".00",".00",".00",".00",".00","","{AFA1BF36-755C-DD8C-7888-4B1FC66BB01C}"
"433503","505286","9","4900.00","0",".00","10","1000.00","0",".00","19","5900.00",".00",".00",".00","5470.83","5470.83","148426.84",".00","148426.84",".00","148426.84","","{1BAF6F89-0647-560C-D143-FC4BDBC01AED}"
"433504","505287","0",".00","0",".00","2","150.00","0",".00","2","150.00",".00",".00",".00",".00",".00",".00",".00",".00",".00",".00","","{258259C4-D7FE-F1A0-9CE6-CE5E23CEEB2F}"
"433505","505288","1","50.00","0",".00","1","10.00","0",".00","2","60.00",".00",".00",".00","100.40","100.40",".00",".00",".00",".00",".00","","{812CB92E-EEB9-39D0-C1F8-62E6F7AB1983}"
"433507","505290","1","150.00","0",".00","4","248.02","0",".00","5","398.02",".00",".00",".00","306.92","306.92",".00",".00",".00",".00",".00","","{DDE04382-BE3A-2DCA-1625-9631A18320FE}"
"433509","505292","0",".00","0",".00","1","20.00","0",".00","1","20.00",".00",".00",".00","500.79","500.79",".00",".00",".00",".00",".00","","{870AB2BE-679B-DA7D-747E-21F10B5EE299}"
"433510","505293","2","6726.47","0",".00","8","375.00","0",".00","10","7101.47",".00",".00",".00","2014.83","2014.83",".00",".00",".00",".00",".00","","{778735A1-4392-4AC5-0113-3159C8D51E57}"
"433511","505294","1","250.00","0",".00","3","300.00","0",".00","4","550.00",".00",".00",".00","3007.90","3007.90",".00",".00",".00",".00",".00","","{E14A7987-BF94-7299-866F-E86234BD1027}"
"433512","505295","5","3200.00","0",".00","14","537.00","0",".00","19","3737.00",".00",".00",".00","11415.68","11415.68",".00",".00",".00",".00",".00","","{B0CDA6C7-2C18-4888-B065-B1E8CA4966AE}"
"433513","505296","4","6600.00","0",".00","3","150.00","0",".00","7","6750.00",".00",".00",".00","6154.64","6154.64",".00",".00",".00",".00",".00","","{2067FE00-E2D9-6BD7-933A-FF50E2ECAB36}"
"433514","505297","4","12000.00","0",".00","73","2152.50","0",".00","77",".00",".00",".00",".00","7500.00",".00",".00",".00",".00",".00",".00","","{6E470A8A-1316-7943-4121-AFDCD9854309}"
"433515","505298","1","250.00","0",".00","2","100.00","0",".00","3","350.00",".00",".00",".00","263.84","263.84",".00",".00",".00",".00",".00","","{753E3020-582A-EB4A-2780-83BC2D626787}"
"433516","505299","1","250.00","0",".00","1","10.00","0",".00","2","260.00",".00",".00",".00","510.28","510.28",".00",".00",".00",".00",".00","","{5EDD9461-63E0-4CC7-5866-301CFE234E35}"
"433517","505300","1","1005.00","0",".00","1","50.00","0",".00","2","1055.00",".00",".00",".00","291.68","291.68",".00",".00",".00",".00",".00","","{75AD1B4F-D302-4EAF-CA53-A1F5A3FBA26C}"
"433519","505302","0",".00","0",".00","0",".00","0",".00","0",".00",".00",".00",".00","400.00","400.00",".00",".00",".00",".00",".00","","{0B3ABC38-34E0-B4F0-6420-B9C4A612D79F}"
"433520","505303","4","3921.00","0",".00","4","350.00","0",".00","8","4271.00",".00",".00",".00","562.58","562.58",".00",".00",".00",".00",".00","","{62FA5A26-07A6-EB92-4760-B06D22FCAC5F}"
"433521","505304","2","3000.00","0",".00","1","100.00","0",".00","3","3100.00",".00",".00",".00","603.95","603.95",".00",".00",".00",".00",".00","","{BE7B89DD-60D5-9782-7269-59C29E8EBC51}"
"433523","505306","2","8500.00","0",".00","5","210.00","0",".00","7","8710.00",".00",".00",".00","5808.27","5808.27",".00",".00",".00",".00",".00","","{3B1B0AE7-FA08-6D67-DB6F-2B080B7A0F08}"
"433524","505307","0",".00","0",".00","3","190.00","0",".00","3","190.00",".00",".00",".00","4443.95","4443.95",".00",".00",".00",".00",".00","","{D5F92284-11B9-62A3-856D-95466B053D25}"
"433525","505308","0",".00","0",".00","1","100.00","0",".00","1","100.00",".00",".00",".00","103.95","103.95",".00",".00",".00",".00",".00","","{F0918F8F-D2EA-609A-3401-36AEC1BB5E58}"
"433526","505309","0",".00","0",".00","0",".00","0",".00","0",".00",".00",".00",".00",".00",".00",".00",".00",".00",".00",".00","","{A68014CB-3F70-EF98-EE62-95999EA71F1D}"
"433527","505310","2","3210.22","0",".00","0",".00","0",".00","2","3210.22",".00",".00",".00","3210.22","3210.22",".00",".00",".00",".00",".00","","{6C5BD5C6-D8BA-7C80-035B-EF5107B56AA7}"
"433528","505311","0",".00","0",".00","0",".00","0",".00","0",".00",".00",".00",".00",".00",".00",".00",".00",".00",".00",".00","","{BF086884-8036-7B6E-C410-7545CA84A285}"
"433529","505312","0",".00","0",".00","4","160.00","0",".00","4","160.00",".00",".00",".00","206.33","206.33",".00",".00",".00",".00",".00","","{BEE0E976-8D45-7BE4-AB56-C89D52F99AE8}"
"433530","505313","0",".00","0",".00","4","170.00","0",".00","4","170.00",".00",".00",".00","181.72","181.72",".00",".00",".00",".00",".00","","{4CFF5AA0-397D-BC8D-4800-BC3F5B26C625}"
"433532","505315","0",".00","0",".00","4","174.00","0",".00","4","174.00",".00",".00",".00","4.90","4.90",".00",".00",".00",".00",".00","","{5148BEC3-FBE5-99EA-80A2-8B6416167FC3}"
"433533","505316","0",".00","0",".00","6","450.00","0",".00","6","450.00",".00",".00",".00","218.76","218.76",".00",".00",".00",".00",".00","","{B105712F-279C-166E-3339-ECE34B177F8B}"
"433534","505317","5","12000.00","0",".00","9","295.00","0",".00","14","12295.00",".00",".00",".00","16800.89","16800.89",".00",".00",".00",".00",".00","","{C8EC0063-10FD-758C-1046-CCF751DBC9D7}"
"433535","505318","5","1100.00","0",".00","11","395.00","0",".00","16","1495.00",".00",".00",".00","58.11","58.11",".00",".00",".00",".00",".00","","{F8A5F8EF-5B73-2955-7BFF-7E0138226380}"
"433536","505319","2","50.00","0",".00","9","245.00","0",".00","11","295.00",".00",".00",".00","11.70","11.70",".00",".00",".00",".00",".00","","{D4D52BA1-79A6-8B1E-23C6-B7A17AEC78A0}"
"433537","505320","3","75.00","0",".00","1","15.00","0",".00","4","90.00",".00",".00",".00","3.57","3.57",".00",".00",".00",".00",".00","","{97916DB4-5074-05B7-9934-44E41C70A2BC}"
"433538","505321","0",".00","0",".00","0",".00","0",".00","0",".00",".00",".00",".00","656.68","656.68","771.04","656.68","1427.72",".00","1427.72","","{634F944F-5CCF-49EB-30A5-53CA46DDB719}"
"433539","505322","12","4700.00","0",".00","33","2740.00","0",".00","45","7440.00",".00",".00",".00","4635.59","4635.59",".00",".00",".00",".00",".00","","{2199D729-9CB0-1FDB-CA6F-17815CC69E03}"
"433540","505323","2","700.00","0",".00","2","160.00","0",".00","4","860.00",".00",".00",".00","868.22","868.22",".00",".00",".00",".00",".00","","{3E9F19B8-32BD-28C0-5D08-F728BCDB4624}"
"433541","505324","2","400.00","0",".00","0",".00","0",".00","2","400.00",".00",".00",".00","995.33","995.33",".00",".00",".00",".00",".00","","{BDB5C5F6-8E49-E789-2F67-8222E8FC4170}"
"433543","505326","0",".00","0",".00","0",".00","0",".00","0",".00",".00",".00",".00","19668.63","19668.63",".00",".00",".00",".00",".00","","{FC8D76C1-4D76-234E-62E3-742D4D9AF3D3}"
"433544","505329","0",".00","0",".00","0",".00","0",".00","0",".00",".00",".00",".00",".00",".00","90.00",".00","90.00",".00","90.00","","{FB6B9975-833E-D146-989A-6B3947549ECE}"
"433545","505330","2","550.00","0",".00","3","169.84","0",".00","5","719.84",".00",".00",".00","1546.90","1546.90",".00",".00",".00",".00",".00","","{D3E9C246-4BA0-3E03-FAE8-B5CFE161049E}"
"433546","505331","1","1000.00","4","465.00","1","100.00","1","30.00","7","1595.00",".00","465.00","30.00",".00","495.00",".00",".00",".00",".00",".00","","{C10E1998-9CF4-2F1D-E46F-071420556553}"
"433547","505332","2","800.00","0",".00","0",".00","0",".00","2","800.00",".00",".00",".00","1168.08","1168.08","6893.14","2068.08","8961.22",".00","8961.22","","{2DF14FEF-EC29-4013-77A7-2B1E30808AC6}"
"433548","505333","2","800.00","0",".00","0",".00","0",".00","2","800.00",".00",".00",".00","100.00","100.00","6427.76",".00","6427.76",".00","6427.76","","{C015FCB8-C177-C48F-378C-1ADE80F29880}"
"433549","505334","0",".00","0",".00","0",".00","0",".00","0",".00",".00",".00",".00",".00",".00",".00",".00",".00",".00",".00","","{1A30F854-40C0-D239-8C27-39D20AACB0EF}"
"433550","505335","0",".00","0",".00","0",".00","0",".00","0",".00",".00",".00",".00",".00",".00",".00",".00",".00",".00",".00","","{BB39DC1C-BCBA-0749-D4A0-5D7DABB357DA}"
"433553","505338","0",".00","0",".00","0",".00","0",".00","0",".00",".00",".00",".00",".00",".00","6539.11",".00","6539.11",".00","6539.11","","{693C77A1-718D-A04A-928D-ABD434494A90}"
"433554","505339","0",".00","0",".00","0",".00","0",".00","0",".00",".00",".00",".00",".00",".00","100.00",".00","100.00",".00","100.00","","{05D32AC7-8A66-93BB-6006-AC96A78B655C}"
"433558","505343","1","250.00","0",".00","1","25.00","0",".00","2","275.00","50.00",".00",".00",".00",".00",".00",".00",".00",".00",".00","","{131F7783-2EBC-F1C9-4B9C-2CF58EC5ABE6}"
"433560","505345","0",".00","4","935.34","0",".00","0",".00","4","935.34",".00","935.34",".00",".00","935.34",".00",".00",".00",".00",".00","","{794D0D66-7753-CACB-4F8E-6F7684A7148D}"
"433561","505346","19","18295.78","0",".00","19","1020.00","0",".00","38","19315.78",".00",".00",".00","6464.23","6464.23",".00",".00",".00",".00",".00","","{2A9999E1-98FF-E89A-5776-3B5A6EA54493}"
"433563","505348","4","6215.71","0",".00","0",".00","0",".00","4","6215.71",".00",".00",".00","15110.00","15110.00",".00",".00",".00",".00",".00","","{F4F560FE-25A1-35E6-AE9A-26D1BF15E551}"
"433566","505351","2","550.00","0",".00","12","505.00","0",".00","14","1055.00",".00",".00",".00","3116.02","3116.02",".00",".00",".00",".00",".00","","{F33DF12F-08E2-67EB-03EA-506450DD8E18}"
"433567","505352","0",".00","0",".00","0",".00","0",".00","0",".00",".00",".00",".00",".00",".00",".00",".00",".00",".00",".00","","{35722D89-ACD7-553B-A21C-67C92EEFDAAF}"
"433572","505359","0",".00","0",".00","3","160.00","0",".00","3","160.00",".00",".00",".00",".00",".00",".00",".00",".00",".00",".00","","{15ED1657-4DE8-4009-FE25-B0969D877344}"
"433575","505363","8","11901.68","0",".00","0",".00","0",".00","8","11901.68",".00",".00",".00","3392.86","3392.86","50.00",".00","50.00",".00","50.00","","{057CA5B1-B555-4EA2-981F-53A0A22A9817}"
"433578","505370","2","2275.00","0",".00","0",".00","0",".00","2","2275.00",".00",".00",".00","2305.00","2305.00",".00",".00",".00",".00",".00","","{144C4838-3C9B-F48B-8CC3-BA00766CB24C}"
"433579","505371","0",".00","0",".00","1","25.00","0",".00","1","25.00",".00",".00",".00","263.72","263.72",".00",".00",".00",".00",".00","","{926B7449-E4BD-371B-BDAF-867540276CE6}"
"433580","505372","16","2700.00","4","249.48","13","745.00","0",".00","33","3694.48",".00","249.48",".00","2845.25","3094.73",".00",".00",".00",".00",".00","","{22646866-2078-E8F6-B2B5-CC52E53AF058}"
"433581","505373","0",".00","0",".00","0",".00","0",".00","0",".00",".00",".00",".00",".00",".00",".00",".00",".00",".00",".00","","{3CBB8059-0666-8B8C-78B5-D0CA6BE390A5}"
"433588","505380","0",".00","0",".00","0",".00","0",".00","0",".00",".00",".00",".00","12.00","12.00",".00",".00",".00",".00",".00","","{3E135C2D-75A7-4932-5D79-067F28DE22E5}"
"433590","505382","7","3140.00","0",".00","19","600.00","0",".00","26","3740.00",".17",".00",".00","1576.00","1576.00",".00",".00",".00",".00",".00","","{C0A0BBE4-D701-E0DF-99A9-E0BA208282A9}"
"433591","505383","0",".00","0",".00","0",".00","0",".00","0",".00",".00",".00",".00",".00",".00","3120.11",".00","3120.11",".00","3120.11","","{0534C7D1-BA00-E24C-96F2-41E0AE20DF35}"
"433595","505387","0",".00","0",".00","0",".00","0",".00","0",".00",".00",".00",".00","24879.69","24879.69",".00",".00",".00",".00",".00","","{C0E8F036-B976-2BD4-982A-5D77080423C6}"
"433596","505388","3","850.00","0",".00","3","242.00","0",".00","6","1092.00",".00",".00",".00","50.00","50.00",".00",".00",".00",".00",".00","","{91B68EFE-26B4-D74F-36FD-72E704A2AC06}"
"433601","505393","12","9575.00","3","720.00","6","325.00","0",".00","21","10620.00",".00","720.00",".00","770.60","1490.60","491.00",".00","491.00",".00","491.00","","{A0AA7869-11B6-E189-7253-1B12BAB8C0C4}"
"433602","505394","9","1470.00","0",".00","36","2359.00","0",".00","45","3829.00",".00",".00",".00","1603.15","1603.15","650.00",".00","650.00","159.00","491.00","","{C5F71184-33E9-42DC-4490-A9874BD8C5BD}"
"433605","505397","12","9575.00","3","720.00","6","325.00","0",".00","21","10620.00",".00","720.00",".00","770.60","1490.60","491.00",".00","491.00",".00","491.00","","{A0AA7869-11B6-E189-7253-1B12BAB8C0C4}"
"433606","505398","397","23262.32","0",".00","38","485.84","0",".00","435","23748.16",".00",".00",".00","73611.11","73611.11",".00",".00",".00",".00",".00","","{24275919-32BC-3323-2914-410328810D83}"
"433607","505399","9","10950.00","0",".00","1","100.00","0",".00","10","11050.00",".00",".00",".00","421.73","421.73",".00",".00",".00",".00",".00","","{C223B866-15AC-3870-4B19-2345A713A935}"
"433611","505403","0",".00","0",".00","0",".00","0",".00","0",".00",".00",".00",".00","102.30","102.30",".00",".00",".00",".00",".00","","{8B5D22E8-6C9C-0FB6-3D82-4ADA24696AA8}"
"433613","505405","5","855.00","0",".00","4","208.00","0",".00","9","1063.00",".00",".00",".00","1457.32","1457.32","1450.00","2000.00","3450.00",".00","3450.00","","{3CF1122F-BAA9-FF0A-6942-6593448081E8}"
"433617","505410","0",".00","0",".00","5","410.00","0",".00","5","410.00",".00",".00",".00","888.39","888.39","1089.00",".00","1089.00",".00","1089.00","","{90E89B5D-C7CF-02BD-3686-E3186EF15FE5}"
"433619","505412","12","4700.00","0",".00","33","2740.00","0",".00","45","7440.00",".00",".00",".00","4635.59","4635.59",".00",".00",".00",".00",".00","","{2199D729-9CB0-1FDB-CA6F-17815CC69E03}"
"433620","505413","0",".00","0",".00","0",".00","0",".00","0",".00",".00",".00",".00",".00",".00","2217.31",".00","2217.31",".00","2217.31","","{071E1AEB-4D56-FFF2-78E3-175B136C57AF}"
"433625","505428","12","4700.00","0",".00","33","2740.00","0",".00","45","7440.00",".00",".00",".00","4635.59","4635.59",".00",".00",".00",".00",".00","","{2199D729-9CB0-1FDB-CA6F-17815CC69E03}"
"433626","505430","12","4700.00","0",".00","33","2740.00","0",".00","45","7440.00",".00",".00",".00","4635.59","4635.59",".00",".00",".00",".00",".00","","{2199D729-9CB0-1FDB-CA6F-17815CC69E03}"
"433628","505432","0",".00","0",".00","0",".00","0",".00","0",".00",".00",".00",".00",".00",".00",".00",".00",".00",".00",".00","","{A7DC13B8-10C9-0526-D8D4-516B5FD0D66F}"
"433630","505437","12","4700.00","0",".00","33","2740.00","0",".00","45","7440.00",".00",".00",".00","4635.59","4635.59",".00",".00",".00",".00",".00","","{2199D729-9CB0-1FDB-CA6F-17815CC69E03}"
"433631","505438","1","250.00","0",".00","7","190.00","0",".00","8","440.00",".00",".00",".00",".00",".00",".00",".00",".00",".00",".00","","{FDD14520-3D52-8AE9-F06B-D0A036872922}"
"433633","505440","1","260.00","1","1180.00","3","250.00","0",".00","5","1690.00",".00","1180.00",".00",".00","1180.00",".00","2040.73","2040.73",".00","2040.73","","{8174C055-5954-17D2-67DC-34C2E77974B6}"
"433641","505448","1","500.00","0",".00","3","275.00","1","25.60","5","800.60",".00",".00","25.60","229.05","254.65",".00","500.00","500.00",".00","500.00","","{68BEE369-EEEB-D329-830E-7E6EA094A58B}"
"433643","505450","4","6950.00","0",".00","6","400.00","0",".00","10","7350.00",".00",".00",".00","5077.31","5077.31","100.00",".00","100.00","100.00",".00","","{0EB09292-992F-910E-0098-64213001F503}"
"433645","505452","0",".00","0",".00","0",".00","0",".00","0",".00",".00",".00",".00",".00",".00","5631.00",".00","5631.00",".00","5631.00","","{2292A2A4-D94C-4046-83CC-2F926E9C96F7}"
"433646","505454","0",".00","0",".00","0",".00","0",".00","0",".00",".00",".00",".00",".00",".00",".00",".00",".00",".00",".00","","{8E71E12B-1182-0C74-7086-C95E14A97D22}"
"433647","505455","0",".00","0",".00","0",".00","0",".00","0",".00",".00",".00",".00","9.99","9.99",".00",".00",".00",".00",".00","","{4EBCCDE3-46E1-98F9-AE14-B86F6D4BFF6D}"
"433648","505456","0",".00","0",".00","0",".00","0",".00","0",".00",".00",".00",".00","39.97","39.97",".00",".00",".00",".00",".00","","{4EBCCDE3-46E1-98F9-AE14-B86F6D4BFF6D}"
"433649","505457","8","190.00","0",".00","2","30.00","0",".00","10","220.00",".00",".00",".00","8.73","8.73",".00",".00",".00",".00",".00","","{7B781335-EF46-CB01-0C2F-CB8DE6FC7063}"
"433651","505459","0",".00","0",".00","3","15.00","0",".00","3","15.00",".00",".00",".00",".60",".60",".00",".00",".00",".00",".00","","{2C4F639F-557F-83F0-3930-6BED3EB3AB36}"
"433652","505460","0",".00","0",".00","0",".00","0",".00","0",".00",".00",".00",".00",".00",".00",".00",".00",".00",".00",".00","","{6BBD317E-243B-D8CE-758C-4B53119C13A1}"
"433654","505463","283","80277.86","0",".00","19","460.75","0",".00","302","80738.61",".00",".00",".00","70515.00","70515.00",".00",".00",".00",".00",".00","","{F8F58387-B256-59A1-AB41-990CABD11876}"
"433655","505464","0",".00","2","81.67","0",".00","0",".00","2","81.67","7375.66","81.67",".00","6091.64","6173.31",".00",".00",".00",".00",".00","","{D423F8ED-97A6-DFDC-EDCA-9FE5D7C10071}"
"433657","505466","7","2442.00","0",".00","2","200.00","0",".00","9","2642.00",".00",".00",".00","6817.75","6817.75",".00",".00",".00",".00",".00","","{9711DF9C-4C14-0440-A380-959E18398D6A}"
"433658","505467","5","2578.50","0",".00","2","70.00","0",".00","7","2648.50",".00",".00",".00","699.60","699.60",".00",".00",".00",".00",".00","","{3E9777F7-F049-D223-6407-4EEA68600B69}"
"433660","505470","0",".00","0",".00","0",".00","0",".00","0",".00",".00",".00",".00",".00",".00",".00",".00",".00",".00",".00","","{C2C72FDD-F3B8-C29D-813F-95F656ECEA30}"
"433661","505471","0",".00","0",".00","2","73.32","0",".00","2","73.32",".00",".00",".00","91.66","91.66",".00",".00",".00",".00",".00","","{5BA1A2FA-0325-B573-2343-A10513E3D434}"
"433662","505472","0",".00","0",".00","0",".00","0",".00","0",".00",".00",".00",".00","236.90","236.90",".00",".00",".00",".00",".00","","{E46E47C1-66E6-3694-6638-73A1CD876E62}"
"433664","505474","7","6000.00","0",".00","11","825.14","0",".00","18","6825.14",".22",".00",".00","4251.70","4251.70",".00",".00",".00",".00",".00","","{DFA9CB1A-89D3-636C-AFCC-B2204F376E41}"
"433666","505476","0",".00","0",".00","0",".00","0",".00","0",".00",".00",".00",".00",".00",".00",".00",".00",".00",".00",".00","","{82DFADC9-171C-D7E4-389A-81B4684BB436}"
"433670","505480","9","10950.00","0",".00","1","100.00","0",".00","10","11050.00",".00",".00",".00","908.27","908.27",".00",".00",".00",".00",".00","","{C223B866-15AC-3870-4B19-2345A713A935}"
"433671","505481","1","173.71","0",".00","3","39.15","0",".00","4","212.86",".00",".00",".00","1624.89","1624.89",".00",".00",".00",".00",".00","","{E837E52E-04B4-4D91-C6BF-F1575937C9EE}"
"433672","505482","0",".00","0",".00","0",".00","0",".00","0",".00",".00",".00",".00",".00",".00",".00",".00",".00",".00",".00","","{F1C37286-6372-D2E7-8D6F-6574EFDD7C0C}"
"433675","505486","0",".00","0",".00","0",".00","0",".00","0",".00",".00",".00",".00",".00",".00",".00",".00",".00",".00",".00","","{DD35C2EB-C278-F98C-82C3-1786163F7225}"
"433678","505493","4","4150.00","0",".00","11","307.00","0",".00","15","4457.00",".00",".00",".00","4667.28","4667.28",".00",".00",".00",".00",".00","","{992F61CA-EAEF-B3DC-E9EE-83F483BDCD06}"
"433681","505496","0",".00","0",".00","0",".00","0",".00","0",".00",".00",".00",".00",".00",".00",".00",".00",".00",".00",".00","","{BC38161B-133C-8150-045C-AFF277F82508}"
"433683","505498","0",".00","0",".00","0",".00","0",".00","0",".00",".00",".00",".00",".00",".00",".00",".00",".00",".00",".00","","{13215122-7264-FA7D-A327-8466767BD318}"
"433685","505500","0",".00","0",".00","0",".00","0",".00","0",".00",".00",".00",".00",".00",".00",".00",".00",".00",".00",".00","","{0B6C853E-BBBB-09F9-9B36-3809591D6AF2}"
"433686","505501","6","4871.81","2","3550.00","15","1336.00","0",".00","23","9757.81",".00","3550.00",".00","960.04","4510.04",".00",".00",".00",".00",".00","","{08EF6602-ACF7-6B92-DBBD-4874E22A845C}"
"433687","505502","3","3500.00","0",".00","5","21821.00","0",".00","8","25321.00",".00",".00",".00","7250.00","7250.00",".00",".00",".00",".00",".00","","{D290F544-C43F-35C1-596F-F1729F6FF1E8}"
"433688","505503","0",".00","0",".00","0",".00","0",".00","0",".00",".00",".00",".00",".00",".00",".00",".00",".00",".00",".00","","{7696C96E-FA27-04CC-7A91-102456E50699}"
"433689","505504","0",".00","0",".00","0",".00","0",".00","0",".00",".00",".00",".00",".00",".00",".00",".00",".00",".00",".00","","{4F330E1B-82E1-39D3-EAF8-7A9DAB282E75}"
"433690","505505","7","2528.62","0",".00","1","50.00","0",".00","8","2578.62",".00",".00",".00","164.23","164.23",".00","42000.00","42000.00",".00","42000.00","","{A7456CE8-E0B5-082D-51E3-C7181A5208BA}"
"433693","505510","11","2425.00","0",".00","14","1000.00","0",".00","25","3425.00",".00",".00",".00","2021.28","2021.28",".00",".00",".00",".00",".00","","{C652D28A-FEAE-E95A-6FEB-8AA167DDD6CC}"
"433695","505512","0",".00","0",".00","0",".00","0",".00","0",".00",".00",".00",".00","15.00","15.00",".00",".00",".00",".00",".00","","{CED2DF18-66AA-7685-F660-292DA3A67214}"
"433696","505513","6","1550.00","0",".00","11","675.00","0",".00","17","2225.00",".00",".00",".00","2260.00","2260.00",".00",".00",".00",".00",".00","","{DA3FD87D-6F95-C627-7515-2A61CCF9B93B}"
"433697","505514","0",".00","0",".00","0",".00","0",".00","0",".00",".00",".00",".00","60.00","60.00",".00",".00",".00",".00",".00","","{C7041783-2477-94E1-C632-BC6FB6D6B562}"
"433700","505517","1","100.00","0",".00","2","100.00","0",".00","3","200.00",".00",".00",".00",".00",".00",".00",".00",".00",".00",".00","","{A4CCBA74-2AD4-D435-AF30-E6823E4CFAEA}"
"433705","505522","0",".00","0",".00","0",".00","0",".00","0",".00",".00",".00",".00","371.30","371.30","1250.00",".00","1250.00",".00","1250.00","","{C0F8807E-323E-7DDA-C1A3-E683D549FD8B}"
"433707","505524","3","107.04","0",".00","10","29.46","0",".00","13","136.50",".00",".00",".00",".00",".00",".00",".00",".00",".00",".00","","{3071DF6F-C529-C580-353F-87564475680A}"
"433708","505525","0",".00","0",".00","1","82.21","0",".00","1","82.21",".00",".00",".00",".00",".00",".00",".00",".00",".00",".00","","{8EF299C2-5FA7-74AD-92D3-CD7B87D94362}"
"433709","505526","0",".00","0",".00","0",".00","0",".00","0",".00",".00",".00",".00",".00",".00",".00",".00",".00",".00",".00","","{10D887D3-0430-1BEF-B6B2-BA568E2F5CA8}"
"433710","505527","0",".00","0",".00","0",".00","0",".00","0",".00",".00",".00",".00",".00",".00",".00",".00",".00",".00",".00","","{34D77C09-D6B2-F477-05C6-B64946A4A17C}"
"433711","505528","0",".00","0",".00","0",".00","0",".00","0",".00",".00",".00",".00",".00",".00",".00",".00",".00",".00",".00","","{57DBD4C4-FFC6-BE41-7633-592727803911}"
"433712","505529","0",".00","0",".00","1","100.00","0",".00","1","100.00","355.50",".00",".00","40541.02","40541.02",".00",".00",".00",".00",".00","","{DC58A2F3-2300-2393-463B-8E8CACDE4ED4}"
"433716","505533","14","3326.00","3","1200.00","7","380.00","0",".00","24","4906.00",".00","1200.00",".00","245.18","1445.18",".00",".00",".00",".00",".00","","{435839DD-06DB-EC1D-F818-D89A955706D3}"
"433717","505534","0",".00","0",".00","1","23.79","0",".00","1","23.79",".00",".00",".00","15.93","15.93",".00",".00",".00",".00",".00","","{98B57D30-5099-03CD-4022-75A27B268924}"
"433718","505535","1","283.28","0",".00","0",".00","0",".00","1","283.28",".00",".00",".00","210.60","210.60",".00",".00",".00",".00",".00","","{CE69D449-F15E-0C45-D398-AC279E95FA35}"
"433720","505538","0",".00","0",".00","0",".00","0",".00","0",".00",".00",".00",".00",".00",".00",".00",".00",".00",".00",".00","","{B9EE7708-78C1-71AC-12CC-E11F12C0C07D}"
"433725","505542","0",".00","0",".00","0",".00","0",".00","0",".00",".00",".00",".00",".00",".00",".00",".00",".00",".00",".00","","{883E8E50-4689-20FD-C321-AFDA2F7F3BB6}"
"433726","505543","0",".00","0",".00","0",".00","0",".00","0",".00",".00",".00",".00","224.00","224.00",".00",".00",".00",".00",".00","","{86675F30-477B-14B7-5B81-4661946BE6B6}"
"433727","505544","0",".00","0",".00","0",".00","0",".00","0",".00",".00",".00",".00",".00",".00",".00",".00",".00",".00",".00","","{0EA1499D-A578-2152-06FE-596DED91E662}"
"433729","505546","0",".00","0",".00","0",".00","0",".00","0",".00",".00",".00",".00",".00",".00",".00",".00",".00",".00",".00","","{5181CCD3-889D-D39C-421F-E9D71AB96F3B}"
"433730","505547","0",".00","0",".00","0",".00","0",".00","0",".00",".00",".00",".00",".00",".00",".00",".00",".00",".00",".00","","{B583283E-621C-553D-8B3F-5384A74C2CBE}"
"433732","505549","2","500.00","0",".00","0",".00","0",".00","2","500.00",".00",".00",".00","487.49","487.49",".00",".00",".00",".00",".00","","{5088B3A7-1202-970B-0239-E3B7F5A4E9F2}"
"433733","505550","1","1300.00","0",".00","4","160.00","0",".00","5","1460.00",".00",".00",".00","1909.51","1909.51","1105.00","103.41","1208.41",".00","1208.41","","{1CD657C2-A823-C8B1-B92B-B6ADF97E6A92}"
"433734","505551","0",".00","0",".00","1","50.00","0",".00","1","50.00",".00",".00",".00","131.44","131.44","857.12",".00","857.12",".00","857.12","","{4C22875C-648F-499E-87BB-A6C32AA132F8}"
"433737","505554","0",".00","0",".00","1","75.00","0",".00","1","75.00",".00",".00",".00","1287.59","1287.59",".00",".00",".00",".00",".00","","{9CDA02F7-12F0-B9B6-5F15-290A90D7153F}"
"433738","505555","1","220.00","0",".00","2","200.00","0",".00","3","420.00",".00",".00",".00","702.62","702.62",".00",".00",".00",".00",".00","","{3B16F81F-58D3-353B-0C39-7738C49A11C5}"
"433739","505556","0",".00","0",".00","0",".00","0",".00","0",".00",".00",".00",".00",".00",".00",".00",".00",".00",".00",".00","","{AF55EBB1-4229-0AF2-2889-A2CA4D5C6002}"
"433741","505558","0",".00","0",".00","0",".00","0",".00","0",".00",".00",".00",".00","80.00","80.00","1000.00",".00","1000.00",".00","1000.00","","{7127E0E1-30DC-52A7-9056-50A549A86D1D}"
"433744","505563","0",".00","0",".00","0",".00","0",".00","0",".00",".00",".00",".00","1113.75","1113.75",".00",".00",".00",".00",".00","","{EC999C64-9CDC-BA4B-1B2E-271CBA9B7DE9}"
"433746","505565","14","21900.00","0",".00","0",".00","0",".00","14","21900.00",".00",".00",".00","3652.79","3652.79",".00",".00",".00",".00",".00","","{8F265183-2520-DC65-40D4-1BBA723FB794}"
"433752","505571","1","25.00","2","270.40","1","25.00","0",".00","4","320.40",".00","270.40",".00","216.44","486.84","5408.00",".00","5408.00",".00","5408.00","","{57700CB1-D896-9927-7BDF-1239A498756E}"
"433755","505574","0",".00","0",".00","0",".00","0",".00","0",".00",".00",".00",".00",".00",".00",".00",".00",".00",".00",".00","","{E01EFA54-DEB5-C4D8-1DBD-FB6F54CAE8B4}"
"433757","505576","1","250.00","0",".00","4","260.00","0",".00","5","510.00",".00",".00",".00","858.62","858.62",".00",".00",".00",".00",".00","","{7E20411A-B88E-3ED2-EB5C-88EACC91D6C7}"
"433759","505578","0",".00","0",".00","0",".00","0",".00","0",".00",".00",".00",".00",".00",".00",".00",".00",".00",".00",".00","","{0CA552B4-52CD-EA76-3478-A0A200B72322}"
"433760","505579","0",".00","0",".00","0",".00","0",".00","0",".00",".00",".00",".00",".00",".00",".00",".00",".00",".00",".00","","{1F4E8DF7-056A-21F3-370A-68EFDDE31C10}"
"433761","505583","1","450.00","0",".00","2","70.00","0",".00","3","520.00",".00",".00",".00",".00",".00",".00",".00",".00",".00",".00","","{CA375AD8-EEF6-5B55-0A6C-E6FF9C7E6BE3}"
"433763","505586","1","120.00","0",".00","0",".00","0",".00","1","120.00",".00",".00",".00","3039.47","3039.47",".00",".00",".00",".00",".00","","{43FB4C46-B3DC-4BD9-DA01-50F15A82B79B}"
"433768","505591","2","700.00","1","95.72","2","200.00","0",".00","5","995.72",".00","95.72",".00","2037.59","2133.31",".00","215.89","215.89",".00","215.89","","{5C429716-5AE4-A751-F94E-BC43DF203B49}"
"433769","505592","0",".00","0",".00","0",".00","0",".00","0",".00",".00",".00",".00",".00",".00",".00",".00",".00",".00",".00","","{1060D1FC-67B3-AA67-AFA5-CAC0F4EAD238}"
"433771","505594","29","7225.00","0",".00","40","2450.00","0",".00","69","9675.00",".00",".00",".00","1144.90","1144.90",".00",".00",".00",".00",".00","","{F81447A7-7E70-A6A0-EB6E-6314E994803A}"
"433773","505596","0",".00","0",".00","0",".00","0",".00","0",".00",".00",".00",".00",".00",".00",".00",".00",".00",".00",".00","","{D9761B98-EDD2-8020-1676-EEF19846ADA1}"
"433774","505597","1","2000.00","3","450.00","0",".00","0",".00","4","2450.00",".00","450.00",".00","64.00","514.00",".00",".00",".00",".00",".00","","{B6BBBE56-6714-E925-FE59-FD296AA26DCD}"
"433775","505598","0",".00","5","5865.59","0",".00","0",".00","5","5865.59",".00","5865.59",".00",".00","5865.59",".00",".00",".00",".00",".00","","{32111E39-4490-9F14-7793-F9FB11C562D1}"
"433779","505604","0",".00","0",".00","0",".00","0",".00","0",".00",".00",".00",".00","4.00","4.00",".00",".00",".00",".00",".00","","{0C24DD85-800E-3D83-7C7D-F516E6C713A0}"
"433780","505606","0",".00","0",".00","0",".00","0",".00","0",".00",".00",".00",".00",".00",".00","4189.07",".00","4189.07",".00","4189.07","","{79582D71-AB43-11B7-962D-C1D975E7746A}"
"433783","505609","0",".00","0",".00","0",".00","0",".00","0",".00",".00",".00",".00",".00",".00",".00",".00",".00",".00",".00","","{E5D82061-8C28-1343-47FD-51B44A6E23A4}"
"433785","505610","3","850.00","0",".00","9","843.50","0",".00","12","1693.50",".00",".00",".00","50.00","50.00",".00",".00",".00",".00",".00","","{91B68EFE-26B4-D74F-36FD-72E704A2AC06}"
"433787","505612","0",".00","0",".00","0",".00","0",".00","0",".00",".00",".00",".00",".00",".00",".00",".00",".00",".00",".00","","{5A998A7E-5382-06E0-A06C-47F9F8037BD0}"
"433791","505618","0",".00","0",".00","0",".00","0",".00","0",".00",".00",".00",".00",".00",".00",".00",".00",".00",".00",".00","","{C0269F99-2702-A2A9-7C6D-E28AF818B7CD}"
"433792","505616","3","721.49","0",".00","0",".00","0",".00","3","721.49",".00",".00",".00",".00",".00",".00",".00",".00",".00",".00","","{8F974A22-B1C0-3F7D-35FF-A6112E62A4DA}"
"433794","505620","0",".00","0",".00","0",".00","0",".00","0",".00",".00",".00",".00",".00",".00",".00",".00",".00",".00",".00","","{946322F4-7648-3548-5408-40E409445C68}"
"433796","505621","4","900.00","1","1000.00","12","545.06","0",".00","17","2445.06",".00","1000.00",".00","1188.71","2188.71","140.00",".00","140.00",".00","140.00","","{48391D12-F589-E2E4-635F-781B387DCAC3}"
"433797","505622","0",".00","0",".00","0",".00","0",".00","0",".00",".00",".00",".00","506.56","506.56",".00",".00",".00",".00",".00","","{3929A0C0-8154-35E8-6BD9-24B4AEA5DB01}"
"433800","505625","0",".00","0",".00","0",".00","0",".00","0",".00",".00",".00",".00","45.00","45.00",".00",".00",".00",".00",".00","","{7C361FDF-E936-C67C-B060-B4BEE18C0CE6}"
"433801","505626","0",".00","0",".00","0",".00","0",".00","0",".00",".00",".00",".00",".00",".00",".00",".00",".00",".00",".00","","{D7E55D2F-71A6-75B2-6661-DD24223D8B83}"
"433802","505627","9","6050.00","0",".00","0",".00","0",".00","9","6050.00",".00",".00",".00","3000.00","3000.00",".00",".00",".00",".00",".00","","{18D9B097-1DDE-1B58-B570-E3DFD3FCC53E}"
"433803","505628","2","1100.00","0",".00","1","25.00","0",".00","3","1125.00",".00",".00",".00",".00",".00",".00",".00",".00",".00",".00","","{9DDE8963-6A9B-418E-0E73-D41D1566233D}"
"433805","505630","6","14200.00","0",".00","1","100.00","0",".00","7","14300.00",".00",".00",".00","30.50","30.50",".00",".00",".00",".00",".00","","{551A05DE-33FE-A7E8-8873-BBDF5C06E18C}"
"433809","505634","0",".00","0",".00","0",".00","0",".00","0",".00",".00",".00",".00",".00",".00",".00",".00",".00",".00",".00","","{06430095-1EB8-5DFD-BE06-761D2E693927}"
"433811","505636","0",".00","0",".00","0",".00","0",".00","0",".00",".00",".00",".00","24879.69","24879.69",".00",".00",".00",".00",".00","","{C0E8F036-B976-2BD4-982A-5D77080423C6}"
"433816","505641","0",".00","0",".00","0",".00","0",".00","0",".00",".00",".00",".00","3377.10","3377.10",".00",".00",".00",".00",".00","","{D4A00BE9-68AE-3D0C-73C0-F5D6FA02EE69}"
"433817","505642","0",".00","0",".00","0",".00","0",".00","0",".00",".00",".00",".00",".00",".00",".00",".00",".00",".00",".00","","{2EE28FEB-E686-89C3-0E86-E64850E218BD}"
"433818","505643","0",".00","0",".00","0",".00","0",".00","0",".00",".00",".00",".00","2988.13","2988.13",".00",".00",".00",".00",".00","","{D0CCA9A7-819D-00CD-B296-DDD6564B6D41}"
"433819","505644","10","1076.70","0",".00","4","206.24","2","75.00","16","1357.94",".00",".00","75.00","933.87","1008.87",".00",".00",".00",".00",".00","","{6FCDC572-77DC-3012-9312-353F1F13E611}"
"433823","505648","0",".00","0",".00","0",".00","0",".00","0",".00",".00",".00",".00","2292.40","2292.40",".00",".00",".00",".00",".00","","{51CFE746-A80B-C74F-B90B-8AA7338CCADD}"
"433825","505650","6","1340.00","0",".00","5","247.40","0",".00","11","1587.40",".00",".00",".00","4638.82","4638.82",".00",".00",".00",".00",".00","","{501DC3B4-14DA-D0C2-965F-6CF72B04B624}"
"433826","505651","1","50000.00","0",".00","1","100.00","0",".00","2","50100.00","4.50",".00",".00","5864.50","5864.50",".00",".00",".00",".00",".00","","{E618CE34-0BF7-B0E5-0973-8A41F8F19690}"
"433827","505653","3","300.00","0",".00","0",".00","0",".00","3","300.00",".00",".00",".00","15.60","15.60",".00",".00",".00",".00",".00","","{D4F1A548-6955-C16F-79B0-FF7ACF5B2AC8}"
"433828","505654","3","52750.00","0",".00","0",".00","0",".00","3","52750.00",".00",".00",".00","4017.89","4017.89",".00",".00",".00",".00",".00","","{64B334BF-7CEE-DDC8-ED96-B3133D9445CA}"
"433829","505656","0",".00","0",".00","0",".00","0",".00","0",".00",".00",".00",".00","250.00","250.00",".00",".00",".00",".00",".00","","{7B65290E-6072-30BC-88A6-07F5AEB4C301}"
"433830","505657","2","40858.50","0",".00","0",".00","0",".00","2","40858.50",".00",".00",".00","7609.13","7609.13",".00",".00",".00",".00",".00","","{6BB30524-EBA7-5317-CAC2-6ECF1741854D}"
"433831","505658","13","2100.00","0",".00","0",".00","0",".00","13","2100.00",".00",".00",".00","8425.00","8425.00",".00",".00",".00",".00",".00","","{0F34E529-9449-99B0-77E6-D18D064BB223}"
"433832","505659","5","236.05","0",".00","3","28.80","0",".00","8","264.85",".00",".00",".00","645.75","645.75",".00",".00",".00",".00",".00","","{0BDEA316-5AD1-8A56-3210-BDD183373196}"
"433834","505661","259","4260.72","0",".00","224","978.00","0",".00","483","5238.72",".00",".00",".00",".00",".00",".00",".00",".00",".00",".00","","{4D2F93AF-0FB3-3C10-A86C-FC2145A653CA}"
"433835","505663","0",".00","0",".00","0",".00","0",".00","0",".00",".00",".00",".00",".00",".00",".00",".00",".00",".00",".00","","{A74252EB-526B-0273-43E7-6653CC03111D}"
"433836","505664","10","5560.30","0",".00","4","346.06","0",".00","14","5906.36",".00",".00",".00",".00",".00",".00",".00",".00",".00",".00","","{6394634A-AFD5-464D-53BC-2CDA6ACEAE6E}"
"433837","505665","0",".00","0",".00","0",".00","0",".00","0",".00","1463.48",".00",".00","2307.46","2307.46",".00",".00",".00",".00",".00","","{F9158071-1F9E-6CEC-0C0E-8C7EE292BA75}"
"433840","505668","1","2000.00","0",".00","1","1.00","0",".00","2","2001.00",".00",".00",".00","2700.00","2700.00",".00",".00",".00",".00",".00","","{B377B993-61CC-E15C-6D12-B3CCC1474945}"
"433842","505670","0",".00","0",".00","0",".00","0",".00","0",".00",".00",".00",".00",".00",".00",".00",".00",".00",".00",".00","","{B81E9346-0FC1-AA1C-8525-9E7E34C76423}"
"433843","505671","0",".00","0",".00","0",".00","0",".00","0",".00",".00",".00",".00","812.00","812.00",".00",".00",".00",".00",".00","","{3734A1CD-DE13-7612-3181-45AA6C19200C}"
"433849","505677","0",".00","0",".00","0",".00","0",".00","0",".00",".00",".00",".00","180.00","180.00",".00",".00",".00",".00",".00","","{F918386B-4C5A-4DC7-9C3B-02AD5BB1ADC5}"
"433850","505678","1","116.00","0",".00","1","10.00","0",".00","2","126.00",".00",".00",".00","7.35","7.35",".00",".00",".00",".00",".00","","{0328ADF5-7F92-C789-ECEB-77F1DFFE0A39}"
"433851","505679","3","1500.00","0",".00","3","250.00","0",".00","6","1750.00",".00",".00",".00","2060.63","2060.63","3600.00",".00","3600.00",".00","3600.00","","{3961BCF5-3C1C-11E8-B119-B64FA2BBCBBF}"
"433852","505680","0",".00","0",".00","0",".00","0",".00","0",".00",".00",".00",".00",".00",".00",".00",".00",".00",".00",".00","","{5BAF055A-1299-671D-8F18-4BA530749607}"
"433854","505682","0",".00","0",".00","1","100.00","0",".00","1","100.00",".00",".00",".00",".00",".00","295.00",".00","295.00",".00","295.00","","{41D29DBE-681D-868A-D0FA-1432B4150C4C}"
"433856","505684","2","434.00","0",".00","0",".00","0",".00","2","434.00",".00",".00",".00","150.00","150.00",".00",".00",".00",".00",".00","","{FBFFE239-81C1-CA6F-EDAD-58180EE2846B}"
"433858","505686","0",".00","0",".00","0",".00","0",".00","0",".00",".00",".00",".00",".00",".00",".00",".00",".00",".00",".00","","{086B2B59-F616-A55D-56EC-3396CC9D05E6}"
"433861","505689","0",".00","0",".00","0",".00","0",".00","0",".00",".00",".00",".00",".00",".00",".00",".00",".00",".00",".00","","{73129AC2-1F89-2086-79FE-2F414E8B7941}"
"433863","505691","1","300000.00","0",".00","0",".00","0",".00","1","300000.00",".00",".00",".00",".00",".00",".00",".00",".00",".00",".00","","{145C47A1-B91C-C4AA-8745-369E20DE1983}"
"433864","505692","0",".00","0",".00","0",".00","0",".00","0",".00",".00",".00",".00","25.00","25.00",".00",".00",".00",".00",".00","","{80620D0D-927D-B233-352B-1144DAD6DE05}"
"433867","505695","0",".00","0",".00","0",".00","0",".00","0",".00",".00",".00",".00","39.24","39.24",".00",".00",".00",".00",".00","","{EB3E5E18-B9C1-80F0-7106-DE88CAA28FD4}"
"433869","505697","0",".00","0",".00","0",".00","0",".00","0",".00",".00",".00",".00","275.40","275.40",".00",".00",".00",".00",".00","","{A48E4799-2ED7-5C6D-DDED-E08E94B43076}"
"433873","505701","0",".00","0",".00","0",".00","0",".00","0",".00","1.07",".00",".00","195.00","195.00",".00",".00",".00",".00",".00","","{A94168FF-6BE2-D960-5D6C-73D089729B6D}"
"433874","505702","0",".00","0",".00","0",".00","0",".00","0",".00","3.18",".00",".00",".00",".00",".00",".00",".00",".00",".00","","{FCCBB0CA-7BC7-8EBC-151E-1DE3753BF8D0}"
"433875","505703","12","3152.60","3","122.68","7","369.50","1","54.75","23","3699.53",".00","122.68","54.75","321.90","499.33",".00",".00",".00",".00",".00","","{B992FDCA-69CA-5290-331A-480FBDF65DAC}"
"433876","505705","20","168500.00","0",".00","0",".00","0",".00","20","168500.00","8500.00",".00",".00","230120.00","230120.00",".00",".00",".00",".00",".00","","{1B476E3D-943B-0C51-F955-2E547485F356}"
"433877","505706","0",".00","0",".00","0",".00","0",".00","0",".00",".00",".00",".00",".00",".00",".00",".00",".00",".00",".00","","{C15F32A8-E8FA-95E0-0A85-3E89830E34B7}"
"433878","505707","1","1000.00","0",".00","0",".00","0",".00","1","1000.00",".00",".00",".00","3580.00","3580.00",".00",".00",".00",".00",".00","","{FB357C2B-959C-4CE6-CB59-10890AD874FA}"
"433879","505708","6","4165.00","0",".00","1","25.00","0",".00","7","4190.00",".00",".00",".00",".00",".00",".00",".00",".00",".00",".00","","{9EF88229-CECC-75FA-5066-F2F297A72024}"
"433880","505709","0",".00","0",".00","0",".00","0",".00","0",".00",".00",".00",".00","2953.18","2953.18",".00",".00",".00",".00",".00","","{6CBA7D6F-A314-C8A3-344A-9C74E557896A}"
"433881","505710","0",".00","0",".00","2","200.00","0",".00","2","200.00",".00",".00",".00","140.00","140.00",".00",".00",".00",".00",".00","","{9EB6F656-05CD-15C9-3D8F-BEFE3640E210}"
"433882","505711","4","1700.00","0",".00","3","250.00","0",".00","7","1950.00",".00",".00",".00","2060.63","2060.63","3600.00",".00","3600.00",".00","3600.00","","{3961BCF5-3C1C-11E8-B119-B64FA2BBCBBF}"
"433884","505713","2","1200.00","0",".00","9","395.00","0",".00","11","1595.00",".00",".00",".00","964.30","964.30",".00",".00",".00",".00",".00","","{7DB794B1-0E2A-4AA4-6E17-2C99F7061CF8}"
"433885","505714","2","1000.00","0",".00","2","198.00","0",".00","4","1198.00",".00",".00",".00","1042.69","1042.69",".00",".00",".00",".00",".00","","{F16995D1-267F-76DF-2A15-3F1E4ABFD541}"
"433886","505716","0",".00","0",".00","0",".00","0",".00","0",".00",".00",".00",".00",".00",".00",".00",".00",".00",".00",".00","","{80DBB964-A5F7-7DEB-45A9-C8B44883ED45}"
"433888","505717","4","825.00","0",".00","15","405.00","0",".00","19","1230.00",".00",".00",".00","1161.60","1161.60","800.00",".00","800.00",".00","800.00","","{443D01AA-ECBA-CA6A-E5F2-669AE0126E29}"
"433889","505718","2","1600.00","0",".00","0",".00","0",".00","2","1600.00",".00",".00",".00","3400.40","3400.40",".00",".00",".00",".00",".00","","{EB44C434-2CC0-DF7E-DBB0-210C7EB33DDA}"
"433892","505722","0",".00","0",".00","0",".00","0",".00","0",".00",".00",".00",".00","49.00","49.00",".00",".00",".00",".00",".00","","{160D4C92-9D09-3AB8-4995-F35379F7E5E4}"
"433893","505723","10","1215.00","1","190.30","9","495.00","0",".00","20","1900.30",".00","190.30",".00","1374.18","1564.48",".00",".00",".00",".00",".00","","{B9D5A7FF-68CD-8948-F6BC-B9A4362A6F20}"
"433894","505724","1","450.00","0",".00","0",".00","0",".00","1","450.00",".00",".00",".00","460.24","460.24",".00",".00",".00",".00",".00","","{D0C63305-E5A1-57D8-10C9-2AE321F91397}"
"433896","505726","5","78000.00","0",".00","0",".00","0",".00","5","78000.00",".00",".00",".00","92404.60","92404.60",".00",".00",".00",".00",".00","","{D8408D26-92B2-E9D7-35B1-DD81F7915A8A}"
"433901","505731","2","5100.00","0",".00","1","50.00","0",".00","3","5150.00","9.35",".00",".00","37267.50","37267.50",".00",".00",".00",".00",".00","","{B301DAC2-BA99-CDB1-9B93-4749DB95490D}"
"433902","505732","1","10000.00","0",".00","0",".00","0",".00","1","10000.00",".00",".00",".00",".00",".00",".00",".00",".00",".00",".00","","{3419167D-0DDC-6003-5A43-A704EDC7D61D}"
"433908","505737","1","250.00","0",".00","11","367.00","0",".00","12","617.00","1381.55",".00",".00","60.40","60.40",".00",".00",".00",".00",".00","","{3CCEFA36-FA03-B970-F078-E36185392EB5}"
"433911","505742","0",".00","0",".00","0",".00","0",".00","0",".00",".00",".00",".00",".00",".00",".00",".00",".00",".00",".00","","{DD72035A-B7C6-8BE1-FA75-50A0DDEE9C55}"
"433913","505743","0",".00","0",".00","0",".00","0",".00","0",".00",".00",".00",".00",".00",".00","1129.22",".00","1129.22",".00","1129.22","","{BFB3635D-5ED4-367C-A7ED-94849ED9EF7A}"
"433915","505745","0",".00","0",".00","0",".00","0",".00","0",".00",".00",".00",".00","60.00","60.00",".00",".00",".00",".00",".00","","{BC6C5492-CF34-F877-868E-9BD2A111410A}"
"433917","505747","54","14601.45","3","900.00","19","722.63","0",".00","76","16224.08","333.15","900.00",".00","66391.37","67291.37",".00",".00",".00",".00",".00","","{44BE304C-719F-0712-102B-CC415F6B5500}"
"433923","505753","9","20333.00","0",".00","1","100.00","0",".00","10","20433.00",".00",".00",".00","2726.36","2726.36","8920.62",".00","8920.62",".00","8920.62","","{62F53952-80E9-DB0A-8621-1DD691AF5775}"
"433926","505756","39","1190.00","0",".00","92","2980.00","0",".00","131","4170.00","20500.00",".00",".00","7520.00","7520.00",".00",".00",".00",".00",".00","","{CF29E317-4909-638A-862C-1D12711C9D63}"
"433927","505757","0",".00","0",".00","0",".00","0",".00","0",".00",".00",".00",".00",".00",".00","100.00",".00","100.00",".00","100.00","","{5456F602-F358-1A29-10DA-2646AA65BD9E}"
"433928","505759","1","50000.01","0",".00","0",".00","0",".00","1","50000.01","11885.17",".00",".00","328848.38","328848.38",".00",".00",".00",".00",".00","","{41ED50E2-B0F4-E189-274F-D99233945A09}"
"433931","505762","5","3651.00","0",".00","38","937.00","0",".00","43","4588.00",".00",".00",".00",".00",".00",".00",".00",".00",".00",".00","","{4ADB6265-96FF-476D-A1F0-177074B83513}"
"433932","505763","2","3000.00","0",".00","1","100.00","0",".00","3","3100.00",".00",".00",".00",".00",".00",".00",".00",".00",".00",".00","","{863C5B4E-6A65-466D-E017-EB28945506A0}"
"433934","505765","0",".00","0",".00","4","196.00","0",".00","4","196.00",".00",".00",".00","140.00","140.00","5.00",".00","5.00",".00","5.00","","{17C3B992-0D81-8482-6190-5EFA2C5273D1}"
"433938","505769","2","929.82","0",".00","0",".00","0",".00","2","929.82",".00",".00",".00",".00",".00",".00",".00",".00",".00",".00","","{7A6DD19B-4AB3-38B5-18C0-6A62206A019E}"
"433942","505774","0",".00","0",".00","0",".00","0",".00","0",".00","730.68",".00",".00","6000.00","6000.00",".00",".00",".00",".00",".00","","{123DC37A-6D36-3D11-8136-E172FE5739C6}"
"433943","505775","0",".00","0",".00","0",".00","0",".00","0",".00",".00",".00",".00",".00",".00",".00",".00",".00",".00",".00","","{C8F341B6-8EE2-EE3D-EB3A-92E2658FB789}"
"433944","505776","3","1250.00","0",".00","0",".00","0",".00","3","1250.00",".00",".00",".00","44.62","44.62",".00",".00",".00",".00",".00","","{67BE0C52-EF46-476A-6299-12F5A08DA373}"
"433946","505778","0",".00","0",".00","0",".00","0",".00","0",".00","1545.94",".00",".00","1400.00","1400.00",".00",".00",".00",".00",".00","","{0DBCC2F5-11C5-BA24-5927-E8DD879286A5}"
"433949","505782","0",".00","0",".00","0",".00","0",".00","0",".00",".00",".00",".00",".00",".00",".00",".00",".00",".00",".00","","{F1F19A7A-7FA1-7EA7-92DE-9886BFB3B044}"
"433952","505784","0",".00","0",".00","2","105.00","0",".00","2","105.00",".00",".00",".00","28470.00","28470.00",".00",".00",".00",".00",".00","","{BE95FD6A-12A0-4B15-632B-E600BF19B2D8}"
"433957","505789","0",".00","0",".00","0",".00","0",".00","0",".00",".00",".00",".00",".00",".00",".00",".00",".00",".00",".00","","{FAD207B8-C797-A152-4F45-8233E9DBB5E3}"
"433960","505793","0",".00","0",".00","0",".00","0",".00","0",".00",".00",".00",".00",".00",".00",".00",".00",".00",".00",".00","","{AA3CA36E-6BBC-2F99-E192-8DF1170A146C}"
"433961","505792","3","17250.00","0",".00","33","1106.00","0",".00","36","18356.00","2570.00",".00",".00","62.00","62.00",".00",".00",".00",".00",".00","","{612B3EEE-F52D-EA29-A8A0-E0097004F48E}"
"433965","505797","15","31512.94","1","5000.00","3","189.17","0",".00","19","36702.11",".00","5000.00",".00","16447.21","21447.21",".00",".00",".00",".00",".00","","{C824BD80-5DD7-74E9-0564-9507100BBA7F}"
"433967","505799","0",".00","0",".00","0",".00","0",".00","0",".00",".00",".00",".00","1298.78","1298.78",".00",".00",".00",".00",".00","","{9FF370AF-8357-F534-E539-515B2BD3FB54}"
"433968","505800","10","3115.73","1","405.00","8","609.36","0",".00","19","4130.09",".00","405.00",".00","20535.19","20940.19",".00",".00",".00",".00",".00","","{93CA16FD-2D48-40C1-2E32-B1BAAFDFDD3D}"
"433970","505803","0",".00","0",".00","0",".00","0",".00","0",".00",".00",".00",".00",".00",".00",".00",".00",".00",".00",".00","","{03094278-E06B-1702-8D4B-97C4DC576441}"
"433972","505805","0",".00","0",".00","0",".00","0",".00","0",".00",".00",".00",".00",".00",".00",".00",".00",".00",".00",".00","","{FEF6EB0C-04BC-DA84-BAD4-7A2E5F46FBF3}"
"433973","505806","1","583.32","0",".00","0",".00","0",".00","1","583.32",".00",".00",".00","1000.00","1000.00",".00",".00",".00",".00",".00","","{41775E5B-A5D0-23AF-52F3-6F18F060C821}"
"433978","505811","0",".00","0",".00","0",".00","0",".00","0",".00",".00",".00",".00","30.82","30.82",".00",".00",".00",".00",".00","","{7DDC4D04-D560-A813-BE8D-52A4EBDCF984}"
"433980","505813","3","750.00","1","1000.00","3","200.00","0",".00","7","1950.00",".00","1000.00",".00","417.50","1417.50",".00",".00",".00",".00",".00","","{B517B6E4-5D2B-C1EB-AC0C-21D8E0A01B39}"
"433981","505815","0",".00","0",".00","0",".00","0",".00","0",".00",".00",".00",".00",".00",".00","100.00",".00","100.00",".00","100.00","","{C55F2D58-6E68-8B66-511B-00900C6D1B56}"
"433986","505820","2","375.00","0",".00","0",".00","0",".00","2","375.00",".00",".00",".00",".00",".00",".00",".00",".00",".00",".00","","{586EBD52-3F42-B53A-6077-2C11AEE568B9}"
"433987","505821","0",".00","0",".00","0",".00","0",".00","0",".00",".00",".00",".00",".00",".00",".00",".00",".00",".00",".00","","{63F960A9-6F2D-3223-28B0-4830AE7CA4FD}"
"433989","505824","0",".00","0",".00","3","1.64","0",".00","3","1.64",".00",".00",".00",".00",".00",".00",".00",".00",".00",".00","","{F8B1C5D4-9DB9-3874-4493-278D8DC4D54A}"
"433990","505825","0",".00","0",".00","0",".00","0",".00","0",".00",".00",".00",".00","2515.00","2515.00",".00",".00",".00",".00",".00","","{9EFE5A6A-5669-6661-6D2B-73DB89D1CFBB}"
"433994","505831","0",".00","0",".00","0",".00","0",".00","0",".00",".93",".00",".00","3500.00","3500.00",".00",".00",".00",".00",".00","","{35B9CE0F-9792-75CE-DAFF-B4F1A8425584}"
"433999","505837","0",".00","0",".00","0",".00","0",".00","0",".00",".00",".00",".00",".00",".00",".00",".00",".00",".00",".00","","{FFC1F60F-623E-4A81-4B6F-D47ECA3F7522}"
"434000","505838","0",".00","0",".00","0",".00","0",".00","0",".00",".88",".00",".00","5.00","5.00",".00",".00",".00",".00",".00","","{AECD8C39-7AA1-1F13-207A-4967377F8294}"
"434001","505839","0",".00","0",".00","0",".00","0",".00","0",".00",".00",".00",".00",".00",".00",".00",".00",".00",".00",".00","","{C0645234-C565-860E-1CF0-0F3979548B93}"
"434003","505841","4","1000.00","0",".00","0",".00","0",".00","4","1000.00","15500.00",".00",".00","91500.00","91500.00",".00",".00",".00",".00",".00","","{124C33A4-B227-4D2C-857B-089FF2F9B5D2}"
"434005","505844","1","500.00","0",".00","0",".00","0",".00","1","500.00",".00",".00",".00",".00",".00",".00",".00",".00",".00",".00","","{90186D2F-7616-27F8-1714-F0EB686E14CB}"
"434006","505845","0",".00","0",".00","0",".00","0",".00","0",".00",".00",".00",".00",".00",".00",".00",".00",".00",".00",".00","","{14633936-9281-B00A-D0DA-72C72C5C4EE8}"
"434009","505848","0",".00","0",".00","0",".00","0",".00","0",".00",".00",".00",".00",".00",".00",".00",".00",".00",".00",".00","","{1B5C63CD-6808-03F1-280F-976C7A55A79A}"
"434012","505851","0",".00","0",".00","0",".00","0",".00","0",".00",".00",".00",".00",".00",".00",".00",".00",".00",".00",".00","","{D453C048-6596-5A0E-261B-84290BF07854}"
"434013","505852","0",".00","0",".00","0",".00","0",".00","0",".00",".00",".00",".00",".00",".00",".00",".00",".00",".00",".00","","{D453C048-6596-5A0E-261B-84290BF07854}"
"434014","505853","0",".00","4","3330.00","0",".00","0",".00","4","3330.00",".00","3330.00",".00",".00","3330.00",".00",".00",".00",".00",".00","","{13E2D278-4BDD-B301-CAA0-AC5341EBA5F5}"
"434015","505854","0",".00","0",".00","0",".00","0",".00","0",".00",".00",".00",".00",".00",".00",".00",".00",".00",".00",".00","","{D453C048-6596-5A0E-261B-84290BF07854}"
"434016","505855","0",".00","0",".00","0",".00","0",".00","0",".00",".00",".00",".00",".00",".00",".00",".00",".00",".00",".00","","{5CAC5E06-4A68-BF98-4011-DF8100F11DD2}"
"434017","505856","0",".00","0",".00","0",".00","0",".00","0",".00",".00",".00",".00",".00",".00",".00",".00",".00",".00",".00","","{5CAC5E06-4A68-BF98-4011-DF8100F11DD2}"
"434018","505857","0",".00","0",".00","0",".00","0",".00","0",".00",".00",".00",".00",".00",".00",".00",".00",".00",".00",".00","","{5CAC5E06-4A68-BF98-4011-DF8100F11DD2}"
"434021","505860","0",".00","0",".00","0",".00","0",".00","0",".00",".00",".00",".00",".00",".00",".00",".00",".00",".00",".00","","{210582A1-85D0-4BB5-DDE0-95FE05BCA3A6}"
"434022","505861","0",".00","0",".00","0",".00","0",".00","0",".00",".00",".00",".00",".00",".00",".00",".00",".00",".00",".00","","{210582A1-85D0-4BB5-DDE0-95FE05BCA3A6}"
"434025","505864","1","7500.00","0",".00","0",".00","1","17.33","2","7517.33",".00",".00","17.33","2705.79","2723.12",".00",".00",".00",".00",".00","","{269010CE-0012-2077-31F3-5A2712480404}"
"434026","505865","0",".00","0",".00","0",".00","0",".00","0",".00",".00",".00",".00","28.66","28.66",".00",".00",".00",".00",".00","","{CCA47E5B-5F4A-18EA-222E-B820041F276C}"
"434027","505866","9","193.28","0",".00","47","410.38","0",".00","56","603.66",".00",".00",".00","1819.96","1819.96",".00",".00",".00",".00",".00","","{87256F53-F67E-058A-20D7-43B14DBB348E}"
"434029","505868","2","610.00","0",".00","0",".00","0",".00","2","610.00",".00",".00",".00","961.33","961.33",".00",".00",".00",".00",".00","","{0ED6C3CB-6C8C-21F2-DB51-43BA9A04BA97}"
"434030","505869","0",".00","1","200.00","0",".00","0",".00","1","200.00",".00","200.00",".00","450.80","650.80","130.00","600.00","730.00",".00","730.00","","{62706D4F-C4EC-6CC2-84B7-1C5F530B79A3}"
"434031","505870","0",".00","0",".00","0",".00","0",".00","0",".00","3434.92",".00",".00","4351.51","4351.51",".00",".00",".00",".00",".00","","{2CFE215E-AD46-5DD5-D27D-4FD4AFA8AD91}"
"434033","505872","3","225000.00","0",".00","0",".00","0",".00","3","225000.00",".00",".00",".00","209000.00","209000.00",".00",".00",".00",".00",".00","","{00F92140-C060-694A-B82C-2CFE9274B9B8}"
"434034","505873","0",".00","0",".00","0",".00","0",".00","0",".00",".00",".00",".00",".00",".00","50.00",".00","50.00",".00","50.00","","{30956DFA-7CDA-3B98-DACD-3E3C498C1742}"
"434036","505875","5","972.84","0",".00","0",".00","0",".00","5","972.84",".00",".00",".00","1747.55","1747.55","149.71",".00","149.71",".00","149.71","","{D688AB75-D935-907B-7C18-78ADC65CD93C}"
"434038","505877","1","1000000.00","0",".00","1","25.00","0",".00","2","1000025.00",".00",".00",".00","115641.00","115641.00",".00",".00",".00",".00",".00","","{EEEC4CCE-41FC-0FAD-6AA9-E25161D493A5}"
"434039","505878","52","818635.79","62","403035.74","337","9503.00","0",".00","451","1231174.53",".00","403035.74",".00","279988.83","683024.57",".00",".00",".00",".00",".00","","{D1EF09AB-82FD-58B3-33EF-A92601C48DAA}"
"434042","505881","22","18175.00","3","761.41","3","300.00","0",".00","28","19236.41",".00","761.41",".00","1021.52","1782.93",".00",".00",".00",".00",".00","","{EE88FDAC-215A-45AC-A8A0-5357145C61F2}"
"434043","505882","11","3430.00","0",".00","30","1470.00","0",".00","41","4900.00",".00",".00",".00","779.64","779.64",".00",".00",".00",".00",".00","","{964C25B9-30A9-0FDA-60EF-B6E058083BF6}"
"434044","505883","1","200.00","0",".00","12","609.00","0",".00","13","809.00",".00",".00",".00","1588.50","1588.50",".00",".00",".00",".00",".00","","{B3DF0DDF-2989-173A-F588-ACB640CA1ECD}"
"434046","505885","5","27000.00","0",".00","0",".00","0",".00","5","27000.00",".00",".00",".00",".00",".00",".00",".00",".00",".00",".00","","{F721AD1C-B53E-ABAE-A9D9-446CA0AED672}"
"434050","505889","0",".00","0",".00","0",".00","0",".00","0",".00",".00",".00",".00",".00",".00",".00",".00",".00",".00",".00","","{BCD96D35-CCC9-34D9-53CD-97A5EF481A58}"
"434052","505891","7","10000.00","0",".00","0",".00","0",".00","7","10000.00",".00",".00",".00","8765.00","8765.00",".00",".00",".00",".00",".00","","{5231EC18-0BF1-1A3F-C6AA-8EEC4B643A18}"
"434053","505892","4","200.00","0",".00","0",".00","0",".00","4","200.00",".00",".00",".00","127.15","127.15",".00",".00",".00",".00",".00","","{E498EDE5-C50B-3374-33D5-E9430C0A4C2C}"
"434054","505894","0",".00","0",".00","0",".00","0",".00","0",".00",".00",".00",".00",".00",".00",".00",".00",".00",".00",".00","","{B91A9944-46D2-7F4B-1B44-6FB6887BEFE9}"
"434056","505895","5","13821.13","0",".00","0",".00","0",".00","5","13821.13",".00",".00",".00","13821.13","13821.13",".00",".00",".00",".00",".00","","{DB37A69A-5671-1514-1A68-48E9C8F3C594}"
"434057","505896","2","1000.00","0",".00","0",".00","0",".00","2","1000.00",".00",".00",".00",".00",".00",".00",".00",".00",".00",".00","","{2F6C2781-FD85-1502-452B-72DD480A90CD}"
"434061","505900","13","2920.00","0",".00","20","1210.00","0",".00","33","4130.00",".00",".00",".00","6390.65","6390.65",".00",".00",".00",".00",".00","","{47EBBF78-E2D0-5685-F273-EBF09EC1FD71}"
"434062","505901","13","2920.00","0",".00","20","1210.00","0",".00","33","4130.00",".00",".00",".00","6390.65","6390.65",".00",".00",".00",".00",".00","","{47EBBF78-E2D0-5685-F273-EBF09EC1FD71}"
"434064","505903","0",".00","0",".00","14","21.86","0",".00","14","21.86",".00",".00",".00","114.12","114.12",".00",".00",".00",".00",".00","","{78F385DC-EB0E-08ED-2171-3EA4608858C9}"
"434065","505904","2","550.00","0",".00","1","50.00","0",".00","3","600.00",".00",".00",".00","1879.73","1879.73","1000.00",".00","1000.00",".00","1000.00","","{8DF4E855-4F4E-A984-C233-17F57F8EDFB1}"
"434066","505905","1","428.53","0",".00","0",".00","0",".00","1","428.53",".00",".00",".00",".00",".00",".00",".00",".00",".00",".00","","{563BBABA-B979-BF6C-4222-9851197A139B}"
"434069","505908","2","2950.00","0",".00","1","69.00","0",".00","3","3019.00",".00",".00",".00","2012.53","2012.53",".00",".00",".00",".00",".00","","{BD977533-C919-9B22-5454-AD94C26541A7}"
"434072","505911","3","7000.00","0",".00","2",".36","0",".00","5","7000.36",".34",".00",".00","3000.52","3000.52",".00",".00",".00",".00",".00","","{18492E28-05D1-FF50-9B99-6B9C15031C78}"
"434075","505919","13","8307.66","0",".00","3","190.00","0",".00","16","8497.66",".00",".00",".00","4234.99","4234.99",".00",".00",".00",".00",".00","","{748EC6C9-CAFD-A130-E6FE-994E02D2A83A}"
"434077","505921","0",".00","0",".00","0",".00","0",".00","0",".00",".00",".00",".00",".00",".00","923.38",".00","923.38",".00","923.38","","{1CAF6596-BA39-27A8-FC09-1764FB423026}"
"434078","505922","0",".00","0",".00","97","267.00","0",".00","97","267.00",".00",".00",".00",".00",".00","2955.24",".00","2955.24",".00","2955.24","","{4108C018-3944-E249-5EF8-3F9E4263319B}"
"434081","505925","0",".00","0",".00","0",".00","0",".00","0",".00",".00",".00",".00","104.25","104.25",".00",".00",".00",".00",".00","","{026F7197-261C-8135-2754-A5E74E232819}"
"434083","505927","1","500.00","0",".00","0",".00","0",".00","1","500.00",".00",".00",".00","188.57","188.57",".00",".00",".00",".00",".00","","{58C1F2E8-210C-4A6D-367C-151E52936584}"
"434084","505928","1","500.00","0",".00","0",".00","0",".00","1","500.00",".00",".00",".00","188.57","188.57",".00",".00",".00",".00",".00","","{58C1F2E8-210C-4A6D-367C-151E52936584}"
"434085","505929","0",".00","0",".00","0",".00","0",".00","0",".00",".00",".00",".00",".00",".00",".00",".00",".00",".00",".00","","{6FB3C678-D7EF-9B30-B013-37448D53C9E6}"
"434087","505931","0",".00","0",".00","0",".00","0",".00","0",".00",".00",".00",".00",".00",".00",".00",".00",".00",".00",".00","","{6FB3C678-D7EF-9B30-B013-37448D53C9E6}"
"434088","505932","4","3776.00","0",".00","0",".00","0",".00","4","3776.00",".00",".00",".00","2706.45","2706.45",".00",".00",".00",".00",".00","","{6418B1E1-B910-A59C-C042-546878DAFD4B}"
"434089","505933","0",".00","0",".00","0",".00","0",".00","0",".00",".00",".00",".00",".00",".00",".00",".00",".00",".00",".00","","{B0F0EB0F-7C4D-F892-54A4-7DC5E9F3A8EF}"
"434091","505936","0",".00","0",".00","0",".00","0",".00","0",".00",".00",".00",".00",".00",".00",".00",".00",".00",".00",".00","","{C0D34F59-549F-7ACF-9422-E251D27AFC0F}"
"434094","505939","0",".00","0",".00","0",".00","0",".00","0",".00",".00",".00",".00","832.10","832.10","500.00","1000.00","1500.00",".00","1500.00","","{6A350937-C2E0-B2D3-DE9E-35F380F2CACA}"
"434095","505940","0",".00","0",".00","0",".00","0",".00","0",".00",".00",".00",".00",".00",".00",".00",".00",".00",".00",".00","","{F0F41224-BD0D-4675-53A3-1B4AB2A8FA43}"
"434096","505941","0",".00","0",".00","0",".00","0",".00","0",".00",".00",".00",".00","212.00","212.00",".00",".00",".00",".00",".00","","{2C8ACE36-74D9-9DDE-0BAB-56DAF13CFE30}"
"434098","505943","0",".00","0",".00","0",".00","0",".00","0",".00",".00",".00",".00",".00",".00",".00",".00",".00",".00",".00","","{BF0A123B-E7B3-D1BE-D2C7-BA62147985B9}"
"434105","505950","1","1000.00","0",".00","1","62.81","0",".00","2","1062.81",".00",".00",".00","102.81","102.81",".00",".00",".00",".00",".00","","{2F07EC00-BA34-41B2-1FEB-4341D6E09721}"
"434106","505951","0",".00","0",".00","0",".00","0",".00","0",".00",".00",".00",".00",".00",".00",".00",".00",".00",".00",".00","","{22FAAC3B-EC33-9DB8-3710-8E94A6F2BF42}"
"434108","505953","1","250.00","0",".00","6","369.13","0",".00","7","619.13",".00",".00",".00",".00",".00",".00",".00",".00",".00",".00","","{E84B89E6-0EC1-C65D-228C-F445AA29A303}"
"434110","505956","5","4000.00","0",".00","3","175.00","0",".00","8","4175.00",".00",".00",".00","477.82","477.82",".00",".00",".00",".00",".00","","{69665769-B3FB-D804-43CA-1CCB0CE11DE6}"
"434112","505958","0",".00","0",".00","0",".00","0",".00","0",".00",".00",".00",".00",".00",".00","500.00",".00","500.00",".00","500.00","","{3861EB87-0713-7BC5-11A1-CB6596E740BD}"
"434115","505961","0",".00","0",".00","0",".00","0",".00","0",".00",".00",".00",".00","11593.80","11593.80",".00",".00",".00",".00",".00","","{61C0CC0F-512F-B685-8006-0DDEF41B7AAF}"
"434116","505962","4","425.00","0",".00","3","15.00","0",".00","7","440.00",".00",".00",".00","2812.36","2812.36",".00",".00",".00",".00",".00","","{D4E712BF-5E1F-EC9E-6410-E10F7F50E1DF}"
"434117","505963","3","555.98","0",".00","3","160.98","0",".00","6","716.96",".00",".00",".00","157.71","157.71",".00",".00",".00",".00",".00","","{F2D1CDD9-4515-83CF-39D8-89A4872FD08F}"
"434119","505965","0",".00","0",".00","6","525.00","0",".00","6","525.00",".00",".00",".00","435.92","435.92",".00",".00",".00",".00",".00","","{736DE076-037B-E92D-5B08-FF84F9A2A541}"
"434125","505971","0",".00","0",".00","0",".00","0",".00","0",".00",".00",".00",".00","65.00","65.00","1000.00","100.00","1100.00",".00","1100.00","","{1D8475B5-D990-C25F-4C42-8518867EB4A5}"
"434126","505972","0",".00","0",".00","0",".00","0",".00","0",".00",".00",".00",".00",".00",".00",".00",".00",".00",".00",".00","","{590096FD-1ADD-C563-B134-D1E6E1B95EAC}"
"434130","505983","8","3700.00","1","261.70","17","1065.40","0",".00","26","5027.10",".00","261.70",".00","7628.93","7890.63",".00",".00",".00",".00",".00","","{6ADAEA11-C66E-0628-730E-0BD45E883A9D}"
"434132","505988","6","1750.00","0",".00","0",".00","0",".00","6","1750.00",".00",".00",".00","451.78","451.78",".00",".00",".00",".00",".00","","{0106D99C-BA4D-1F3A-95FF-5EB8F099AD84}"
"434135","505993","0",".00","0",".00","0",".00","0",".00","0",".00",".00",".00",".00",".00",".00",".00",".00",".00",".00",".00","","{93B8FE21-41BE-5F85-9E34-FC06F0367FDD}"
"434136","505994","0",".00","0",".00","0",".00","0",".00","0",".00",".00",".00",".00",".00",".00","649.06",".00","649.06",".00","649.06","","{37E5AD82-2FBC-C57A-AEB4-57A9FA53A99B}"
"434137","505995","4","100.00","0",".00","0",".00","0",".00","4","100.00",".00",".00",".00","3.96","3.96",".00",".00",".00",".00",".00","","{70E7CAC6-49FC-231B-5295-00EADAF311DF}"
"434139","505998","0",".00","0",".00","0",".00","0",".00","0",".00",".00",".00",".00",".00",".00",".00",".00",".00",".00",".00","","{A6FE4509-E8FD-724B-6568-89A5CE25068C}"
"434140","505999","0",".00","0",".00","0",".00","0",".00","0",".00",".00",".00",".00",".00",".00","649.06",".00","649.06",".00","649.06","","{37E5AD82-2FBC-C57A-AEB4-57A9FA53A99B}"
"434141","505996","1","200.00","0",".00","2","140.00","0",".00","3","340.00",".00",".00",".00",".00",".00",".00",".00",".00",".00",".00","","{39048543-CBA0-18D9-8423-7A887FB5D7C7}"
"434142","506000","0",".00","0",".00","0",".00","0",".00","0",".00",".00",".00",".00",".00",".00","649.06",".00","649.06",".00","649.06","","{37E5AD82-2FBC-C57A-AEB4-57A9FA53A99B}"
"434143","506001","0",".00","0",".00","0",".00","0",".00","0",".00",".00",".00",".00",".00",".00","700.00",".00","700.00",".00","700.00","","{D92E12A3-DA15-B2E2-774F-C7AC207B44C5}"
"434144","506002","0",".00","0",".00","0",".00","0",".00","0",".00",".00",".00",".00",".00",".00","649.06",".00","649.06",".00","649.06","","{06A118D7-3403-8B3E-7A04-6305E3C51723}"
"434145","506003","1","500.00","0",".00","0",".00","0",".00","1","500.00",".00",".00",".00","769.63","769.63",".00",".00",".00",".00",".00","","{EA0E0AC8-EC99-8D13-A1C6-CB6FD064487D}"
"434146","506004","0",".00","0",".00","0",".00","0",".00","0",".00",".00",".00",".00",".00",".00","649.06",".00","649.06",".00","649.06","","{06A118D7-3403-8B3E-7A04-6305E3C51723}"
"434147","506005","0",".00","0",".00","0",".00","0",".00","0",".00",".00",".00",".00",".00",".00",".00",".00",".00",".00",".00","","{0F214BED-68D6-8BEE-F5CE-CAFB55F46B7A}"
"434148","506006","3","1265.00","0",".00","0",".00","0",".00","3","1265.00",".00",".00",".00","4584.00","4584.00",".00",".00",".00",".00",".00","","{13FDE92E-3B69-251D-912F-DCE3E9EF3EEE}"
"434149","506007","0",".00","0",".00","0",".00","0",".00","0",".00",".00",".00",".00",".00",".00",".00",".00",".00",".00",".00","","{9BD99026-BCEB-072A-59AC-3F4D5475B6BA}"
"434150","506008","4","850.00","0",".00","9","350.00","0",".00","13","1200.00",".00",".00",".00","764.21","764.21",".00",".00",".00",".00",".00","","{1607EC5C-2111-F8DF-8D2C-671AF24CD843}"
"434151","506009","0",".00","0",".00","0",".00","0",".00","0",".00",".00",".00",".00",".00",".00",".00",".00",".00",".00",".00","","{D217090B-5E32-9412-2A6A-DF4ED9107261}"
"434153","506011","15","17110.00","0",".00","84","4711.00","0",".00","99","21821.00",".00",".00",".00","2632.00","2632.00",".00",".00",".00",".00",".00","","{1C2F1CD9-5DA1-3875-10BD-C0CB3D2C7F5B}"
"434154","506013","0",".00","0",".00","0",".00","0",".00","0",".00",".00",".00",".00","34.82","34.82","82.45",".00","82.45",".00","82.45","","{1F48A69D-7DFD-9497-0244-CE53DD4A5962}"
"434156","506015","0",".00","0",".00","0",".00","1","46.76","1","46.76",".00",".00","46.76",".00","46.76",".00",".00",".00",".00",".00","","{8DB9F92B-B989-E81C-F4EB-4D3DCBF36FBD}"
"434157","506016","0",".00","0",".00","0",".00","0",".00","0",".00",".00",".00",".00",".00",".00",".00",".00",".00",".00",".00","","{97E87BE8-015D-9DC9-63BC-5E23C5F009E2}"
"434158","506017","1","300.00","0",".00","0",".00","0",".00","1","300.00",".00",".00",".00","554.19","554.19","200.00",".00","200.00",".00","200.00","","{9EFB361D-A1DD-2ACA-E7E7-7CA335825BC2}"
"434159","506018","0",".00","0",".00","0",".00","1","46.76","1","46.76",".00",".00","46.76",".00","46.76",".00",".00",".00",".00",".00","","{8DB9F92B-B989-E81C-F4EB-4D3DCBF36FBD}"
"434163","506022","3","795.01","2","487.33","1","100.00","0",".00","6","1382.34",".00","487.33",".00","1486.87","1974.20",".00",".00",".00",".00",".00","","{E4CDF644-30D3-20B8-6433-D79585DFE29F}"
"434164","506023","0",".00","0",".00","0",".00","0",".00","0",".00",".00",".00",".00",".00",".00","1305.75",".00","1305.75",".00","1305.75","","{F3F30027-5E23-988F-7C73-E69EEDEE7517}"
"434165","506024","10","3385.00","2","253.41","32","2120.00","1","55.10","45","5813.51",".00","253.41","55.10","4741.75","5050.26",".00",".00",".00",".00",".00","","{C2FBB59B-E10B-AEFD-1EC4-31F023F970D4}"
"434166","506025","9","5550.00","0",".00","5","370.00","0",".00","14","5920.00",".00",".00",".00","2428.61","2428.61","1450.00",".00","1450.00",".00","1450.00","","{7D038E64-A302-C5AC-0E90-1A874B65DB5B}"
"434171","506032","0",".00","0",".00","4","144.08","0",".00","4","144.08",".00",".00",".00",".00",".00",".00",".00",".00",".00",".00","","{778B5C56-84CA-838F-307B-CFF58DAF55EB}"
"434172","506033","0",".00","0",".00","0",".00","0",".00","0",".00",".00",".00",".00",".00",".00",".00",".00",".00",".00",".00","","{833971D3-2845-62A6-965F-080D7D75A69C}"
"434173","506034","0",".00","0",".00","0",".00","0",".00","0",".00",".00",".00",".00",".00",".00",".00",".00",".00",".00",".00","","{CB530D62-5ED1-199E-0907-13343FF73614}"
"434174","506035","0",".00","0",".00","0",".00","0",".00","0",".00",".00",".00",".00","75.00","75.00",".00",".00",".00",".00",".00","","{228EE01B-0EF2-EA23-9790-9734EE403856}"
"434175","506036","26","9733.00","0",".00","172","7765.00","0",".00","198","17498.00",".00",".00",".00","11482.34","11482.34","95.00",".00","95.00",".00","95.00","","{3D7100FC-1E7D-03C6-E6F0-A2B528A81479}"
"434177","506038","0",".00","0",".00","0",".00","0",".00","0",".00",".00",".00",".00",".00",".00",".00",".00",".00",".00",".00","","{00E73468-E176-DC80-F55B-BF419E10943D}"
"434178","506039","0",".00","0",".00","0",".00","0",".00","0",".00",".00",".00",".00",".00",".00",".00",".00",".00",".00",".00","","{0F533C0D-CC50-7127-4D2B-1AA86EFC03C3}"
"434179","506040","0",".00","0",".00","0",".00","0",".00","0",".00",".00",".00",".00","200.89","200.89",".00",".00",".00",".00",".00","","{FA3B121F-33A0-67AB-2C82-C9D13E8B3E3A}"
"434180","506041","8","920.00","0",".00","28","910.00","0",".00","36","1830.00","628.18",".00",".00","46.35","46.35",".00",".00",".00",".00",".00","","{D24725E9-8B0E-6F7F-B037-210DF30132C8}"
"434182","506044","0",".00","0",".00","0",".00","0",".00","0",".00",".00",".00",".00",".00",".00",".00",".00",".00",".00",".00","","{8C31E331-2237-851D-C1F0-68569D713BAC}"
"434183","506043","1","500.00","0",".00","4","129.89","0",".00","5","629.89",".00",".00",".00","909.97","909.97",".00",".00",".00",".00",".00","","{3B737DCF-5F9F-986D-8041-A686C614407E}"
"434188","506049","3","300.00","0",".00","18","985.00","0",".00","21","1285.00",".00",".00",".00","2019.50","2019.50",".00",".00",".00",".00",".00","","{B17B91C3-B15B-9355-C4BC-3011D3EFD916}"
"434191","506052","0",".00","0",".00","3",".16","0",".00","3",".16",".00",".00",".00",".00",".00",".00",".00",".00",".00",".00","","{CE2569D5-C4F0-6AA0-0A60-269E9D2063FA}"
"434194","506055","0",".00","0",".00","0",".00","0",".00","0",".00",".00",".00",".00",".00",".00",".00",".00",".00",".00",".00","","{52FBC4EF-1671-37AD-ECF0-3343A6DBCE7E}"
"434196","506057","0",".00","0",".00","0",".00","0",".00","0",".00",".00",".00",".00",".00",".00",".00",".00",".00",".00",".00","","{E569A809-4B04-53CB-2485-9F4F61E68969}"
"434197","506058","0",".00","0",".00","0",".00","0",".00","0",".00",".00",".00",".00",".00",".00",".00",".00",".00",".00",".00","","{E569A809-4B04-53CB-2485-9F4F61E68969}"
"434200","506061","1","102.00","0",".00","0",".00","0",".00","1","102.00",".00",".00",".00","11.58","11.58",".00","191.66","191.66",".00","191.66","","{90D1E7EC-3B31-83A2-4279-A282C21863C8}"
"434202","506063","0",".00","0",".00","0",".00","0",".00","0",".00",".00",".00",".00",".00",".00",".00",".00",".00",".00",".00","","{5B15F3B0-A8AE-66E2-3528-AFD782541E90}"
"434203","506064","1","200.00","0",".00","3","185.00","0",".00","4","385.00",".00",".00",".00","8.85","8.85","191.66",".00","191.66",".00","191.66","","{7B741E4E-FFE7-A3D9-BD05-35754F7D8231}"
"434205","506066","44","8745.00","0",".00","27","1750.00","0",".00","71","10495.00",".00",".00",".00","7841.80","7841.80","17000.00",".00","17000.00",".00","17000.00","","{632E71A9-B90A-158F-FF4E-76B7BE9B2568}"
"434206","506067","0",".00","0",".00","0",".00","0",".00","0",".00",".00",".00",".00",".00",".00",".00",".00",".00",".00",".00","","{0B949B0B-A50C-092A-E5F2-157D83945FDA}"
"434207","506068","1","250.00","0",".00","2","65.00","0",".00","3","315.00",".00",".00",".00",".00",".00","191.66",".00","191.66",".00","191.66","","{7D9CAF71-F547-8809-3EA0-A1DA409FEF30}"
"434209","506070","3","650.00","0",".00","4","250.00","0",".00","7","900.00",".00",".00",".00","876.14","876.14","191.66",".00","191.66",".00","191.66","","{83155AD3-BE1B-ACA0-34AC-D87134182321}"
"434210","506071","0",".00","0",".00","0",".00","0",".00","0",".00",".00",".00",".00",".00",".00",".00",".00",".00",".00",".00","","{12E293C7-F6F6-6A7E-574A-E24D87234868}"
"434211","506072","0",".00","0",".00","4","285.55","0",".00","4","285.55",".00",".00",".00","851.62","851.62","191.66",".00","191.66",".00","191.66","","{0EF6D964-2EBA-6CFE-0354-F34C761DB22E}"
"434212","506074","2","601.66","0",".00","1","10.00","0",".00","3","611.66",".00",".00",".00","851.02","851.02","191.66",".00","191.66","191.66",".00","","{18DB08C2-9900-6FA5-948B-5731C5B2CC84}"
"434215","506078","2","230.00","0",".00","0",".00","0",".00","2","230.00",".00",".00",".00","476.70","476.70",".00",".00",".00",".00",".00","","{90C56877-318A-4BE7-8E9D-836D810D74E4}"
"434220","506083","0",".00","0",".00","0",".00","0",".00","0",".00",".00",".00",".00",".00",".00",".00",".00",".00",".00",".00","","{ACCE4CF2-E7B0-0A8D-AFB1-58D111E317FA}"
"434223","506086","0",".00","0",".00","0",".00","0",".00","0",".00",".00",".00",".00",".00",".00",".00",".00",".00",".00",".00","","{6A66D971-9D9D-06BA-2740-6267560C6B58}"
"434224","506087","0",".00","0",".00","0",".00","0",".00","0",".00",".00",".00",".00","131.34","131.34",".00",".00",".00",".00",".00","","{84EE57F8-E4F5-D9C9-746E-91DD5119E180}"
"434227","506090","0",".00","0",".00","0",".00","0",".00","0",".00",".00",".00",".00",".00",".00","500.00",".00","500.00",".00","500.00","","{DB4DE99C-8B49-663A-58AC-A84030CE4D8D}"
"434228","506092","22","43350.00","0",".00","9","445.00","0",".00","31","43795.00","2250.00",".00",".00","22372.40","22372.40",".00",".00",".00",".00",".00","","{4CE3025E-B0A0-6E5D-9F89-E5909E9CF23F}"
"434230","506093","0",".00","0",".00","0",".00","0",".00","0",".00",".00",".00",".00",".00",".00","1800.00",".00","1800.00",".00","1800.00","","{365B6C46-9A5F-AC0A-B5B2-551FD8915DC7}"
"434232","506095","1","350.00","1","1777.78","0",".00","0",".00","2","2127.78",".00","1777.78",".00","490.68","2268.46","1750.00",".00","1750.00",".00","1750.00","","{DE1D5007-2952-2EF9-F12D-0B1217E73D19}"
"434234","506098","0",".00","0",".00","1",".40","0",".00","1",".40",".00",".00",".00",".00",".00",".00",".00",".00",".00",".00","","{19FA1FB5-D936-F901-DB46-062F25CF8EC9}"
"434236","506100","0",".00","0",".00","0",".00","0",".00","0",".00",".00",".00",".00",".00",".00",".00",".00",".00",".00",".00","","{6190ACF2-8B37-B55A-AD8E-E9A89F64CE42}"
"434238","506102","1","100000.00","0",".00","4","125.00","0",".00","5","100125.00","3250.00",".00",".00","25100.00","25100.00",".00",".00",".00",".00",".00","","{8CE3CCC6-2E30-299B-7343-299B989EDE2B}"
"434239","506105","0",".00","0",".00","0",".00","0",".00","0",".00",".00",".00",".00",".00",".00",".00",".00",".00",".00",".00","","{49BA4B0C-3068-A352-DED6-CA197325C764}"
"434240","506103","6","1250.00","0",".00","8","625.00","0",".00","14","1875.00",".00",".00",".00","1759.16","1759.16",".00","1000.00","1000.00",".00","1000.00","","{269F1502-9A7E-C610-53B9-1ACA4BACDEEE}"
"434242","506106","0",".00","0",".00","0",".00","0",".00","0",".00",".00",".00",".00",".00",".00",".00",".00",".00",".00",".00","","{B18FE0E4-6402-199A-F1B4-EF909E3D1A20}"
"434244","506108","7","1800.00","0",".00","6","405.00","0",".00","13","2205.00",".00",".00",".00","2110.77","2110.77",".00",".00",".00",".00",".00","","{B005A9FE-F422-04E7-BED2-3307D0D95192}"
"434247","506111","0",".00","0",".00","0",".00","0",".00","0",".00",".00",".00",".00",".00",".00",".00",".00",".00",".00",".00","","{6300FA75-2CB3-A336-F752-AB40AA829A19}"
"434248","506112","0",".00","0",".00","9","90.00","0",".00","9","90.00",".00",".00",".00",".00",".00",".00",".00",".00",".00",".00","","{0CC1B4EA-0768-3B95-C69E-8D67195079DC}"
"434249","506113","7","6095.00","0",".00","0",".00","0",".00","7","6095.00",".00",".00",".00","4670.60","4670.60",".29",".00",".29",".00",".29","","{CD3CB9AE-FBE1-9EF9-1EA9-6A30D56CE399}"
"434250","506114","0",".00","0",".00","0",".00","0",".00","0",".00",".00",".00",".00",".00",".00",".00",".00",".00",".00",".00","","{6300FA75-2CB3-A336-F752-AB40AA829A19}"
"434251","506115","0",".00","8","280.89","0",".00","1","80.51","9","361.40",".00","280.89","80.51","20.00","381.40",".00",".00",".00",".00",".00","","{D600D6A1-3706-C227-69A9-EC2319060D0E}"
"434252","506116","17","3059.31","0",".00","5","29.17","0",".00","22","3088.48",".00",".00",".00","2500.00","2500.00",".00",".00",".00",".00",".00","","{0F76724A-14B8-92E4-CDD7-1E694FD7960F}"
"434255","506124","0",".00","0",".00","0",".00","0",".00","0",".00",".00",".00",".00","4674.86","4674.86",".00",".00",".00",".00",".00","","{B190F10C-A9C2-7249-1512-28C26C6FB9AD}"
"434260","506132","0",".00","0",".00","0",".00","0",".00","0",".00",".00",".00",".00",".00",".00",".00",".00",".00",".00",".00","","{5A605D09-A8D0-D57B-18B8-DE52549FFC8B}"
"434265","506142","9","2430.00","4","2209.70","27","1580.00","0",".00","40","6219.70",".15","2209.70",".00","2244.85","4454.55",".00",".00",".00",".00",".00","","{26CB719B-4C43-7526-406E-97680AE4D307}"
"434266","506143","6","1250.00","0",".00","8","625.00","0",".00","14","1875.00",".00",".00",".00","1759.16","1759.16",".00","1000.00","1000.00",".00","1000.00","","{269F1502-9A7E-C610-53B9-1ACA4BACDEEE}"
"434269","506147","0",".00","0",".00","12","462.26","0",".00","12","462.26",".00",".00",".00","458.88","458.88",".00",".00",".00",".00",".00","","{FD2BDABE-5D3A-7728-AFBC-F8A91D0F723E}"
"434270","506148","0",".00","0",".00","0",".00","0",".00","0",".00",".00",".00",".00","4000.00","4000.00",".00",".00",".00",".00",".00","","{062D3E57-BA2A-8B2A-7474-B5FC3F0B76D1}"
"434271","506149","6","1250.00","0",".00","8","625.00","0",".00","14","1875.00",".00",".00",".00","1759.16","1759.16",".00","1000.00","1000.00",".00","1000.00","","{269F1502-9A7E-C610-53B9-1ACA4BACDEEE}"
"434277","506155","3","7000.00","0",".00","0",".00","0",".00","3","7000.00",".00",".00",".00","4974.70","4974.70",".00",".00",".00",".00",".00","","{F4BDFF9B-3270-AAFA-FD64-9A8396042CE0}"
"434278","506157","0",".00","0",".00","0",".00","0",".00","0",".00",".00",".00",".00",".00",".00",".00",".00",".00",".00",".00","","{FFD772AE-F5FA-3568-71CD-01E02F232BDF}"
"434279","506156","13","16350.00","0",".00","6","446.00","0",".00","19","16796.00",".00",".00",".00","5129.39","5129.39","500.00",".00","500.00",".00","500.00","","{8894D41F-8672-C638-6714-3A17BD55F708}"
"434281","506159","3","7000.00","0",".00","0",".00","0",".00","3","7000.00",".00",".00",".00","4974.70","4974.70",".00",".00",".00",".00",".00","","{F4BDFF9B-3270-AAFA-FD64-9A8396042CE0}"
"434282","506160","0",".00","0",".00","1","100.00","0",".00","1","100.00",".00",".00",".00","3231.78","3231.78","20000.00",".00","20000.00",".00","20000.00","","{72A013CA-EE8B-F1FC-1214-5FBAA49FF30A}"
"434283","506161","15","24600.00","0",".00","1","100.00","0",".00","16","24700.00",".00",".00",".00","8457.55","8457.55","67607.67",".00","67607.67",".00","67607.67","","{0AEEB4B2-33A3-28FE-0C98-8ECAB75560C4}"
"434284","506162","0",".00","0",".00","0",".00","0",".00","0",".00",".00",".00",".00","1070.00","1070.00",".00",".00",".00",".00",".00","","{F748D53E-DFF9-C044-B6DE-0510C019D44E}"
"434286","506165","5","3750.00","1","600.00","10","520.00","0",".00","16","4870.00",".00","600.00",".00","7410.46","8010.46",".00",".00",".00",".00",".00","","{E888648D-A5C8-77A1-A928-2C194AE1C687}"
"434288","506167","0",".00","3","4050.00","0",".00","0",".00","3","4050.00",".00","4050.00",".00","8616.00","12666.00","504.00","10000.00","10504.00",".00","10504.00","","{EBFF8149-CD84-DE92-4B17-D1F2E3F7DFDB}"
"434290","506169","0",".00","0",".00","0",".00","0",".00","0",".00",".00",".00",".00",".00",".00","1076.01",".00","1076.01",".00","1076.01","","{E23CE4C3-D0D4-635A-A412-E4219D8C62CF}"
"434292","506171","4","1500.00","0",".00","0",".00","0",".00","4","1500.00",".00",".00",".00",".00",".00",".00",".00",".00",".00",".00","","{779609EB-3505-D4A2-2E10-D49C0CE55FC0}"
"434294","506175","0",".00","0",".00","0",".00","0",".00","0",".00",".00",".00",".00",".00",".00",".00",".00",".00",".00",".00","","{8722D71F-AA03-A37E-8B41-1229A3184C32}"
"434295","506173","7","1090.00","0",".00","37","2030.00","0",".00","44","3120.00","349.17",".00",".00","4041.94","4041.94",".00",".00",".00",".00",".00","","{D515714D-648A-5678-689D-1F8C71759765}"
"434297","506177","0",".00","0",".00","0",".00","0",".00","0",".00",".00",".00",".00","1000.00","1000.00",".00",".00",".00",".00",".00","","{ADDE592B-E404-1901-D3CD-1D24285687AA}"
"434298","506178","0",".00","0",".00","0",".00","0",".00","0",".00",".00",".00",".00","49.69","49.69","1000.00",".00","1000.00",".00","1000.00","","{6896DAEB-B15F-0FE9-D76F-A88B4DA3D37A}"
"434299","506179","1","500.00","1","560.00","0",".00","0",".00","2","1060.00",".00","560.00",".00",".00","560.00",".00",".00",".00",".00",".00","","{5A51803E-1F9E-9F44-C006-3F85B0226FD8}"
"434300","506180","1","3960.55","0",".00","0",".00","0",".00","1","3960.55",".00",".00",".00","1983.75","1983.75","6260.22",".00","6260.22","2299.45","3960.77","","{8AB63A6A-308A-9BE3-F742-F55C0AC53514}"
"434305","506185","4","2250.00","0",".00","0",".00","0",".00","4","2250.00",".00",".00",".00",".00",".00",".00",".00",".00",".00",".00","","{E86EF1EC-D58C-D12F-B63B-A132B830D0EC}"
"434309","506189","0",".00","0",".00","0",".00","0",".00","0",".00",".00",".00",".00","28.00","28.00",".00",".00",".00",".00",".00","","{1E6FFECE-9AB2-9527-16E8-3335EB7508C8}"
"434312","506194","0",".00","0",".00","0",".00","0",".00","0",".00",".00",".00",".00",".00",".00",".00",".00",".00",".00",".00","","{584BE99E-8740-A9AD-19F7-A49A2BB3F4AC}"
"434314","506198","0",".00","2","3825.80","0",".00","0",".00","2","3825.80",".00","3825.80",".00",".00","3825.80",".00",".00",".00",".00",".00","","{CCB82C6F-278B-2526-9C28-172186F69D9F}"
"434317","506202","0",".00","0",".00","0",".00","0",".00","0",".00",".00",".00",".00",".00",".00",".00",".00",".00",".00",".00","","{7A94B1FA-CF49-D31E-4D56-FDE2A667D396}"
"434319","506204","15","35500.00","0",".00","0",".00","0",".00","15","35500.00",".00",".00",".00","18000.00","18000.00",".00",".00",".00",".00",".00","","{B2FE7224-14A8-CB31-4D08-74381959B055}"
"434320","506205","28","3736.63","0",".00","8","80.00","0",".00","36","3816.63",".00",".00",".00","10000.00","10000.00",".00",".00",".00",".00",".00","","{19E15A00-DB08-E953-8F10-424BE69C8719}"
"434322","506208","0",".00","1","1599.20","0",".00","0",".00","1","1599.20",".00","1599.20",".00",".00","1599.20",".00",".00",".00",".00",".00","","{4A74EE02-85DE-C380-5329-34DE19DB3582}"
"434324","506210","0",".00","0",".00","0",".00","0",".00","0",".00",".00",".00",".00",".00",".00",".00",".00",".00",".00",".00","","{5A7270CD-6A92-A5F1-FD22-930DD57A2078}"
"434325","506211","0",".00","0",".00","0",".00","0",".00","0",".00",".00",".00",".00",".00",".00",".00",".00",".00",".00",".00","","{EB63DD11-261C-6415-F514-F4F942EFE11A}"
"434328","506214","2","4000.00","0",".00","0",".00","0",".00","2","4000.00",".00",".00",".00","1108.32","1108.32",".00",".00",".00","100.00","-100.00","","{F2F5AE0D-0BD4-FF0A-3DF3-FCE47F5DF94C}"
"434331","506217","3","606.00","0",".00","1","100.00","0",".00","4","706.00",".00",".00",".00","273.71","273.71",".00",".00",".00",".00",".00","","{41016C7A-342A-266C-D85A-399401061B03}"
"434333","506219","0",".00","0",".00","0",".00","0",".00","0",".00",".00",".00",".00","6.00","6.00",".00",".00",".00",".00",".00","","{E382AFFB-4685-73D3-12DF-1114842A0434}"
"434334","506220","1","25000.00","0",".00","0",".00","0",".00","1","25000.00",".00",".00",".00","41175.00","41175.00",".00",".00",".00",".00",".00","","{63B371C5-4553-1E5C-5A4D-180D0B07CE2E}"
"434335","506221","2","3500.00","4","1138.54","1","50.00","2","186.79","9","4875.33",".00","1138.54","186.79","886.32","2211.65","27355.60",".00","27355.60",".00","27355.60","","{B824B8B0-9A54-B735-A5B9-EC2D99B080BA}"
"434336","506222","0",".00","0",".00","0",".00","0",".00","0",".00",".00",".00",".00",".00",".00",".00",".00",".00",".00",".00","","{6A780160-532D-970C-1D06-01240BAAEFC1}"
"434337","506223","0",".00","0",".00","0",".00","0",".00","0",".00",".00",".00",".00","2.00","2.00",".00",".00",".00",".00",".00","","{C6465531-9DC5-DBE7-5E72-01D33EB445C9}"
"434340","506226","0",".00","0",".00","0",".00","0",".00","0",".00",".00",".00",".00",".00",".00",".00",".00",".00",".00",".00","","{68975AC0-A040-E428-F8D3-913D212753F9}"
"434343","506231","0",".00","0",".00","0",".00","0",".00","0",".00",".00",".00",".00","5.00","5.00","8344.30","4.83","8349.13","3261.64","5087.49","","{ABE1A0E9-43CF-37C5-D2D7-FC0721B1A45D}"
"434349","506237","16","556.63","0",".00","9","75.00","0",".00","25","631.63",".00",".00",".00","382.27","382.27",".00",".00",".00",".00",".00","","{D3E2E756-0CF1-1D8D-418A-F5423A830C5B}"
"434350","506238","0",".00","0",".00","0",".00","0",".00","0",".00",".00",".00",".00","14.00","14.00","5092.32",".00","5092.32","546.45","4545.87","","{FA66299A-7288-1D76-8155-882BBA331313}"
"434351","506239","0",".00","0",".00","0",".00","0",".00","0",".00",".00",".00",".00","8.00","8.00",".00",".00",".00",".00",".00","","{2642AF59-5D06-0ECF-CB7E-C61188682E5A}"
"434353","506241","1","5000.00","0",".00","2","49.00","0",".00","3","5049.00",".00",".00",".00","251.96","251.96",".00",".00",".00",".00",".00","","{9904D742-F874-377C-DA3E-D75BBDEC81E5}"
"434355","506243","46","1083.18","0",".00","338","5388.39","0",".00","384","6471.57",".00",".00",".00",".00",".00",".00",".00",".00",".00",".00","","{3A5BB31B-23E7-B168-DFC8-973BFA65774C}"
"434357","506245","52","818635.79","63","403807.04","337","9503.00","0",".00","452","1231945.83",".00","403807.04",".00","279988.83","683795.87",".00",".00",".00",".00",".00","","{D1EF09AB-82FD-58B3-33EF-A92601C48DAA}"
"434358","506246","0",".00","0",".00","0",".00","0",".00","0",".00",".00",".00",".00",".00",".00",".00",".00",".00",".00",".00","","{73B61D9F-C77F-9119-E622-11B6B249ABF1}"
"434360","506249","0",".00","0",".00","0",".00","0",".00","0",".00",".00",".00",".00",".00",".00",".00",".00",".00",".00",".00","","{73B61D9F-C77F-9119-E622-11B6B249ABF1}"
"434362","506251","0",".00","0",".00","0",".00","0",".00","0",".00",".00",".00",".00",".00",".00",".00",".00",".00",".00",".00","","{73B61D9F-C77F-9119-E622-11B6B249ABF1}"
"434365","506253","7","10800.00","0",".00","1","100.00","0",".00","8","10900.00",".00",".00",".00","2765.89","2765.89",".00",".00",".00",".00",".00","","{A3B8DFD0-B169-5C21-E41A-730BFB92C7E2}"
"434366","506254","8","272.48","0",".00","8","164.23","0",".00","16","436.71",".00",".00",".00","865.14","865.14",".00","350.00","350.00",".00","350.00","","{4CA723CC-BEA3-2331-928C-58F37F4F65FF}"
"434367","506255","3","650.00","0",".00","5","165.00","0",".00","8","815.00",".00",".00",".00","3085.46","3085.46",".00",".00",".00",".00",".00","","{D2C2085F-D64F-1EBA-18B5-E32A31F9810C}"
"434373","506261","2","80.00","0",".00","0",".00","0",".00","2","80.00",".00",".00",".00","252.60","252.60",".00",".00",".00",".00",".00","","{70E25EE0-D6A8-C65F-823B-B50FBE2B4427}"
"434375","506263","0",".00","0",".00","0",".00","0",".00","0",".00",".00",".00",".00",".00",".00",".00",".00",".00",".00",".00","","{5687D04B-B2E5-1629-6536-3FA60375B4F5}"
"434377","506265","0",".00","0",".00","0",".00","0",".00","0",".00",".00",".00",".00",".00",".00",".00",".00",".00",".00",".00","","{DB36B07A-656B-33F7-FC76-F9A34A9AEEA7}"
"434378","506268","0",".00","0",".00","0",".00","0",".00","0",".00",".00",".00",".00",".00",".00",".00",".00",".00",".00",".00","","{5A605D09-A8D0-D57B-18B8-DE52549FFC8B}"
"434380","506267","2","80.00","0",".00","0",".00","0",".00","2","80.00",".00",".00",".00","252.60","252.60",".00",".00",".00",".00",".00","","{70E25EE0-D6A8-C65F-823B-B50FBE2B4427}"
"434381","506269","3","1439.10","0",".00","11","457.50","0",".00","14","1896.60",".00",".00",".00","457.90","457.90","24.00","93.00","117.00","24.00","93.00","","{DB9248A3-A674-CBFF-F15B-BA930B9B5965}"
"434382","506270","10","7630.00","1","157.50","12","655.00","1","100.00","24","8542.50",".00","157.50","100.00","2001.15","2258.65",".00",".00",".00",".00",".00","","{4654F79C-6B2F-438B-475B-DBDDDDC93DD2}"
"434383","506271","0",".00","0",".00","0",".00","0",".00","0",".00",".00",".00",".00","250.00","250.00",".00",".00",".00",".00",".00","","{8109B289-279C-2CE9-0513-ECDE73EE73B3}"
"434384","506272","1","500.00","0",".00","0",".00","0",".00","1","500.00",".00",".00",".00",".00",".00",".00",".00",".00",".00",".00","","{396547B8-1A21-41FE-D9DF-1648B34FA182}"
"434386","506275","4","2304.23","0",".00","0",".00","0",".00","4","2304.23",".00",".00",".00",".00",".00",".00",".00",".00",".00",".00","","{BDDA39B4-92C5-7CE3-6FFB-E5989884BB29}"
"434388","506278","0",".00","0",".00","9","450.00","0",".00","9","450.00",".00",".00",".00",".00",".00",".00",".00",".00",".00",".00","","{7D2245D2-3625-23D2-ECDA-96B96A9EF131}"
"434390","506280","0",".00","0",".00","23","203.42","0",".00","23","203.42",".00",".00",".00","25.00","25.00",".00",".00",".00",".00",".00","","{3F3FCF1A-46F8-FC3C-6A8E-667F8A8420BF}"
"434392","506282","0",".00","0",".00","0",".00","0",".00","0",".00","2500.00",".00",".00","44.00","44.00",".00",".00",".00",".00",".00","","{52F7B144-9AC9-E0C3-2D52-CBBE5B36C4A3}"
"434393","506283","2","565000.00","0",".00","0",".00","0",".00","2","565000.00","1125.26",".00",".00","699246.93","699246.93",".00",".00",".00",".00",".00","","{E3C0B1C1-1096-227A-100C-BF0D28DE4F7E}"
"434394","506284","8","1910.00","1","30.00","35","1370.00","0",".00","44","3310.00",".00","30.00",".00","417.44","447.44",".00",".00",".00",".00",".00","","{F8B8291F-FA48-A888-64E2-44CD5693F761}"
"434395","506285","4","4700.00","0",".00","10","505.00","0",".00","14","5205.00",".00",".00",".00","4628.63","4628.63",".00",".00",".00",".00",".00","","{3213C77C-5CB1-56E5-A692-44807D45022E}"
"434396","506286","3","700.00","0",".00","3","200.00","0",".00","6","900.00",".00",".00",".00","2167.45","2167.45","-32.29",".00","-32.29",".00","-32.29","","{DAE59616-2E7F-3B08-BECD-3791E0D060B1}"
"434397","506287","3","1157.01","0",".00","0",".00","0",".00","3","1157.01",".00",".00",".00","757.01","757.01",".00",".00",".00",".00",".00","","{B9DCDAB3-4FF4-6EB2-108E-C9D3F7162790}"
"434398","506288","0",".00","2","460.00","1","99.00","0",".00","3","559.00",".00","460.00",".00",".00","460.00",".00",".00",".00",".00",".00","","{C5DA4734-4E08-743A-D5FE-89681C9FE8C1}"
"434400","506290","4","4500.00","0",".00","1","100.00","0",".00","5","4600.00",".00",".00",".00","321.54","321.54",".00",".00",".00",".00",".00","","{564A155C-07F5-2FDF-B3E2-1B232DB638FD}"
"434403","506294","1","3260.25","1","565.55","0",".00","0",".00","2","3825.80",".00","565.55",".00",".00","565.55",".00",".00",".00",".00",".00","","{7A0131EB-1744-CE0F-C6AF-EF07D16A8EA8}"
"434406","506297","7","1720.00","0",".00","20","1165.00","0",".00","27","2885.00",".00",".00",".00","4578.06","4578.06",".00",".00",".00",".00",".00","","{6B342E69-2336-6415-13C5-BBA7C0F073EC}"
"434408","506300","1","800.00","0",".00","0",".00","0",".00","1","800.00",".00",".00",".00","62.00","62.00",".00",".00",".00",".00",".00","","{52462B09-9299-88B0-A898-40DFEA2ECD14}"
"434410","506302","98","32205.95","0",".00","1185","18980.00","0",".00","1283","51185.95","2450.28",".00",".00","71358.00","71358.00",".00",".00",".00",".00",".00","","{381FB916-185B-F150-AD59-05EA7C53B240}"
"434411","506303","0",".00","0",".00","0",".00","0",".00","0",".00",".00",".00",".00",".00",".00",".00",".00",".00",".00",".00","","{9B8CDC7D-08FE-2704-30A5-9E11025D13D9}"
"434414","506307","163","158059.26","1","130.00","172","6396.24","0",".00","336","164585.50","1799.04","130.00",".00","166411.49","166541.49",".00",".00",".00",".00",".00","","{85BAA817-3852-6F96-66CA-02C244CA35FB}"
"434416","506308","0",".00","0",".00","0",".00","0",".00","0",".00",".00",".00",".00",".00",".00",".00",".00",".00",".00",".00","","{7B870A8A-A2D3-2906-1760-12AE839FA626}"
"434417","506309","0",".00","0",".00","0",".00","0",".00","0",".00",".00",".00",".00","31.40","31.40","5671.76",".00","5671.76",".00","5671.76","","{E72B2DB7-D860-E13C-58FD-5B837F8720A3}"
"434419","506312","0",".00","0",".00","0",".00","0",".00","0",".00",".00",".00",".00",".00",".00",".00",".00",".00",".00",".00","","{A5FA7E47-AFA4-32B8-ECD4-914FC33A5AFD}"
"434421","506313","0",".00","0",".00","0",".00","0",".00","0",".00",".00",".00",".00",".00",".00",".00",".00",".00",".00",".00","","{EFE81DDB-DFA3-B861-A455-F1BFBA97DDB4}"
"434422","506314","0",".00","0",".00","0",".00","0",".00","0",".00",".00",".00",".00",".00",".00",".00",".00",".00",".00",".00","","{D0067705-DC2F-39C3-22F6-4F5AC2FBCF90}"
"434424","506316","0",".00","0",".00","0",".00","0",".00","0",".00",".00",".00",".00","5000.00","5000.00",".00",".00",".00",".00",".00","","{29733687-029C-AD22-77D3-3306E36749BF}"
"434425","506317","5","1475.00","0",".00","2","116.57","0",".00","7","1591.57",".00",".00",".00","415.55","415.55",".00",".00",".00",".00",".00","","{E9CD6691-09E6-CB45-DA07-D447C9925E59}"
"434426","506318","0",".00","0",".00","1","100.00","0",".00","1","100.00",".00",".00",".00",".00",".00",".00",".00",".00",".00",".00","","{818A3D62-AAE3-7209-9A3A-A8640FA9E1B9}"
"434427","506319","17","2161.18","0",".00","56","2078.63","0",".00","73","4239.81",".00",".00",".00","162.50","162.50",".00",".00",".00",".00",".00","","{8FA5A2D4-0080-7C67-91FC-4A47E2CEE80C}"
"434428","506320","25","1593.35","0",".00","67","2216.68","0",".00","92","3810.03",".00",".00",".00","121.80","121.80",".00",".00",".00",".00",".00","","{E851919E-E610-F47E-4699-F1C14DBE1C76}"
"434429","506321","4","725.00","0",".00","4","290.00","0",".00","8","1015.00",".00",".00",".00","534.27","534.27",".00",".00",".00",".00",".00","","{ECD311DE-4BA3-71BC-758C-86F689EF6E22}"
"434430","506322","0",".00","0",".00","3","30.00","0",".00","3","30.00",".00",".00",".00","1.20","1.20",".00",".00",".00",".00",".00","","{702B1010-B905-2D68-06FB-17B6C9AE2DBF}"
"434431","506323","4","1374.24","0",".00","3","175.00","0",".00","7","1549.24",".00",".00",".00","3404.53","3404.53",".00",".00",".00",".00",".00","","{5A47FF72-48E6-DCCF-DC2C-DEFC7147D43A}"
"434432","506324","4","725.00","0",".00","4","290.00","0",".00","8","1015.00",".00",".00",".00","534.27","534.27",".00",".00",".00",".00",".00","","{ECD311DE-4BA3-71BC-758C-86F689EF6E22}"
"434433","506326","7","2250.00","0",".00","5","200.00","0",".00","12","2450.00",".00",".00",".00","2416.55","2416.55",".00",".00",".00",".00",".00","","{90B5FB0F-BCED-7F51-63D2-6697195A6F51}"
"434436","506329","6","1658.48","0",".00","3","120.00","0",".00","9","1778.48",".00",".00",".00","1540.32","1540.32",".00",".00",".00",".00",".00","","{E846A68F-83F8-6476-AE54-D43BC227FF4F}"
"434437","506330","0",".00","0",".00","0",".00","0",".00","0",".00",".00",".00",".00",".00",".00",".00",".00",".00",".00",".00","","{67B26887-0C60-0683-EAA3-C81CF8FFCF88}"
"434438","506331","2","550.00","0",".00","1","100.00","0",".00","3","650.00",".00",".00",".00","435.79","435.79",".00",".00",".00",".00",".00","","{AEA894E7-E154-8DC3-FF17-7C8FD45AC9AF}"
"434439","506332","0",".00","0",".00","0",".00","0",".00","0",".00",".00",".00",".00","653.32","653.32",".00","1036.74","1036.74",".00","1036.74","","{EA704B3E-F31A-900B-873C-81FCCDC4061C}"
"434440","506333","0",".00","0",".00","0",".00","0",".00","0",".00",".00",".00",".00","915.60","915.60",".00",".00",".00",".00",".00","","{CF66289E-79C3-3368-7919-DA1B6F68A1F8}"
"434443","506337","1","355.27","0",".00","0",".00","0",".00","1","355.27",".00",".00",".00","17000.00","17000.00",".00",".00",".00",".00",".00","","{821428FD-115D-5D95-49EF-519F27B5B4F5}"
"434445","506339","0",".00","0",".00","0",".00","0",".00","0",".00",".00",".00",".00","500.00","500.00",".00",".00",".00",".00",".00","","{92514646-E1DA-3662-FDEB-F976B753139E}"
"434446","506340","5","765.00","0",".00","29","1310.00","0",".00","34","2075.00",".00",".00",".00","1998.94","1998.94",".00","2000.00","2000.00",".00","2000.00","","{4EE5596D-C8AB-C14D-E80B-FA2D38E344FB}"
"434447","506341","2","233.79","0",".00","1","100.00","0",".00","3","333.79",".00",".00",".00","1541.66","1541.66",".00",".00",".00",".00",".00","","{5B7869F1-B60E-D0DC-8876-4FB7205F61AE}"
"434450","506344","0",".00","0",".00","0",".00","0",".00","0",".00",".00",".00",".00","107.14","107.14",".00",".00",".00",".00",".00","","{F2CD6D15-4397-A8EB-3C43-413009C34829}"
"434451","506345","3","115000.00","1","39779.79","0",".00","0",".00","4","154779.79",".00","39779.79",".00","15318.89","55098.68",".00",".00",".00",".00",".00","","{D5CD5E6B-E086-CD00-DCB6-ABE61A096CF5}"
"434452","506347","28","100792.14","0",".00","24","510.00","0",".00","52","101302.14",".00",".00",".00","51860.05","51860.05",".00",".00",".00",".00",".00","","{3C042280-0653-4838-3997-019528E976C1}"
"434454","506349","0",".00","0",".00","0",".00","0",".00","0",".00",".00",".00",".00","1000.00","1000.00","4689.00",".00","4689.00",".00","4689.00","","{D1C9EDCB-4E2F-430E-4DBB-6CDFACC09B8B}"
"434455","506350","1","250.00","0",".00","5","300.00","0",".00","6","550.00",".00",".00",".00","493.54","493.54",".00",".00",".00",".00",".00","","{D485ABC8-86C7-50B2-8002-F21EE800A5CB}"
"434456","506351","0",".00","0",".00","0",".00","0",".00","0",".00",".00",".00",".00",".00",".00",".00",".00",".00",".00",".00","","{E98A9329-00F6-05D3-D938-D40863CAF304}"
"434457","506352","0",".00","0",".00","0",".00","0",".00","0",".00",".00",".00",".00",".00",".00","3402.86",".00","3402.86",".00","3402.86","","{A8F2E869-1496-9FED-B998-A719AC32864B}"
"434458","506353","0",".00","0",".00","0",".00","0",".00","0",".00",".00",".00",".00",".00",".00",".00",".00",".00",".00",".00","","{47FFDB26-9205-1922-6C70-7F3693DAFF6C}"
"434460","506355","0",".00","0",".00","0",".00","0",".00","0",".00","5.26",".00",".00","59359.60","59359.60",".00",".00",".00",".00",".00","","{1F6FB97E-9C29-0BC7-9CDD-CC46E16F6300}"
"434461","506356","3","1400.00","1","1350.00","2","150.00","0",".00","6","2900.00",".00","1350.00",".00","642.00","1992.00",".00",".00",".00",".00",".00","","{B9BF7370-23EE-3576-43FD-9F0A09B9317F}"
"434462","506357","8","7509.70","0",".00","7","568.40","0",".00","15","8078.10",".00",".00",".00","3365.45","3365.45",".00",".00",".00",".00",".00","","{79F74CD6-47B3-4B7C-9F96-1D8AD956D8A4}"
"434463","506358","5","1900.00","0",".00","3","130.00","0",".00","8","2030.00",".00",".00",".00","808.49","808.49",".00",".00",".00",".00",".00","","{53FE9D3C-58A9-41F5-BCDF-7735D57AEFEE}"
"434465","506360","0",".00","0",".00","0",".00","0",".00","0",".00",".00",".00",".00",".00",".00","20476.45",".00","20476.45",".00","20476.45","","{D62E660C-FD1A-7514-66E8-0E9452C97AD7}"
"434466","506361","2","300.00","0",".00","4","230.00","0",".00","6","530.00",".00",".00",".00","1565.21","1565.21",".00",".00",".00",".00",".00","","{F340FE42-E9B6-A70F-853A-F354F1A0955E}"
"434467","506362","0",".00","1","1599.21","0",".00","0",".00","1","1599.21",".00","1599.21",".00",".00","1599.21",".00",".00",".00",".00",".00","","{09863012-FA61-1CD0-9DE6-C9830E813362}"
"434468","506363","3","3500.00","0",".00","2","100.00","0",".00","5","3600.00",".00",".00",".00","1070.20","1070.20",".00",".00",".00",".00",".00","","{11200509-14FD-3C8A-3293-A0A414B3B54B}"
"434472","506368","0",".00","0",".00","46","423.27","0",".00","46","423.27",".00",".00",".00",".00",".00",".00",".00",".00",".00",".00","","{ADD9C9C9-7C51-C0EA-A10B-F21647A9F5E9}"
"434473","506369","0",".00","0",".00","0",".00","0",".00","0",".00",".00",".00",".00","1000.00","1000.00",".00",".00",".00",".00",".00","","{35B84270-3A9E-7853-E807-A1813366DD62}"
"434474","506370","0",".00","1","400.00","2","150.00","0",".00","3","550.00",".00","400.00",".00","10352.12","10752.12",".00",".00",".00",".00",".00","","{CA6D17F9-805C-68DC-9B34-AF1FB4D33EAF}"
"434478","506374","3","1454.50","0",".00","1","24.12","0",".00","4","1478.62",".00",".00",".00","2500.00","2500.00",".00",".00",".00",".00",".00","","{A089CCBF-A111-757D-DAAB-562DD42DB9B6}"
"434481","506377","0",".00","0",".00","0",".00","0",".00","0",".00",".00",".00",".00",".00",".00",".00",".00",".00",".00",".00","","{9654623C-6C66-BE27-C345-76A03AB9DBA1}"
"434482","506378","0",".00","0",".00","0",".00","0",".00","0",".00",".00",".00",".00","314.93","314.93",".00",".00",".00",".00",".00","","{53477158-C36B-2301-151E-DD94D3CA460A}"
"434483","506381","0",".00","0",".00","0",".00","0",".00","0",".00",".00",".00",".00",".00",".00",".00",".00",".00",".00",".00","","{A9EC5BD1-91E5-E4EA-07FB-C08F56A6450B}"
"434484","506379","0",".00","1","1599.21","0",".00","0",".00","1","1599.21",".00","1599.21",".00",".00","1599.21",".00",".00",".00",".00",".00","","{1DC30CF4-754E-05F8-E327-9709739B8DBB}"
"434487","506383","6","10250.00","1","501.20","1","18.00","0",".00","8","10769.20",".00","501.20",".00","4187.53","4688.73",".00",".00",".00",".00",".00","","{023F2C0C-7CF1-DD9A-6B76-E83FDBFE6E1D}"
"434488","506384","0",".00","0",".00","0",".00","0",".00","0",".00",".00",".00",".00",".00",".00",".00",".00",".00",".00",".00","","{6CDBF296-A656-E6A1-4203-27BABAB0F98B}"
"434491","506388","3","1000.00","0",".00","60","1362.24","0",".00","63","2362.24",".00",".00",".00","93.57","93.57",".00",".00",".00",".00",".00","","{AD4955F2-FC97-845E-9004-C40934994182}"
"434492","506389","3","1191.70","0",".00","16","1199.60","0",".00","19","2391.30",".00",".00",".00","45.33","45.33","400.00",".00","400.00","400.00",".00","","{33367592-2007-EC48-4598-0FCF84E0B36E}"
"434493","506390","0",".00","0",".00","0",".00","0",".00","0",".00",".00",".00",".00",".00",".00",".00",".00",".00",".00",".00","","{B9E0129D-4013-6DC8-82F6-A2B0FDBC1978}"
"434494","506391","14","7330.00","0",".00","55","1520.24","0",".00","69","8850.24",".00",".00",".00","810.33","810.33",".00",".00",".00",".00",".00","","{CE2E9344-55C5-47EC-9744-9F5F0FB3D800}"
"434496","506393","12","450.00","0",".00","22","386.24","0",".00","34","836.24",".00",".00",".00","4652.64","4652.64",".00",".00",".00",".00",".00","","{FDE10C61-6092-AF33-2C8E-5572FEC72E64}"
"434498","506395","18","1725.00","0",".00","9","51.24","0",".00","27","1776.24",".00",".00",".00","109.24","109.24",".00",".00",".00",".00",".00","","{EA5056D4-4EF9-95D2-CF74-B647F16D2551}"
"434499","506396","27","11562.00","0",".00","86","3221.24","0",".00","113","14783.24",".00",".00",".00","949.47","949.47",".00",".00",".00",".00",".00","","{399D00F6-DF82-ABAA-3FBC-33E449EFECD7}"
"434500","506397","27","9345.00","0",".00","105","3196.24","0",".00","132","12541.24",".00",".00",".00","4464.11","4464.11",".00",".00",".00",".00",".00","","{3593850D-A3CA-5652-F201-48C377EC0DD6}"
"434501","506398","124","1085677.91","9","50601.71","1017","17627.78","0",".00","1150","1153907.40","37849.21","50601.71",".00","346558.35","397160.06",".00",".00",".00",".00",".00","","{3A2BF2D8-9A76-EABC-12A8-B14D83789CD9}"
"434502","506400","1","48.00","0",".00","10","155.68","0",".00","11","203.68",".00",".00",".00","5.02","5.02",".00",".00",".00",".00",".00","","{3209AD5F-02FD-46A7-29C4-F9EB5BC1561C}"
"434503","506401","9","1340.00","0",".00","13","131.24","0",".00","22","1471.24",".00",".00",".00","29207.14","29207.14",".00",".00",".00",".00",".00","","{737449FD-F58F-5A6E-10CD-9FBC522F5CF2}"
"434504","506402","9","16500.00","0",".00","1","100.00","0",".00","10","16600.00",".00",".00",".00","4879.18","4879.18",".00",".00",".00",".00",".00","","{A8E62271-490C-B257-D590-1EC995990852}"
"434505","506403","18","2375.00","0",".00","27","811.24","0",".00","45","3186.24",".00",".00",".00","2966.23","2966.23",".00",".00",".00",".00",".00","","{BD8D58B3-DD50-7AA5-9F2C-2390742EDEF1}"
"434507","506405","38","19423.00","0",".00","95","5410.00","0",".00","133","24833.00",".00",".00",".00","13971.47","13971.47",".00",".00",".00",".00",".00","","{FCE2BAAE-51EE-2FAA-9E62-C4ACC6DF7B3C}"
"434508","506408","70","443344.79","6","107843.43","1","100.00","0",".00","77","551288.22","631.67","107843.43",".00","157624.25","265467.68",".00",".00",".00",".00",".00","","{7F4F27C5-D6ED-DC8D-F190-DB6327BC1FE4}"
"434509","506406","0",".00","0",".00","0",".00","0",".00","0",".00",".00",".00",".00",".00",".00",".00",".00",".00",".00",".00","","{C495F436-B172-CD78-49C1-4BEF90EB78DC}"
"434510","506407","60","18867.00","0",".00","136","5115.00","0",".00","196","23982.00","458.06",".00",".00","35975.42","35975.42",".00",".00",".00",".00",".00","","{FB058BE1-4D0A-B536-FC75-A82219FFE42A}"
"434511","506409","5","1800.00","0",".00","5","375.00","0",".00","10","2175.00",".00",".00",".00","2907.67","2907.67",".00",".00",".00",".00",".00","","{160D4C92-9D09-3AB8-4995-F35379F7E5E4}"
"434512","506410","36","5605.23","2","37.29","52","1679.46","0",".00","90","7321.98",".00","37.29",".00","1288.07","1325.36",".00",".00",".00",".00",".00","","{689F5902-7F61-2D9F-C21F-F3B847462E2D}"
"434513","506412","0",".00","0",".00","0",".00","0",".00","0",".00",".00",".00",".00",".00",".00",".00",".00",".00",".00",".00","","{5D582D36-28C7-E2C2-51C4-0B0DA05F76FE}"
"434514","506411","16","17590.00","0",".00","27","600.45","0",".00","43","18190.45",".00",".00",".00","7270.75","7270.75",".00",".00",".00",".00",".00","","{35974611-0284-050F-6F33-DBA8C46C7DB3}"
"434516","506414","1","951.00","0",".00","0",".00","0",".00","1","951.00",".00",".00",".00","643.20","643.20",".00",".00",".00",".00",".00","","{DFE44091-752E-5AB8-2520-3707D1B67981}"
"434517","506415","59","24389.31","0",".00","165","6568.00","0",".00","224","30957.31",".00",".00",".00","32041.49","32041.49",".00",".00",".00",".00",".00","","{C44C08CA-6CFA-F8B8-9F41-7C50AE76B914}"
"434518","506416","5","765.00","0",".00","29","1310.00","0",".00","34","2075.00",".00",".00",".00","1998.94","1998.94",".00","2000.00","2000.00",".00","2000.00","","{4EE5596D-C8AB-C14D-E80B-FA2D38E344FB}"
"434521","506418","43","19243.00","0",".00","91","3940.00","0",".00","134","23183.00",".00",".00",".00","21181.00","21181.00",".00",".00",".00",".00",".00","","{A2CBC8F1-3168-CAD6-33D3-2EA54EB6CB72}"
"434522","506420","20","1855.00","0",".00","53","1990.06","0",".00","73","3845.06",".00",".00",".00","20333.78","20333.78",".00",".00",".00",".00",".00","","{F3D6E9EA-993C-C289-20D3-34AD7C5FEAD4}"
"434524","506421","40","3199.00","0",".00","69","2535.24","0",".00","109","5734.24",".00",".00",".00","11511.00","11511.00",".00",".00",".00",".00",".00","","{AAE77118-4FC5-FBF5-B7BA-6B945B80BB33}"
"434525","506424","0",".00","0",".00","0",".00","0",".00","0",".00",".00",".00",".00",".00",".00",".00",".00",".00",".00",".00","","{96B4B839-BCAC-23D6-4AF3-3E304EE7C844}"
"434527","506425","13","4500.00","0",".00","13","880.00","0",".00","26","5380.00",".00",".00",".00","4348.11","4348.11",".00",".00",".00",".00",".00","","{2417D188-4BDE-F044-AF6F-2D7B66CF93C2}"
"434528","506426","17","3465.00","0",".00","15","420.00","0",".00","32","3885.00",".00",".00",".00","1984.33","1984.33",".00",".00",".00",".00",".00","","{0BBD54B2-2292-AEA5-F9BF-BEAE174AA1DC}"
"434529","506429","22","18078.05","0",".00","7","575.00","0",".00","29","18653.05",".00",".00",".00","10668.59","10668.59",".00",".00",".00",".00",".00","","{D97FB8D5-D7BA-FBE0-3BE7-62E4F49F4A24}"
"434530","506427","1","200.00","0",".00","3","140.00","0",".00","4","340.00",".00",".00",".00",".00",".00",".00",".00",".00",".00",".00","","{FEE7A8AA-80D5-BB91-CC8A-A67207805646}"
"434531","506428","30","4100.00","0",".00","28","1030.00","0",".00","58","5130.00",".00",".00",".00","4479.69","4479.69",".00",".00",".00",".00",".00","","{5CCF04B8-0163-2120-F7DC-100C30BC8720}"
"434532","506430","80","43336.81","0",".00","19","1900.00","0",".00","99","45236.81",".00",".00",".00","43458.15","43458.15",".00",".00",".00",".00",".00","","{DDFC3954-6D85-8AAE-FC65-83C6D4372C36}"
"434533","506432","12","7900.00","0",".00","7","600.00","0",".00","19","8500.00",".00",".00",".00","6543.90","6543.90","66.29",".00","66.29",".00","66.29","","{45282F3E-999C-7EC1-E1D6-44FF00028A7D}"
"434534","506433","9","1325.00","0",".00","19","455.00","0",".00","28","1780.00",".00",".00",".00","2414.29","2414.29",".00",".00",".00",".00",".00","","{378DD8B1-9E5A-F7E6-AB07-749A986722F0}"
"434537","506440","0",".00","0",".00","0",".00","0",".00","0",".00",".00",".00",".00",".00",".00",".00",".00",".00",".00",".00","","{32947352-782E-F96F-FC2A-79252432313E}"
"434539","506443","4","1025.00","0",".00","6","520.58","0",".00","10","1545.58",".00",".00",".00","697.84","697.84",".00",".00",".00",".00",".00","","{08E5E0EA-3849-97D1-B1F7-1D160FD4B226}"
"434541","506446","0",".00","0",".00","0",".00","0",".00","0",".00",".00",".00",".00",".00",".00",".00",".00",".00",".00",".00","","{9EBCB2FF-6EFC-BD9D-3A6C-FC5091B819FB}"
"434544","506451","2","370.00","0",".00","4","270.00","0",".00","6","640.00",".00",".00",".00","5134.27","5134.27",".00",".00",".00",".00",".00","","{C391937A-2150-0E23-47B3-5F06A6199BD9}"
"434545","506452","7","87.50","0",".00","0",".00","0",".00","7","87.50",".00",".00",".00","7.00","7.00",".00",".00",".00",".00",".00","","{5254222C-4AC2-0D78-B98E-C8D9570F0139}"
"434546","506453","6","1284.00","2","1400.00","5","221.04","0",".00","13","2905.04",".00","1400.00",".00","1712.97","3112.97",".00",".00",".00",".00",".00","","{F92AEAA9-BDB1-23C6-4046-93FEC0ADE4DA}"
"434547","506454","0",".00","0",".00","798","1127.00","0",".00","798","1127.00",".00",".00",".00",".00",".00",".00",".00",".00",".00",".00","","{DA44E8B7-6C6E-6FD7-E494-6D609ED2F604}"
"434549","506456","8","3175.00","1","100.54","21","922.00","1","91.00","31","4288.54",".00","100.54","91.00","1929.45","2120.99",".00",".00",".00",".00",".00","","{E0576016-6414-BEFF-6921-19FD501AD5E0}"
"434555","506462","12","4150.00","0",".00","10","830.00","0",".00","22","4980.00",".00",".00",".00","449.54","449.54","5000.00","426.30","5426.30",".00","5426.30","","{78D4223E-352B-76AA-FE7A-2516876C0C48}"
"434556","506463","4","844.72","0",".00","8","422.01","0",".00","12","1266.73",".00",".00",".00","143.96","143.96",".00",".00",".00",".00",".00","","{08366C51-70F6-BE99-69D5-05614B6AFFE1}"
"434558","506465","1","130000.00","2","6677.50","0",".00","0",".00","3","136677.50",".00","6677.50",".00","21894.85","28572.35",".00",".00",".00",".00",".00","","{1706A67E-84C4-EE60-785F-9AFC6B6CF99A}"
"434559","506466","112","10367.00","0",".00","54","1890.00","0",".00","166","12257.00",".00",".00",".00","23250.00","23250.00",".00",".00",".00",".00",".00","","{0B8FF9F0-9504-48CB-948A-7A3A4D4D833E}"
"434561","506468","2","6.00","0",".00","3","157.28","0",".00","5","163.28",".00",".00",".00","27.94","27.94",".00",".00",".00",".00",".00","","{29144A80-B29C-9962-9436-03772D8BF077}"
"434562","506469","0",".00","1","348.39","1","100.00","3","81.93","5","530.32",".00","348.39","81.93",".00","430.32",".00",".00",".00",".00",".00","","{4957EAA6-9BC7-E690-DBB0-271293558886}"
"434564","506471","0",".00","0",".00","0",".00","0",".00","0",".00",".00",".00",".00",".00",".00","20476.45",".00","20476.45",".00","20476.45","","{3395F992-320A-38CA-DA94-34F8F33AA2C8}"
"434569","506475","9","1987.42","0",".00","15","695.00","0",".00","24","2682.42",".00",".00",".00","4469.44","4469.44",".00",".00",".00",".00",".00","","{ED374033-9DEE-06D2-1C4E-A7F3783AC766}"
"434570","506477","0",".00","0",".00","0",".00","1","25.55","1","25.55",".00",".00","25.55",".00","25.55","327.46",".00","327.46",".00","327.46","","{2D30DAAE-D794-1427-1167-F7FB4918450E}"
"434572","506479","19","265578.50","0",".00","19","1710.00","0",".00","38","267288.50",".00",".00",".00","40615.60","40615.60",".00",".00",".00",".00",".00","","{E53666D3-2FF2-7019-B3A7-AC103DB33D42}"
"434574","506481","3","400.00","0",".00","5","375.00","0",".00","8","775.00",".00",".00",".00","1555.41","1555.41",".00",".00",".00",".00",".00","","{30A94265-C2A0-09EE-6C5A-6E49DCBCD8D1}"
"434577","506485","84","79523.17","1","62.00","272","6277.23","0",".00","357","85862.40",".00","62.00",".00","117211.53","117273.53",".00",".00",".00",".00",".00","","{8C4D79A3-9065-1636-159C-E02B305AFB0E}"
"434584","506493","5","850.00","0",".00","18","1050.00","0",".00","23","1900.00",".00",".00",".00","849.32","849.32",".00",".00",".00",".00",".00","","{39F8D8FB-E609-8389-B2B6-6EDFF5C0C8D2}"
"434585","506494","0",".00","0",".00","1","100.00","0",".00","1","100.00",".00",".00",".00","1000.00","1000.00",".00",".00",".00",".00",".00","","{86825BC4-C47E-D389-30D2-AA7E80C4E24B}"
"434586","506495","0",".00","0",".00","0",".00","0",".00","0",".00",".00",".00",".00",".00",".00",".00",".00",".00",".00",".00","","{A8409487-BAD9-DF93-42AD-1B153B6DD133}"
"434587","506496","0",".00","0",".00","0",".00","0",".00","0",".00",".00",".00",".00",".00",".00","3200.00",".00","3200.00",".00","3200.00","","{109839B3-0F93-B7AE-0491-EA527C805346}"
"434588","506497","0",".00","0",".00","1","25.00","0",".00","1","25.00",".00",".00",".00",".00",".00",".00",".00",".00",".00",".00","","{BADB0903-AA94-85CC-3E8B-52E8D1FD087C}"
"434589","506498","8","8154.51","0",".00","11","900.00","0",".00","19","9054.51","43.26",".00",".00","397.60","397.60",".00",".00",".00",".00",".00","","{F7EFCF2B-D638-27D3-F194-43A897CF310D}"
"434590","506499","0",".00","0",".00","1","25.00","0",".00","1","25.00",".00",".00",".00",".00",".00",".00",".00",".00",".00",".00","","{BADB0903-AA94-85CC-3E8B-52E8D1FD087C}"
"434592","506501","0",".00","8","280.89","0",".00","1","80.51","9","361.40",".00","280.89","80.51","20.00","381.40",".00",".00",".00",".00",".00","","{D600D6A1-3706-C227-69A9-EC2319060D0E}"
"434596","506505","0",".00","0",".00","0",".00","0",".00","0",".00",".00",".00",".00","129.80","129.80",".00",".00",".00",".00",".00","","{4DCAA629-CD87-2346-EF40-32A5C054A8A5}"
"434597","506506","38","195300.00","1","48627.80","0",".00","0",".00","39","243927.80","1726.72","48627.80",".00","86608.32","135236.12",".00",".00",".00",".00",".00","","{6A05E97E-DBF7-7929-E617-617D55DDEBD2}"
"434598","506507","0",".00","0",".00","0",".00","0",".00","0",".00",".00",".00",".00",".00",".00",".00",".00",".00",".00",".00","","{F3C9D293-09C8-4804-1E28-10D4C4BBE64C}"
"434599","506508","49","104325.00","0",".00","30","1425.00","0",".00","79","105750.00",".00",".00",".00","128249.06","128249.06",".00",".00",".00",".00",".00","","{07E3A249-FB35-1E7B-E217-6BADE84583FC}"
"434600","506512","0",".00","0",".00","0",".00","0",".00","0",".00",".00",".00",".00",".00",".00","5700.00",".00","5700.00",".00","5700.00","","{B9F93A24-E602-72A6-C2B4-B98E26A6E5B8}"
"434603","506511","2","2250.00","1","306.09","1","100.00","0",".00","4","2656.09",".00","306.09",".00","1160.02","1466.11","648.00","2000.00","2648.00",".00","2648.00","","{F57AE916-471B-0DEA-CDFD-6D0E52F31098}"
"434604","506513","14","3064.75","3","143.13","19","541.78","0",".00","36","3749.66",".00","143.13",".00","2179.88","2323.01","2206.71","1164.41","3371.12",".00","3371.12","","{1F4A8C4F-7127-2143-29BB-9D3DC2A705A2}"
"434607","506516","0",".00","0",".00","0",".00","0",".00","0",".00",".00",".00",".00",".00",".00",".00",".00",".00",".00",".00","","{0EBAB490-1DA9-FFEB-8118-C5AE4262F67A}"
"434608","506517","0",".00","0",".00","0",".00","0",".00","0",".00",".00",".00",".00",".00",".00",".00",".00",".00",".00",".00","","{54C85955-71F3-89AD-02A4-B07A815EB27A}"
"434609","506518","0",".00","0",".00","3","35.00","0",".00","3","35.00",".00",".00",".00","173.27","173.27",".00",".00",".00",".00",".00","","{606F2275-D342-F6F6-C97A-02AF3ED74A9C}"
"434612","506522","37","7598.23","13","1771.70","42","2292.80","0",".00","92","11662.73","169.00","1771.70",".00","4283.61","6055.31",".00",".00",".00",".00",".00","","{2A20CD4C-7799-C372-3407-A69B340C198B}"
"434613","506523","4","1650.00","1","3620.55","10","875.00","0",".00","15","6145.55",".00","3620.55",".00","1363.55","4984.10","955.75",".00","955.75",".00","955.75","","{6C174756-B75E-783A-9934-3845F0764783}"
"434614","506524","10","12200.00","4","1650.10","3","220.00","0",".00","17","14070.10",".00","1650.10",".00","13576.29","15226.39",".00","1000.00","1000.00",".00","1000.00","","{372DF994-1B6A-432B-0CD7-1570E6DB82EB}"
"434615","506525","22","13500.00","1","1000.00","24","1820.00","0",".00","47","16320.00",".00","1000.00",".00","4393.04","5393.04",".00",".00",".00",".00",".00","","{148ECEB2-8DB9-7BC9-B139-7FBC26E5D277}"
"434619","506529","2","1200.00","0",".00","1","100.00","0",".00","3","1300.00",".00",".00",".00","423.83","423.83",".00",".00",".00",".00",".00","","{C529739D-8B14-3CA0-8475-3793F8EC47C6}"
"434620","506530","0",".00","0",".00","0",".00","0",".00","0",".00",".00",".00",".00",".00",".00",".00",".00",".00",".00",".00","","{4386EC1C-620C-3CAC-90C6-ABDF623791D4}"
"434621","506530","0",".00","0",".00","0",".00","0",".00","0",".00",".00",".00",".00",".00",".00",".00",".00",".00",".00",".00","","{4386EC1C-620C-3CAC-90C6-ABDF623791D4}"
"434622","506531","1","200.00","0",".00","6","550.00","0",".00","7","750.00",".00",".00",".00","16.90","16.90",".00",".00",".00",".00",".00","","{F7B9B367-CF60-CA45-376E-6BE6CDF3B4FE}"
"434624","506533","6","2600.00","0",".00","3","175.00","0",".00","9","2775.00",".00",".00",".00","2883.63","2883.63",".00",".00",".00",".00",".00","","{EDDF8419-3782-2A4C-3CB7-09849D38C23D}"
"434628","506536","32","7040.00","0",".00","1","100.00","0",".00","33","7140.00",".00",".00",".00","15829.81","15829.81",".00",".00",".00",".00",".00","","{822485EA-E445-73EE-AFE8-6F8B2CE326D6}"
"434629","506537","0",".00","0",".00","0",".00","0",".00","0",".00",".00",".00",".00",".00",".00",".00",".00",".00",".00",".00","","{59A44A0E-B5FA-E7E4-8DE2-36750063C7BF}"
"434630","506537","0",".00","0",".00","0",".00","0",".00","0",".00",".00",".00",".00",".00",".00",".00",".00",".00",".00",".00","","{59A44A0E-B5FA-E7E4-8DE2-36750063C7BF}"
"434633","506540","6","1200.00","1","1500.00","5","300.00","0",".00","12","3000.00",".00","1500.00",".00","1878.80","3378.80","1500.00",".00","1500.00",".00","1500.00","","{4160990B-07FE-CB4B-12BB-57B664C35C47}"
"434634","506541","16","7590.00","0",".00","2","200.00","0",".00","18","7790.00",".00",".00",".00","783.96","783.96","7500.00",".00","7500.00",".00","7500.00","","{BC8EFF0B-72D6-682E-7E90-0C79A07D9D04}"
"434635","506542","50","4630.69","0",".00","109","1964.00","0",".00","159","6594.69",".00",".00",".00","7593.96","7593.96",".00",".00",".00",".00",".00","","{E5A1E0BA-9860-B266-A0D0-F32523B3DFC7}"
"434637","506544","1","100.00","0",".00","3","250.00","0",".00","4","350.00",".00",".00",".00","779.71","779.71",".00",".00",".00",".00",".00","","{5D0AF7A8-B790-4D33-E2A0-9B0AC842481C}"
"434639","506547","0",".00","0",".00","0",".00","0",".00","0",".00",".00",".00",".00",".00",".00",".00",".00",".00",".00",".00","","{FB8868D1-3135-A5E2-1A99-233915AFFE4F}"
"434640","506550","13","247750.00","7","318616.43","25","1925.00","0",".00","45","568291.43","1.78","318616.43",".00","83846.88","402463.31",".00",".00",".00",".00",".00","","{39CAAFCB-5FAE-57D0-D8CA-330BA86A606F}"
"434641","506552","7","1375.00","0",".00","2","200.00","0",".00","9","1575.00",".00",".00",".00","80.70","80.70",".00",".00",".00",".00",".00","","{3CD4C375-8016-2658-D923-44013D19A153}"
"434643","506557","15","69350.00","8","50787.09","15","733.00","0",".00","38","120870.09",".00","50787.09",".00",".00","50787.09",".00",".00",".00",".00",".00","","{BAD6AB3C-CC64-743E-DCED-81ADF18DD7B2}"
"434644","506559","7","1375.00","0",".00","2","200.00","0",".00","9","1575.00",".00",".00",".00","80.70","80.70",".00",".00",".00",".00",".00","","{3CD4C375-8016-2658-D923-44013D19A153}"
"434646","506562","0",".00","0",".00","0",".00","0",".00","0",".00",".00",".00",".00",".00",".00",".00",".00",".00",".00",".00","","{41C7AEBF-E108-F8A2-D892-84E74065DB84}"
"434648","506565","5","4150.00","0",".00","1","100.00","0",".00","6","4250.00",".00",".00",".00","3473.06","3473.06","117.65",".00","117.65",".00","117.65","","{376CA469-B119-B015-8889-E295FC08D069}"
"434650","506568","1","1000.00","0",".00","0",".00","0",".00","1","1000.00",".00",".00",".00","91.61","91.61",".00",".00",".00",".00",".00","","{B2C0E4B3-27BA-4359-BD09-8285D802AAFD}"
"434651","506569","0",".00","0",".00","10","111.35","0",".00","10","111.35",".00",".00",".00",".00",".00",".00",".00",".00",".00",".00","","{A8409487-BAD9-DF93-42AD-1B153B6DD133}"
"434652","506570","1","200.00","1","300.00","7","425.00","0",".00","9","925.00",".00","300.00",".00","608.68","908.68",".00",".00",".00",".00",".00","","{BF78E6A4-464F-F601-668E-B02CCBE80C4E}"
"434655","506573","86","41691.00","0",".00","40","2155.00","0",".00","126","43846.00",".00",".00",".00","16336.23","16336.23",".00",".00",".00",".00",".00","","{02FFFCEB-5105-4ED4-932E-7DBEBDB78E54}"
"434656","506574","12","3550.00","0",".00","58","3483.00","0",".00","70","7033.00",".00",".00",".00",".00",".00",".00",".00",".00",".00",".00","","{81ED2650-2B65-EA81-4CBD-015521E8D20E}"
"434658","506575","12","4325.00","0",".00","32","825.00","0",".00","44","5150.00",".00",".00",".00","5990.12","5990.12",".00",".00",".00",".00",".00","","{A568B3E7-DE0C-87A6-1C4B-0C8D2550212E}"
"434659","506577","0",".00","0",".00","0",".00","0",".00","0",".00",".00",".00",".00",".00",".00",".00",".00",".00",".00",".00","","{06B9C093-E9CB-3E14-B4F3-113DF607EAC2}"
"434660","506578","0",".00","0",".00","0",".00","0",".00","0",".00",".00",".00",".00","1218.37","1218.37",".00","1218.37","1218.37",".00","1218.37","","{49006111-8420-3F74-4218-5369D058008F}"
"434662","506580","1","2317.50","0",".00","0",".00","0",".00","1","2317.50",".00",".00",".00","1500.00","1500.00",".00",".00",".00",".00",".00","","{E00271C2-2914-999A-DC9F-E0753590D898}"
"434664","506582","47","12280.00","0",".00","83","2740.00","0",".00","130","15020.00",".00",".00",".00","41530.34","41530.34",".00",".00",".00",".00",".00","","{6F85A613-41F8-D04D-905D-B9DDA21DD685}"
"434666","506584","20","12850.00","4","7290.54","20","870.00","0",".00","44","21010.54",".00","7290.54",".00","2370.99","9661.53","1000.00",".00","1000.00",".00","1000.00","","{1EFBB2D7-6AFF-83C9-4C4C-23B3850901DC}"
"434668","506586","0",".00","0",".00","4","90.00","1","14.50","5","104.50",".24",".00","14.50","215.94","230.44",".00",".00",".00",".00",".00","","{76C3D8ED-3D7C-7E25-A53C-DDA17E04DF72}"
"434672","506590","0",".00","0",".00","0",".00","0",".00","0",".00",".00",".00",".00",".00",".00",".00",".00",".00",".00",".00","","{CEECB408-F1FF-783E-C5FF-C191DF16F7E8}"
"434674","506592","29","46950.00","1","6072.17","2","200.00","0",".00","32","53222.17",".00","6072.17",".00","734.16","6806.33",".00",".00",".00",".00",".00","","{A280345C-23E7-1DD5-82F0-CCD78E40146C}"
"434675","506594","0",".00","0",".00","0",".00","0",".00","0",".00",".00",".00",".00",".00",".00","880.00",".00","880.00",".00","880.00","","{7815CF40-A034-A949-00AB-B0C40BBF1B33}"
"434680","506598","0",".00","0",".00","0",".00","0",".00","0",".00",".00",".00",".00",".00",".00",".00",".00",".00",".00",".00","","{D7EE71F6-B24E-65A2-4E4A-72786C7993AC}"
"434682","506600","6","150000.00","0",".00","0",".00","0",".00","6","150000.00",".00",".00",".00","75759.00","75759.00",".00",".00",".00",".00",".00","","{BD3D1AC5-3126-9060-8E89-3812B8137BBC}"
"434685","506603","60","243650.00","1","66274.44","0",".00","0",".00","61","309924.44",".00","66274.44",".00","98734.86","165009.30",".00",".00",".00",".00",".00","","{2DAEB31B-BF77-1235-02EF-4B0EADABECC7}"
"434686","506604","2","1400.00","0",".00","4","275.00","0",".00","6","1675.00",".00",".00",".00","2047.00","2047.00",".00",".00",".00",".00",".00","","{94143A91-F4A3-3941-4355-F6ADC31447B1}"
"434688","506606","1","471.22","0",".00","0",".00","0",".00","1","471.22",".00",".00",".00","471.22","471.22",".00",".00",".00",".00",".00","","{515CD46F-CED3-D9A1-D089-4894206C255F}"
"434693","506612","15","22400.00","0",".00","0",".00","0",".00","15","22400.00",".00",".00",".00","3652.79","3652.79",".00",".00",".00",".00",".00","","{8F265183-2520-DC65-40D4-1BBA723FB794}"
"434694","506613","4","1086.00","0",".00","3","150.00","0",".00","7","1236.00",".00",".00",".00","1535.64","1535.64","336.00","150.00","486.00","486.00",".00","","{3627C314-13E1-4051-A752-0B97258378E1}"
"434695","506614","9","148500.00","0",".00","0",".00","0",".00","9","148500.00",".00",".00",".00","3793.18","3793.18",".00","332.00","332.00","300.00","32.00","","{18587842-D708-8757-B203-3A76AA081613}"
"434697","506616","3","700.00","0",".00","3","200.00","0",".00","6","900.00",".00",".00",".00","2317.45","2317.45","-32.29",".00","-32.29",".00","-32.29","","{DAE59616-2E7F-3B08-BECD-3791E0D060B1}"
"434698","506617","1","1332.00","0",".00","0",".00","0",".00","1","1332.00",".00",".00",".00","482.76","482.76",".00",".00",".00",".00",".00","","{74B7878F-C11E-ACE5-8D87-39DEA0A5A529}"
"434700","506621","3","2332.00","0",".00","3","200.00","0",".00","6","2532.00",".00",".00",".00","482.76","482.76",".00",".00",".00",".00",".00","","{74B7878F-C11E-ACE5-8D87-39DEA0A5A529}"
"434701","506622","3","405.00","0",".00","6","172.50","0",".00","9","577.50",".00",".00",".00",".00",".00",".00",".00",".00",".00",".00","","{60BD494B-003D-9A0E-B5C7-EBE17A29FDDD}"
"434702","506623","2","2025.00","0",".00","1","98.05","0",".00","3","2123.05",".00",".00",".00","133.33","133.33",".00",".00",".00",".00",".00","","{698CB67F-659C-C2B5-E251-AF5775555BFD}"
"434704","506625","1","200.00","0",".00","0",".00","0",".00","1","200.00",".00",".00",".00",".00",".00",".00",".00",".00",".00",".00","","{E090C474-A3F9-F123-18A3-4A579E69FB9D}"
"434706","506628","4","1025.00","0",".00","7","495.00","0",".00","11","1520.00",".00",".00",".00","1148.56","1148.56",".00",".00",".00",".00",".00","","{323AB801-CADD-30FA-3865-31A8DA76AF6E}"
"434707","506629","0",".00","0",".00","0",".00","0",".00","0",".00",".00",".00",".00",".00",".00",".00",".00",".00",".00",".00","","{6BEFEDF5-AF96-18C3-98B6-3A43F47A5CC7}"
"434709","506633","0",".00","0",".00","0",".00","0",".00","0",".00",".00",".00",".00",".00",".00",".00",".00",".00",".00",".00","","{6BEFEDF5-AF96-18C3-98B6-3A43F47A5CC7}"
"434710","506631","8","2214.50","0",".00","23","749.54","0",".00","31","2964.04",".00",".00",".00","2400.22","2400.22","3261.70","897.08","4158.78","910.00","3248.78","","{D0AAC560-F52B-13CA-90BC-271CA92F1694}"
"434712","506635","0",".00","0",".00","0",".00","0",".00","0",".00",".00",".00",".00",".00",".00",".00",".00",".00",".00",".00","","{23119816-EF58-9811-AA60-A4FA8216EA4F}"
"434714","506636","3","1750.00","0",".00","7","496.00","0",".00","10","2246.00",".00",".00",".00","1988.47","1988.47","1000.00","9000.00","10000.00",".00","10000.00","","{1ED94037-51DE-ED5E-0BC5-D5D8CF7DA809}"
"434716","506638","1","250.00","1","148.40","8","360.00","0",".00","10","758.40",".00","148.40",".00","1071.44","1219.84",".00",".00",".00",".00",".00","","{0C9F4DFA-6192-B709-0317-052EB211B7CF}"
"434717","506640","0",".00","0",".00","0",".00","0",".00","0",".00",".00",".00",".00",".00",".00",".00",".00",".00",".00",".00","","{23119816-EF58-9811-AA60-A4FA8216EA4F}"
"434718","506639","0",".00","0",".00","0",".00","0",".00","0",".00",".00",".00",".00","87.39","87.39",".00",".00",".00",".00",".00","","{CEE9BE8C-FF2E-4FE3-6E67-1CC2AC8F4285}"
"434719","506641","14","7754.69","0",".00","13","1065.15","0",".00","27","8819.84",".00",".00",".00","1004.12","1004.12",".00",".00",".00",".00",".00","","{0F51AE9F-AA0B-BC59-56B9-23A460485EB6}"
"434720","506642","2","400.00","0",".00","1","100.00","0",".00","3","500.00",".00",".00",".00","997.93","997.93",".00",".00",".00",".00",".00","","{9F000AAF-14B5-3C47-31B9-29A7BA73212C}"
"434721","506643","3","600.00","0",".00","3","250.00","0",".00","6","850.00",".00",".00",".00","1982.29","1982.29","20.00","724.56","744.56",".00","744.56","","{590440D5-9B04-BEE2-746D-A6C8898A1E7E}"
"434722","506644","0",".00","0",".00","0",".00","0",".00","0",".00",".00",".00",".00",".00",".00",".00",".00",".00",".00",".00","","{CF1185C4-F701-8CC0-7101-EB2A5326E7A9}"
"434724","506646","15","78975.00","0",".00","15","880.00","0",".00","30","79855.00",".00",".00",".00","21739.55","21739.55",".00",".00",".00",".00",".00","","{783B8B36-12E7-7EF3-EEEC-C06AF09CC813}"
"434726","506648","1","1000.00","0",".00","2","120.00","0",".00","3","1120.00",".00",".00",".00","1485.21","1485.21",".00",".00",".00",".00",".00","","{D779729D-5ADB-631D-464A-DD9F7D71E6AC}"
"434731","506654","9","2800.00","0",".00","22","608.00","0",".00","31","3408.00",".00",".00",".00","1012.34","1012.34",".00",".00",".00",".00",".00","","{73E1D018-05EA-7AEF-BC8D-19C0B435BACB}"
"434735","506658","1","171.56","2","4500.00","4","112.00","0",".00","7","4783.56",".00","4500.00",".00","378.07","4878.07",".00","252.50","252.50",".00","252.50","","{181B5AC2-487D-958B-C5CC-630D0F247F58}"
"434736","506659","6","9500.00","0",".00","0",".00","0",".00","6","9500.00",".10",".00",".00","1620.84","1620.84","7150.00",".00","7150.00",".00","7150.00","","{6C29485D-CA65-A7C4-EAFD-210C6145EB2F}"
"434739","506662","0",".00","0",".00","0",".00","0",".00","0",".00",".00",".00",".00","900.00","900.00",".00",".00",".00",".00",".00","","{57710676-5796-6DEF-F657-935F81CAEF60}"
"434740","506663","0",".00","0",".00","0",".00","0",".00","0",".00",".00",".00",".00",".00",".00",".00",".00",".00",".00",".00","","{7F698D3A-7BC3-A369-DAA7-7A74B569871E}"
"434741","506664","0",".00","0",".00","0",".00","0",".00","0",".00",".00",".00",".00",".00",".00",".00",".00",".00",".00",".00","","{DAD0386C-8F7F-7C36-6757-12E0C0CD9B7A}"
"434743","506666","8","5500.00","0",".00","6","475.00","0",".00","14","5975.00",".00",".00",".00","3907.67","3907.67",".00",".00",".00",".00",".00","","{160D4C92-9D09-3AB8-4995-F35379F7E5E4}"
"434744","506667","1","250.00","0",".00","5","195.00","0",".00","6","445.00",".00",".00",".00","1033.00","1033.00","3244.98",".00","3244.98",".00","3244.98","","{3C170582-2174-A840-905F-01E18980BA02}"
"434745","506668","3","1250.00","2","315.25","4","400.00","0",".00","9","1965.25",".00","315.25",".00","605.00","920.25",".00",".00",".00",".00",".00","","{ECD05FEC-415B-51D4-B054-E90D46E9A440}"
"434747","506670","1","105.75","0",".00","2","52.22","0",".00","3","157.97",".00",".00",".00","655.75","655.75",".00",".00",".00",".00",".00","","{DFD0420C-8754-28CF-03CD-B5E76AE45E2F}"
"434748","506671","3","2250.00","0",".00","5","400.00","0",".00","8","2650.00",".00",".00",".00","4760.97","4760.97",".00",".00",".00",".00",".00","","{AE41B1CD-6445-E942-73B6-C04E0F39435F}"
"434750","506673","3","1250.00","2","315.25","4","400.00","0",".00","9","1965.25",".00","315.25",".00","605.00","920.25",".00",".00",".00",".00",".00","","{ECD05FEC-415B-51D4-B054-E90D46E9A440}"
"434751","506674","7","1282.88","0",".00","10","277.42","0",".00","17","1560.30",".00",".00",".00","1013.15","1013.15","700.00",".00","700.00",".00","700.00","","{8224B9EA-581A-C31A-4BD2-4BE438A99691}"
"434752","506675","9","1800.00","0",".00","10","415.00","0",".00","19","2215.00",".00",".00",".00","3371.32","3371.32",".00",".00",".00",".00",".00","","{6EAD4F81-6D04-C29F-9F44-2C86C27B2D38}"
"434753","506676","4","1000.00","0",".00","0",".00","0",".00","4","1000.00",".00",".00",".00",".00",".00","40.00",".00","40.00",".00","40.00","","{7F29FD7B-C461-D319-BCC4-B4A25FF0B3A3}"
"434755","506679","0",".00","0",".00","0",".00","0",".00","0",".00",".00",".00",".00",".00",".00","2895.00",".00","2895.00",".00","2895.00","","{52230343-29C2-8F7F-3CDA-2496EF8172B6}"
"434756","506680","2","450.00","2","950.00","6","420.00","0",".00","10","1820.00",".00","950.00",".00","2310.46","3260.46",".00",".00",".00",".00",".00","","{EEC6DF7A-F2A8-F525-E512-4FE73DAA1845}"
"434757","506681","0",".00","0",".00","0",".00","0",".00","0",".00",".00",".00",".00",".00",".00",".00",".00",".00",".00",".00","","{4C0CE7BA-CE68-F5BB-1207-A8202F4B8A77}"
"434758","506682","6","2899.98","0",".00","1","50.00","0",".00","7","2949.98",".00",".00",".00","2131.93","2131.93",".00",".00",".00",".00",".00","","{A012B9EF-3203-5F35-F9E9-A033A6C21712}"
"434759","506683","1","200.00","0",".00","0",".00","0",".00","1","200.00",".00",".00",".00",".00",".00","100.00",".00","100.00",".00","100.00","","{123FC394-63C5-2460-6979-62C8FC471631}"
"434760","506684","1","500.00","0",".00","4","225.00","0",".00","5","725.00",".00",".00",".00","1174.91","1174.91",".00",".00",".00",".00",".00","","{75DE8480-2E53-1BD1-78D2-D7CF8867CCF7}"
"434763","506688","0",".00","0",".00","0",".00","0",".00","0",".00",".00",".00",".00",".00",".00",".00",".00",".00",".00",".00","","{01A5EB80-98ED-AFFE-6577-F7AF4FCAF34B}"
"434764","506687","1","250.00","0",".00","6","210.36","0",".00","7","460.36",".00",".00",".00","26278.51","26278.51",".00",".00",".00",".00",".00","","{3ABB3736-5B17-CB28-3CAF-002237ED383D}"
"434765","506689","2","400.00","0",".00","1","100.00","0",".00","3","500.00",".00",".00",".00","997.93","997.93",".00",".00",".00",".00",".00","","{9F000AAF-14B5-3C47-31B9-29A7BA73212C}"
"434767","506691","1","540.14","1","2555.00","1","15.00","0",".00","3","3110.14","21.20","2555.00",".00","1390.05","3945.05",".00",".00",".00",".00",".00","","{B75800A0-8547-8E13-C422-D22DE137D2B7}"
"434771","506695","0",".00","0",".00","0",".00","0",".00","0",".00",".00",".00",".00",".00",".00",".00",".00",".00",".00",".00","","{4FAC847D-2EF6-1364-2391-9B207B6E86E5}"
"434772","506696","0",".00","0",".00","0",".00","0",".00","0",".00",".00",".00",".00",".00",".00",".00",".00",".00",".00",".00","","{D7996D64-D601-E9C6-D549-0A8F4173233E}"
"434774","506698","0",".00","0",".00","0",".00","0",".00","0",".00",".00",".00",".00","346.50","346.50",".00",".00",".00",".00",".00","","{F8D9397D-0F85-F484-A365-E44C402EB9C0}"
"434779","506703","77","47295.00","0",".00","196","11453.84","0",".00","273","58748.84",".00",".00",".00","11513.38","11513.38",".00",".00",".00",".00",".00","","{904D05A9-9DF1-3BCA-2520-D32A2C4737E6}"
"434780","506704","0",".00","0",".00","0",".00","0",".00","0",".00",".00",".00",".00",".00",".00",".00",".00",".00",".00",".00","","{9F1CDF1F-AF6E-D837-4EBD-8F71F8BEC4E2}"
"434781","506706","0",".00","0",".00","0",".00","0",".00","0",".00",".00",".00",".00",".00",".00",".00",".00",".00",".00",".00","","{50FC9733-1116-E4F9-453F-47215D0AAAAF}"
"434783","506708","0",".00","0",".00","0",".00","0",".00","0",".00",".00",".00",".00",".00",".00",".00",".00",".00",".00",".00","","{C2F57384-4513-F366-B420-8C93B30EA144}"
"434784","506709","0",".00","0",".00","0",".00","0",".00","0",".00",".00",".00",".00",".00",".00",".00",".00",".00",".00",".00","","{87CBC6B9-E028-931A-4E79-F63B43AFA9BB}"
"434785","506710","0",".00","0",".00","0",".00","0",".00","0",".00",".00",".00",".00",".00",".00",".00",".00",".00",".00",".00","","{87CBC6B9-E028-931A-4E79-F63B43AFA9BB}"
"434787","506712","0",".00","0",".00","0",".00","0",".00","0",".00",".00",".00",".00",".00",".00",".00",".00",".00",".00",".00","","{B74FD902-E60F-5867-8687-4CF42C190720}"
"434788","506713","0",".00","0",".00","0",".00","0",".00","0",".00",".00",".00",".00",".00",".00",".00",".00",".00",".00",".00","","{101F8ADC-561B-382F-B94F-8B748E3D3911}"
"434790","506715","0",".00","0",".00","0",".00","0",".00","0",".00",".00",".00",".00",".00",".00",".00",".00",".00",".00",".00","","{9BC5E1AD-23D4-8BB1-B3F8-1B2FA0B3B17E}"
"434791","506716","0",".00","0",".00","0",".00","0",".00","0",".00",".00",".00",".00",".00",".00",".00",".00",".00",".00",".00","","{81482298-5D49-AFEC-E96A-E4AD35748989}"
"434793","506718","5","7000.00","1","3000.00","2","110.00","0",".00","8","10110.00",".00","3000.00",".00","3000.00","6000.00",".00",".00",".00",".00",".00","","{21A7C852-D8BE-78C7-9B1C-E4E11743B8ED}"
"434794","506719","6","1375.00","0",".00","3","106.01","0",".00","9","1481.01",".00",".00",".00","2415.32","2415.32",".00",".00",".00",".00",".00","","{77FE406A-E6F9-6474-B843-E732147B4171}"
"434797","506722","3","17250.00","0",".00","3","300.00","0",".00","6","17550.00","2570.00",".00",".00","3519.79","3519.79",".00",".00",".00",".00",".00","","{612B3EEE-F52D-EA29-A8A0-E0097004F48E}"
"434802","506727","2","35000.00","0",".00","0",".00","0",".00","2","35000.00",".00",".00",".00","24.99","24.99","2500.00","35000.00","37500.00",".00","37500.00","","{DA790209-D400-9E37-F5CE-9F53E99792AD}"
"434806","506731","0",".00","0",".00","0",".00","0",".00","0",".00",".00",".00",".00",".00",".00",".00",".00",".00",".00",".00","","{0258C1FD-FAEC-FB78-4C4C-524B3D757F92}"
"434807","506732","0",".00","0",".00","0",".00","0",".00","0",".00",".00",".00",".00",".00",".00",".00",".00",".00",".00",".00","","{4D6AD7C9-886C-5829-052B-C2D11611CC3C}"
"434808","506733","0",".00","0",".00","0",".00","0",".00","0",".00",".00",".00",".00","250.00","250.00",".00",".00",".00",".00",".00","","{DD047AB0-E2D2-6576-F395-E2C525CD681C}"
"434811","506737","0",".00","0",".00","0",".00","0",".00","0",".00",".00",".00",".00",".00",".00",".00",".00",".00",".00",".00","","{7FE236B6-6E65-B851-C8FE-34D0D581DFB8}"
"434812","506739","0",".00","0",".00","0",".00","0",".00","0",".00",".00",".00",".00","802.20","802.20",".00",".00",".00",".00",".00","","{33BC3A6A-E384-05B8-B5C2-DE07009EA478}"
"434817","506744","0",".00","0",".00","0",".00","0",".00","0",".00",".00",".00",".00",".00",".00",".00",".00",".00",".00",".00","","{F38958F8-665C-0B44-FB1D-E40DE0B93333}"
"434820","506748","0",".00","0",".00","0",".00","0",".00","0",".00",".00",".00",".00",".00",".00",".00",".00",".00",".00",".00","","{BDAD1330-8CA2-53C8-E2DA-9E3482AD978E}"
"434822","506750","3","340.00","0",".00","0",".00","0",".00","3","340.00",".00",".00",".00","121.90","121.90","2172.03",".00","2172.03",".00","2172.03","","{E6B98722-7A60-11B4-A53B-205CA045D2EE}"
"434824","506752","6","4326.73","0",".00","0",".00","0",".00","6","4326.73",".00",".00",".00","862.09","862.09","1500.00",".00","1500.00",".00","1500.00","","{1C017FBC-1443-8AAD-22A7-7E0A09AB3D98}"
"434826","506754","0",".00","0",".00","0",".00","0",".00","0",".00",".00",".00",".00",".00",".00",".00",".00",".00",".00",".00","","{C5DA2000-21B5-46A6-5199-534806122A24}"
"434827","506755","0",".00","0",".00","0",".00","0",".00","0",".00",".00",".00",".00","895.65","895.65",".00",".00",".00",".00",".00","","{498EEA6A-1614-55ED-F111-E3E60D11FF34}"
"434828","506756","3","545.45","0",".00","0",".00","0",".00","3","545.45",".00",".00",".00",".00",".00",".00",".00",".00",".00",".00","","{586EBD52-3F42-B53A-6077-2C11AEE568B9}"
"434830","506759","10","337.20","0",".00","33","338.00","0",".00","43","675.20",".00",".00",".00",".00",".00",".00",".00",".00",".00",".00","","{4D026CC7-E839-7883-8456-C6775C9F9BF8}"
"434832","506761","0",".00","0",".00","0",".00","0",".00","0",".00",".00",".00",".00",".00",".00",".00",".00",".00",".00",".00","","{E31301B2-0368-BDBC-E108-AAA111D3324F}"
"434841","506780","0",".00","0",".00","0",".00","0",".00","0",".00",".00",".00",".00","640.66","640.66",".00",".00",".00",".00",".00","","{F36D04F3-9F28-EC80-3D7E-8979C485C497}"
"434847","506788","0",".00","0",".00","0",".00","0",".00","0",".00",".00",".00",".00",".00",".00",".00",".00",".00",".00",".00","","{20368F50-7A36-C1D6-B77B-04F2DC4C8131}"
"434855","506805","0",".00","0",".00","0",".00","0",".00","0",".00",".00",".00",".00",".00",".00",".00",".00",".00",".00",".00","","{D991ABAD-0FA9-18E1-99A4-79757453D453}"
"434856","506807","0",".00","0",".00","0",".00","0",".00","0",".00",".00",".00",".00","1000.00","1000.00",".00",".00",".00",".00",".00","","{C2C55983-FDD7-115C-E769-24DBE55B1FB4}"
"434858","506812","0",".00","0",".00","0",".00","0",".00","0",".00",".00",".00",".00",".00",".00",".00",".00",".00",".00",".00","","{04E8F7EB-12A4-6EAC-14C6-4986BFF2ECAC}"
"434862","506817","16","18570.00","0",".00","0",".00","0",".00","16","18570.00",".00",".00",".00","20388.19","20388.19","10000.00",".00","10000.00",".00","10000.00","","{05E1DDA8-CFE5-D66E-24B1-22715D830DE1}"
"434881","506842","0",".00","0",".00","0",".00","0",".00","0",".00",".00",".00",".00",".00",".00",".00",".00",".00",".00",".00","","{3A7F1564-3784-2F32-BC12-68248477AEA9}"
"434882","506843","0",".00","0",".00","0",".00","0",".00","0",".00",".00",".00",".00",".00",".00",".00",".00",".00",".00",".00","","{3A7F1564-3784-2F32-BC12-68248477AEA9}"
"434883","506844","0",".00","0",".00","0",".00","0",".00","0",".00",".00",".00",".00",".00",".00",".00",".00",".00",".00",".00","","{1899CDF1-856C-F475-4153-1A4C4D0B1FD3}"
"434885","506847","0",".00","0",".00","0",".00","0",".00","0",".00",".00",".00",".00",".00",".00",".00",".00",".00",".00",".00","","{2715AC42-4E37-8A54-5B55-359D22DB2115}"
"434887","506872","0",".00","0",".00","0",".00","0",".00","0",".00",".00",".00",".00",".00",".00",".00",".00",".00",".00",".00","","{DABC6716-C24B-BAF6-BFF2-8744AC80BACD}"
"434888","506873","0",".00","0",".00","0",".00","0",".00","0",".00",".00",".00",".00",".00",".00",".00",".00",".00",".00",".00","","{7FE76FE3-C5FA-0710-D920-6E162EC4774E}"
"434889","506874","0",".00","0",".00","0",".00","0",".00","0",".00",".00",".00",".00",".00",".00",".00",".00",".00",".00",".00","","{7FE76FE3-C5FA-0710-D920-6E162EC4774E}"
"434890","506875","1","500.00","0",".00","4","129.89","0",".00","5","629.89",".00",".00",".00","917.81","917.81",".00",".00",".00",".00",".00","","{3B737DCF-5F9F-986D-8041-A686C614407E}"
"434891","506876","9","4400.00","0",".00","0",".00","0",".00","9","4400.00","10.83",".00",".00","25.00","25.00",".00",".00",".00",".00",".00","","{E02E417B-449F-2428-660A-6F112B853602}"
"434895","506886","0",".00","0",".00","0",".00","0",".00","0",".00",".00",".00",".00",".00",".00",".00",".00",".00",".00",".00","","{1181956A-4B6E-F1A5-D845-1EE99F846D79}"
"434901","506892","0",".00","0",".00","0",".00","0",".00","0",".00",".00",".00",".00",".00",".00",".00",".00",".00",".00",".00","","{31934703-5FE4-251B-8FA4-7B337856FB85}"
"434903","506894","0",".00","0",".00","0",".00","0",".00","0",".00",".00",".00",".00",".00",".00",".00",".00",".00",".00",".00","","{EA48C184-B93D-D2A4-B334-113BEDC09689}"
"434904","506895","0",".00","0",".00","0",".00","0",".00","0",".00",".00",".00",".00",".00",".00",".00",".00",".00",".00",".00","","{EA48C184-B93D-D2A4-B334-113BEDC09689}"
"434906","506899","0",".00","0",".00","0",".00","0",".00","0",".00",".00",".00",".00",".00",".00",".00",".00",".00",".00",".00","","{2585FFB2-8A7C-7DC2-4243-5E9641DC140A}"
"434910","506904","1","2000.00","0",".00","0",".00","0",".00","1","2000.00",".00",".00",".00","1750.00","1750.00","10000.00",".00","10000.00","10000.00",".00","","{537D03F5-066B-2DD1-7481-61D60BA89041}"
"434913","506911","5","9827.38","0",".00","2","35.00","0",".00","7","9862.38",".00",".00",".00","4215.15","4215.15","50482.38",".00","50482.38",".00","50482.38","","{7883877B-83CB-82BA-11BF-75F7B86E6170}"
"434914","506912","0",".00","0",".00","2","10.00","0",".00","2","10.00",".00",".00",".00","1700.00","1700.00","50482.38",".00","50482.38",".00","50482.38","","{246362B4-EAF5-0CA0-714C-33392A5526C7}"
"434917","506915","0",".00","0",".00","0",".00","0",".00","0",".00",".00",".00",".00",".00",".00","50482.38",".00","50482.38",".00","50482.38","","{2F3F78E6-F7B7-DF78-B8D8-F2D0B3BCB7E3}"
"434918","506916","0",".00","0",".00","0",".00","0",".00","0",".00",".00",".00",".00","443.37","443.37","50482.38",".00","50482.38",".00","50482.38","","{435CE117-576E-9A7A-B2A7-895718C618E7}"
"434919","506917","0",".00","0",".00","0",".00","0",".00","0",".00",".00",".00",".00","443.37","443.37","50482.38",".00","50482.38",".00","50482.38","","{435CE117-576E-9A7A-B2A7-895718C618E7}"
"434920","506918","0",".00","0",".00","0",".00","0",".00","0",".00",".00",".00",".00",".00",".00","50482.38",".00","50482.38",".00","50482.38","","{E5123F1B-8549-38EB-EA7F-C89BEDA94375}"
"434921","506919","0",".00","0",".00","0",".00","0",".00","0",".00",".00",".00",".00",".00",".00","50482.38",".00","50482.38",".00","50482.38","","{247C077D-B1FC-1CDC-149E-65D1D729369E}"
"434922","506920","0",".00","0",".00","0",".00","0",".00","0",".00",".00",".00",".00",".00",".00","50482.38",".00","50482.38",".00","50482.38","","{247C077D-B1FC-1CDC-149E-65D1D729369E}"
"434924","506922","0",".00","0",".00","0",".00","0",".00","0",".00",".00",".00",".00",".00",".00","50482.38",".00","50482.38",".00","50482.38","","{247C077D-B1FC-1CDC-149E-65D1D729369E}"
"434925","506923","0",".00","0",".00","0",".00","0",".00","0",".00",".00",".00",".00",".00",".00","50482.38",".00","50482.38",".00","50482.38","","{B1CBA7E7-3297-F65A-DE50-4B2693C7A2F4}"
"434927","506925","0",".00","0",".00","0",".00","0",".00","0",".00",".00",".00",".00",".00",".00","50482.38",".00","50482.38",".00","50482.38","","{B1CBA7E7-3297-F65A-DE50-4B2693C7A2F4}"
"434929","506927","0",".00","0",".00","0",".00","0",".00","0",".00",".00",".00",".00",".00",".00","50482.38",".00","50482.38",".00","50482.38","","{B1CBA7E7-3297-F65A-DE50-4B2693C7A2F4}"
"434930","506928","0",".00","0",".00","0",".00","0",".00","0",".00",".00",".00",".00","443.85","443.85","50482.38",".00","50482.38",".00","50482.38","","{A8D1884B-743B-AB48-FBC5-1F4FC67D7CA1}"
"434931","506929","0",".00","0",".00","0",".00","0",".00","0",".00",".00",".00",".00","443.85","443.85","50482.38",".00","50482.38",".00","50482.38","","{A8D1884B-743B-AB48-FBC5-1F4FC67D7CA1}"
"434932","506931","0",".00","0",".00","0",".00","0",".00","0",".00",".00",".00",".00","443.85","443.85","50482.38",".00","50482.38",".00","50482.38","","{A8D1884B-743B-AB48-FBC5-1F4FC67D7CA1}"
"434933","506932","0",".00","0",".00","0",".00","0",".00","0",".00",".00",".00",".00",".00",".00","50482.38",".00","50482.38",".00","50482.38","","{2E82C581-9709-2D9B-F848-B2F781077072}"
"434934","506933","0",".00","0",".00","0",".00","0",".00","0",".00",".00",".00",".00",".00",".00","50482.38",".00","50482.38",".00","50482.38","","{2E82C581-9709-2D9B-F848-B2F781077072}"
"434935","506935","0",".00","0",".00","0",".00","0",".00","0",".00",".00",".00",".00",".00",".00","50482.38",".00","50482.38",".00","50482.38","","{2E82C581-9709-2D9B-F848-B2F781077072}"
"434937","506937","0",".00","0",".00","0",".00","0",".00","0",".00",".00",".00",".00","299.85","299.85","50482.38",".00","50482.38",".00","50482.38","","{F4CD7809-2583-7ADC-2E04-356884692D90}"
"434938","506938","0",".00","0",".00","0",".00","0",".00","0",".00",".00",".00",".00","299.85","299.85","50482.38",".00","50482.38",".00","50482.38","","{F4CD7809-2583-7ADC-2E04-356884692D90}"
"434939","506939","0",".00","0",".00","0",".00","0",".00","0",".00",".00",".00",".00",".00",".00","50482.38",".00","50482.38",".00","50482.38","","{07BC3A34-AD51-F1FB-2C45-B1BD9225D016}"
"434940","506940","0",".00","0",".00","0",".00","0",".00","0",".00",".00",".00",".00",".00",".00","50482.38",".00","50482.38",".00","50482.38","","{07BC3A34-AD51-F1FB-2C45-B1BD9225D016}"
"434941","506941","0",".00","0",".00","0",".00","0",".00","0",".00",".00",".00",".00",".00",".00","50482.38",".00","50482.38",".00","50482.38","","{07BC3A34-AD51-F1FB-2C45-B1BD9225D016}"
"434954","506958","3","3000.52","0",".00","1","69.00","0",".00","4","3069.52",".00",".00",".00","2012.53","2012.53",".00",".00",".00",".00",".00","","{BD977533-C919-9B22-5454-AD94C26541A7}"
"434964","506971","1","1000.00","0",".00","0",".00","0",".00","1","1000.00",".00",".00",".00",".00",".00",".00",".00",".00",".00",".00","","{48F57EDE-3E33-E27C-944E-F3E5BE42EB07}"
"434968","506977","0",".00","0",".00","0",".00","0",".00","0",".00",".00",".00",".00",".00",".00","16000.00",".00","16000.00",".00","16000.00","","{F3662DE3-70CF-ED50-9122-E6ADCA5C8E9D}"
"434970","506979","0",".00","0",".00","0",".00","0",".00","0",".00",".00",".00",".00",".00",".00","16000.00",".00","16000.00",".00","16000.00","","{77649ABD-20E3-0EC7-C756-534F4B05A125}"
"434974","506983","0",".00","0",".00","0",".00","0",".00","0",".00",".00",".00",".00",".00",".00","16000.00",".00","16000.00",".00","16000.00","","{5DA14E65-174D-0FF1-602D-75C36EE26540}"
"434975","506984","0",".00","0",".00","0",".00","0",".00","0",".00",".00",".00",".00",".00",".00","16000.00",".00","16000.00",".00","16000.00","","{4C5AE8DF-CE23-77FC-9855-890CF7D67A0A}"
"434977","506986","0",".00","0",".00","0",".00","0",".00","0",".00",".00",".00",".00",".00",".00","16000.00",".00","16000.00",".00","16000.00","","{801F0547-E336-2C4C-71C7-EE1FBAADAD07}"
"434979","506988","0",".00","0",".00","0",".00","0",".00","0",".00",".00",".00",".00",".00",".00","16000.00",".00","16000.00",".00","16000.00","","{801F0547-E336-2C4C-71C7-EE1FBAADAD07}"
"434980","506989","0",".00","0",".00","0",".00","0",".00","0",".00",".00",".00",".00",".00",".00",".00",".00",".00",".00",".00","","{3E7FE77D-F08F-3A5C-D8A2-9599D22772B3}"
"434981","506990","0",".00","0",".00","0",".00","0",".00","0",".00",".00",".00",".00",".00",".00","16000.00",".00","16000.00",".00","16000.00","","{EDF7B71B-E98A-04D4-B30D-C59EE19B3912}"
"434983","506992","0",".00","0",".00","0",".00","0",".00","0",".00",".00",".00",".00",".00",".00","16000.00",".00","16000.00",".00","16000.00","","{1F8C6437-B0A5-15B3-CE3D-03FE84DD78FB}"
"434984","506993","0",".00","0",".00","0",".00","0",".00","0",".00",".00",".00",".00",".00",".00","16000.00",".00","16000.00",".00","16000.00","","{1F8C6437-B0A5-15B3-CE3D-03FE84DD78FB}"
"434985","506994","0",".00","0",".00","0",".00","0",".00","0",".00",".00",".00",".00",".00",".00","16000.00",".00","16000.00",".00","16000.00","","{02F58995-8D1E-C9D3-8B3F-48A003280F21}"
"434986","506995","0",".00","0",".00","0",".00","0",".00","0",".00",".00",".00",".00",".00",".00","16000.00",".00","16000.00",".00","16000.00","","{02F58995-8D1E-C9D3-8B3F-48A003280F21}"
"434987","506996","0",".00","0",".00","0",".00","0",".00","0",".00",".00",".00",".00",".00",".00","16000.00",".00","16000.00",".00","16000.00","","{C029233A-DA77-C64A-9F26-4C482E27C3DE}"
"434988","506999","0",".00","0",".00","0",".00","0",".00","0",".00",".00",".00",".00",".00",".00","16000.00",".00","16000.00",".00","16000.00","","{E0819FBC-9DAC-1295-AE2E-44E79AA7B11F}"
"434989","507000","0",".00","0",".00","0",".00","0",".00","0",".00",".00",".00",".00",".00",".00","16000.00",".00","16000.00",".00","16000.00","","{E11AF4E0-1334-C574-B977-182F3F8B8702}"
"434991","507002","3","16000.00","0",".00","0",".00","0",".00","3","16000.00",".00",".00",".00","79.40","79.40","16000.00",".00","16000.00","16000.00",".00","","{1A7A1B4E-7115-BE33-ECD9-BE0A72C7EB48}"
"434992","507003","0",".00","0",".00","0",".00","0",".00","0",".00",".00",".00",".00",".00",".00",".00",".00",".00",".00",".00","","{AEFDFC07-91FC-3206-E623-98B06FAFCA9F}"
"434993","507006","0",".00","0",".00","0",".00","0",".00","0",".00",".00",".00",".00",".00",".00",".00",".00",".00",".00",".00","","{11CC18D2-51F3-C46B-DB2B-01B6195BFF04}"
"434994","507007","0",".00","0",".00","0",".00","0",".00","0",".00",".00",".00",".00",".00",".00",".00",".00",".00",".00",".00","","{53AF3C18-D8C3-7672-C055-713C8AA7E4E8}"
"434995","507008","3","17250.00","0",".00","33","1106.00","0",".00","36","18356.00","2570.00",".00",".00","3080.81","3080.81",".00",".00",".00",".00",".00","","{612B3EEE-F52D-EA29-A8A0-E0097004F48E}"
"434996","507009","13","3750.00","0",".00","60","3563.00","0",".00","73","7313.00",".00",".00",".00",".00",".00",".00",".00",".00",".00",".00","","{81ED2650-2B65-EA81-4CBD-015521E8D20E}"
"435001","507014","0",".00","0",".00","0",".00","0",".00","0",".00",".00",".00",".00",".00",".00",".00",".00",".00",".00",".00","","{C95CFA37-611C-D25B-6560-F18518757798}"
"435004","507017","16","654.00","0",".00","49","477.00","0",".00","65","1131.00",".00",".00",".00",".00",".00",".00",".00",".00",".00",".00","","{4D026CC7-E839-7883-8456-C6775C9F9BF8}"
"435018","507034","12","22324.36","0",".00","2","200.00","0",".00","14","22524.36",".00",".00",".00","36276.01","36276.01",".00",".00",".00",".00",".00","","{B5BAE541-048A-C69E-20AC-2B756F4C0048}"
"435020","507038","12","22324.36","0",".00","2","200.00","0",".00","14","22524.36",".00",".00",".00","36276.01","36276.01",".00",".00",".00",".00",".00","","{B5BAE541-048A-C69E-20AC-2B756F4C0048}"
"435025","507049","0",".00","0",".00","0",".00","0",".00","0",".00",".00",".00",".00",".00",".00",".00",".00",".00",".00",".00","","{08D8F9EE-022E-AD97-AF46-42F90B0D45D3}"
"435027","507052","0",".00","0",".00","0",".00","0",".00","0",".00",".00",".00",".00",".00",".00",".00",".00",".00",".00",".00","","{08D8F9EE-022E-AD97-AF46-42F90B0D45D3}"
"435036","507062","0",".00","0",".00","0",".00","0",".00","0",".00",".00",".00",".00",".00",".00",".00",".00",".00",".00",".00","","{AA1347B7-7CAC-6E59-3ABE-C9E452C021E0}"
"435037","507063","0",".00","0",".00","0",".00","0",".00","0",".00",".00",".00",".00",".00",".00",".00",".00",".00",".00",".00","","{8DE43200-146A-75BE-D135-D503EF58920F}"
"435045","507085","2","300.00","0",".00","3","145.00","0",".00","5","445.00",".00",".00",".00",".00",".00",".00",".00",".00",".00",".00","","{8646A751-87AA-5F62-E611-FEE3F3E394DC}"
"435072","507128","19","16300.00","0",".00","11","835.00","0",".00","30","17135.00",".00",".00",".00","5244.03","5244.03",".00","1332.12","1332.12",".00","1332.12","","{91F5B4A4-BE4B-859C-76FE-3112A82D663B}"
"435073","507129","30","17500.00","2","703.50","102","6528.00","0",".00","134","24731.50",".00","703.50",".00","10240.07","10943.57","1332.12","3629.68","4961.80","1368.24","3593.56","","{36794948-48A1-7112-77F7-8AB76D1B245A}"
"435074","507130","4","2350.00","0",".00","7","475.00","0",".00","11","2825.00",".00",".00",".00","14412.85","14412.85","3593.56","10568.80","14162.36","13657.23","505.13","","{EEAABFF0-2FB3-C7D0-FED1-80FE233C6008}"
"435075","507131","0",".00","0",".00","0",".00","0",".00","0",".00",".00",".00",".00","972.18","972.18","505.13","285.93","791.06","872.18","-81.12","","{60AE1396-309F-584B-C0E0-BE18FBC021F8}"
