"ScheduleHId","ReportId","BeginningBalance","ContributionsReceived","ScheduleCTotal","LoansReceivedTotal","ContributionsAndReceiptsReceived","TotalExpendableFunds","TotalInKindAndExpenditures","LoansPaidTotal","ScheduleITotal","TotalPaymentsMade","ExpendableFundsBalance","TotalUnPaidDebts","BalanceAtStartOfElectionCycle","PreviousReceipts","CurrentReceipts","TotalReceiptsThisElectionCycle","TotalFundsAvailable","PreviousDisbursements","CurrentDisbursements","TotalDisbursements","EndingBalance","ScheduleId","ReportUID"
"367978","416720","8070.16","100.00",".00",".00","100.00","8170.16","103.95",".00",".00","103.95","8066.21",".00","8070.16",".00","100.00","100.00","8170.16",".00","103.95","103.95","8066.21","","{F0918F8F-D2EA-609A-3401-36AEC1BB5E58}"
"372855","423065","4134.43","1825.30","175.00",".00","2000.30","6134.73","1544.44",".00",".00","1544.44","4590.29",".00",".00","12788.48","2000.30","14788.78","14788.78","8654.05","1544.44","10198.49","4590.29","","{7982BDA1-B8DD-4E3F-6DC7-93959A6E9BAB}"
"439301","504012",".00","100.00",".00",".00","100.00","100.00",".00",".00",".00",".00","100.00",".00",".00",".00","100.00","100.00","100.00",".00",".00",".00","100.00","","{A443816B-2A4B-3643-62F2-A77DEC68AFDC}"
"439382","504115",".00",".00",".00",".00",".00",".00",".00",".00",".00",".00",".00",".00",".00",".00",".00",".00",".00",".00",".00",".00",".00","","{07CA7EE7-EDB5-47EA-4F6F-87AF9BEB9F94}"
"439385","504118","97974.93","25000.00",".00",".00","25000.00","122974.93","85.20",".00",".00","85.20","122889.73","1000.00","99872.32",".00","25000.00","25000.00","124872.32","1897.39","85.20","1982.59","122889.73","","{25DDF48D-8CA8-47E7-4F9E-E68EF3A79D1E}"
"439387","504120","181000.91","15930.00",".00",".00","15930.00","196930.91",".00",".00",".00",".00","196930.91",".00","689.81","545040.22","15930.00","560970.22","561660.03","364729.12",".00","364729.12","196930.91","","{211CB0ED-7265-F9B0-EE8A-5BAC055AD172}"
"439389","504125","9514.68","15528.47",".00",".00","15528.47","25043.15","1665.67",".00",".00","1665.67","23377.48","5000.00",".00","17500.00","15528.47","33028.47","33028.47","7985.32","1665.67","9650.99","23377.48","","{10ACEF26-2B31-429C-0FA0-2533912F6A8C}"
"439391","504127","17352.31","1500.00",".00","15000.00","16500.00","33852.31","9010.42",".00",".00","9010.42","24841.89","15700.00",".00","21150.00","16500.00","37650.00","37650.00","3797.69","9010.42","12808.11","24841.89","","{92E453B0-7F22-3B4F-7D1E-65E0C2E6DE60}"
"439392","504128",".00","1964.24",".00",".00","1964.24","1964.24","632.17",".00",".00","632.17","1332.07",".00",".00",".00","1964.24","1964.24","1964.24",".00","632.17","632.17","1332.07","","{00237E4D-2B8B-4EAE-F093-F1972BC5A65B}"
"439393","504129","5567.60","120.00",".00",".00","120.00","5687.60","2949.47",".00",".00","2949.47","2738.13",".00","5842.80","2440.00","120.00","2560.00","8402.80","2715.20","2949.47","5664.67","2738.13","","{43FB4C46-B3DC-4BD9-DA01-50F15A82B79B}"
"439394","504130","1439.28","2350.00",".00",".00","2350.00","3789.28","1289.32",".00",".00","1289.32","2499.96",".00","1343.64","2587.39","2350.00","4937.39","6281.03","2491.75","1289.32","3781.07","2499.96","","{04C663CF-AA46-B436-E072-25C3F8E969AE}"
"439395","504131","3782.45","1500.00",".00",".00","1500.00","5282.45",".00",".00",".00",".00","5282.45","3000.00",".00","5300.00","1500.00","6800.00","6800.00","1517.55",".00","1517.55","5282.45","","{D3CFEF5C-0D2F-F6EB-E967-484BABCAF107}"
"439397","504133",".00","299.00",".00","500.00","799.00","799.00","147.00",".00",".00","147.00","652.00","550.00",".00",".00","799.00","799.00","799.00",".00","147.00","147.00","652.00","","{4BE82569-44F7-F7EA-5EC6-0D7F27BDF2D5}"
"439399","504135","2562.94","2003.65",".00",".00","2003.65","4566.59","3267.64",".00",".00","3267.64","1298.95",".00","5560.25","2444.82","2003.65","4448.47","10008.72","5442.13","3267.64","8709.77","1298.95","","{24901B2D-0F31-8BB2-FBFD-6C7CA07FBC96}"
"439401","504137",".00","1846.47",".00",".00","1846.47","1846.47","589.68",".00",".00","589.68","1256.79",".00",".00",".00","1846.47","1846.47","1846.47",".00","589.68","589.68","1256.79","","{F09FF0DE-81FA-8BF6-569B-65D58D518439}"
"439402","504138","13491.28","6807.36",".00",".00","6807.36","20298.64","8307.98",".00",".00","8307.98","11990.66",".00","25.00","21165.21","6807.36","27972.57","27997.57","7698.93","8307.98","16006.91","11990.66","","{1B3068EA-369D-1E67-4E5A-91A84D410DDB}"
"439403","504139","500.00",".00",".00",".00",".00","500.00",".00",".00",".00",".00","500.00",".00",".00","500.00",".00","500.00","500.00",".00",".00",".00","500.00","","{0F03D6ED-CD9A-2F63-3815-20F5956CEC1B}"
"439404","504140","100.00",".00",".00",".00",".00","100.00",".00",".00",".00",".00","100.00","100.00",".00","100.00",".00","100.00","100.00",".00",".00",".00","100.00","","{96FAC7C3-011E-A5A0-BF2F-73D062C269CD}"
"439405","504141","5.00",".00",".00",".00",".00","5.00",".00",".00",".00",".00","5.00",".00",".00","5.00",".00","5.00","5.00",".00",".00",".00","5.00","","{D1366091-215E-3EAD-D431-1AD8082B2CAD}"
"439406","504142","1205.37",".00",".00",".00",".00","1205.37","244.98",".00",".00","244.98","960.39",".00","941.05","1120.00",".00","1120.00","2061.05","855.68","244.98","1100.66","960.39","","{12B34678-7F9F-B807-3497-22A51EB2A91B}"
"439407","504143","281.40","428.47",".00",".00","428.47","709.87","129.80",".00",".00","129.80","580.07","174.00","204.60","274.00","428.47","702.47","907.07","197.20","129.80","327.00","580.07","","{410335EF-5C52-83DA-069A-11964A4A680A}"
"439411","504147","199.43","1435.00",".00",".00","1435.00","1634.43","1046.53",".00",".00","1046.53","587.90",".00",".00","1034.20","1435.00","2469.20","2469.20","834.77","1046.53","1881.30","587.90","","{89711C22-640D-068B-9BF6-B52B5C45B610}"
"439412","504148","1400.00","2087.00","345.00","500.00","2932.00","4332.00","2628.22","231.00",".00","2859.22","1472.78","1869.00",".00","1900.00","2932.00","4832.00","4832.00","500.00","2859.22","3359.22","1472.78","","{D8B74629-326C-5473-8FE6-8905F3AD7E89}"
"439413","504150","1472.78","205.00","142.32",".00","347.32","1820.10","641.82","300.00",".00","941.82","878.28","1569.00",".00","4832.00","347.32","5179.32","5179.32","3359.22","941.82","4301.04","878.28","","{14648960-6BE8-A127-FFA2-70C767500BCF}"
"439414","504151","878.28","603.78",".00","580.00","1183.78","2062.06","1799.58",".00",".00","1799.58","262.48","2149.00",".00","5179.32","1183.78","6363.10","6363.10","4301.04","1799.58","6100.62","262.48","","{E41012D1-E228-7ECD-67C9-B376296C5239}"
"439415","504152","262.48","840.00",".00","310.00","1150.00","1412.48","1218.68",".00",".00","1218.68","193.80","2459.00",".00","6363.10","1150.00","7513.10","7513.10","6100.62","1218.68","7319.30","193.80","","{6D477DC7-857E-9B24-71E4-92372F521CBC}"
"439416","504153","193.80","2505.00",".00","207.31","2712.31","2906.11","2355.92",".00",".00","2355.92","550.19","2666.31",".00","7513.10","2712.31","10225.41","10225.41","7319.30","2355.92","9675.22","550.19","","{474A954A-BAA6-8CAE-7360-C8B7A7BA0EF2}"
"439417","504154","550.19",".00","48.25","563.34","611.59","1161.78","1101.78",".00",".00","1101.78","60.00","3229.65",".00","10225.41","611.59","10837.00","10837.00","9675.22","1101.78","10777.00","60.00","","{FF4CF902-B8C8-BDF1-323D-39CDE9F99E07}"
"439418","504155","60.00","3249.65",".00",".00","3249.65","3309.65",".00","3229.65",".00","3229.65","80.00",".00",".00","10837.00","3249.65","14086.65","14086.65","10777.00","3229.65","14006.65","80.00","","{472158C5-EEE3-2C77-1EDB-E7760D087C0A}"
"439419","504156","80.00",".00",".00",".00",".00","80.00",".00",".00",".00",".00","80.00",".00",".00","14086.65",".00","14086.65","14086.65","14006.65",".00","14006.65","80.00","","{81833F48-9D3F-BA9C-4C41-0CE2C573EA1D}"
"439420","504157","80.00",".00",".00",".00",".00","80.00",".00",".00",".00",".00","80.00",".00",".00","14086.65",".00","14086.65","14086.65","14006.65",".00","14006.65","80.00","","{B1A03A4E-C918-E62F-BCF7-554CB06569A6}"
"439421","504158","1300.33",".00",".00",".00",".00","1300.33",".00",".00",".00",".00","1300.33",".00",".00","48021.00",".00","48021.00","48021.00","46720.67",".00","46720.67","1300.33","","{CECBB3B1-8B22-0EC5-2027-267FC2801C80}"
"439422","504159","80.00",".00",".00",".00",".00","80.00",".00",".00",".00",".00","80.00",".00",".00","14086.65",".00","14086.65","14086.65","14006.65",".00","14006.65","80.00","","{47DE41B5-357B-19DB-5201-5567DD5C3D89}"
"439423","504160","80.00","115.00",".00",".00","115.00","195.00","4.55",".00",".00","4.55","190.45",".00",".00","14086.65","115.00","14201.65","14201.65","14006.65","4.55","14011.20","190.45","","{96E4C43F-A487-A012-C036-4E9D49A3F3C4}"
"439424","504161","190.45",".00",".00",".00",".00","190.45",".00",".00",".00",".00","190.45",".00",".00","14201.65",".00","14201.65","14201.65","14011.20",".00","14011.20","190.45","","{21171EE6-AC01-D131-B2C4-937C0912BED1}"
"439427","504164","15277.47",".00",".00",".00",".00","15277.47",".00",".00",".00",".00","15277.47",".00","15277.47",".00",".00",".00","15277.47",".00",".00",".00","15277.47","","{263B2729-13FC-2B53-3E18-1CF752E28C34}"
"439428","504165",".00","385.11",".00","452.02","837.13","837.13","736.46",".00",".00","736.46","100.67","452.02",".00",".00","837.13","837.13","837.13",".00","736.46","736.46","100.67","","{05BA7CF5-7D55-F0F3-C537-0623B8EAD4FA}"
"439429","504169","17854.55",".00",".00",".00",".00","17854.55",".00",".00",".00",".00","17854.55","10000.00","17854.55",".00",".00",".00","17854.55",".00",".00",".00","17854.55","","{33CD2DB1-42A5-80A2-2C5F-3C5EDF22EB6A}"
"439431","504171","4028.12",".00",".00",".00",".00","4028.12",".00",".00",".00",".00","4028.12","417.95","4521.07","510.65",".00","510.65","5031.72","1003.60",".00","1003.60","4028.12","","{3673D555-5B65-AA15-8E21-FC4C4C70E163}"
"439437","504178","1689.40",".00",".00",".00",".00","1689.40",".00",".00",".00",".00","1689.40",".00","1689.40",".00",".00",".00","1689.40",".00",".00",".00","1689.40","","{EB402FBC-A4AB-F0E8-19D3-511E3D98B33E}"
"439438","504179","809.33",".00",".00",".00",".00","809.33",".00",".00",".00",".00","809.33",".00","2399.67",".00",".00",".00","2399.67","1590.34",".00","1590.34","809.33","","{153055E8-94D1-C9E7-3E19-664F73381C23}"
"439442","504183","7966.80","320.00",".00",".00","320.00","8286.80","110.62",".00",".00","110.62","8176.18",".00","7725.83","320.00","320.00","640.00","8365.83","79.03","110.62","189.65","8176.18","","{145049B3-02F5-2CBD-36F3-767D4924F9F5}"
"439443","504185","1867.81","1650.00",".00",".00","1650.00","3517.81","267.89",".00",".00","267.89","3249.92",".00",".00","4432.00","1650.00","6082.00","6082.00","2564.19","267.89","2832.08","3249.92","","{F048558C-CA3D-12E2-D91E-DB93B412FD88}"
"439444","504186","3249.92","32465.80",".00",".00","32465.80","35715.72","1908.71",".00",".00","1908.71","33807.01",".00",".00","6082.00","32465.80","38547.80","38547.80","2832.08","1908.71","4740.79","33807.01","","{0FDD5377-35CC-974B-86AC-AC40F69E2D7E}"
"439445","504187","10647.88","25000.00",".00",".00","25000.00","35647.88","5450.00",".00",".00","5450.00","30197.88",".00","11322.88",".00","25000.00","25000.00","36322.88","675.00","5450.00","6125.00","30197.88","","{F78473E8-C0E3-E4F9-28B7-F5F01D019348}"
"439447","504189","444.25",".00",".00",".00",".00","444.25","72.00",".00",".00","72.00","372.25",".00",".00","2066.69",".00","2066.69","2066.69","1622.44","72.00","1694.44","372.25","","{0AE1BD7D-380F-161B-E746-F56AB7CDA8D2}"
"439448","504190","1150.00","100.00",".00",".00","100.00","1250.00","551.33",".00",".00","551.33","698.67",".00",".00","1150.00","100.00","1250.00","1250.00",".00","551.33","551.33","698.67","","{ECDF59FC-06FC-895F-2A49-91F6CCC30EE3}"
"439452","504195","4221.14","1025.00",".00",".00","1025.00","5246.14","1017.57",".00",".00","1017.57","4228.57",".00",".00","6488.00","1025.00","7513.00","7513.00","2266.86","1017.57","3284.43","4228.57","","{B82B646B-C7DB-5DEA-6682-497D59763A83}"
"439457","504201","3264.10","5421.10",".03",".00","5421.13","8685.23","7055.80",".00",".00","7055.80","1629.43",".00",".00","4548.00","5421.13","9969.13","9969.13","1283.90","7055.80","8339.70","1629.43","","{D1F689F7-FB82-2AE4-912E-659835923B13}"
"439459","504204","90655.36","27713.19",".00",".00","27713.19","118368.55","69606.37",".00",".00","69606.37","48762.18",".00","51738.33","56065.31","27713.19","83778.50","135516.83","17148.28","69606.37","86754.65","48762.18","","{FFBF0A3C-F0F2-FA58-9C39-40766712E07A}"
"439461","504206",".00","22078.97",".00",".00","22078.97","22078.97","301.07",".00",".00","301.07","21777.90",".00",".00",".00","22078.97","22078.97","22078.97",".00","301.07","301.07","21777.90","","{25EC3CD7-D70D-06BC-BB40-51F4DCE601C2}"
"439462","504207","10126.03","2570.00","75.00",".00","2645.00","12771.03","1912.92",".00",".00","1912.92","10858.11",".00",".00","17572.69","2645.00","20217.69","20217.69","7446.66","1912.92","9359.58","10858.11","","{54633325-31F7-71A4-C270-D7A55CE5FB46}"
"439463","504208","27310.91","23771.50",".00",".00","23771.50","51082.41","12554.79",".00",".00","12554.79","38527.62",".00","14197.75","60000.00","23771.50","83771.50","97969.25","46886.84","12554.79","59441.63","38527.62","","{11CBB99C-848A-3E6B-3820-64BCC49C25F7}"
"439464","504209","2.72","100.00",".00",".00","100.00","102.72",".00",".00",".00",".00","102.72",".00",".00","3180.00","100.00","3280.00","3280.00","3177.28",".00","3177.28","102.72","","{3A4C97AD-B50D-CB64-4608-4434B439055A}"
"439466","504211","330753.79","95000.00","2204.00",".00","97204.00","427957.79","427957.79",".00",".00","427957.79",".00",".00",".00","67069171.95","97204.00","67166375.95","67166375.95","66738418.16","427957.79","67166375.95",".00","","{8650B4EC-265C-7C35-6006-D2F706050A66}"
"439467","504212","40.00",".00",".00",".00",".00","40.00",".00",".00",".00",".00","40.00",".00","40.00",".00",".00",".00","40.00",".00",".00",".00","40.00","","{6BD5E289-38C7-DAF8-78C6-355773857B6A}"
"439473","504219","900.00","1900.00",".00","1000.00","2900.00","3800.00","2847.96",".00",".00","2847.96","952.04","1200.00",".00","900.00","2900.00","3800.00","3800.00",".00","2847.96","2847.96","952.04","","{CE63EA8D-9062-B0D4-A5D4-2D40512C01B3}"
"439474","504220","10129.06","675.00",".00",".00","675.00","10804.06","1080.33",".00",".00","1080.33","9723.73",".00",".00","12898.50","675.00","13573.50","13573.50","2769.44","1080.33","3849.77","9723.73","","{C898B043-A9FB-DDE6-B31F-81A224DC28CD}"
"439476","504222","1897.78",".00",".00",".00",".00","1897.78",".00",".00",".00",".00","1897.78",".00",".00","2520.00",".00","2520.00","2520.00","622.22",".00","622.22","1897.78","","{C95ECF68-536E-EA97-0445-9D3F7BC0B102}"
"439477","504223","312506.51",".00","4509.37",".00","4509.37","317015.88","10.00",".00",".00","10.00","317005.88",".00","210524.64","103501.87","4509.37","108011.24","318535.88","1520.00","10.00","1530.00","317005.88","","{0337EB74-D3D5-3A5E-1D96-1EA6BE912823}"
"439481","504227","373.00",".00",".00",".00",".00","373.00",".00",".00",".00",".00","373.00",".00","373.00",".00",".00",".00","373.00",".00",".00",".00","373.00","","{EA2831D4-A11B-A4EF-27AE-10FE8B3D02E1}"
"439482","504228",".00",".00",".00",".00",".00",".00",".00",".00",".00",".00",".00","9745.51","109.09",".00",".00",".00","109.09","109.09",".00","109.09",".00","","{D82ED741-F281-AD4B-2937-0AC44A4FC1F2}"
"439483","504229","18822.52",".00",".00",".00",".00","18822.52","2000.00",".00",".00","2000.00","16822.52",".00","3322.52","18000.00",".00","18000.00","21322.52","2500.00","2000.00","4500.00","16822.52","","{EC54ED94-BF97-6EA9-F28B-F5C463023AEF}"
"439487","504233",".00",".00",".00",".00",".00",".00",".00",".00",".00",".00",".00",".00",".00",".00",".00",".00",".00",".00",".00",".00",".00","","{D9C2839E-168E-8E90-145C-4CE1CBE09FED}"
"439488","504234","644.40",".00",".00",".00",".00","644.40","152.64",".00",".00","152.64","491.76",".00",".00","1093.97",".00","1093.97","1093.97","449.57","152.64","602.21","491.76","","{B692F0E2-958A-D214-F422-368B69E82379}"
"439490","504236","3419.14","2000.00",".00",".00","2000.00","5419.14","1553.18",".00",".00","1553.18","3865.96",".00",".00","8271.22","2000.00","10271.22","10271.22","4852.08","1553.18","6405.26","3865.96","","{78160BA7-9752-638C-446A-3228EF646479}"
"439492","504239","89.50",".00",".00",".00",".00","89.50",".00",".00",".00",".00","89.50",".00","100.00",".00",".00",".00","100.00","10.50",".00","10.50","89.50","","{1432E67E-56F8-5594-9BB5-F7D431A2A577}"
"439494","504241","2078.86","500.00",".00",".00","500.00","2578.86","1007.07",".00",".00","1007.07","1571.79",".00","278.36","2685.00","500.00","3185.00","3463.36","884.50","1007.07","1891.57","1571.79","","{1B002D9B-F73A-2B42-0E2A-8863C680747A}"
"439496","504243","246.51",".00",".00",".00",".00","246.51",".00",".00",".00",".00","246.51",".00","246.51",".00",".00",".00","246.51",".00",".00",".00","246.51","","{F2918B5B-D975-D753-10B4-862BD314B900}"
"439497","504244","246.51",".00",".00",".00",".00","246.51",".00",".00",".00",".00","246.51",".00","246.51",".00",".00",".00","246.51",".00",".00",".00","246.51","","{F2918B5B-D975-D753-10B4-862BD314B900}"
"439498","504245",".00",".00",".00",".00",".00",".00",".00",".00",".00",".00",".00",".00",".00",".00",".00",".00",".00",".00",".00",".00",".00","","{B5A71CBA-90BE-7728-17C1-A879444ECA67}"
"439499","504246","8356.76","2614.00",".00",".00","2614.00","10970.76","1918.36",".00",".00","1918.36","9052.40",".00",".00","13312.04","2614.00","15926.04","15926.04","4955.28","1918.36","6873.64","9052.40","","{7B0CCB33-3BF4-C3C4-106A-46661F96B485}"
"439501","504248","8356.76","2614.00",".00",".00","2614.00","10970.76","1918.36",".00",".00","1918.36","9052.40",".00",".00","13312.04","2614.00","15926.04","15926.04","4955.28","1918.36","6873.64","9052.40","","{7B0CCB33-3BF4-C3C4-106A-46661F96B485}"
"439503","504250","1230.97","400.00",".00",".00","400.00","1630.97","1134.18",".00",".00","1134.18","496.79","2000.00",".00","4625.00","400.00","5025.00","5025.00","3394.03","1134.18","4528.21","496.79","","{E87F9977-2742-FE6E-7E54-01825DC11A63}"
"439505","504252","1928.07","2150.00",".00",".00","2150.00","4078.07",".00",".00",".00",".00","4078.07",".00",".00","3160.00","2150.00","5310.00","5310.00","1231.93",".00","1231.93","4078.07","","{F22F0E57-2660-EE20-DA7F-D248BEBAF834}"
"439506","504253",".00","5185.10",".00",".00","5185.10","5185.10","3461.33",".00",".00","3461.33","1723.77",".00",".00",".00","5185.10","5185.10","5185.10",".00","3461.33","3461.33","1723.77","","{567D040F-A1B7-7B33-8589-3787FE5F632A}"
"439509","504256","81.50",".00",".00",".00",".00","81.50",".00",".00",".00",".00","81.50",".00","81.50",".00",".00",".00","81.50",".00",".00",".00","81.50","","{11890846-1052-F81B-FE4D-1DF62162E394}"
"439511","504258","81.50",".00",".00",".00",".00","81.50",".00",".00",".00",".00","81.50",".00","81.50",".00",".00",".00","81.50",".00",".00",".00","81.50","","{11890846-1052-F81B-FE4D-1DF62162E394}"
"439513","504260","2417.72",".00",".00",".00",".00","2417.72",".00",".00",".00",".00","2417.72",".00","2417.72",".00",".00",".00","2417.72",".00",".00",".00","2417.72","","{DBE80EFF-AA71-A74D-D062-93DA13EF40A2}"
"439515","504262","81.50",".00",".00",".00",".00","81.50",".00",".00",".00",".00","81.50",".00","81.50",".00",".00",".00","81.50",".00",".00",".00","81.50","","{11890846-1052-F81B-FE4D-1DF62162E394}"
"439516","504263","663.06",".00",".00",".00",".00","663.06",".00",".00",".00",".00","663.06",".00","663.06",".00",".00",".00","663.06",".00",".00",".00","663.06","","{5DA29F9E-9D39-370D-D314-1C99CB467046}"
"439518","504265","1723.77","500.00",".00",".00","500.00","2223.77","1747.27",".00",".00","1747.27","476.50",".00",".00","5185.10","500.00","5685.10","5685.10","3461.33","1747.27","5208.60","476.50","","{AA163A96-7D26-883B-8D16-304B6062ACB0}"
"439520","504267","476.50",".00",".00",".00",".00","476.50",".00",".00",".00",".00","476.50",".00",".00","5685.10",".00","5685.10","5685.10","5208.60",".00","5208.60","476.50","","{88085A1D-0EEC-B191-4A25-4471092C2093}"
"439521","504268","476.50",".00",".00",".00",".00","476.50",".00",".00",".00",".00","476.50",".00",".00","5685.10",".00","5685.10","5685.10","5208.60",".00","5208.60","476.50","","{A810D0E3-36B6-8D3E-F3DA-23B88D240AB1}"
"439522","504270","476.50",".00",".00",".00",".00","476.50",".00",".00",".00",".00","476.50",".00",".00","5685.10",".00","5685.10","5685.10","5208.60",".00","5208.60","476.50","","{CA1F273F-DEAF-69A5-0A74-E677A1E59E6A}"
"439523","504271","40216.51",".00",".00",".00",".00","40216.51","13170.09",".00",".00","13170.09","27046.42",".00","6012.16","320309.00",".00","320309.00","326321.16","286104.65","13170.09","299274.74","27046.42","","{4B01214E-30A8-358E-3673-D72B427D4AD2}"
"439524","504272","476.50",".00",".00",".00",".00","476.50",".00",".00",".00",".00","476.50",".00","476.50",".00",".00",".00","476.50",".00",".00",".00","476.50","","{C037DE38-FD85-B618-1387-6A85F106A643}"
"439526","504274","25406.43","9236.80",".00",".00","9236.80","34643.23","2655.96",".00",".00","2655.96","31987.27",".00","25459.77","1848.00","9236.80","11084.80","36544.57","1901.34","2655.96","4557.30","31987.27","","{0FE5FA54-096A-1407-EFB0-43D7D091A165}"
"439530","504278","234.00",".00",".00",".00",".00","234.00",".00",".00",".00",".00","234.00","300.00",".00","300.00",".00","300.00","300.00","66.00",".00","66.00","234.00","","{31D17D5F-E8A0-78E2-CC1F-D1B595F8FCC5}"
"439531","504279","11142.02",".00",".00",".00",".00","11142.02",".00",".00",".00",".00","11142.02",".00","11142.02",".00",".00",".00","11142.02",".00",".00",".00","11142.02","","{80E3D6C0-F6E5-89A1-FEFF-FAF8E384C364}"
"439532","504280",".00","4708.60",".00",".00","4708.60","4708.60","3461.33",".00",".00","3461.33","1247.27",".00",".00",".00","4708.60","4708.60","4708.60",".00","3461.33","3461.33","1247.27","","{567D040F-A1B7-7B33-8589-3787FE5F632A}"
"439533","504281","1247.27","500.00",".00",".00","500.00","1747.27","1747.27",".00",".00","1747.27",".00",".00",".00","4708.60","500.00","5208.60","5208.60","3461.33","1747.27","5208.60",".00","","{AA163A96-7D26-883B-8D16-304B6062ACB0}"
"439538","504286",".00",".00",".00",".00",".00",".00",".00",".00",".00",".00",".00",".00",".00","5208.60",".00","5208.60","5208.60","5208.60",".00","5208.60",".00","","{88085A1D-0EEC-B191-4A25-4471092C2093}"
"439539","504287",".00",".00",".00",".00",".00",".00",".00",".00",".00",".00",".00",".00",".00","5208.60",".00","5208.60","5208.60","5208.60",".00","5208.60",".00","","{A810D0E3-36B6-8D3E-F3DA-23B88D240AB1}"
"439541","504289",".00",".00",".00",".00",".00",".00",".00",".00",".00",".00",".00",".00",".00","5208.60",".00","5208.60","5208.60","5208.60",".00","5208.60",".00","","{CA1F273F-DEAF-69A5-0A74-E677A1E59E6A}"
"439542","504290",".00",".00",".00",".00",".00",".00",".00",".00",".00",".00",".00",".00",".00",".00",".00",".00",".00",".00",".00",".00",".00","","{C037DE38-FD85-B618-1387-6A85F106A643}"
"439543","504291","366.25","1000.00",".00",".00","1000.00","1366.25","84.00",".00",".00","84.00","1282.25",".00",".00","500.00","1000.00","1500.00","1500.00","133.75","84.00","217.75","1282.25","","{3D2B4AEB-BC7B-A33A-15D5-DC72E40EB391}"
"439544","504292","6230.00","4989.09",".00",".00","4989.09","11219.09","259.09",".00",".00","259.09","10960.00","378.00",".00","8397.03","4989.09","13386.12","13386.12","2167.03","259.09","2426.12","10960.00","","{F1F614BE-9928-54EE-11E8-9EE4B52DB09A}"
"439545","504293","288.12","1380.00",".00",".00","1380.00","1668.12","814.55",".00",".00","814.55","853.57",".00",".00","800.00","1380.00","2180.00","2180.00","511.88","814.55","1326.43","853.57","","{3BCA2E52-EFA0-4D2C-F2DD-9756C6EDE033}"
"439547","504296","11621.17",".00",".00",".00",".00","11621.17",".00",".00",".00",".00","11621.17",".00","11421.17","200.00",".00","200.00","11621.17",".00",".00",".00","11621.17","","{95B0156B-517E-7E5B-D5B5-4A461398CFC6}"
"439548","504297","5835.45","215.00",".00",".00","215.00","6050.45","453.74",".00",".00","453.74","5596.71","674.00",".00","11352.67","215.00","11567.67","11567.67","5517.22","453.74","5970.96","5596.71","","{CE788547-B365-C107-ED95-4E39A1723874}"
"439549","504298","2642.90","1500.00","1.34",".00","1501.34","4144.24",".00",".00",".00",".00","4144.24",".00",".00","4250.00","1501.34","5751.34","5751.34","1607.10",".00","1607.10","4144.24","","{A62FDE7B-0D54-37CE-5959-CA5CCBB14561}"
"439550","504299","4144.24","2800.00",".00",".00","2800.00","6944.24",".00",".00",".00",".00","6944.24",".00",".00","5751.34","2800.00","8551.34","8551.34","1607.10",".00","1607.10","6944.24","","{5533909B-7A92-E077-CAC1-B2D0D2F7B488}"
"439551","504300",".00","4750.00",".00",".00","4750.00","4750.00","1607.10",".00",".00","1607.10","3142.90",".00",".00",".00","4750.00","4750.00","4750.00",".00","1607.10","1607.10","3142.90","","{8B402A27-8E90-6FF4-6A70-6CE9C38EAC9F}"
"439553","504302","6944.24",".00",".00",".00",".00","6944.24","5000.00",".00",".00","5000.00","1944.24",".00",".00","8551.34",".00","8551.34","8551.34","1607.10","5000.00","6607.10","1944.24","","{F4C59AA2-2226-42F5-7669-1190BA475A70}"
"439554","504303","1944.24",".00","500.00",".00","500.00","2444.24","1520.00",".00",".00","1520.00","924.24",".00","1944.24",".00","500.00","500.00","2444.24",".00","1520.00","1520.00","924.24","","{CB73C501-9D39-343A-A60A-F9E6A540144C}"
"439555","504304","924.24",".00",".00",".00",".00","924.24","30.00",".00",".00","30.00","894.24",".00","1944.24","500.00",".00","500.00","2444.24","1520.00","30.00","1550.00","894.24","","{5FA2EEC2-AD66-48D6-8849-CD524D183E80}"
"439556","504305","894.24",".00",".00",".00",".00","894.24","30.00",".00",".00","30.00","864.24",".00","1944.24","500.00",".00","500.00","2444.24","1550.00","30.00","1580.00","864.24","","{7DCA897E-96A5-C9C7-4693-0FF564B71748}"
"439557","504306","864.24",".00",".00",".00",".00","864.24","30.00",".00",".00","30.00","834.24",".00","1944.24","500.00",".00","500.00","2444.24","1580.00","30.00","1610.00","834.24","","{22005791-914A-01BF-6585-7E9E550CE333}"
"439558","504307","834.24",".00",".00",".00",".00","834.24","30.00",".00",".00","30.00","804.24",".00","834.24",".00",".00",".00","834.24",".00","30.00","30.00","804.24","","{984B26CA-41D2-92B7-7CAC-F41403143626}"
"439559","504308","804.24","3000.00",".00",".00","3000.00","3804.24","2020.00",".00",".00","2020.00","1784.24",".00","834.24",".00","3000.00","3000.00","3834.24","30.00","2020.00","2050.00","1784.24","","{0E4914AE-534B-F306-2A00-809D81139D87}"
"439560","504309","1784.24","6000.00",".00",".00","6000.00","7784.24","1646.00",".00",".00","1646.00","6138.24",".00","834.24","3000.00","6000.00","9000.00","9834.24","2050.00","1646.00","3696.00","6138.24","","{B6B6C145-CA4E-1CBB-6A34-1E6519FF1DE4}"
"439561","504310","6138.24",".00",".00",".00",".00","6138.24","3500.00",".00",".00","3500.00","2638.24",".00","834.24","9000.00",".00","9000.00","9834.24","3696.00","3500.00","7196.00","2638.24","","{CC0CFE1F-DBF7-603B-BD95-1685A01FE66B}"
"439562","504311","2638.24","1000.00",".00",".00","1000.00","3638.24","1000.00",".00",".00","1000.00","2638.24",".00","834.24","9000.00","1000.00","10000.00","10834.24","7196.00","1000.00","8196.00","2638.24","","{75F0D84D-EB87-4503-5FCC-63B4401A882B}"
"439563","504312","2638.24",".00",".00",".00",".00","2638.24",".00",".00",".00",".00","2638.24",".00","2638.24",".00",".00",".00","2638.24",".00",".00",".00","2638.24","","{E4F41545-5C48-E154-4AC3-7F1308E65E81}"
"439564","504313","2638.24",".00",".00",".00",".00","2638.24",".00",".00",".00",".00","2638.24",".00","2638.24",".00",".00",".00","2638.24",".00",".00",".00","2638.24","","{0C81C84E-0E3D-AB9E-94CA-88A36571A23C}"
"439565","504314","2638.24",".00",".00",".00",".00","2638.24",".00",".00",".00",".00","2638.24",".00","2638.24",".00",".00",".00","2638.24",".00",".00",".00","2638.24","","{364FE3CD-3845-9794-4AE1-0C2BF1C5D33F}"
"439566","504315","254957.84","193869.51",".00",".00","193869.51","448827.35","39034.13",".00",".00","39034.13","409793.22",".00","329526.14","218730.97","193869.51","412600.48","742126.62","293299.27","39034.13","332333.40","409793.22","","{BADFA35B-B24B-5784-CC76-06210C8AFDF5}"
"439567","504316","2638.24",".00",".00",".00",".00","2638.24","250.00",".00",".00","250.00","2388.24",".00","2638.24",".00",".00",".00","2638.24",".00","250.00","250.00","2388.24","","{F1E7E67A-5B40-9908-54CC-23FE8F52EEAF}"
"439568","504317","2388.24",".00",".00",".00",".00","2388.24",".00",".00",".00",".00","2388.24",".00","2638.24",".00",".00",".00","2638.24","250.00",".00","250.00","2388.24","","{DD942126-4F80-B620-D189-68CE50586F3C}"
"439569","504318","2388.24",".00",".00",".00",".00","2388.24",".00",".00",".00",".00","2388.24",".00","2388.24",".00",".00",".00","2388.24",".00",".00",".00","2388.24","","{0A57BE13-E182-43DC-460D-1ACBA584B0D5}"
"439570","504319","2388.24",".00",".00",".00",".00","2388.24",".00",".00",".00",".00","2388.24",".00","2388.24",".00",".00",".00","2388.24",".00",".00",".00","2388.24","","{483C0EBF-3714-4D8F-5355-92373D5C775E}"
"439571","504320","2388.24",".00",".00",".00",".00","2388.24",".00",".00",".00",".00","2388.24",".00","2388.24",".00",".00",".00","2388.24",".00",".00",".00","2388.24","","{4C11E5B9-D279-8C9F-DC81-95A59FC66F32}"
"439572","504321","2388.24",".00",".00",".00",".00","2388.24","1500.00",".00",".00","1500.00","888.24",".00","2388.24",".00",".00",".00","2388.24",".00","1500.00","1500.00","888.24","","{11D2D641-DA28-D634-BE83-BF35B380C88A}"
"439573","504322","888.24","250.00",".00",".00","250.00","1138.24",".00",".00",".00",".00","1138.24",".00","2388.24",".00","250.00","250.00","2638.24","1500.00",".00","1500.00","1138.24","","{BB9C7057-B9CB-CE49-6507-3003B13C315E}"
"439574","504323","1138.24",".00",".00",".00",".00","1138.24",".00",".00",".00",".00","1138.24",".00","1138.24",".00",".00",".00","1138.24",".00",".00",".00","1138.24","","{D58AC508-30CE-09BD-E41A-8ABD19495668}"
"439575","504324","1138.24",".00",".00",".00",".00","1138.24","100.00",".00",".00","100.00","1038.24",".00","1138.24",".00",".00",".00","1138.24",".00","100.00","100.00","1038.24","","{BD7145FD-899F-1307-BA91-B737D3FF7A04}"
"439576","504325","222806.67","93750.00","3098.62",".00","96848.62","319655.29","71811.84",".00",".00","71811.84","247843.45",".00","39607.83","188751.60","96848.62","285600.22","325208.05","5552.76","71811.84","77364.60","247843.45","","{15539CFD-689E-DFE7-1B5C-4FE3F1F55970}"
"439579","504328","1038.24","1000.00",".00",".00","1000.00","2038.24","2000.00",".00",".00","2000.00","38.24",".00","1138.24",".00","1000.00","1000.00","2138.24","100.00","2000.00","2100.00","38.24","","{4369D5E5-FCEE-B813-C8D1-62556E813B89}"
"439583","504332","175.44","2350.00",".00",".00","2350.00","2525.44","1928.74",".00",".00","1928.74","596.70",".00",".00","2150.00","2350.00","4500.00","4500.00","1974.56","1928.74","3903.30","596.70","","{E52195F0-E57D-23D2-BCD3-C4314E78808C}"
"439587","504336","8500.00",".00",".00",".00",".00","8500.00","8500.00",".00",".00","8500.00",".00",".00","33019.01","8500.00",".00","8500.00","41519.01","33019.01","8500.00","41519.01",".00","","{49E4F467-ADAD-67F4-618E-B058BC0B7E60}"
"439588","504337",".00",".00",".00",".00",".00",".00",".00",".00",".00",".00",".00",".00",".00",".00",".00",".00",".00",".00",".00",".00",".00","","{5DA29F9E-9D39-370D-D314-1C99CB467046}"
"439589","504338","190.45","300.00",".00",".00","300.00","490.45","79.91",".00",".00","79.91","410.54","3174.28",".00","14201.65","300.00","14501.65","14501.65","14011.20","79.91","14091.11","410.54","","{239B1C45-0723-3DE0-DD38-AE17ACA6FDB7}"
"439590","504339","11963.92","1200.00",".00",".00","1200.00","13163.92","206.07",".00",".00","206.07","12957.85","50.00","8806.44","9285.00","1200.00","10485.00","19291.44","6127.52","206.07","6333.59","12957.85","","{0C54DA3D-8A0B-1F90-6269-E2B28CE51B5B}"
"439591","504340",".00",".00",".00",".00",".00",".00",".00",".00",".00",".00",".00",".00",".00",".00",".00",".00",".00",".00",".00",".00",".00","","{B18FE0E4-6402-199A-F1B4-EF909E3D1A20}"
"439593","504342","988.26",".00",".00",".00",".00","988.26",".00",".00",".00",".00","988.26",".00","988.26",".00",".00",".00","988.26",".00",".00",".00","988.26","","{D5153ACD-A8CC-8AA7-E88A-2848A3538E5F}"
"439600","504349","63485.97","1725.00",".00",".00","1725.00","65210.97","565.61",".00",".00","565.61","64645.36",".00","60862.76","3674.00","1725.00","5399.00","66261.76","1050.79","565.61","1616.40","64645.36","","{C49FEC3A-566B-8DBB-0F4E-9FFAC0C33DA4}"
"439602","504351","44453.55","14020.00",".00",".00","14020.00","58473.55","448.78",".00",".00","448.78","58024.77",".00","45594.50","1400.00","14020.00","15420.00","61014.50","2540.95","448.78","2989.73","58024.77","","{42B1529B-56D9-A1F9-D9EA-A0E081152CFF}"
"439603","504353","10854.42",".00",".00",".00",".00","10854.42",".00",".00",".00",".00","10854.42",".00","10854.42",".00",".00",".00","10854.42",".00",".00",".00","10854.42","","{418A7E86-B4E3-3E2A-625B-6AC282CF7EE5}"
"439604","504352","3218.89","980.00",".00",".00","980.00","4198.89","1508.66",".00",".00","1508.66","2690.23",".00",".00","7658.69","980.00","8638.69","8638.69","4439.80","1508.66","5948.46","2690.23","","{4A413F6E-E16A-F847-64F2-355770A1D3A4}"
"439606","504357","2097.15",".00",".00",".00",".00","2097.15",".00",".00",".00",".00","2097.15",".00","2097.15",".00",".00",".00","2097.15",".00",".00",".00","2097.15","","{C6DF2AA7-44C3-2323-BECD-22A53A4D2F68}"
"439607","504358","450.00",".00",".00",".00",".00","450.00",".00",".00",".00",".00","450.00",".00",".00","1407.00",".00","1407.00","1407.00","957.00",".00","957.00","450.00","","{2BE4669D-FF32-C771-B020-8A4409744681}"
"439608","504360","248565.96","39171.68",".00",".00","39171.68","287737.64","5103.60",".00",".00","5103.60","282634.04",".00","234905.79","22333.69","39171.68","61505.37","296411.16","8673.52","5103.60","13777.12","282634.04","","{4A23DCE7-EBC8-A235-0B82-D46033CF4C13}"
"439609","504362",".00",".00",".00",".00",".00",".00",".00",".00",".00",".00",".00",".00",".00",".00",".00",".00",".00",".00",".00",".00",".00","","{D6718D5B-610D-0729-EBD6-78D3B7972526}"
"439610","504363","357223.37","9248.01","627.96",".00","9875.97","367099.34","1097.71",".00",".00","1097.71","366001.63",".00","306826.66","59562.30","9875.97","69438.27","376264.93","9165.59","1097.71","10263.30","366001.63","","{BF35C3C3-D279-CC16-1433-1F3590AFD871}"
"439613","504366","-142.68",".00",".00",".00",".00","-142.68",".00",".00",".00",".00","-142.68",".00","157.32",".00",".00",".00","157.32",".00",".00",".00","157.32","","{65EB8886-5CB7-661E-2F09-8CB15EA9E214}"
"439614","504367","90868.90",".00",".00",".00",".00","90868.90",".00",".00",".00",".00","90868.90",".00","90868.90",".00",".00",".00","90868.90",".00",".00",".00","90868.90","","{CE066F7E-0271-2829-737E-627ACBF11CB1}"
"439615","504367","90868.90",".00",".00",".00",".00","90868.90",".00",".00",".00",".00","90868.90",".00","90868.90",".00",".00",".00","90868.90",".00",".00",".00","90868.90","","{CE066F7E-0271-2829-737E-627ACBF11CB1}"
"439616","504368","1200.00","719.67",".00",".00","719.67","1919.67","1250.45",".00",".00","1250.45","669.22",".00",".00","1440.08","719.67","2159.75","2159.75","240.08","1250.45","1490.53","669.22","","{257E338A-82D4-79ED-A086-03E95F5BB00F}"
"439618","504370","990.00","5000.00",".00",".00","5000.00","5990.00","5000.00",".00",".00","5000.00","990.00",".00","990.00",".00","5000.00","5000.00","5990.00",".00","5000.00","5000.00","990.00","","{A9A579AF-21BD-BA1B-2496-897378BFDF08}"
"439620","504372","19074.38","14000.00",".00",".00","14000.00","33074.38","7000.00",".00",".00","7000.00","26074.38",".00","25074.38",".00","14000.00","14000.00","39074.38","6000.00","7000.00","13000.00","26074.38","","{408232D3-DB5C-1487-0CBC-3A96B3703BF7}"
"439622","504374","1527.28",".00",".00",".00",".00","1527.28","200.00",".00",".00","200.00","1327.28",".00","1886.28","75.00",".00","75.00","1961.28","434.00","200.00","634.00","1327.28","","{B6360448-D248-1943-6BC1-D5C875D740E9}"
"439623","504377","61.20",".00",".00",".00",".00","61.20",".00",".00",".00",".00","61.20","300.00","61.20",".00",".00",".00","61.20",".00",".00",".00","61.20","","{80CFC400-F541-FAC4-EECC-8B57DBC1E698}"
"439624","504378","416.82",".00",".00",".00",".00","416.82",".00",".00",".00",".00","416.82",".00","416.82",".00",".00",".00","416.82",".00",".00",".00","416.82","","{D8B3B8EC-9F07-A69F-3C34-AD4739B5C343}"
"439626","504380","18516.27","1380.00",".00",".00","1380.00","19896.27","2591.45",".00",".00","2591.45","17304.82",".00",".00","22800.28","1380.00","24180.28","24180.28","4284.01","2591.45","6875.46","17304.82","","{33AF72BE-EE45-D18B-00E3-8BDDC0BC8E93}"
"439628","504383","59895.53","8365.00",".00",".00","8365.00","68260.53","3301.39",".00",".00","3301.39","64959.14",".00","56133.61","8045.91","8365.00","16410.91","72544.52","4283.99","3301.39","7585.38","64959.14","","{18705802-1531-17A0-2CC0-7A39252542C0}"
"439629","504384","1250.25","6200.00",".00",".00","6200.00","7450.25","3335.23",".00",".00","3335.23","4115.02","1000.25",".00","1250.25","6200.00","7450.25","7450.25",".00","3335.23","3335.23","4115.02","","{95E63F9D-DC14-B92E-F96D-3B160D059200}"
"439630","504385","3361.69","330.00",".00",".00","330.00","3691.69","465.42","2500.00",".00","2965.42","726.27",".00","120.91","4070.00","330.00","4400.00","4520.91","829.22","2965.42","3794.64","726.27","","{87DFC94F-3B16-AC6A-9E5A-9039303DE283}"
"439632","504387","3731.49","2025.03",".00",".00","2025.03","5756.52","2725.02",".00",".00","2725.02","3031.50","4507.40",".00","6907.49","2025.03","8932.52","8932.52","3176.00","2725.02","5901.02","3031.50","","{0F3CC7FD-5B65-FF09-BB54-E43AC49B0103}"
"439633","504388","76740.56",".00",".00",".00",".00","76740.56",".00",".00",".00",".00","76740.56",".00","76740.56",".00",".00",".00","76740.56",".00",".00",".00","76740.56","","{2F142B42-33C9-1A43-9BDF-8EBA8B9B22C5}"
"439637","504395","3319.62","2523.11",".00",".00","2523.11","5842.73","4697.05",".00",".00","4697.05","1145.68",".00","200.00","10078.00","2523.11","12601.11","12801.11","6958.38","4697.05","11655.43","1145.68","","{CA6D31A1-DAC4-F012-3755-476C079041A1}"
"439638","504396",".00","134.73",".00",".00","134.73","134.73","34.73",".00",".00","34.73","100.00",".00",".00",".00","134.73","134.73","134.73",".00","34.73","34.73","100.00","","{562AF070-8289-003A-2367-395EBBD886C0}"
"439640","504398","1150.00","5192.00",".00",".00","5192.00","6342.00","3619.10",".00",".00","3619.10","2722.90",".00",".00","1150.00","5192.00","6342.00","6342.00",".00","3619.10","3619.10","2722.90","","{F39AC41B-2DB0-092F-7238-340AB6F8A669}"
"439641","504399",".00",".00",".00",".00",".00",".00",".00",".00",".00",".00",".00",".00",".00",".00",".00",".00",".00",".00",".00",".00",".00","","{52347C42-F218-BF57-115C-DD30707AE9F9}"
"439646","504406","1271.20","7419.76",".00","4600.00","12019.76","13290.96","6888.74",".00",".00","6888.74","6402.22","4600.00",".00","3144.00","12019.76","15163.76","15163.76","1872.80","6888.74","8761.54","6402.22","","{0F431140-108B-A407-C90E-34A8070E2060}"
"439647","504408","36339.10",".00",".00",".00",".00","36339.10",".00",".00",".00",".00","36339.10",".00","36339.10",".00",".00",".00","36339.10",".00",".00",".00","36339.10","","{86AD83A3-AA0C-32F6-9936-04878150027C}"
"439649","504410","540.00","425.00",".00","550.00","975.00","1515.00","1217.26",".00",".00","1217.26","297.74","550.00",".00","540.00","975.00","1515.00","1515.00",".00","1217.26","1217.26","297.74","","{41CDE39C-394B-DA11-169E-EA8F32C9E6BD}"
"439651","504412",".00",".00",".00",".00",".00",".00",".00",".00",".00",".00",".00","12385.57",".00",".00",".00",".00",".00",".00",".00",".00",".00","","{6FC68417-00FB-67D8-C58C-AACE204DAC1D}"
"439654","504415",".00",".00",".00",".00",".00",".00",".00",".00",".00",".00",".00",".00",".00",".00",".00",".00",".00",".00",".00",".00",".00","","{8347E464-9EDD-694C-DA6C-0DA97D30DC20}"
"439656","504417","1812.21",".00",".00",".00",".00","1812.21",".00",".00",".00",".00","1812.21",".00","1812.21",".00",".00",".00","1812.21",".00",".00",".00","1812.21","","{EDA911F3-5142-6DAD-0B3C-97AE68F63921}"
"439657","504418","13765.18","87.57",".00",".00","87.57","13852.75",".00",".00",".00",".00","13852.75",".00","13672.56","267.12","87.57","354.69","14027.25","174.50",".00","174.50","13852.75","","{4F0F59FD-9D70-3BC3-17A9-AD8CEC0F6D4F}"
"439660","504426","870.00","399.00",".08",".00","399.08","1269.08",".00",".00",".00",".00","1269.08",".00",".00","870.00","399.08","1269.08","1269.08",".00",".00",".00","1269.08","","{0C76AF8F-1C0C-D6BE-F4C9-3E1C0C6F834F}"
"439663","504429","62.74",".00",".00",".00",".00","62.74",".00",".00",".00",".00","62.74",".00","62.74",".00",".00",".00","62.74",".00",".00",".00","62.74","","{CE6CD3B8-30D6-0357-40FB-A641B4110E74}"
"439664","504430","-142.68",".00",".00",".00",".00","-142.68",".00",".00",".00",".00","-142.68",".00","157.32",".00",".00",".00","157.32",".00",".00",".00","157.32","","{CC0362D1-B00A-5DD5-2A29-BD75AE24E3BE}"
"439665","504432","10768.60","610.00",".00",".00","610.00","11378.60","10775.48",".00",".00","10775.48","603.12","5000.00","7129.81","70386.08","610.00","70996.08","78125.89","66747.29","10775.48","77522.77","603.12","","{06121EF2-E088-EB64-044E-05F6FB300D79}"
"439666","504433","359260.24","1690.10",".00",".00","1690.10","360950.34","50500.00",".00",".00","50500.00","310450.34",".00","156538.81","202746.43","1690.10","204436.53","360975.34","25.00","50500.00","50525.00","310450.34","","{96277057-9A35-B095-E982-A5F8518C9E06}"
"439667","504434","352735.53","17746.18",".00",".00","17746.18","370481.71","85000.00",".00",".00","85000.00","285481.71",".00","297519.71","120467.93","17746.18","138214.11","435733.82","65252.11","85000.00","150252.11","285481.71","","{4FEC2A04-024E-C0E8-65C2-8DF56080FD3B}"
"439670","504437","75221.20","5000.00",".00",".00","5000.00","80221.20","5000.00",".00",".00","5000.00","75221.20",".00","92796.20","3925.00","5000.00","8925.00","101721.20","21500.00","5000.00","26500.00","75221.20","","{0ED36C43-0DF8-6168-1F01-097C23DBEC56}"
"439672","504439","415.64",".00",".00",".00",".00","415.64","48.00",".00",".00","48.00","367.64",".00","495.64",".00",".00",".00","495.64","80.00","48.00","128.00","367.64","","{37F6DA70-6FBB-983D-0100-A540AEE11304}"
"439674","504444","21313.45","33000.00",".00",".00","33000.00","54313.45","39430.63",".00",".00","39430.63","14882.82",".00","11767.21","40000.00","33000.00","73000.00","84767.21","30453.76","39430.63","69884.39","14882.82","","{931575AB-19D0-330B-5FAD-76C87471C04D}"
"439675","504445","15141.50","287.81",".00",".00","287.81","15429.31","762.71",".00",".00","762.71","14666.60",".00","19043.50","5874.79","287.81","6162.60","25206.10","9776.79","762.71","10539.50","14666.60","","{5C962813-D77B-09B7-C07E-D70E7AA518EA}"
"439676","504446","459.23","775.00",".00",".00","775.00","1234.23","434.99",".00",".00","434.99","799.24",".00",".00","625.00","775.00","1400.00","1400.00","165.77","434.99","600.76","799.24","","{67B896CB-7FF9-C313-0B32-402050AA9FB1}"
"439677","504447",".00","1070.00",".00",".00","1070.00","1070.00","849.22",".00",".00","849.22","220.78",".00",".00",".00","1070.00","1070.00","1070.00",".00","849.22","849.22","220.78","","{E6F560A7-ADE5-6E2D-5051-134AA6FAB6B6}"
"439682","504452","-142.68",".00",".00",".00",".00","-142.68",".00",".00",".00",".00","-142.68",".00","157.32",".00",".00",".00","157.32",".00",".00",".00","157.32","","{EB58CAFF-44C1-B65B-4DE5-72A3D249C344}"
"439684","504453","18946.87","4747.00",".00",".00","4747.00","23693.87","3273.97",".00",".00","3273.97","20419.90",".00","14763.86","48965.00","4747.00","53712.00","68475.86","44781.99","3273.97","48055.96","20419.90","","{38E1A87F-D2F4-BC31-ABE9-D114320EC82E}"
"439687","504460","25536.59","825.00",".00",".00","825.00","26361.59","384.55",".00",".00","384.55","25977.04",".00","20160.87","11625.00","825.00","12450.00","32610.87","6249.28","384.55","6633.83","25977.04","","{BCA8DAF2-89D9-DB51-5B53-E36E6A237C18}"
"439689","504463","200.00",".00",".00",".00",".00","200.00",".00",".00",".00",".00","200.00",".00","200.00",".00",".00",".00","200.00",".00",".00",".00","200.00","","{A4BD78D4-D47F-0724-38FB-8BAE98FCD36B}"
"439692","504466","491.76","1000.00",".00",".00","1000.00","1491.76","448.39",".00",".00","448.39","1043.37",".00",".00","1093.97","1000.00","2093.97","2093.97","602.21","448.39","1050.60","1043.37","","{D0853108-21E7-DBC9-D023-B192B5E486FE}"
"439694","504469",".00",".00",".00",".00",".00",".00",".00",".00",".00",".00",".00",".00",".00",".00",".00",".00",".00",".00",".00",".00",".00","","{1B7A44F4-A043-605A-58DA-94868C28AE72}"
"439697","504472","25330.25","1117.64",".00",".00","1117.64","26447.89","4877.24",".00",".00","4877.24","21570.65",".00","35432.45","1490.71","1117.64","2608.35","38040.80","11592.91","4877.24","16470.15","21570.65","","{AD91EAA7-AE46-689B-39C7-9E907C906FB6}"
"439698","504473","25330.25","1117.64",".00",".00","1117.64","26447.89","4877.24",".00",".00","4877.24","21570.65",".00","35432.45","1490.71","1117.64","2608.35","38040.80","11592.91","4877.24","16470.15","21570.65","","{AD91EAA7-AE46-689B-39C7-9E907C906FB6}"
"439701","504478","554.00",".00",".02",".00",".02","554.02",".00",".00",".00",".00","554.02",".00","554.00",".00",".02",".02","554.02",".00",".00",".00","554.02","","{ACFAAE93-9B01-4FC5-ABB0-E796D43C15F5}"
"439703","504480","6792.74","16250.00",".00",".00","16250.00","23042.74","2569.53",".00",".00","2569.53","20473.21",".00",".00","39251.46","16250.00","55501.46","55501.46","32458.72","2569.53","35028.25","20473.21","","{7D5F218E-4B9C-542C-3716-70DDC2D23AEA}"
"439704","504481","100.00",".00",".00",".00",".00","100.00",".00",".00",".00",".00","100.00",".00",".00","100.00",".00","100.00","100.00",".00",".00",".00","100.00","","{0421E4B3-33E0-55E1-8C6D-245A2E1401EF}"
"439706","504483","522.02",".00",".00",".00",".00","522.02",".00",".00",".00",".00","522.02",".00","522.02",".00",".00",".00","522.02",".00",".00",".00","522.02","","{525C2784-E61A-1C3B-7EC6-8E356AB7BE9B}"
"439713","504492",".00","2679.76","4.82",".00","2684.58","2684.58","834.79",".00",".00","834.79","1849.79",".00",".00",".00","2684.58","2684.58","2684.58",".00","834.79","834.79","1849.79","","{C9D17E82-4437-15AC-950D-F60CB12FD97C}"
"439714","504493","1137.52","500.00",".00",".00","500.00","1637.52","17.94",".00",".00","17.94","1619.58","20030.16","2848.16",".00","500.00","500.00","3348.16","1710.64","17.94","1728.58","1619.58","","{D7F3E422-4FD7-0390-6C30-3AB0F09831F8}"
"439716","504495","325.68",".00",".00",".00",".00","325.68",".00",".00",".00",".00","325.68",".00","90.46","284.22",".00","284.22","374.68","49.00",".00","49.00","325.68","","{B0B8B34B-C513-B62D-0E64-F3A94772D98B}"
"439719","504498","27529.42","2888.96",".83",".00","2889.79","30419.21","21044.12",".00",".00","21044.12","9375.09",".00","24079.34","5000.83","2889.79","7890.62","31969.96","1550.75","21044.12","22594.87","9375.09","","{52842277-15BD-1785-5F52-7B007BFDCC26}"
"439722","504502","599471.86","2055204.02","6989.95",".00","2062193.97","2661665.83","2035980.28",".00",".00","2035980.28","625685.55",".00","607303.51","48653343.86","2062193.97","50715537.83","51322841.34","48661175.51","2035980.28","50697155.79","625685.55","","{FB2CD4FB-E1D0-F037-F6E7-0C18F23AA7D6}"
"439723","504503","21554.57","1000.00",".00",".00","1000.00","22554.57","4761.78",".00",".00","4761.78","17792.79",".00","32184.25","10000.01","1000.00","11000.01","43184.26","20629.69","4761.78","25391.47","17792.79","","{A4340217-868F-4F5F-9E37-65BC9CCA757D}"
"439725","504506","1325.00",".00",".00",".00",".00","1325.00",".00",".00",".00",".00","1325.00",".00","1325.00",".00",".00",".00","1325.00",".00",".00",".00","1325.00","","{082F6511-3B17-305D-1207-BD38F32C828F}"
"439726","504507",".00","100.00",".00",".00","100.00","100.00",".00",".00",".00",".00","100.00",".00",".00",".00","100.00","100.00","100.00",".00",".00",".00","100.00","","{78A52AFC-BA6A-0F77-7E53-EFF61C6656F9}"
"439728","504509","5331.37","16.45",".00",".00","16.45","5347.82",".00",".00",".00",".00","5347.82",".00","5240.27","91.10","16.45","107.55","5347.82",".00",".00",".00","5347.82","","{58E4C418-0B07-0A6A-8EEC-9E9DA69B8A01}"
"439731","504516","5023.18","400.00",".00",".00","400.00","5423.18","333.98",".00",".00","333.98","5089.20","3000.00",".00","10677.55","400.00","11077.55","11077.55","5654.37","333.98","5988.35","5089.20","","{CD93251D-0752-00BF-AAD3-8B0E026F183A}"
"439732","504518","6251.04",".00",".00",".00",".00","6251.04",".00",".00",".00",".00","6251.04",".00","6251.04",".00",".00",".00","6251.04",".00",".00",".00","6251.04","","{B6347666-4D5C-7559-000E-CF086FEA035E}"
"439736","504528","76.98",".00",".00",".00",".00","76.98",".00",".00",".00",".00","76.98",".00","76.98",".00",".00",".00","76.98",".00",".00",".00","76.98","","{60242F60-1776-77E6-D02D-BBE8E5DB0078}"
"439738","504531","3440.60","9109.22",".00",".00","9109.22","12549.82","9533.68",".00",".00","9533.68","3016.14",".00","3440.60",".00","9109.22","9109.22","12549.82",".00","9533.68","9533.68","3016.14","","{9037C064-1BE7-325F-241E-10788F910200}"
"439739","504533","3016.14","1170.00",".00",".00","1170.00","4186.14","1309.31",".00",".00","1309.31","2876.83",".00","3440.60","9109.22","1170.00","10279.22","13719.82","9533.68","1309.31","10842.99","2876.83","","{9A53EF50-0C97-C272-4B61-077198AE306A}"
"439740","504534","375.04","1505.00",".00",".00","1505.00","1880.04","1319.88",".00",".00","1319.88","560.16",".00",".00","910.00","1505.00","2415.00","2415.00","534.96","1319.88","1854.84","560.16","","{0D07EC27-3CD7-69D5-42D6-31BAE85FD186}"
"439745","504542","100.00","1919.00",".00",".00","1919.00","2019.00","119.06",".00",".00","119.06","1899.94","100.00",".00","100.00","1919.00","2019.00","2019.00",".00","119.06","119.06","1899.94","","{C1226197-891D-DC8F-90FF-EB7450E66C1C}"
"439750","504547","75.00","375.00",".00",".00","375.00","450.00","427.76",".00",".00","427.76","22.24",".00",".00","75.00","375.00","450.00","450.00",".00","427.76","427.76","22.24","","{867B803A-13DF-9B6B-5091-CC23665B128D}"
"439754","504552","15885.72","520.00",".00",".00","520.00","16405.72","7855.62",".00",".00","7855.62","8550.10",".00","12508.64","4495.00","520.00","5015.00","17523.64","1117.92","7855.62","8973.54","8550.10","","{4DFB48CF-1B6C-28E4-A6C6-330298546A2B}"
"439755","504553","1899.94","3741.00",".00",".00","3741.00","5640.94","4003.82",".00",".00","4003.82","1637.12","100.00",".00","2019.00","3741.00","5760.00","5760.00","119.06","4003.82","4122.88","1637.12","","{6A4ADE0C-8522-7A02-84A5-21F8DCAC4961}"
"439756","504554","601.52",".00",".00",".00",".00","601.52",".00",".00",".00",".00","601.52",".00","628.02",".00",".00",".00","628.02","26.50",".00","26.50","601.52","","{6DB4CFA2-190D-D02F-BF40-22BA681E95A6}"
"439758","504556","10057.85","739.00",".00","5000.00","5739.00","15796.85","3534.94",".00",".00","3534.94","12261.91","20000.00",".00","21289.35","5739.00","27028.35","27028.35","11231.50","3534.94","14766.44","12261.91","","{9FB935F8-E11A-7864-2E70-E0037E40E2F9}"
"439759","504558","678.07","75.00",".00",".00","75.00","753.07","646.37",".00",".00","646.37","106.70",".00",".00","2483.00","75.00","2558.00","2558.00","1804.93","646.37","2451.30","106.70","","{F2B275C3-280C-B5EB-6622-17951762B166}"
"439762","504561","1003.38",".00",".00",".00",".00","1003.38",".00",".00",".00",".00","1003.38","500.00","503.38","500.00",".00","500.00","1003.38",".00",".00",".00","1003.38","","{6CF305C8-3661-AA2E-737B-3149C8258210}"
"439763","504562","38913.46","580.20",".00",".00","580.20","39493.66","2216.22",".00",".00","2216.22","37277.44",".00","39678.90","4287.05","580.20","4867.25","44546.15","5052.49","2216.22","7268.71","37277.44","","{4A25EC04-127E-3F3A-2892-71B1B78F2537}"
"439765","504564","11927.37","750.00",".00",".00","750.00","12677.37","19.75",".00",".00","19.75","12657.62",".00","2299.52","15328.04","750.00","16078.04","18377.56","5700.19","19.75","5719.94","12657.62","","{0CDF77A5-D725-B681-3A4C-F51722E3B237}"
"439766","504565","79.40",".00",".00",".00",".00","79.40",".00",".00",".00",".00","79.40","16000.00","79.40",".00",".00",".00","79.40",".00",".00",".00","79.40","","{2F6785B7-A5A4-1AA5-3608-A4FA0EE142D0}"
"439767","504566","79.40",".00",".00",".00",".00","79.40",".00",".00",".00",".00","79.40","16000.00","79.40",".00",".00",".00","79.40",".00",".00",".00","79.40","","{2F6785B7-A5A4-1AA5-3608-A4FA0EE142D0}"
"439768","504567","79.40",".00",".00",".00",".00","79.40",".00",".00",".00",".00","79.40","16000.00","79.40",".00",".00",".00","79.40",".00",".00",".00","79.40","","{2F6785B7-A5A4-1AA5-3608-A4FA0EE142D0}"
"439769","504568","79.40",".00",".00",".00",".00","79.40",".00",".00",".00",".00","79.40","16000.00","79.40",".00",".00",".00","79.40",".00",".00",".00","79.40","","{2F6785B7-A5A4-1AA5-3608-A4FA0EE142D0}"
"439770","504569","79.40",".00",".00",".00",".00","79.40",".00",".00",".00",".00","79.40","16000.00","79.40",".00",".00",".00","79.40",".00",".00",".00","79.40","","{2F6785B7-A5A4-1AA5-3608-A4FA0EE142D0}"
"439771","504570","79.40",".00",".00",".00",".00","79.40",".00",".00",".00",".00","79.40","16000.00","79.40",".00",".00",".00","79.40",".00",".00",".00","79.40","","{2F6785B7-A5A4-1AA5-3608-A4FA0EE142D0}"
"439772","504571","79.40",".00",".00",".00",".00","79.40",".00",".00",".00",".00","79.40","16000.00","79.40",".00",".00",".00","79.40",".00",".00",".00","79.40","","{2F6785B7-A5A4-1AA5-3608-A4FA0EE142D0}"
"439773","504572","79.40",".00",".00",".00",".00","79.40",".00",".00",".00",".00","79.40","16000.00","79.40",".00",".00",".00","79.40",".00",".00",".00","79.40","","{2F6785B7-A5A4-1AA5-3608-A4FA0EE142D0}"
"439774","504573","79.40",".00",".00",".00",".00","79.40",".00",".00",".00",".00","79.40","16000.00","79.40",".00",".00",".00","79.40",".00",".00",".00","79.40","","{2F6785B7-A5A4-1AA5-3608-A4FA0EE142D0}"
"439775","504574","79.40",".00",".00",".00",".00","79.40",".00",".00",".00",".00","79.40","16000.00","79.40",".00",".00",".00","79.40",".00",".00",".00","79.40","","{DDF7CD67-3DE7-00BC-1623-F3C4F98D06B2}"
"439776","504575","79.40",".00",".00",".00",".00","79.40",".00",".00",".00",".00","79.40","16000.00","79.40",".00",".00",".00","79.40",".00",".00",".00","79.40","","{DDF7CD67-3DE7-00BC-1623-F3C4F98D06B2}"
"439777","504576","79.40",".00",".00",".00",".00","79.40",".00",".00",".00",".00","79.40","16000.00","79.40",".00",".00",".00","79.40",".00",".00",".00","79.40","","{DDF7CD67-3DE7-00BC-1623-F3C4F98D06B2}"
"439778","504577","79.40",".00",".00",".00",".00","79.40",".00",".00",".00",".00","79.40","16000.00","79.40",".00",".00",".00","79.40",".00",".00",".00","79.40","","{DDF7CD67-3DE7-00BC-1623-F3C4F98D06B2}"
"439779","504578","79.40",".00",".00",".00",".00","79.40",".00",".00",".00",".00","79.40","16000.00","79.40",".00",".00",".00","79.40",".00",".00",".00","79.40","","{DDF7CD67-3DE7-00BC-1623-F3C4F98D06B2}"
"439780","504579","79.40",".00",".00",".00",".00","79.40",".00",".00",".00",".00","79.40","16000.00","79.40",".00",".00",".00","79.40",".00",".00",".00","79.40","","{DDF7CD67-3DE7-00BC-1623-F3C4F98D06B2}"
"439781","504580","79.40",".00",".00",".00",".00","79.40",".00",".00",".00",".00","79.40","16000.00","79.40",".00",".00",".00","79.40",".00",".00",".00","79.40","","{DDF7CD67-3DE7-00BC-1623-F3C4F98D06B2}"
"439782","504581","79.40",".00",".00",".00",".00","79.40",".00",".00",".00",".00","79.40","16000.00","79.40",".00",".00",".00","79.40",".00",".00",".00","79.40","","{DDF7CD67-3DE7-00BC-1623-F3C4F98D06B2}"
"439783","504582","79.40",".00",".00",".00",".00","79.40",".00",".00",".00",".00","79.40","16000.00","79.40",".00",".00",".00","79.40",".00",".00",".00","79.40","","{DDF7CD67-3DE7-00BC-1623-F3C4F98D06B2}"
"439784","504583","79.40",".00",".00",".00",".00","79.40",".00",".00",".00",".00","79.40","16000.00","79.40",".00",".00",".00","79.40",".00",".00",".00","79.40","","{DDF7CD67-3DE7-00BC-1623-F3C4F98D06B2}"
"439785","504584","79.40",".00",".00",".00",".00","79.40",".00",".00",".00",".00","79.40","16000.00","79.40",".00",".00",".00","79.40",".00",".00",".00","79.40","","{DDF7CD67-3DE7-00BC-1623-F3C4F98D06B2}"
"439786","504585",".00","1149.99",".00",".00","1149.99","1149.99","35.14",".00",".00","35.14","1114.85",".00",".00",".00","1149.99","1149.99","1149.99",".00","35.14","35.14","1114.85","","{DCB2F82D-1180-98B0-0F95-D5341AE6E245}"
"439790","504589","79.40",".00",".00",".00",".00","79.40",".00",".00",".00",".00","79.40","16000.00","79.40",".00",".00",".00","79.40",".00",".00",".00","79.40","","{1CE8360B-BAE1-6FB9-F198-27A4B7CD8A62}"
"439796","504596","20.00","1277.00",".03",".00","1277.03","1297.03","1179.76",".00",".00","1179.76","117.27",".00",".00","20.00","1277.03","1297.03","1297.03",".00","1179.76","1179.76","117.27","","{0CF3E209-690C-C6DD-0160-E5E05AB4FE9E}"
"439801","504601","190101.18","969.37","274.67",".00","1244.04","191345.22","273.79",".00",".00","273.79","191071.43",".00","193709.64","3388.13","1244.04","4632.17","198341.81","6996.59","273.79","7270.38","191071.43","","{5536DD43-F3C5-348E-0734-A45152323C2F}"
"439804","504605","57896.17",".00",".00",".00",".00","57896.17","959.79",".00",".00","959.79","56936.38",".00","42166.27","37645.00",".00","37645.00","79811.27","21915.10","959.79","22874.89","56936.38","","{C577C394-B032-7712-8906-3F1FBE8EB507}"
"439805","504606","3798.89",".00",".00",".00",".00","3798.89",".00",".00",".00",".00","3798.89",".00","200.00","3598.89",".00","3598.89","3798.89",".00",".00",".00","3798.89","","{E1C1FD2C-231E-8D0E-0435-4EAE85146B9B}"
"439806","504607","58502.81","4237.50",".00",".00","4237.50","62740.31","36250.00",".00",".00","36250.00","26490.31",".00","27231.80","31271.01","4237.50","35508.51","62740.31",".00","36250.00","36250.00","26490.31","","{8B6C98DE-8912-4EDD-9B04-3EB87907E2DA}"
"439807","504608","2294.25","100.00",".00",".00","100.00","2394.25","414.00",".00",".00","414.00","1980.25",".00",".00","3600.00","100.00","3700.00","3700.00","1305.75","414.00","1719.75","1980.25","","{DA346729-C135-AE8C-4D7A-31404A6A9ADD}"
"439808","504609","10646.94",".00",".00",".00",".00","10646.94","1000.00",".00",".00","1000.00","9646.94",".00","17896.94","250.00",".00","250.00","18146.94","7500.00","1000.00","8500.00","9646.94","","{C548E0F7-829F-E874-B9B7-4CA33AD7F236}"
"439813","504617","33.23",".00",".00",".00",".00","33.23",".00",".00",".00",".00","33.23",".00","33.23",".00",".00",".00","33.23",".00",".00",".00","33.23","","{A95D2B15-9DF7-B849-B971-969DEC88C76F}"
"439816","504620","30866.82",".00",".00",".00",".00","30866.82","406.25",".00",".00","406.25","30460.57",".00","31113.82",".00",".00",".00","31113.82","247.00","406.25","653.25","30460.57","","{9FF9E0D4-BC31-27B9-2EFC-4E31C20A82D4}"
"439818","504623","229.01","100.00",".00",".00","100.00","329.01",".00",".00",".00",".00","329.01",".00",".00","250.00","100.00","350.00","350.00","20.99",".00","20.99","329.01","","{349A76DC-F0B9-E4A5-0FB7-A2B432FDCD94}"
"439819","504624",".00",".00",".00",".00",".00",".00",".00",".00",".00",".00",".00",".00",".00",".00",".00",".00",".00",".00",".00",".00",".00","","{671E8B26-BAEA-9A7C-941F-06FCA2B36105}"
"439820","504625","3000.00",".00",".00",".00",".00","3000.00","2124.30",".00",".00","2124.30","875.70","3000.00",".00","3000.00",".00","3000.00","3000.00",".00","2124.30","2124.30","875.70","","{67724E69-50BD-B5F4-14CA-2773CEAF6B9A}"
"439821","504626","2471.11","23.00","3.09",".00","26.09","2497.20",".00",".00",".00",".00","2497.20",".00","2255.26","215.85","26.09","241.94","2497.20",".00",".00",".00","2497.20","","{A14AC80F-4239-BA79-A7BD-EE47DBA84D76}"
"439822","504627","10701.40","915.00",".00",".00","915.00","11616.40","1147.08",".00",".00","1147.08","10469.32","10000.00",".00","10750.00","915.00","11665.00","11665.00","48.60","1147.08","1195.68","10469.32","","{8862BC73-7D5B-3031-8DA6-2D437F1F5B39}"
"439825","504630","6401.53","3250.00",".00",".00","3250.00","9651.53","3388.75",".00",".00","3388.75","6262.78",".00","3020.29","6025.00","3250.00","9275.00","12295.29","2643.76","3388.75","6032.51","6262.78","","{D65643F5-51A5-6630-E5E1-A526D0CE93BC}"
"439827","504632","6709.52","12150.00","9.09",".00","12159.09","18868.61","750.00",".00",".00","750.00","18118.61",".00","5569.85","14376.68","12159.09","26535.77","32105.62","13237.01","750.00","13987.01","18118.61","","{0C2684AD-B4B9-5743-F47F-12B665C38883}"
"439828","504633","5261.98","100.00",".00",".00","100.00","5361.98","3.96",".00",".00","3.96","5358.02",".00","5072.87","275.00","100.00","375.00","5447.87","85.89","3.96","89.85","5358.02","","{2FE55494-C35F-5AEE-2928-D3351097738D}"
"439832","504637","2580.00","21151.80",".00","720.99","21872.79","24452.79","19490.28",".00",".00","19490.28","4962.51","720.99",".00","4634.34","21872.79","26507.13","26507.13","2054.34","19490.28","21544.62","4962.51","","{D7738761-05FF-9020-4813-138BA7CE85F1}"
"439833","504638","1872.23","570.00",".00",".00","570.00","2442.23","1721.24","720.99",".00","2442.23",".00",".00",".00","29838.58","570.00","30408.58","30408.58","27966.35","2442.23","30408.58",".00","","{F1BF0A30-B432-228C-8390-8D2553CD008F}"
"439834","504639","1440.25",".00",".00",".00",".00","1440.25",".00",".00",".00",".00","1440.25",".00","1440.25",".00",".00",".00","1440.25",".00",".00",".00","1440.25","","{27DDBD71-0051-F8B3-2C68-10C927252D00}"
"439836","504641","21594.00",".00",".00",".00",".00","21594.00",".00",".00",".00",".00","21594.00",".00","21594.00",".00",".00",".00","21594.00",".00",".00",".00","21594.00","","{3D44199D-C82F-CE10-4BF0-7CF7AD9070EA}"
"439837","504642","3144.81",".00",".00",".00",".00","3144.81",".00",".00",".00",".00","3144.81",".00","3144.81",".00",".00",".00","3144.81",".00",".00",".00","3144.81","","{EC6914AB-00B1-AA80-8860-5C7FBB46F27A}"
"439840","504645","500.00",".00",".00",".00",".00","500.00",".00",".00",".00",".00","500.00",".00","500.00",".00",".00",".00","500.00",".00",".00",".00","500.00","","{BF3BCC3B-7EF3-47E2-AF85-16515D011307}"
"439843","504648","7100.00","4055.00",".00",".00","4055.00","11155.00","4849.90",".00",".00","4849.90","6305.10",".00",".00","7100.00","4055.00","11155.00","11155.00",".00","4849.90","4849.90","6305.10","","{73900EC0-0326-D232-3AA7-68FF0B026035}"
"439844","504649","11015.32","3972.50",".00",".00","3972.50","14987.82","1118.90",".00",".00","1118.90","13868.92","2000.00","81.11","15831.09","3972.50","19803.59","19884.70","4896.88","1118.90","6015.78","13868.92","","{20AE954C-BEC1-EAEC-27FC-8B7023D07063}"
"439846","504651","39269.19",".00",".00",".00",".00","39269.19","14650.00",".00",".00","14650.00","24619.19",".00","30039.19","15480.00",".00","15480.00","45519.19","6250.00","14650.00","20900.00","24619.19","","{73C6CEC3-4013-5156-7CF1-ED999F289994}"
"439849","504654","1355.85",".00",".00",".00",".00","1355.85",".00",".00",".00",".00","1355.85","8203.16","1355.85",".00",".00",".00","1355.85",".00",".00",".00","1355.85","","{DFEE4A85-8187-8E9C-04D7-3EBCA06D154A}"
"439852","504657","3027.37","250.00",".00",".00","250.00","3277.37","57.74",".00",".00","57.74","3219.63",".00","1714.08","18153.90","250.00","18403.90","20117.98","16840.61","57.74","16898.35","3219.63","","{F2946A59-63A9-3203-B4E9-85B43EA1A629}"
"439854","504659","538.60",".00",".00",".00",".00","538.60",".00",".00",".00",".00","538.60",".00","441.60","540.72",".00","540.72","982.32","443.72",".00","443.72","538.60","","{53F784DF-957C-8693-4F1F-7BC64067730F}"
"439855","504660","8839.83","2715.00",".00",".00","2715.00","11554.83","1161.14",".00",".00","1161.14","10393.69",".00","1551.54","12784.27","2715.00","15499.27","17050.81","5495.98","1161.14","6657.12","10393.69","","{9838A896-7FA9-D5D4-2552-478F4940E4F0}"
"439856","504661","550.00",".00",".00",".00",".00","550.00",".00",".00",".00",".00","550.00",".00",".00","550.00",".00","550.00","550.00",".00",".00",".00","550.00","","{0469FEB5-4DE8-5955-9495-4E260F42DE1D}"
"439858","504663","14572.89",".00",".00",".00",".00","14572.89","100.00",".00",".00","100.00","14472.89",".00","14572.89",".00",".00",".00","14572.89",".00","100.00","100.00","14472.89","","{AFA64AE8-E4B9-76C4-67EB-0B63E3D4C772}"
"439862","504667",".00",".00",".00",".00",".00",".00",".00",".00",".00",".00",".00",".00",".00",".00",".00",".00",".00",".00",".00",".00",".00","","{2F97C09A-8846-B45D-3DF4-1F5D7683D5DC}"
"439865","504672","7354.20",".00",".00",".00",".00","7354.20","175.00",".00",".00","175.00","7179.20",".00","7504.20",".00",".00",".00","7504.20","150.00","175.00","325.00","7179.20","","{20891B0A-97CC-316A-9FE4-53A2420E1875}"
"439866","504673","142955.30","25000.00","4000.00",".00","29000.00","171955.30","60303.00",".00",".00","60303.00","111652.30",".00","158410.30","5000.00","29000.00","34000.00","192410.30","20455.00","60303.00","80758.00","111652.30","","{B48D7AE0-0F5E-3399-7E8E-D8497F231DE2}"
"439868","504675","550.00",".00",".00",".00",".00","550.00",".00",".00",".00",".00","550.00",".00","50.00","500.00",".00","500.00","550.00",".00",".00",".00","550.00","","{41188BDA-968B-2DC7-E54D-4DF3556E498C}"
"439869","504676","671.96",".00",".00",".00",".00","671.96",".00",".00",".00",".00","671.96",".00","671.96",".00",".00",".00","671.96",".00",".00",".00","671.96","","{9FE92304-3229-7A03-0BDE-E1648FC9B7E6}"
"439876","504683","1490.69",".00",".00",".00",".00","1490.69",".00",".00",".00",".00","1490.69","226.68","1490.69",".00",".00",".00","1490.69",".00",".00",".00","1490.69","","{6153919D-204B-3EAB-0CC4-A894B8B988B5}"
"439878","504685","4183.51",".00",".00",".00",".00","4183.51",".00",".00",".00",".00","4183.51",".00","4133.51","50.00",".00","50.00","4183.51",".00",".00",".00","4183.51","","{54385A5B-3908-8207-89A8-0F49140EAB97}"
"439879","504686","611.11","1000.00",".00",".00","1000.00","1611.11","300.00",".00",".00","300.00","1311.11",".00","611.11",".00","1000.00","1000.00","1611.11",".00","300.00","300.00","1311.11","","{1E6F0876-E785-9FC8-962C-8CD92060C398}"
"439880","504687","193.18","540.00",".00",".00","540.00","733.18","363.52",".00",".00","363.52","369.66",".00",".00","2870.00","540.00","3410.00","3410.00","2676.82","363.52","3040.34","369.66","","{81878346-D6EB-CAEE-F451-12349793F4B2}"
"439881","504688","541705.07",".00",".00",".00",".00","541705.07","210.00",".00",".00","210.00","541495.07",".00","282230.07","260000.00",".00","260000.00","542230.07","525.00","210.00","735.00","541495.07","","{809EEA8A-C987-F5D9-1602-ACEB15192D2D}"
"439883","504691","653.36","38.42",".00",".00","38.42","691.78",".00",".00",".00",".00","691.78",".00","557.31","96.05","38.42","134.47","691.78",".00",".00",".00","691.78","","{38236FA1-6D97-6E9B-30CD-CB86D1682A5D}"
"439886","504694","199.97","1600.00",".00",".00","1600.00","1799.97",".00",".00",".00",".00","1799.97","500.00","2.48","500.78","1600.00","2100.78","2103.26","303.29",".00","303.29","1799.97","","{6747C341-6A0A-9D1C-C6C6-E16325B2D9E6}"
"439887","504695","300.00",".00",".00",".00",".00","300.00",".00",".00",".00",".00","300.00",".00","300.00",".00",".00",".00","300.00",".00",".00",".00","300.00","","{124A7597-F93A-5EF8-86FA-524FCF3206C2}"
"439888","504696","9102.69",".00",".00",".00",".00","9102.69",".00",".00",".00",".00","9102.69",".00","9102.69",".00",".00",".00","9102.69",".00",".00",".00","9102.69","","{C287D7D2-BA56-4B29-A42A-D94C8F7B6CED}"
"439890","504698","15682.45",".00",".00",".00",".00","15682.45","3250.00",".00",".00","3250.00","12432.45",".00","23391.87","12525.00",".00","12525.00","35916.87","20234.42","3250.00","23484.42","12432.45","","{2E331D82-3F67-4459-A87B-D618956D08B9}"
"439891","504697","205.00","18.00",".00",".00","18.00","223.00",".00",".00",".00",".00","223.00",".00","205.00",".00","18.00","18.00","223.00",".00",".00",".00","223.00","","{0920B8BC-A8EE-EBB9-A5F5-1C02452D801A}"
"439893","504700","83979.98","132132.50",".00",".00","132132.50","216112.48","68970.83",".00",".00","68970.83","147141.65",".00","25910.31","181970.80","132132.50","314103.30","340013.61","123901.13","68970.83","192871.96","147141.65","","{9B2909FE-AF30-CD2A-45F3-DC8757806156}"
"439894","504701","184152.85","11130.24",".00",".00","11130.24","195283.09","3500.00",".00",".00","3500.00","191783.09",".00","166027.94","18624.91","11130.24","29755.15","195783.09","500.00","3500.00","4000.00","191783.09","","{CA2CAA9D-7CC4-EA21-FA38-5DBD8F40024B}"
"439895","504702","467.19","650.00",".00",".00","650.00","1117.19",".00",".00",".00",".00","1117.19",".00","17.19","450.00","650.00","1100.00","1117.19",".00",".00",".00","1117.19","","{F2FA7471-F396-C6CF-7042-9F3695BB0427}"
"439897","504704",".00",".00",".00",".00",".00",".00",".00",".00",".00",".00",".00","783.83",".00",".00",".00",".00",".00",".00",".00",".00",".00","","{1C30A933-B643-18F4-9492-F06D4F228558}"
"439898","504705","4582.84",".00",".00",".00",".00","4582.84","1867.62",".00",".00","1867.62","2715.22",".00","6370.84",".00",".00",".00","6370.84","1788.00","1867.62","3655.62","2715.22","","{C3783EB0-0013-5F4D-005F-12CF98BFE889}"
"439900","504707","40826.71","6118.11",".00",".00","6118.11","46944.82","4500.00",".00",".00","4500.00","42444.82",".00","35480.09","43596.62","6118.11","49714.73","85194.82","38250.00","4500.00","42750.00","42444.82","","{414AECDD-84B4-D3C0-7BD3-0704AD973DEF}"
"439901","504708","871.99",".00",".00",".00",".00","871.99",".00",".00",".00",".00","871.99",".00","1918.93",".00",".00",".00","1918.93","1046.94",".00","1046.94","871.99","","{824F7A06-62C9-4F1A-AC46-E08CEA8F4BEC}"
"439902","504709","16901.45","500.00",".00",".00","500.00","17401.45",".00",".00",".00",".00","17401.45",".00","16401.45","500.00","500.00","1000.00","17401.45",".00",".00",".00","17401.45","","{C9A24BDE-E6D7-E769-B004-D736DCCFECE4}"
"439905","504712","16069.09",".00",".00",".00",".00","16069.09","2500.00",".00",".00","2500.00","13569.09",".00","16069.09",".00",".00",".00","16069.09",".00","2500.00","2500.00","13569.09","","{0F33F321-DF8E-A889-82BD-4DBCEC78E38C}"
"439912","504719","2150.52",".00",".00",".00",".00","2150.52",".00",".00",".00",".00","2150.52",".00",".00","104.13",".00","104.13","104.13","104.13",".00","104.13",".00","","{2F9EC97C-1D16-8760-0F86-705A225D11C8}"
"439914","504721","123699.75","1000.00",".00",".00","1000.00","124699.75","2500.00",".00",".00","2500.00","122199.75",".00","92272.73","33927.02","1000.00","34927.02","127199.75","2500.00","2500.00","5000.00","122199.75","","{33FDE8B1-9861-1817-42E8-44DA12ED3671}"
"439915","504722","651.69",".00",".00",".00",".00","651.69",".00",".00",".00",".00","651.69",".00","651.69",".00",".00",".00","651.69",".00",".00",".00","651.69","","{DBDC3033-CC5D-7C98-4466-FC03B4A1E4EE}"
"439917","504724",".00",".00",".00",".00",".00",".00",".00",".00",".00",".00",".00",".00",".00",".00",".00",".00",".00",".00",".00",".00",".00","","{1E8C65F9-AA5A-7E8A-7670-4D3717BFFC78}"
"439919","504727",".00",".00",".00",".00",".00",".00",".00",".00",".00",".00",".00",".00",".00",".00",".00",".00",".00",".00",".00",".00",".00","","{1E8C65F9-AA5A-7E8A-7670-4D3717BFFC78}"
"439920","504725","152111.38","12113.01",".00",".00","12113.01","164224.39","2128.97",".00",".00","2128.97","162095.42",".00","134932.93","19463.35","12113.01","31576.36","166509.29","2284.90","2128.97","4413.87","162095.42","","{8ED50315-DCDD-C320-75D2-EEA3DB75395A}"
"439923","504730","5180.72",".00",".00",".00",".00","5180.72",".00",".00",".00",".00","5180.72",".00","5180.72",".00",".00",".00","5180.72",".00",".00",".00","5180.72","","{9D531B9A-0710-F829-7790-46A3A45EEA57}"
"439924","504731",".00","400.00",".00",".00","400.00","400.00","399.07",".00",".00","399.07",".93",".00",".00",".00","400.00","400.00","400.00",".00","399.07","399.07",".93","","{A4BD78D4-D47F-0724-38FB-8BAE98FCD36B}"
"439927","504734","267680.73","159562.50","34.69",".00","159597.19","427277.92","29280.00",".00",".00","29280.00","397997.92",".00","243450.78","34587.51","159597.19","194184.70","437635.48","10357.56","29280.00","39637.56","397997.92","","{DB3ABDDB-8686-F572-A3ED-C542A4D8879F}"
"439928","504735","9716.27",".00",".00",".00",".00","9716.27","302.33",".00",".00","302.33","9413.94",".00","10055.39",".00",".00",".00","10055.39","339.12","302.33","641.45","9413.94","","{CC5307E3-9972-6DDD-88EB-AB5DCC71637C}"
"439929","504736","7500.00",".00",".00",".00",".00","7500.00",".00",".00",".00",".00","7500.00",".00","7500.00",".00",".00",".00","7500.00",".00",".00",".00","7500.00","","{BFDD2FBA-7AD6-F628-C05E-17A9D8D3C755}"
"439930","504737","427.21",".00",".00",".00",".00","427.21",".00",".00",".00",".00","427.21",".00","1177.21",".00",".00",".00","1177.21","750.00",".00","750.00","427.21","","{C6662F22-0373-2DCA-066C-278D5202E6B6}"
"439931","504738",".00","1350.00",".00","5030.71","6380.71","6380.71","5030.71",".00",".00","5030.71","1350.00","5030.71",".00",".00","6380.71","6380.71","6380.71",".00","5030.71","5030.71","1350.00","","{5F9E5292-DDF3-AC18-539F-35B4EDFB3AC4}"
"439932","504739","145.51",".00",".00",".00",".00","145.51",".00",".00",".00",".00","145.51",".00","145.51",".00",".00",".00","145.51",".00",".00",".00","145.51","","{4EDCE42C-6E06-0992-814B-C6678379F982}"
"439933","504740","1096.61",".00",".00",".00",".00","1096.61",".00",".00",".00",".00","1096.61",".00","41073.54","5501.11",".00","5501.11","46574.65","45478.04",".00","45478.04","1096.61","","{B96C65CA-CA70-E7F7-F701-018657327F9B}"
"439934","504741","27276.48",".00",".00",".00",".00","27276.48","1408.14",".00",".00","1408.14","25868.34",".00","27426.48",".00",".00",".00","27426.48","150.00","1408.14","1558.14","25868.34","","{80C27037-96AC-71C2-FCE6-5E66749EC52E}"
"439935","504742","49790.00","25000.00",".00",".00","25000.00","74790.00","175.00",".00",".00","175.00","74615.00",".00","50945.00",".00","25000.00","25000.00","75945.00","1155.00","175.00","1330.00","74615.00","","{085713C2-0678-A9D5-1822-3E58E5A3BFDE}"
"439936","504743","64836.02","12000.00",".00",".00","12000.00","76836.02","3125.25",".00",".00","3125.25","73710.77",".00","66793.02","12000.00","12000.00","24000.00","90793.02","13957.00","3125.25","17082.25","73710.77","","{27E2B6CB-F147-64FE-75FC-7144370AC2E7}"
"439937","504744","421.74","8375.40",".00",".00","8375.40","8797.14",".00",".00",".00",".00","8797.14",".00","421.74",".00","8375.40","8375.40","8797.14",".00",".00",".00","8797.14","","{4405C95C-7478-F76C-8F4F-45BB6DB76358}"
"439938","504745","59319.25","165.00",".00",".00","165.00","59484.25","6500.00",".00",".00","6500.00","52984.25",".00","51384.25","10435.00","165.00","10600.00","61984.25","2500.00","6500.00","9000.00","52984.25","","{02523A63-C948-36BD-9050-3B9CDD15D9D2}"
"439940","504748",".00","3099.00",".00",".00","3099.00","3099.00","1224.81",".00",".00","1224.81","1874.19",".00",".00",".00","3099.00","3099.00","3099.00",".00","1224.81","1224.81","1874.19","","{95809047-AA51-A7FA-E464-06A576238642}"
"439941","504751",".00","250.00",".00","35.00","285.00","285.00","90.08","35.00",".00","125.08","159.92",".00",".00","34.20","285.00","319.20","319.20","34.20","125.08","159.28","159.92","","{0B4141C2-78FD-E750-FBD3-96E29B7823F4}"
"439942","504749","1350.00","675.00",".00","3600.00","4275.00","5625.00","3600.00",".00",".00","3600.00","2025.00","8630.71",".00","6380.71","4275.00","10655.71","10655.71","5030.71","3600.00","8630.71","2025.00","","{188D4F45-FB28-7A9F-0801-B81DF5358984}"
"439944","504753","70.46",".00",".00",".00",".00","70.46",".00",".00",".00",".00","70.46",".00",".00",".00",".00",".00",".00",".00",".00",".00",".00","","{B2887630-5120-D692-97E8-8DAA8D9D5A38}"
"439946","504757",".00",".00",".00",".00",".00",".00",".00",".00",".00",".00",".00",".00",".00","20.00",".00","20.00","20.00","20.00",".00","20.00",".00","","{DE2876C1-AB3D-1FE7-862E-BE6B175454D4}"
"439949","504761","50818.38",".00",".00",".00",".00","50818.38",".00",".00",".00",".00","50818.38",".00","49569.68","1253.00",".00","1253.00","50822.68","4.30",".00","4.30","50818.38","","{334F3D42-F9BB-F834-787F-1596420AD23A}"
"439950","504762","38935.20","13000.00",".00",".00","13000.00","51935.20","2532.45",".00",".00","2532.45","49402.75",".00",".00","43108.23","13000.00","56108.23","56108.23","4173.03","2532.45","6705.48","49402.75","","{25134BE4-0B44-67FE-23DE-262BFFC0CE5D}"
"439952","504764","48568.26","58.30",".00",".00","58.30","48626.56","434.30",".00",".00","434.30","48192.26",".00",".00","56108.23","58.30","56166.53","56166.53","7539.97","434.30","7974.27","48192.26","","{FB61A6DB-F3E1-A16E-2670-130989496D10}"
"439960","504772","7894.17",".00",".00",".00",".00","7894.17",".00",".00",".00",".00","7894.17",".00","7894.17",".00",".00",".00","7894.17",".00",".00",".00","7894.17","","{A864E27B-E71E-5BD5-9F71-4AECCCAD7541}"
"439961","504773",".00",".00",".00",".00",".00",".00",".00",".00",".00",".00",".00",".00",".00",".00",".00",".00",".00",".00",".00",".00",".00","","{E6AAA873-584B-C1BD-C37E-CCED82DBCF1C}"
"439963","504775","148.17",".00",".00",".00",".00","148.17",".00",".00",".00",".00","148.17",".00","148.17",".00",".00",".00","148.17",".00",".00",".00","148.17","","{8A675763-8103-4B95-FCD3-CA5331305628}"
"439964","504776","148.17",".00",".00",".00",".00","148.17",".00",".00",".00",".00","148.17",".00","148.17",".00",".00",".00","148.17",".00",".00",".00","148.17","","{8A675763-8103-4B95-FCD3-CA5331305628}"
"439966","504778","79.55","260.23",".00",".00","260.23","339.78","260.23",".00",".00","260.23","79.55",".00","19.55","151.78","260.23","412.01","431.56","91.78","260.23","352.01","79.55","","{36CB6960-5F68-C02E-2F94-72D014A26D21}"
"439968","504781","1350.00","675.00",".00","3600.00","4275.00","5625.00","4085.00",".00",".00","4085.00","1540.00","8630.71",".00","6380.71","4275.00","10655.71","10655.71","5030.71","4085.00","9115.71","1540.00","","{188D4F45-FB28-7A9F-0801-B81DF5358984}"
"439971","504784",".00","554.07",".00",".00","554.07","554.07","379.07",".00",".00","379.07","175.00",".00",".00",".00","554.07","554.07","554.07",".00","379.07","379.07","175.00","","{DAA8A178-1B62-B176-4695-0484DE91660B}"
"439973","504786","1540.00","200.00",".00",".00","200.00","1740.00",".00","1740.00",".00","1740.00",".00","6890.71",".00","10655.71","200.00","10855.71","10855.71","9115.71","1740.00","10855.71",".00","","{95ECA903-E99F-3EAE-6253-FE9B7500C2E4}"
"439975","504788",".00",".00",".00",".00",".00",".00",".00",".00",".00",".00",".00","6890.71",".00","10855.71",".00","10855.71","10855.71","10855.71",".00","10855.71",".00","","{677DADC8-887E-A36D-E72D-B494D268B203}"
"439976","504789","49042.53","3100.00",".00",".00","3100.00","52142.53","1000.00",".00",".00","1000.00","51142.53",".00","55792.53","2250.00","3100.00","5350.00","61142.53","9000.00","1000.00","10000.00","51142.53","","{A9E57EAB-6228-BD4D-81EF-D2A2D9A9AA87}"
"439977","504791","16658.22",".00",".00",".00",".00","16658.22",".00",".00",".00",".00","16658.22",".00","20378.69","29.48",".00","29.48","20408.17","3749.95",".00","3749.95","16658.22","","{EB9C8E63-C2C9-F2D3-8F87-3236F28D1705}"
"439978","504790",".00",".00",".00",".00",".00",".00",".00",".00",".00",".00",".00","6890.71",".00","10855.71",".00","10855.71","10855.71","10855.71",".00","10855.71",".00","","{F79ECB71-CE36-C3B9-F3B0-9BB9F1AF4503}"
"439980","504793",".00",".00",".00",".00",".00",".00",".00",".00",".00",".00",".00","6890.71",".00","10855.71",".00","10855.71","10855.71","10855.71",".00","10855.71",".00","","{305304E1-49A1-9EF0-953C-8BE65984C034}"
"439981","504794","8360.26","7750.02",".00",".00","7750.02","16110.28",".00",".00",".00",".00","16110.28",".00","6052.34","2307.92","7750.02","10057.94","16110.28",".00",".00",".00","16110.28","","{8EAA0655-5810-920B-61BF-CDE99EE77925}"
"439982","504795","22499.00","175.00",".69",".00","175.69","22674.69","3889.00",".00",".00","3889.00","18785.69",".00","16703.45","6295.55","175.69","6471.24","23174.69","500.00","3889.00","4389.00","18785.69","","{96A57000-A14B-97A3-E850-8BEA4949C74E}"
"439983","504796","504.06","582.18",".00",".00","582.18","1086.24","440.08",".00",".00","440.08","646.16",".00",".00","3200.49","582.18","3782.67","3782.67","2696.43","440.08","3136.51","646.16","","{DA4A9D3A-0EAF-F660-3025-17D59426CB92}"
"439985","504800",".00",".00",".00",".00",".00",".00",".00",".00",".00",".00",".00","6890.71",".00","10855.71",".00","10855.71","10855.71","10855.71",".00","10855.71",".00","","{566B064D-8274-CA95-F71B-4955C3295E02}"
"439986","504801","14422.77",".00",".00",".00",".00","14422.77","3093.12",".00",".00","3093.12","11329.65",".00","14467.77",".00",".00",".00","14467.77","45.00","3093.12","3138.12","11329.65","","{5C90B5EE-70E6-8947-F58C-1FACDE046B95}"
"439989","504804",".00",".00",".00",".00",".00",".00",".00",".00",".00",".00",".00","6890.71",".00","10855.71",".00","10855.71","10855.71","10855.71",".00","10855.71",".00","","{819BD3E6-6A5E-F779-C619-1C7721021DA4}"
"439990","504806",".00",".00",".00",".00",".00",".00",".00",".00",".00",".00",".00",".00",".00",".00",".00",".00",".00",".00",".00",".00",".00","","{6C6FBA86-ACC6-81EF-D7D2-3465BB07ABE4}"
"439994","504809","18289.24",".00",".00",".00",".00","18289.24","230.14",".00",".00","230.14","18059.10",".00","9665.85","21000.00",".00","21000.00","30665.85","12376.61","230.14","12606.75","18059.10","","{EA15951C-C01A-9BFA-6AE6-B2C555275D47}"
"439995","504810","3803.28",".00",".00",".00",".00","3803.28",".00",".00",".00",".00","3803.28",".00","3803.28",".00",".00",".00","3803.28",".00",".00",".00","3803.28","","{AEC01C0B-B4CD-9C9F-9BBE-B4A1C660A210}"
"440000","504815","200.00","774.99",".00",".00","774.99","974.99","127.84",".00",".00","127.84","847.15",".00",".00","200.00","774.99","974.99","974.99",".00","127.84","127.84","847.15","","{12588BF9-1DD5-C5E3-3C96-DAB8CAF63FF9}"
"440004","504819",".00",".00",".00",".00",".00",".00",".00",".00",".00",".00",".00","6890.71",".00",".00",".00",".00",".00",".00",".00",".00",".00","","{7B807E92-795D-FF67-056C-69635ECA4437}"
"440005","504820",".00",".00",".00",".00",".00",".00",".00",".00",".00",".00",".00","6890.71",".00",".00",".00",".00",".00",".00",".00",".00",".00","","{CA81B37D-0B81-CCC0-2F6D-354F264508C7}"
"440006","504821",".00",".00",".00",".00",".00",".00",".00",".00",".00",".00",".00","6890.71",".00",".00",".00",".00",".00",".00",".00",".00",".00","","{5AF38DB3-C87B-BF5A-E9E9-55433D4F750C}"
"440007","504822",".00",".00",".00",".00",".00",".00",".00",".00",".00",".00",".00","6890.71",".00",".00",".00",".00",".00",".00",".00",".00",".00","","{2E9EAD26-2427-69E1-3B62-C5942F055E43}"
"440008","504823",".00",".00",".00",".00",".00",".00",".00",".00",".00",".00",".00","6890.71",".00",".00",".00",".00",".00",".00",".00",".00",".00","","{0A622117-AF6B-9066-AB4D-A5D644CE429A}"
"440010","504825",".00",".00",".00",".00",".00",".00",".00",".00",".00",".00",".00","6890.71",".00",".00",".00",".00",".00",".00",".00",".00",".00","","{E259B23F-B889-2A8B-9F38-D6E68E940FE1}"
"440011","504826",".00",".00",".00",".00",".00",".00",".00",".00",".00",".00",".00","6890.71",".00",".00",".00",".00",".00",".00",".00",".00",".00","","{9B0397D4-AA9B-2CE7-E6F7-5A36E503D58F}"
"440013","504828","8350.81","12545.00",".00",".00","12545.00","20895.81","13236.20",".00",".00","13236.20","7659.61",".00",".00","12280.36","12545.00","24825.36","24825.36","3929.55","13236.20","17165.75","7659.61","","{4C85E3CE-0E0A-04B2-A815-752FDEE27A81}"
"440014","504829",".00",".00",".00",".00",".00",".00",".00",".00",".00",".00",".00","6890.71",".00",".00",".00",".00",".00",".00",".00",".00",".00","","{7B688318-3BAB-B203-4989-24DEF8D8E560}"
"440016","504831",".00",".00",".00",".00",".00",".00",".00",".00",".00",".00",".00","6890.71",".00",".00",".00",".00",".00",".00",".00",".00",".00","","{5FFDDF4F-1B56-8023-B0A1-BCD4DD99094A}"
"440017","504832",".00",".00",".00",".00",".00",".00",".00",".00",".00",".00",".00","6890.71",".00",".00",".00",".00",".00",".00",".00",".00",".00","","{3593219B-BE48-750A-DF1F-FCEA95E5EF47}"
"440018","504833",".00",".00",".00",".00",".00",".00",".00",".00",".00",".00",".00","6890.71",".00",".00",".00",".00",".00",".00",".00",".00",".00","","{6473F79A-BC5F-3AC8-5A62-EDEBB19CFA87}"
"440019","504835","53415.61","12966.98","2273.14",".00","15240.12","68655.73","8910.64",".00",".00","8910.64","59745.09","1808.28","61159.44","30689.87","15240.12","45929.99","107089.43","38433.70","8910.64","47344.34","59745.09","","{EC7FE53B-F654-9774-C1FD-6FBC17C84791}"
"440020","504834",".00",".00",".00",".00",".00",".00",".00",".00",".00",".00",".00","6890.71",".00",".00",".00",".00",".00",".00",".00",".00",".00","","{7145415B-5FA2-8978-5104-E081B8577B4E}"
"440021","504836",".00",".00",".00",".00",".00",".00",".00",".00",".00",".00",".00","6890.71",".00",".00",".00",".00",".00",".00",".00",".00",".00","","{4DFF16CE-B655-DCA1-7D2B-663EACB14402}"
"440023","504838",".00",".00",".00",".00",".00",".00",".00",".00",".00",".00",".00","6890.71",".00",".00",".00",".00",".00",".00",".00",".00",".00","","{5F295763-4875-4849-8FD3-307E216DF173}"
"440024","504839",".00",".00",".00",".00",".00",".00",".00",".00",".00",".00",".00","6890.71",".00",".00",".00",".00",".00",".00",".00",".00",".00","","{5E05D3B7-0492-F696-30A1-CEC475E91CB4}"
"440025","504840",".00",".00",".00",".00",".00",".00",".00",".00",".00",".00",".00","6890.71",".00",".00",".00",".00",".00",".00",".00",".00",".00","","{F57900BB-3AF8-10A6-A19A-ADE83005F7E3}"
"440026","504841","1000.00","7093.40",".00",".00","7093.40","8093.40","1938.59",".00",".00","1938.59","6154.81","1000.00",".00","1041.98","7093.40","8135.38","8135.38","41.98","1938.59","1980.57","6154.81","","{981B9561-A98B-89CD-6EE0-3B1A4CEF29FA}"
"440027","504842","100.00",".00",".00",".00",".00","100.00",".00",".00",".00",".00","100.00",".00",".00","100.00",".00","100.00","100.00",".00",".00",".00","100.00","","{CDE39BE1-4617-72FC-98A8-9E38828F1D31}"
"440029","504843",".00",".00",".00",".00",".00",".00",".00",".00",".00",".00",".00","6890.71",".00",".00",".00",".00",".00",".00",".00",".00",".00","","{BEFCFD01-DEE9-7894-BA4F-B88F0CD86A05}"
"440030","504845",".00",".00",".00",".00",".00",".00",".00",".00",".00",".00",".00",".00",".00",".00",".00",".00",".00",".00",".00",".00",".00","","{EF96ABF9-BD7F-29C3-B161-FA1D438A89AE}"
"440031","504846",".00",".00",".00",".00",".00",".00",".00",".00",".00",".00",".00","6890.71",".00",".00",".00",".00",".00",".00",".00",".00",".00","","{8AC1E8FE-4C86-6F3C-B24B-68B613040420}"
"440032","504847",".00",".00",".00",".00",".00",".00",".00",".00",".00",".00",".00","6890.71",".00",".00",".00",".00",".00",".00",".00",".00",".00","","{55D6795C-6AA5-D145-8B2C-7F331945B20E}"
"440033","504848",".00",".00",".00",".00",".00",".00",".00",".00",".00",".00",".00","6890.71",".00",".00",".00",".00",".00",".00",".00",".00",".00","","{9A0221E5-DE93-AED6-681B-EA7BD4589C95}"
"440034","504849",".00",".00",".00",".00",".00",".00",".00",".00",".00",".00",".00","6890.71",".00",".00",".00",".00",".00",".00",".00",".00",".00","","{F7A70D08-F854-B7A2-FD86-B8314719ACE5}"
"440041","504856",".00",".00",".00",".00",".00",".00",".00",".00",".00",".00",".00","6890.71",".00",".00",".00",".00",".00",".00",".00",".00",".00","","{D2EB7806-2DFC-4ECC-9C07-4426EC71D13F}"
"440043","504858",".00",".00",".00",".00",".00",".00",".00",".00",".00",".00",".00","6890.71",".00",".00",".00",".00",".00",".00",".00",".00",".00","","{D2EB7806-2DFC-4ECC-9C07-4426EC71D13F}"
"440044","504859",".00",".00",".00",".00",".00",".00",".00",".00",".00",".00",".00","6890.71",".00",".00",".00",".00",".00",".00",".00",".00",".00","","{C628BD8B-5BDB-241E-29D3-BE3062136131}"
"440046","504861","470.44",".00",".00",".00",".00","470.44",".00",".00",".00",".00","470.44","1581.58","470.44",".00",".00",".00","470.44",".00",".00",".00","470.44","","{D786F5A4-1CD3-9551-2070-0BFB41761A7A}"
"440050","504865","470.44",".00",".00",".00",".00","470.44",".00",".00",".00",".00","470.44","1581.58","470.44",".00",".00",".00","470.44",".00",".00",".00","470.44","","{4E6DEDD9-DBF8-E2E5-2E66-5ABE4AE7F3DE}"
"440053","504868","411.16","400.00",".00",".00","400.00","811.16",".00",".00",".00",".00","811.16",".00",".00","1310.00","400.00","1710.00","1710.00","898.84",".00","898.84","811.16","","{629BFD9D-5EB8-43E7-4563-2A80BE582354}"
"440054","504869",".00",".00",".00",".00",".00",".00",".00",".00",".00",".00",".00","6890.71",".00",".00",".00",".00",".00",".00",".00",".00",".00","","{CA8F6DDC-6C81-F352-1646-2B19247526B1}"
"440056","504871",".00",".00",".00",".00",".00",".00",".00",".00",".00",".00",".00","6890.71",".00",".00",".00",".00",".00",".00",".00",".00",".00","","{60584004-1FFC-FD3B-1B1E-121D02FF4BD4}"
"440062","504877",".00",".00",".00",".00",".00",".00",".00",".00",".00",".00",".00","6890.71",".00",".00",".00",".00",".00",".00",".00",".00",".00","","{0703851F-75A9-F597-20A0-9C6947A9666A}"
"440063","504878","20664.77",".00",".71",".00",".71","20665.48",".00",".00",".00",".00","20665.48",".00","20664.08",".69",".71","1.40","20665.48",".00",".00",".00","20665.48","","{DAA92075-7D55-E4B3-B7B7-9DB7AAF286B5}"
"440064","504879",".00",".00",".00",".00",".00",".00",".00",".00",".00",".00",".00","6890.71",".00",".00",".00",".00",".00",".00",".00",".00",".00","","{10C63923-9BCF-0B64-C620-07F92B9BDE5D}"
"440065","504880","4266.00",".00",".00",".00",".00","4266.00","4266.00",".00",".00","4266.00",".00",".00","16641.99",".00",".00",".00","16641.99","12375.99","4266.00","16641.99",".00","","{FE01CD4D-4E3D-9D2D-3B4D-FF9DCB1A68D1}"
"440066","504881",".00","6890.71",".00",".00","6890.71","6890.71",".00","6890.71",".00","6890.71",".00",".00",".00",".00","6890.71","6890.71","6890.71",".00","6890.71","6890.71",".00","","{D96B8902-694F-AF56-498A-DAFE154DA46B}"
"440069","504885","117.59",".00",".00",".00",".00","117.59","19.80",".00",".00","19.80","97.79",".00","137.39",".00",".00",".00","137.39","19.80","19.80","39.60","97.79","","{A2314F60-DA5B-3E23-6DD7-5B516000DD72}"
"440071","504887","934.46",".00",".79",".00",".79","935.25",".00",".00",".00",".00","935.25","900.00","933.69",".77",".79","1.56","935.25",".00",".00",".00","935.25","","{BE68639C-717B-B6B3-1E85-15E18FEA77AE}"
"440072","504888","289071.17","140.00","20.39",".00","160.39","289231.56","138892.38",".00",".00","138892.38","150339.18",".00","9487.64","41009884.30","160.39","41010044.69","41019532.33","40730300.77","138892.38","40869193.15","150339.18","","{15A2EADC-27BF-067E-AE10-CD0551148449}"
"440075","504894","640.00",".00",".00",".00",".00","640.00",".00",".00",".00",".00","640.00",".00","390.00","250.00",".00","250.00","640.00",".00",".00",".00","640.00","","{BA2B5DC2-D8C6-EA6E-289F-38109DB77232}"
"440076","504895","640.00",".00",".00",".00",".00","640.00",".00",".00",".00",".00","640.00",".00","390.00","250.00",".00","250.00","640.00",".00",".00",".00","640.00","","{BA2B5DC2-D8C6-EA6E-289F-38109DB77232}"
"440078","504898","7757.31",".00",".00",".00",".00","7757.31",".00",".00",".00",".00","7757.31",".00","10757.31",".00",".00",".00","10757.31","3000.00",".00","3000.00","7757.31","","{4608E81C-7C93-EFFB-FC2C-AC987BBA8C3E}"
"440080","504900",".00",".00",".00",".00",".00",".00",".00",".00",".00",".00",".00",".00",".00",".00",".00",".00",".00",".00",".00",".00",".00","","{DFA0A23B-FFD0-0AF8-D857-1FE124E60432}"
"440082","504902","100.00",".00",".00",".00",".00","100.00",".00",".00",".00",".00","100.00",".00",".00","500.00",".00","500.00","500.00","400.00",".00","400.00","100.00","","{D20AE584-167E-EAB7-0FA6-7C732FFEC117}"
"440083","504903","126.80",".00",".00",".00",".00","126.80",".00",".00",".00",".00","126.80",".00","126.80",".00",".00",".00","126.80",".00",".00",".00","126.80","","{8730F832-410C-268E-1C56-BB3DFE15C9AF}"
"440084","504904","601.14","700.00",".00",".00","700.00","1301.14",".00",".00",".00",".00","1301.14",".00",".00","1550.00","700.00","2250.00","2250.00","948.86",".00","948.86","1301.14","","{BDCB5799-4C37-2CFF-C508-3CC35D8D84FD}"
"440085","504905","4432.01","560.00",".00",".00","560.00","4992.01","22.20",".00",".00","22.20","4969.81",".00","5441.77","2574.00","560.00","3134.00","8575.77","3583.76","22.20","3605.96","4969.81","","{8A539E16-B033-F083-E1F2-66B7775BD8FC}"
"440087","504907","7321.50",".00",".00",".00",".00","7321.50",".00",".00",".00",".00","7321.50",".00","7321.50",".00",".00",".00","7321.50",".00",".00",".00","7321.50","","{DA416EBD-4828-AF9F-9ACA-917E629D70B5}"
"440088","504908","372.43",".00",".00",".00",".00","372.43",".00",".00",".00",".00","372.43",".00","372.43",".00",".00",".00","372.43",".00",".00",".00","372.43","","{85415562-24EB-8E52-3EAC-6C276544917A}"
"440089","504909","1366.52",".00",".00",".00",".00","1366.52",".00",".00",".00",".00","1366.52",".00","7065.66","116.36",".00","116.36","7182.02","5815.50",".00","5815.50","1366.52","","{524AFB9D-B749-383F-C766-22FD91B3A700}"
"440090","504910","4398.37",".00",".00",".00",".00","4398.37",".00",".00",".00",".00","4398.37",".00","4398.37",".00",".00",".00","4398.37",".00",".00",".00","4398.37","","{F3CB3AB2-B89A-B129-ABC6-75DB0C8BA560}"
"440091","504911","607.71",".00",".00",".00",".00","607.71",".00",".00",".00",".00","607.71","489.50","607.71",".00",".00",".00","607.71",".00",".00",".00","607.71","","{078BB247-2D2A-B9F2-176C-2D4BB8F16991}"
"440095","504915","40.42",".00",".00",".00",".00","40.42",".00",".00",".00",".00","40.42",".00","6.90","6100.00",".00","6100.00","6106.90","6066.48",".00","6066.48","40.42","","{0E137851-E171-10CD-02F9-9DBD9B054217}"
"440096","504916","2918.21",".00",".00",".00",".00","2918.21",".00",".00",".00",".00","2918.21",".00","360.25","2789.96",".00","2789.96","3150.21","232.00",".00","232.00","2918.21","","{1AD8AE9E-6F1D-C06F-2208-DD85069528E6}"
"440097","504917","3627.41",".00",".00",".00",".00","3627.41","1000.00",".00",".00","1000.00","2627.41",".00",".00","10170808.74",".00","10170808.74","10170808.74","10167181.33","1000.00","10168181.33","2627.41","","{D5586B34-3CA9-091E-0CA9-D0C2516CAD18}"
"440098","504918","350.00",".00",".00",".00",".00","350.00",".00",".00",".00",".00","350.00",".00","350.00",".00",".00",".00","350.00",".00",".00",".00","350.00","","{15FC38D5-F927-05D9-8C8B-8391DACA07EF}"
"440099","504919","50.00",".00",".00",".00",".00","50.00",".00",".00",".00",".00","50.00",".00",".00","3000.00",".00","3000.00","3000.00","2950.00",".00","2950.00","50.00","","{13825BA0-1E58-FC23-B0F2-A81F57DB818E}"
"440100","504920","17312.62","1628.36",".00",".00","1628.36","18940.98",".00",".00",".00",".00","18940.98",".00","20312.62",".00","1628.36","1628.36","21940.98","3000.00",".00","3000.00","18940.98","","{B3992227-8C74-2B0C-4E1B-8210DB0D4C85}"
"440101","504921",".00",".00",".00",".00",".00",".00",".00",".00",".00",".00",".00",".00",".00",".00",".00",".00",".00",".00",".00",".00",".00","","{9C5BC327-85EB-7A67-4DEB-E7124CFB0109}"
"440102","504922","1100.00","50000.00",".00",".00","50000.00","51100.00","40676.71",".00",".00","40676.71","10423.29",".00","1100.00",".00","50000.00","50000.00","51100.00",".00","40676.71","40676.71","10423.29","","{FE1C69C5-1DFB-A1F9-3626-3E922126BEE6}"
"440103","504923","1600.00",".00",".00",".00",".00","1600.00",".00",".00",".00",".00","1600.00",".00","1600.00",".00",".00",".00","1600.00",".00",".00",".00","1600.00","","{CA895E83-C6C3-6E0D-9C07-43DA550CC524}"
"440104","504924","35.98",".00",".00",".00",".00","35.98",".00",".00",".00",".00","35.98",".00","35.98",".00",".00",".00","35.98",".00",".00",".00","35.98","","{10FFF180-09FC-D6C4-B09A-E89251E4FADA}"
"440105","504925",".00",".00",".00",".00",".00",".00",".00",".00",".00",".00",".00",".00",".00",".00",".00",".00",".00",".00",".00",".00",".00","","{E5F2F707-46E6-69E0-B4E7-910FA386747A}"
"440106","504926","173.33",".00",".00",".00",".00","173.33",".00",".00",".00",".00","173.33",".00","2486.83",".00",".00",".00","2486.83","2313.50",".00","2313.50","173.33","","{553644B4-EEE6-2167-3566-63133A2A3C76}"
"440107","504927","7413.00",".00",".00",".00",".00","7413.00",".00",".00",".00",".00","7413.00",".00","7413.00",".00",".00",".00","7413.00",".00",".00",".00","7413.00","","{D9D7C243-9E7D-FC0D-7A1D-3E0095B0FBD4}"
"440109","504929","647.85",".00",".00",".00",".00","647.85",".00",".00",".00",".00","647.85",".00","647.85",".00",".00",".00","647.85",".00",".00",".00","647.85","","{4CD7A410-8E22-EF53-180E-0FD8417AD76C}"
"440110","504930","1383.16",".00",".00",".00",".00","1383.16",".00",".00",".00",".00","1383.16",".00","1383.16",".00",".00",".00","1383.16",".00",".00",".00","1383.16","","{BAE843EA-5AD1-8055-C702-3AFD473B762C}"
"440112","504932","603.35",".00",".00",".00",".00","603.35",".00",".00",".00",".00","603.35",".00","703.35",".00",".00",".00","703.35","100.00",".00","100.00","603.35","","{9EBEAF7D-5064-DD79-B3F7-50611EF3473A}"
"440113","504933",".93",".00",".00",".00",".00",".93",".00",".00",".00",".00",".93",".00",".93",".00",".00",".00",".93",".00",".00",".00",".93","","{D055CE8C-7E63-0647-C91A-B47C3B13BC24}"
"440116","504936",".93",".00",".00",".00",".00",".93",".00",".00",".00",".00",".93",".00",".93",".00",".00",".00",".93",".00",".00",".00",".93","","{505E46B3-022F-72DE-4DBA-70C3B8A338AC}"
"440118","504938",".93",".00",".00",".00",".00",".93",".00",".00",".00",".00",".93",".00",".93",".00",".00",".00",".93",".00",".00",".00",".93","","{2254BE48-0DA1-BC71-DCB4-A5C9B0FD0EAA}"
"440119","504939",".93",".00",".00",".00",".00",".93",".00",".00",".00",".00",".93",".00",".93",".00",".00",".00",".93",".00",".00",".00",".93","","{BFFD6669-0755-DE79-BF67-DC6F07008135}"
"440120","504940",".93",".00",".00",".00",".00",".93",".00",".00",".00",".00",".93",".00",".93",".00",".00",".00",".93",".00",".00",".00",".93","","{AB17CEDA-67AB-ACEF-6700-09A226844482}"
"440121","504941",".93",".00",".00",".00",".00",".93",".00",".00",".00",".00",".93",".00",".93",".00",".00",".00",".93",".00",".00",".00",".93","","{81D60A11-257C-D38C-CDA2-D21DD0FB72D5}"
"440122","504942",".93",".00",".00",".00",".00",".93",".00",".00",".00",".00",".93",".00",".93",".00",".00",".00",".93",".00",".00",".00",".93","","{65EB8886-5CB7-661E-2F09-8CB15EA9E214}"
"440123","504943","35318.40",".00",".00",".00",".00","35318.40",".00",".00",".00",".00","35318.40",".00","35318.40",".00",".00",".00","35318.40",".00",".00",".00","35318.40","","{4AFAC276-07BF-4834-D4A6-A0F50EB12DB8}"
"440124","504944",".93",".00",".00",".00",".00",".93",".00",".00",".00",".00",".93",".00",".93",".00",".00",".00",".93",".00",".00",".00",".93","","{CC0362D1-B00A-5DD5-2A29-BD75AE24E3BE}"
"440125","504945",".93",".00",".00",".00",".00",".93",".00",".00",".00",".00",".93",".00",".93",".00",".00",".00",".93",".00",".00",".00",".93","","{EB58CAFF-44C1-B65B-4DE5-72A3D249C344}"
"440126","504946",".93",".00",".00",".00",".00",".93",".00",".00",".00",".00",".93",".00",".93",".00",".00",".00",".93",".00",".00",".00",".93","","{B6328C6C-0D85-C48E-3F39-61828DD9DE73}"
"440133","504954","989.23","1489.23",".00",".00","1489.23","2478.46","1301.80",".00",".00","1301.80","1176.66",".00","989.23",".00","1489.23","1489.23","2478.46",".00","1301.80","1301.80","1176.66","","{3E3E928B-808B-7D61-831D-B0D7CA8BA898}"
"440135","504956","7480.32","4050.00",".00",".00","4050.00","11530.32","3304.35",".00",".00","3304.35","8225.97",".00",".00","11460.00","4050.00","15510.00","15510.00","3979.68","3304.35","7284.03","8225.97","","{1D58BA2C-5B4C-33A3-5D42-2D5ED4DFB7CD}"
"440139","504960","55.27",".00",".00",".00",".00","55.27",".00",".00",".00",".00","55.27","3852.21",".00","6298.46",".00","6298.46","6298.46","6243.19",".00","6243.19","55.27","","{6ED91C66-4BDB-262D-35D4-63D98D6EB8B3}"
"440140","504961",".00","10.00",".00",".00","10.00","10.00",".00",".00",".00",".00","10.00",".00",".00",".00","10.00","10.00","10.00",".00",".00",".00","10.00","","{2BE39D2F-C195-B5FE-7E46-BD23AC522664}"
"440148","504969","8177.00","35.00",".00",".00","35.00","8212.00","20.00",".00",".00","20.00","8192.00",".00","7352.00","845.00","35.00","880.00","8232.00","20.00","20.00","40.00","8192.00","","{846B2460-60B8-8BC8-5503-0902713E5037}"
"440150","504971","434.01",".00",".00",".00",".00","434.01","8.00",".00",".00","8.00","426.01",".00",".00","1483.52",".00","1483.52","1483.52","1049.51","8.00","1057.51","426.01","","{BA02C560-57AA-C338-3D2B-583D72DD5134}"
"440154","504975","205964.62","25623.39","5041.01",".00","30664.40","236629.02","4000.00",".00",".00","4000.00","232629.02",".00","185799.10","25095.52","30664.40","55759.92","241559.02","4930.00","4000.00","8930.00","232629.02","","{A8611CDA-A6A6-9F8B-B1F3-3704A459A56E}"
"440156","504977","593092.10","9996.68","1679.18",".00","11675.86","604767.96","312595.18",".00",".00","312595.18","292172.78",".00","455395.26","143463.77","11675.86","155139.63","610534.89","5766.93","312595.18","318362.11","292172.78","","{FD7B023B-B14F-3B19-0676-B3BC9F253F1E}"
"440157","504978","793.70",".00",".00",".00",".00","793.70",".00",".00",".00",".00","793.70",".00","893.70",".00",".00",".00","893.70","100.00",".00","100.00","793.70","","{DA3357AF-4B61-F449-7FB6-7B3F9D09B2F3}"
"440158","504979","1341.69","500.00",".00",".00","500.00","1841.69","1030.94",".00",".00","1030.94","810.75",".00",".00","12541.97","500.00","13041.97","13041.97","11200.28","1030.94","12231.22","810.75","","{EE1A663B-DFC4-8493-5FF0-E1799425B50B}"
"440159","504980","480.00","2930.00",".00",".00","2930.00","3410.00",".00",".00",".00",".00","3410.00",".00",".00","480.00","2930.00","3410.00","3410.00",".00",".00",".00","3410.00","","{2CFC427C-5E03-9866-1793-13F97FE9D4B1}"
"440160","504981","73141.55","150.00","11000.00",".00","11150.00","84291.55","23250.00",".00",".00","23250.00","61041.55",".00","55280.08","41361.47","11150.00","52511.47","107791.55","23500.00","23250.00","46750.00","61041.55","","{CEFAB094-F043-25EB-3447-4EDEA7643938}"
"440162","504983",".93",".00",".00",".00",".00",".93",".00",".00",".93",".93",".00",".00",".93",".00",".00",".00",".93",".00",".93",".93",".00","","{04C51DF1-EC6A-ED12-0DA1-2BC07A65E5F2}"
"440163","504984","8027.37",".00",".20",".00",".20","8027.57",".00",".00",".00",".00","8027.57",".00","8027.17",".20",".20",".40","8027.57",".00",".00",".00","8027.57","","{3EE4A883-7ED9-031A-DB5F-624B98923150}"
"440164","504985",".00",".00",".00",".00",".00",".00",".00",".00",".00",".00",".00",".00",".00",".00",".00",".00",".00",".00",".00",".00",".00","","{F019CDDB-1924-A5D2-FD5C-A9CAC7E8BCCF}"
"440165","504986","1086.20",".00",".00",".00",".00","1086.20","24.00",".00",".00","24.00","1062.20","1100.00","2164.78","275.00",".00","275.00","2439.78","1353.58","24.00","1377.58","1062.20","","{8292D19E-8822-4E08-1026-1C0C4C45CE25}"
"440169","504991","10708.88","159.84",".00",".00","159.84","10868.72","3627.60",".00",".00","3627.60","7241.12",".00","6691.27","5801.92","159.84","5961.76","12653.03","1784.31","3627.60","5411.91","7241.12","","{D57EC3FE-4709-841B-FF58-DB8071DF4279}"
"440170","504993","1434.33",".00",".00",".00",".00","1434.33",".00",".00",".00",".00","1434.33",".00","1434.33",".00",".00",".00","1434.33",".00",".00",".00","1434.33","","{1AAAFA01-D6AB-A23B-0B7A-12D336F20637}"
"440171","504993","1434.33",".00",".00",".00",".00","1434.33",".00",".00",".00",".00","1434.33",".00","1434.33",".00",".00",".00","1434.33",".00",".00",".00","1434.33","","{1AAAFA01-D6AB-A23B-0B7A-12D336F20637}"
"440172","504994","1.19",".00",".00",".00",".00","1.19",".00",".00",".00",".00","1.19",".00","1.19",".00",".00",".00","1.19",".00",".00",".00","1.19","","{30121165-9EE8-C1A9-9B99-1EA984C4E776}"
"440173","504995","1024.37",".00",".00",".00",".00","1024.37",".00",".00",".00",".00","1024.37",".00","1024.37",".00",".00",".00","1024.37",".00",".00",".00","1024.37","","{F71FAB42-9023-3200-7D45-514064FE79AE}"
"440174","504996",".01",".00",".00",".00",".00",".01",".00",".00",".00",".00",".01",".00",".01",".00",".00",".00",".01",".00",".00",".00",".01","","{7858D5F1-758E-FCFF-B239-A5F61E89877D}"
"440177","504999","1667.95",".00",".00",".00",".00","1667.95",".00",".00",".00",".00","1667.95",".00","1667.95",".00",".00",".00","1667.95",".00",".00",".00","1667.95","","{11993A41-5BE7-8EB8-4D57-F50540AF6232}"
"440178","505000","26160.70","165000.00",".00",".00","165000.00","191160.70","93515.00",".00",".00","93515.00","97645.70",".00","66655.70","4000.00","165000.00","169000.00","235655.70","44495.00","93515.00","138010.00","97645.70","","{1CEB1E3F-C6E6-55BB-4399-72F97DCA7787}"
"440179","505001","56934.16","4840.00",".00",".00","4840.00","61774.16","5540.00",".00",".00","5540.00","56234.16",".00","37352.96","28481.20","4840.00","33321.20","70674.16","8900.00","5540.00","14440.00","56234.16","","{825F826C-AF0F-6095-D762-22DE9E102D9E}"
"440188","505010","100.00","4165.00",".00","3563.34","7728.34","7828.34","3045.29",".00",".00","3045.29","4783.05","3716.77",".00","380.34","7728.34","8108.68","8108.68","280.34","3045.29","3325.63","4783.05","","{01E20D24-97FC-1AAF-B8DC-86CBE3BCEBEB}"
"440191","505013","398.25","907.00",".00",".00","907.00","1305.25","1296.41",".00",".00","1296.41","8.84",".00",".00","400.00","907.00","1307.00","1307.00","1.75","1296.41","1298.16","8.84","","{7703AA39-8C5E-FCC6-3774-F5FD72ABC50B}"
"440193","505015","100.00","4165.00",".00","3563.34","7728.34","7828.34","3045.29",".00",".00","3045.29","4783.05","3716.77",".00","380.34","7728.34","8108.68","8108.68","280.34","3045.29","3325.63","4783.05","","{01E20D24-97FC-1AAF-B8DC-86CBE3BCEBEB}"
"440195","505017",".00",".00",".00",".00",".00",".00",".00",".00",".00",".00",".00",".00",".00",".00",".00",".00",".00",".00",".00",".00",".00","","{A1AB8B52-AED3-EF9C-A05B-797B353674A3}"
"440198","505020","100.00",".00",".00",".00",".00","100.00",".00",".00",".00",".00","100.00",".00","100.00",".00",".00",".00","100.00",".00",".00",".00","100.00","","{2B1F905B-DC12-E25B-AD82-8D6C48DDB02C}"
"440201","505023","1636.39","2827.87",".00",".00","2827.87","4464.26","2583.87",".00",".00","2583.87","1880.39",".00",".00","3769.40","2827.87","6597.27","6597.27","2133.01","2583.87","4716.88","1880.39","","{1D0056A2-A5DA-B28E-CDA2-85E0519815D4}"
"440203","505025",".00","1650.00",".00",".00","1650.00","1650.00","1247.46",".00",".00","1247.46","402.54",".00",".00",".00","1650.00","1650.00","1650.00",".00","1247.46","1247.46","402.54","","{25F38A47-1396-0C62-65A6-8870B741E613}"
"440208","505030","1000.00",".00",".00",".00",".00","1000.00",".00",".00",".00",".00","1000.00",".00","1000.00",".00",".00",".00","1000.00",".00",".00",".00","1000.00","","{48F57EDE-3E33-E27C-944E-F3E5BE42EB07}"
"440209","505031","355.00","541.83",".00",".00","541.83","896.83","541.83",".00",".00","541.83","355.00",".00",".00","3181.45","541.83","3723.28","3723.28","2826.45","541.83","3368.28","355.00","","{32510B42-DCB8-6EDA-E6F9-5CF7BA22D2EA}"
"440210","505032","180776.40","28678.50",".00",".00","28678.50","209454.90","14258.22",".00",".00","14258.22","195196.68","400.00","5599.34","219770.01","28678.50","248448.51","254047.85","44592.95","14258.22","58851.17","195196.68","","{3E7B59CB-3203-D280-98C1-03B424C0B174}"
"440211","505033","4390.29","75.00",".00",".00","75.00","4465.29","3790.95",".00",".00","3790.95","674.34",".00","9725.53","125.00","75.00","200.00","9925.53","5460.24","3790.95","9251.19","674.34","","{DAAED483-55EA-A37D-A0E6-3CC4A5EB73AA}"
"440213","505035",".00",".00",".00",".00",".00",".00",".00",".00",".00",".00",".00",".00",".00",".00",".00",".00",".00",".00",".00",".00",".00","","{22DDE592-1187-BD7E-5498-485209B3F9F4}"
"440214","505036","1478.26",".00",".00",".00",".00","1478.26",".00",".00",".00",".00","1478.26",".00","1478.26",".00",".00",".00","1478.26",".00",".00",".00","1478.26","","{CCCCAA93-0AA9-245D-1E87-E78EDE92A6F6}"
"440215","505037","127.06","3.00",".00",".00","3.00","130.06",".12",".00",".00",".12","129.94",".00","121.30","6.00","3.00","9.00","130.30",".24",".12",".36","129.94","","{ED036362-9BD6-F632-F31D-4B1AC7D81B54}"
"440218","505040","4061.10","1500.00",".00",".00","1500.00","5561.10","4453.00",".00",".00","4453.00","1108.10",".00","711.10","3350.00","1500.00","4850.00","5561.10",".00","4453.00","4453.00","1108.10","","{A8175CBB-DFB8-80BC-C0C3-B8DD005E52B2}"
"440219","505042","2180.26",".00",".00",".00",".00","2180.26",".00",".00",".00",".00","2180.26",".00","2180.26",".00",".00",".00","2180.26",".00",".00",".00","2180.26","","{170EDC59-6E6F-6B03-520C-86C27EE85D02}"
"440220","505043",".00",".00",".00",".00",".00",".00",".00",".00",".00",".00",".00",".00",".00",".00",".00",".00",".00",".00",".00",".00",".00","","{49C16DFD-02BC-42EA-7FE4-9B5E78A84D4F}"
"440222","505045","11793.08",".00",".00",".00",".00","11793.08","1000.00",".00",".00","1000.00","10793.08",".00","13293.08",".00",".00",".00","13293.08","1500.00","1000.00","2500.00","10793.08","","{D5055775-9FBD-5A9D-9710-E1422E276FCB}"
"440223","505046","10245.67",".00",".00",".00",".00","10245.67","15.00",".00",".00","15.00","10230.67",".00","11770.67",".00",".00",".00","11770.67","1525.00","15.00","1540.00","10230.67","","{FC291C5A-4D46-E918-0131-89902BDA3804}"
"440224","505047","14076.00",".00",".00",".00",".00","14076.00","1500.00",".00",".00","1500.00","12576.00",".00","16576.00",".00",".00",".00","16576.00","2500.00","1500.00","4000.00","12576.00","","{F5E0854E-B5CD-B261-0841-BBEFC6741A83}"
"440225","505048","48.24","28.50",".00",".00","28.50","76.74","28.50",".00",".00","28.50","48.24",".00","48.24","19.00","28.50","47.50","95.74","19.00","28.50","47.50","48.24","","{5097903D-9003-70A5-E38A-D9EC564F8D1C}"
"440226","505049","29435.19","3138.50",".00",".00","3138.50","32573.69",".00",".00",".00",".00","32573.69",".00","24620.66","5326.50","3138.50","8465.00","33085.66","511.97",".00","511.97","32573.69","","{6CBD312C-C1E4-470D-249E-DF337A110487}"
"440227","505051","1417.79","2000.00",".00",".00","2000.00","3417.79","2089.31",".00",".00","2089.31","1328.48",".00",".00","1544.06","2000.00","3544.06","3544.06","126.27","2089.31","2215.58","1328.48","","{71F0836D-431B-949A-B373-FE66C37FC6E1}"
"440228","505052","56948.28",".00",".00",".00",".00","56948.28",".00",".00",".00",".00","56948.28",".00","59448.28",".00",".00",".00","59448.28","2500.00",".00","2500.00","56948.28","","{C3408D24-AE37-9F1A-FE70-14F925744B93}"
"440230","505055","19412.14",".00",".00",".00",".00","19412.14",".00",".00",".00",".00","19412.14",".00","21303.17",".00",".00",".00","21303.17","1891.03",".00","1891.03","19412.14","","{69A04317-8070-29F9-3FF3-E63E4D57B7E7}"
"440233","505058","835.82",".00",".00",".00",".00","835.82",".00",".00",".00",".00","835.82",".00","275.82","560.00",".00","560.00","835.82",".00",".00",".00","835.82","","{4B39CCA6-00F1-C4A0-763C-F6EABD1DB619}"
"440234","505058","835.82",".00",".00",".00",".00","835.82",".00",".00",".00",".00","835.82",".00","275.82","560.00",".00","560.00","835.82",".00",".00",".00","835.82","","{4B39CCA6-00F1-C4A0-763C-F6EABD1DB619}"
"440238","505062","6222.50","3000.00",".00",".00","3000.00","9222.50","1897.50",".00",".00","1897.50","7325.00",".00","2967.50","5105.00","3000.00","8105.00","11072.50","1850.00","1897.50","3747.50","7325.00","","{CBD55BEC-054F-E01E-BA0E-1729FCE71BE1}"
"440239","505063","612463.69","34448.00","1015.77",".00","35463.77","647927.46","58823.89",".00",".00","58823.89","589103.57",".00","531640.14","100823.55","35463.77","136287.32","667927.46","20000.00","58823.89","78823.89","589103.57","","{38A1B664-91CF-0A6B-DF12-156216E8949B}"
"440240","505064","54963.05","113805.24",".00",".00","113805.24","168768.29","106047.95",".00",".00","106047.95","62720.34",".00","60165.93","25487.12","113805.24","139292.36","199458.29","30690.00","106047.95","136737.95","62720.34","","{3089EEB4-6A88-5F50-8118-8A9789CF9481}"
"440241","505065","1273.00",".00",".00",".00",".00","1273.00",".00",".00",".00",".00","1273.00",".00","1939.80","1235.00",".00","1235.00","3174.80","1901.80",".00","1901.80","1273.00","","{1F3910B7-D36C-2076-EFFE-D758D7E56BE3}"
"440242","505067","18002.95","5306.80",".00",".00","5306.80","23309.75","1522.00",".00",".00","1522.00","21787.75","1100.00",".00","25640.00","5306.80","30946.80","30946.80","7637.05","1522.00","9159.05","21787.75","","{E7C60396-8EDA-FA90-1521-1D6AAAEA1227}"
"440245","505070","18002.95","5306.80",".00",".00","5306.80","23309.75","1522.00",".00",".00","1522.00","21787.75","1100.00",".00","25640.00","5306.80","30946.80","30946.80","7637.05","1522.00","9159.05","21787.75","","{E7C60396-8EDA-FA90-1521-1D6AAAEA1227}"
"440248","505073",".00","500.00",".00",".00","500.00","500.00",".00",".00",".00",".00","500.00",".00",".00",".00","500.00","500.00","500.00",".00",".00",".00","500.00","","{567BD498-39F7-DD48-ADFD-B31FA8059615}"
"440252","505077","50.00",".00",".00",".00",".00","50.00",".00",".00",".00",".00","50.00",".00",".00","50.00",".00","50.00","50.00",".00",".00",".00","50.00","","{FC0009DE-C4D3-D4F6-6A08-407C274E3326}"
"440253","505078","50.00",".00",".00",".00",".00","50.00",".00",".00",".00",".00","50.00",".00",".00","50.00",".00","50.00","50.00",".00",".00",".00","50.00","","{FC0009DE-C4D3-D4F6-6A08-407C274E3326}"
"440254","505079","50.00",".00",".00",".00",".00","50.00",".00",".00",".00",".00","50.00",".00",".00","50.00",".00","50.00","50.00",".00",".00",".00","50.00","","{CAA7314A-77A8-CD12-3F0A-655FE44AB145}"
"440259","505087","130304.59","1600.00","750.00",".00","2350.00","132654.59","10000.00",".00",".00","10000.00","122654.59",".00","86054.59","49750.00","2350.00","52100.00","138154.59","5500.00","10000.00","15500.00","122654.59","","{99F06924-72CA-0187-4DE7-79C596A09710}"
"440260","505088","600.00","2084.00",".00",".00","2084.00","2684.00","1571.55",".00",".00","1571.55","1112.45",".00",".00","600.00","2084.00","2684.00","2684.00",".00","1571.55","1571.55","1112.45","","{5CE2B4AE-6C50-DBE6-6CC8-2155D1E32F62}"
"440262","505090","471.00",".00",".00",".00",".00","471.00",".00",".00",".00",".00","471.00",".00","471.00",".00",".00",".00","471.00",".00",".00",".00","471.00","","{F35CE96A-F616-9C42-E2B4-C99F14A00F4D}"
"440264","505097","2583.83","3820.00",".00",".00","3820.00","6403.83","2630.83",".00",".00","2630.83","3773.00",".00",".00","11355.00","3820.00","15175.00","15175.00","8771.17","2630.83","11402.00","3773.00","","{7EF60BB9-413A-110C-DFE9-9DA73D506435}"
"440266","505099","8775.79","540.00",".00",".00","540.00","9315.79","515.30",".00",".00","515.30","8800.49",".00","8275.09","1525.00","540.00","2065.00","10340.09","1024.30","515.30","1539.60","8800.49","","{068F1304-10B3-2ED1-554D-B1AD13F1C3F8}"
"440271","505104","25605.57",".00",".00",".00",".00","25605.57","2250.00",".00",".00","2250.00","23355.57",".00",".00","25605.57",".00","25605.57","25605.57",".00","2250.00","2250.00","23355.57","","{BE939359-8251-C19C-C9E2-40F3AEF95A88}"
"440275","505110","13766.11","2007.31",".00",".00","2007.31","15773.42","2033.97",".00",".00","2033.97","13739.45",".00","9647.06","5200.00","2007.31","7207.31","16854.37","1080.95","2033.97","3114.92","13739.45","","{98E3F680-0581-9A48-BBAA-E53E72DCAA34}"
"440277","505112","410.73",".00",".00",".00",".00","410.73",".00",".00",".00",".00","410.73",".00","410.73",".00",".00",".00","410.73",".00",".00",".00","410.73","","{64D24EB6-77D3-3FAC-50FD-5209C665B5FD}"
"440279","505114","3902.34","2439.39",".00",".00","2439.39","6341.73","4234.69",".00",".00","4234.69","2107.04","500.00",".00","8036.96","2439.39","10476.35","10476.35","4134.62","4234.69","8369.31","2107.04","","{A22B727E-04C7-6578-C2CB-47890632A9A1}"
"440290","505125",".00","34375.00",".00",".00","34375.00","34375.00","8257.12",".00",".00","8257.12","26117.88",".00",".00",".00","34375.00","34375.00","34375.00",".00","8257.12","8257.12","26117.88","","{0F899371-5BE0-C2A1-929C-4B48A86D90E9}"
"440291","505126","24391.67","328.76",".00",".00","328.76","24720.43","1580.42",".00",".00","1580.42","23140.01",".00","23174.99","1216.68","328.76","1545.44","24720.43",".00","1580.42","1580.42","23140.01","","{2ABE0131-727E-E901-2FF9-FA8584E672C1}"
"440293","505128","7092.56",".00",".00",".00",".00","7092.56",".00",".00",".00",".00","7092.56",".00","7092.56",".00",".00",".00","7092.56",".00",".00",".00","7092.56","","{4CFBB8BD-3CE3-5A10-B9C6-A1B0A4AC97FD}"
"440294","505130","33866.59","27.37",".00",".00","27.37","33893.96","12824.48",".00",".00","12824.48","21069.48",".00","58335.14","1039.10","27.37","1066.47","59401.61","25507.65","12824.48","38332.13","21069.48","","{CCB41ACD-4939-A349-21ED-AB1EA070FC3C}"
"440297","505133","5.47",".00",".00",".00",".00","5.47",".00",".00",".00",".00","5.47",".00","5.47",".00",".00",".00","5.47",".00",".00",".00","5.47","","{1FE4E970-5DE0-845F-5EF4-322AF31105C4}"
"440299","505135","11914.28",".00",".00",".00",".00","11914.28","694.55",".00",".00","694.55","11219.73",".00","1639.81","11472.47",".00","11472.47","13112.28","1198.00","694.55","1892.55","11219.73","","{42714C9F-A2BB-4C6A-893B-3E5F312FA9A0}"
"440302","505140","11219.73","400.00",".00",".00","400.00","11619.73","2218.03",".00",".00","2218.03","9401.70",".00","1639.81","11472.47","400.00","11872.47","13512.28","1892.55","2218.03","4110.58","9401.70","","{F28A96D5-FF08-D11A-9C3B-11F5931562E0}"
"440303","505141","2568.72","1605.00",".00","92.00","1697.00","4265.72","2173.01","342.26",".00","2515.27","1750.45",".00",".00","4677.27","1697.00","6374.27","6374.27","2108.55","2515.27","4623.82","1750.45","","{90B40620-DCD4-A750-95BB-4E9C4789A2F4}"
"440314","505151","20.00",".00",".00",".00",".00","20.00",".00",".00",".00",".00","20.00",".00",".00","20.00",".00","20.00","20.00",".00",".00",".00","20.00","","{522F3755-7A97-1F75-C49B-B0D0D2B83995}"
"440316","505153","1921.50",".00",".00",".00",".00","1921.50",".00",".00",".00",".00","1921.50",".00","1921.50",".00",".00",".00","1921.50",".00",".00",".00","1921.50","","{AB280E00-A3DF-D053-888E-7C7DDB6045C2}"
"440317","505154","2061.81",".00",".00",".00",".00","2061.81","1000.00",".00",".00","1000.00","1061.81",".00","1801.81","260.00",".00","260.00","2061.81",".00","1000.00","1000.00","1061.81","","{B4C3DFDB-3151-4318-C4EF-7A08493D96BE}"
"440318","505155","1746.27",".00",".00",".00",".00","1746.27",".00",".00",".00",".00","1746.27",".00","1746.27",".00",".00",".00","1746.27",".00",".00",".00","1746.27","","{E1792A65-EFB0-8A8B-7EE8-C06AD8174052}"
"440319","505158","37126.60","15205.81",".00",".00","15205.81","52332.41","6196.54",".00",".00","6196.54","46135.87",".00","36647.98","2825.73","15205.81","18031.54","54679.52","2347.11","6196.54","8543.65","46135.87","","{6E1ABF5E-C588-8625-E7CD-D5520BC21D69}"
"440321","505160","175.00","535.00",".00",".00","535.00","710.00","292.12",".00",".00","292.12","417.88","30.11",".00","289.61","535.00","824.61","824.61","114.61","292.12","406.73","417.88","","{76E9E08D-C8AE-76AD-134A-085537E33CD2}"
"440322","505162","198868.37","9323.32","735.69",".00","10059.01","208927.38","54000.00",".00",".00","54000.00","154927.38",".00","190431.50","10371.87","10059.01","20430.88","210862.38","1935.00","54000.00","55935.00","154927.38","","{9E8ADF18-8123-310A-6E3A-ED80774B8BE7}"
"440323","505163","4401.08",".00",".00",".00",".00","4401.08",".00",".00",".00",".00","4401.08",".00","4401.08",".00",".00",".00","4401.08",".00",".00",".00","4401.08","","{72C4CB51-C509-625E-E113-3F49F0FB343C}"
"440324","505164","4810.46",".00",".00",".00",".00","4810.46",".00",".00",".00",".00","4810.46",".00","4810.46",".00",".00",".00","4810.46",".00",".00",".00","4810.46","","{83AABD58-BDAA-49CA-3F22-B6A7DB6EFABA}"
"440325","505165","2769.28",".00","40.00",".00","40.00","2809.28","61.06",".00",".00","61.06","2748.22","1000.00",".00","2866.61","40.00","2906.61","2906.61","97.33","61.06","158.39","2748.22","","{41B7BFB4-E510-FBDA-B97A-7251D2191854}"
"440328","505168","241.58","5750.00",".00",".00","5750.00","5991.58","2704.13",".00",".00","2704.13","3287.45",".00","2578.54","4395.49","5750.00","10145.49","12724.03","6732.45","2704.13","9436.58","3287.45","","{80F83334-B134-57CD-B86F-9CCB9ECFFF55}"
"440329","505169","90.00",".00",".00",".00",".00","90.00",".00",".00",".00",".00","90.00",".00","90.00",".00",".00",".00","90.00",".00",".00",".00","90.00","","{CBFE1E39-E409-FC36-6FED-00E5FB7C456F}"
"440330","505170","50.00",".00",".00",".00",".00","50.00",".00",".00",".00",".00","50.00",".00","50.00",".00",".00",".00","50.00",".00",".00",".00","50.00","","{ED32EA23-D48E-30EC-2CFE-65384F4166C0}"
"440331","505171","930.91","595.31",".00",".00","595.31","1526.22","160.00",".00",".00","160.00","1366.22","1261.69","1040.23","175.68","595.31","770.99","1811.22","285.00","160.00","445.00","1366.22","","{79E39BEC-C980-3FDD-7626-C63772D4D919}"
"440332","505172","15161.75","755.00",".00",".00","755.00","15916.75","1200.00",".00",".00","1200.00","14716.75",".00","13719.96","6700.00","755.00","7455.00","21174.96","5258.21","1200.00","6458.21","14716.75","","{55C04CFF-999E-F328-D3D7-AF462CAA9E55}"
"440333","505173",".00",".00",".00",".00",".00",".00",".00",".00",".00",".00",".00",".00",".00",".00",".00",".00",".00",".00",".00",".00",".00","","{924DAE11-69F9-ADC8-8392-D5113DCC5630}"
"440334","505176","3110.26",".00",".00",".00",".00","3110.26",".00",".00",".00",".00","3110.26",".00","3110.26",".00",".00",".00","3110.26",".00",".00",".00","3110.26","","{DCC5A3C9-146C-CC24-A57A-474E7CF817F9}"
"440335","505178","153721.80","188700.00",".00",".00","188700.00","342421.80","58442.34",".00",".00","58442.34","283979.46",".00","105539.55","85000.00","188700.00","273700.00","379239.55","36817.75","58442.34","95260.09","283979.46","","{3DB1CB5E-8674-CC45-58D9-E3AF3489ADF5}"
"440337","505180","1519616.07","200736.41","7000.00",".00","207736.41","1727352.48","132502.02",".00",".00","132502.02","1594850.46",".00","1528354.70","402677.04","207736.41","610413.45","2138768.15","411415.67","132502.02","543917.69","1594850.46","","{96F8EF55-CFE3-43D4-D0EE-47EC7F4802C0}"
"440340","505183","7217.33","240.00",".00",".00","240.00","7457.33","1125.00",".00",".00","1125.00","6332.33",".00","7974.33","1118.00","240.00","1358.00","9332.33","1875.00","1125.00","3000.00","6332.33","","{4D6E873A-C6B0-88B9-1E18-DA81B2147E03}"
"440343","505188",".00","1015.00",".00","1085.66","2100.66","2100.66","1362.97",".00",".00","1362.97","737.69","1085.66",".00",".00","2100.66","2100.66","2100.66",".00","1362.97","1362.97","737.69","","{8F99218F-3A55-41F2-1E6C-D2E08C948FE6}"
"440344","505189","2147.19","500.00",".00",".00","500.00","2647.19","472.40",".00",".00","472.40","2174.79",".00","2473.83","1502.50","500.00","2002.50","4476.33","1829.14","472.40","2301.54","2174.79","","{AC98FD5E-064E-E674-3D11-B1AF03115677}"
"440349","505194",".00",".00",".00",".00",".00",".00",".00",".00",".00",".00",".00","219.00",".00",".00",".00",".00",".00",".00",".00",".00",".00","","{13B9824E-5370-8DC5-CC40-324FF5F0C344}"
"440350","505195","5326.05","1420.00",".00",".00","1420.00","6746.05","838.45",".00",".00","838.45","5907.60",".00","5842.80","1610.00","1420.00","3030.00","8872.80","2126.75","838.45","2965.20","5907.60","","{0637B6D5-DD22-B104-AD89-FC8B650E4B67}"
"440352","505197","7738.59",".00","1.30",".00","1.30","7739.89",".00",".00",".00",".00","7739.89",".00","7342.44","400.71","1.30","402.01","7744.45","4.56",".00","4.56","7739.89","","{2AED5183-96E3-ABC5-4770-AEB19FA682B2}"
"440353","505198","18502.80","4642.62",".00",".00","4642.62","23145.42","7289.00",".00",".00","7289.00","15856.42",".00","13853.05","9999.75","4642.62","14642.37","28495.42","5350.00","7289.00","12639.00","15856.42","","{73A6D271-B3F5-729E-9350-6868C09E8E3A}"
"440355","505200","5907.60","120.00",".00",".00","120.00","6027.60","2949.47",".00",".00","2949.47","3078.13",".00","5842.80","3030.00","120.00","3150.00","8992.80","2965.20","2949.47","5914.67","3078.13","","{43FB4C46-B3DC-4BD9-DA01-50F15A82B79B}"
"440357","505203","2896.89",".00",".00",".00",".00","2896.89",".00",".00",".00",".00","2896.89",".00","2896.89",".00",".00",".00","2896.89",".00",".00",".00","2896.89","","{5C0DFCD5-CE0B-7DA3-6503-DD9CBD3A369F}"
"440361","505206","25345.06","1500.00","17.15",".00","1517.15","26862.21","1500.00",".00",".00","1500.00","25362.21",".00","25328.40","16.66","1517.15","1533.81","26862.21",".00","1500.00","1500.00","25362.21","","{137EECBD-186F-3414-B87C-E2A28EEAA8C1}"
"440362","505207","3410.73",".00",".00",".00",".00","3410.73","337.75","1300.00",".00","1637.75","1772.98","7200.00","71.40","28613.30",".00","28613.30","28684.70","25273.97","1637.75","26911.72","1772.98","","{29404D56-1DAC-BF6A-D0B0-B4B4BC5016C9}"
"440363","505208","5907.60","120.00",".00",".00","120.00","6027.60","3039.47",".00",".00","3039.47","2988.13",".00","5842.80","3030.00","120.00","3150.00","8992.80","2965.20","3039.47","6004.67","2988.13","","{43FB4C46-B3DC-4BD9-DA01-50F15A82B79B}"
"440365","505211","12958.52",".00",".00",".00",".00","12958.52","25.00",".00",".00","25.00","12933.52",".00","12998.52",".00",".00",".00","12998.52","40.00","25.00","65.00","12933.52","","{C34A7E41-93AF-03E9-853A-36BDDA94668F}"
"440368","505214","91250.23","2500.00",".00",".00","2500.00","93750.23",".00",".00",".00",".00","93750.23",".00","71560.23","20500.00","2500.00","23000.00","94560.23","810.00",".00","810.00","93750.23","","{F3861E37-5576-5D10-B482-E86BA40BB1F2}"
"440370","505216","975.18",".00",".00",".00",".00","975.18",".00",".00",".00",".00","975.18",".00","956.58","20.00",".00","20.00","976.58","1.40",".00","1.40","975.18","","{58696638-B15C-FE54-5760-FD9F1C0C3E2E}"
"440375","505221","10375.54","50499.62",".00",".00","50499.62","60875.16","41342.27",".00",".00","41342.27","19532.89",".00",".00","11028.12","50499.62","61527.74","61527.74","652.58","41342.27","41994.85","19532.89","","{613A2E65-8F96-2DD0-F4C9-2C43B2DC9CFA}"
"440378","505226","148.17",".00",".00",".00",".00","148.17",".00",".00",".00",".00","148.17",".00","148.17",".00",".00",".00","148.17",".00",".00",".00","148.17","","{AC6A9B83-B8B8-E304-586D-106D5AB7D2C8}"
"440381","505229","811985.91","4025000.00","5000.00",".00","4030000.00","4841985.91","3670037.00",".00",".00","3670037.00","1171948.91",".00","37009.91","3200000.00","4030000.00","7230000.00","7267009.91","2425024.00","3670037.00","6095061.00","1171948.91","","{BE319F5B-03CF-F220-A30D-C11383C6015D}"
"440382","505230","12099.55","2000.00",".00",".00","2000.00","14099.55","3926.05",".00",".00","3926.05","10173.50","5000.00","6636.49","18048.00","2000.00","20048.00","26684.49","12584.94","3926.05","16510.99","10173.50","","{51836708-72A5-4364-FF80-5AD99E0988F8}"
"440384","505232","64407.71","49040.00",".00",".00","49040.00","113447.71","70066.00",".00",".00","70066.00","43381.71",".00","71979.15","70552.16","49040.00","119592.16","191571.31","78123.60","70066.00","148189.60","43381.71","","{DADA41A7-F669-0DB9-C7D9-3C56E1412C5F}"
"440385","505233","46662.26",".00",".00",".00",".00","46662.26","8000.00",".00",".00","8000.00","38662.26",".00","51162.26",".00",".00",".00","51162.26","4500.00","8000.00","12500.00","38662.26","","{7B53DBE9-47AA-0189-D71F-DEB83CDD6116}"
"440387","505235","22131.32","300.00",".00",".00","300.00","22431.32",".00",".00",".00",".00","22431.32",".00","15706.32","9025.00","300.00","9325.00","25031.32","2600.00",".00","2600.00","22431.32","","{6B1AC035-A2C8-C39B-0125-829064E11F74}"
"440390","505238","22131.32","300.00",".00",".00","300.00","22431.32",".00",".00",".00",".00","22431.32",".00","15706.32","9025.00","300.00","9325.00","25031.32","2600.00",".00","2600.00","22431.32","","{6B1AC035-A2C8-C39B-0125-829064E11F74}"
"440391","505239",".00",".00",".00","485.62","485.62","485.62","485.62",".00",".00","485.62",".00","2790.01",".00","245.44","485.62","731.06","731.06","245.44","485.62","731.06",".00","","{168C8D9C-D25E-12E9-A492-D31896139FAA}"
"440393","505241","559.83",".00",".00",".00",".00","559.83",".00",".00",".00",".00","559.83",".00","4286.60","52.40",".00","52.40","4339.00","3779.17",".00","3779.17","559.83","","{0F45233C-F6ED-2B2B-80E7-A8F44DD2FE3D}"
"440395","505243","69200.95","30000.00","2.62",".00","30002.62","99203.57","47000.00",".00",".00","47000.00","52203.57",".00","47491.65","52200.74","30002.62","82203.36","129695.01","30491.44","47000.00","77491.44","52203.57","","{18981B4A-0148-74AE-F2CA-01F1BF9EA082}"
"440396","505245",".00",".00",".00",".00",".00",".00",".00",".00",".00",".00",".00",".00",".00",".00",".00",".00",".00",".00",".00",".00",".00","","{49F4DE8E-73DD-7E4D-8EEB-042F4EA2531D}"
"440398","505247","803.76",".00",".00",".00",".00","803.76",".00",".00",".00",".00","803.76",".00","803.76",".00",".00",".00","803.76",".00",".00",".00","803.76","","{6DA69855-602F-F7F9-8A2F-5C46A6FB09CF}"
"440400","505251","98.44",".00",".00",".00",".00","98.44","53.91",".00","44.53","98.44",".00",".00","98.44",".00",".00",".00","98.44",".00","98.44","98.44",".00","","{08D1A113-1846-8F04-E662-7F2319E8A238}"
"440402","505253","8991.64","25.59",".00",".00","25.59","9017.23","426.06",".00",".00","426.06","8591.17",".00","9116.90","75.00","25.59","100.59","9217.49","200.26","426.06","626.32","8591.17","","{FC027062-9245-0B86-8F42-963F68E21174}"
"440403","505254","7059.80",".00",".00",".00",".00","7059.80",".00",".00",".00",".00","7059.80",".00","6959.80","100.00",".00","100.00","7059.80",".00",".00",".00","7059.80","","{D1A6DD2E-BF60-046C-D21E-0FE16F22FB68}"
"440404","505255",".00","1000.00",".00",".00","1000.00","1000.00","445.45",".00",".00","445.45","554.55",".00",".00",".00","1000.00","1000.00","1000.00",".00","445.45","445.45","554.55","","{588AB499-8054-8186-74F9-2C45FB2256F9}"
"440406","505257","258687.70","55000.00",".00",".00","55000.00","313687.70","25.00",".00",".00","25.00","313662.70",".00","173687.70","85000.00","55000.00","140000.00","313687.70",".00","25.00","25.00","313662.70","","{2439ED17-E78D-77E9-5809-4965F1878122}"
"440407","505258",".00","6235.00",".00",".00","6235.00","6235.00","3300.00",".00",".00","3300.00","2935.00",".00",".00",".00","6235.00","6235.00","6235.00",".00","3300.00","3300.00","2935.00","","{B46DB847-0EC1-A8E1-39E2-627406179E33}"
"440408","505259","2935.00","7395.02",".00","3300.00","10695.02","13630.02","1170.02",".00",".00","1170.02","12460.00","3300.00",".00","6235.00","10695.02","16930.02","16930.02","3300.00","1170.02","4470.02","12460.00","","{CFDB2F8D-E867-0504-D019-D2B78F9B5470}"
"440409","505260","12460.00","100.00",".00",".00","100.00","12560.00","4275.00",".00",".00","4275.00","8285.00","3300.00",".00","16930.02","100.00","17030.02","17030.02","4470.02","4275.00","8745.02","8285.00","","{22523C0C-0C98-90D0-FA24-A3053B8D5FE3}"
"440410","505261","8285.00",".00",".00",".00",".00","8285.00",".00",".00",".00",".00","8285.00","3300.00",".00","17030.02",".00","17030.02","17030.02","8745.02",".00","8745.02","8285.00","","{49C6978F-F129-E9E7-8D2D-C79DC6FF3E0E}"
"440413","505263","3249.90",".00",".00",".00",".00","3249.90","25.00",".00",".00","25.00","3224.90",".00","3249.90",".00",".00",".00","3249.90",".00","25.00","25.00","3224.90","","{F67F0868-E4EA-8509-F5F5-476970A36887}"
"440414","505266","148.17","20.00",".00",".00","20.00","168.17","157.82",".00","10.35","168.17",".00",".00","148.17",".00","20.00","20.00","168.17",".00","168.17","168.17",".00","","{24C06A25-859C-C6E0-3C8B-7C649EEABF14}"
"440415","505267","10250.01","200000.00",".00",".00","200000.00","210250.01",".00",".00",".00",".00","210250.01",".00","10250.01",".00","200000.00","200000.00","210250.01",".00",".00",".00","210250.01","","{70829B90-5542-5304-375E-AFC0C0FCA2AD}"
"440416","505268",".00","100.00",".00","140.00","240.00","240.00",".00",".00",".00",".00","240.00","140.00",".00",".00","240.00","240.00","240.00",".00",".00",".00","240.00","","{9EE092F9-A158-E19A-8BB2-5C235FF4E237}"
"440419","505271","955.00",".00",".00",".00",".00","955.00",".00",".00",".00",".00","955.00",".00","3455.00","45.00",".00","45.00","3500.00","2545.00",".00","2545.00","955.00","","{DAD98344-0D60-2024-46A2-B530B8D244D1}"
"440420","505272","3590.00",".00",".00",".00",".00","3590.00",".00",".00",".00",".00","3590.00",".00","3590.00","25.00",".00","25.00","3615.00","25.00",".00","25.00","3590.00","","{0864D6B9-2BA6-40C3-5E1D-4811CE025DC9}"
"440422","505276","27353.83","185000.00",".00",".00","185000.00","212353.83","51619.88",".00",".00","51619.88","160733.95",".00","27419.83",".00","185000.00","185000.00","212419.83","66.00","51619.88","51685.88","160733.95","","{B353EC20-CF6B-227D-35B1-127AAED58610}"
"440424","505280","34366.82","20769.00",".00",".00","20769.00","55135.82","3827.09",".00",".00","3827.09","51308.73",".00","3176.23","38475.00","20769.00","59244.00","62420.23","7284.41","3827.09","11111.50","51308.73","","{B52AA7DE-208D-F507-1D29-4D91A6A95079}"
"440426","505283","302.90",".00",".00",".00",".00","302.90",".00","100.00",".00","100.00","202.90",".00",".00","302.90",".00","302.90","302.90",".00","100.00","100.00","202.90","","{D258647E-40ED-C077-EE03-E22A064EBBD9}"
"440427","505284",".00","25287.00",".00",".00","25287.00","25287.00","1087.00",".00",".00","1087.00","24200.00",".00",".00",".00","25287.00","25287.00","25287.00",".00","1087.00","1087.00","24200.00","","{AFA1BF36-755C-DD8C-7888-4B1FC66BB01C}"
"440429","505286","148426.84","5900.00",".00",".00","5900.00","154326.84","5470.83",".00",".00","5470.83","148856.01","148426.84",".00","148426.84","5900.00","154326.84","154326.84",".00","5470.83","5470.83","148856.01","","{1BAF6F89-0647-560C-D143-FC4BDBC01AED}"
"440430","505287","120.05","150.00",".00",".00","150.00","270.05",".00",".00",".00",".00","270.05",".00","40.00","116.00","150.00","266.00","306.00","35.95",".00","35.95","270.05","","{258259C4-D7FE-F1A0-9CE6-CE5E23CEEB2F}"
"440431","505288","270.05","60.00",".00",".00","60.00","330.05","100.40",".00",".00","100.40","229.65",".00","40.00","266.00","60.00","326.00","366.00","35.95","100.40","136.35","229.65","","{812CB92E-EEB9-39D0-C1F8-62E6F7AB1983}"
"440433","505290","4221.43","398.02",".00",".00","398.02","4619.45","306.92",".00",".00","306.92","4312.53",".00","4221.43",".00","398.02","398.02","4619.45",".00","306.92","306.92","4312.53","","{DDE04382-BE3A-2DCA-1625-9631A18320FE}"
"440435","505292","4297.13","20.00",".00",".00","20.00","4317.13","500.79",".00",".00","500.79","3816.34",".00","4221.43","385.00","20.00","405.00","4626.43","309.30","500.79","810.09","3816.34","","{870AB2BE-679B-DA7D-747E-21F10B5EE299}"
"440436","505293","2912.38","7101.47",".00",".00","7101.47","10013.85","2014.83",".00",".00","2014.83","7999.02",".00","2912.38",".00","7101.47","7101.47","10013.85",".00","2014.83","2014.83","7999.02","","{778735A1-4392-4AC5-0113-3159C8D51E57}"
"440437","505294","8859.23","550.00",".00",".00","550.00","9409.23","3007.90",".00",".00","3007.90","6401.33",".00","5054.76","4371.00","550.00","4921.00","9975.76","566.53","3007.90","3574.43","6401.33","","{E14A7987-BF94-7299-866F-E86234BD1027}"
"440438","505295","10123.88","3737.00",".00",".00","3737.00","13860.88","11415.68",".00",".00","11415.68","2445.20",".00","2912.38","12231.47","3737.00","15968.47","18880.85","5019.97","11415.68","16435.65","2445.20","","{B0CDA6C7-2C18-4888-B065-B1E8CA4966AE}"
"440439","505296","2445.20","6750.00",".00",".00","6750.00","9195.20","6154.64",".00",".00","6154.64","3040.56",".00","2912.38","15968.47","6750.00","22718.47","25630.85","16435.65","6154.64","22590.29","3040.56","","{2067FE00-E2D9-6BD7-933A-FF50E2ECAB36}"
"440440","505297","51602.92","14152.50",".00",".00","14152.50","65755.42",".00",".00",".00","7500.00","58255.42",".00","48199.74","15403.18","14152.50","29555.68","77755.42","12000.00","7500.00","19500.00","58255.42","","{6E470A8A-1316-7943-4121-AFDCD9854309}"
"440441","505298","3040.56","350.00",".00",".00","350.00","3390.56","263.84",".00",".00","263.84","3126.72",".00","3040.56",".00","350.00","350.00","3390.56",".00","263.84","263.84","3126.72","","{753E3020-582A-EB4A-2780-83BC2D626787}"
"440442","505299","3126.72","260.00",".00",".00","260.00","3386.72","510.28",".00",".00","510.28","2876.44",".00","3040.56","350.00","260.00","610.00","3650.56","263.84","510.28","774.12","2876.44","","{5EDD9461-63E0-4CC7-5866-301CFE234E35}"
"440443","505300","2876.44","1055.00",".00",".00","1055.00","3931.44","291.68",".00",".00","291.68","3639.76",".00","3040.56","610.00","1055.00","1665.00","4705.56","774.12","291.68","1065.80","3639.76","","{75AD1B4F-D302-4EAF-CA53-A1F5A3FBA26C}"
"440445","505302","3639.76",".00",".00",".00",".00","3639.76","400.00",".00",".00","400.00","3239.76",".00","3040.56","1665.00",".00","1665.00","4705.56","1065.80","400.00","1465.80","3239.76","","{0B3ABC38-34E0-B4F0-6420-B9C4A612D79F}"
"440446","505303","3239.76","4271.00",".00",".00","4271.00","7510.76","562.58",".00",".00","562.58","6948.18",".00","3239.76",".00","4271.00","4271.00","7510.76",".00","562.58","562.58","6948.18","","{62FA5A26-07A6-EB92-4760-B06D22FCAC5F}"
"440447","505304","6401.33","3100.00",".00",".00","3100.00","9501.33","603.95",".00",".00","603.95","8897.38",".00","5054.76","4921.00","3100.00","8021.00","13075.76","3574.43","603.95","4178.38","8897.38","","{BE7B89DD-60D5-9782-7269-59C29E8EBC51}"
"440449","505306","8897.38","8710.00",".00",".00","8710.00","17607.38","5808.27",".00",".00","5808.27","11799.11",".00","5054.76","8021.00","8710.00","16731.00","21785.76","4178.38","5808.27","9986.65","11799.11","","{3B1B0AE7-FA08-6D67-DB6F-2B080B7A0F08}"
"440450","505307","11799.11","190.00",".00",".00","190.00","11989.11","4443.95",".00",".00","4443.95","7545.16",".00","5054.76","16731.00","190.00","16921.00","21975.76","9986.65","4443.95","14430.60","7545.16","","{D5F92284-11B9-62A3-856D-95466B053D25}"
"440451","505308","7545.16","100.00",".00",".00","100.00","7645.16","103.95",".00",".00","103.95","7541.21",".00","7545.16",".00","100.00","100.00","7645.16",".00","103.95","103.95","7541.21","","{F0918F8F-D2EA-609A-3401-36AEC1BB5E58}"
"440452","505309","7541.21",".00",".00",".00",".00","7541.21",".00",".00",".00",".00","7541.21",".00","7545.16","100.00",".00","100.00","7645.16","103.95",".00","103.95","7541.21","","{A68014CB-3F70-EF98-EE62-95999EA71F1D}"
"440453","505310","7541.21","3210.22",".00",".00","3210.22","10751.43","3210.22",".00",".00","3210.22","7541.21",".00","7545.16","100.00","3210.22","3310.22","10855.38","103.95","3210.22","3314.17","7541.21","","{6C5BD5C6-D8BA-7C80-035B-EF5107B56AA7}"
"440454","505311","7541.21",".00",".00",".00",".00","7541.21",".00",".00",".00",".00","7541.21",".00","7545.16","3310.22",".00","3310.22","10855.38","3314.17",".00","3314.17","7541.21","","{BF086884-8036-7B6E-C410-7545CA84A285}"
"440455","505312","7541.21","160.00",".00",".00","160.00","7701.21","206.33",".00",".00","206.33","7494.88",".00","7545.16","3310.22","160.00","3470.22","11015.38","3314.17","206.33","3520.50","7494.88","","{BEE0E976-8D45-7BE4-AB56-C89D52F99AE8}"
"440456","505313","7494.88","170.00",".00",".00","170.00","7664.88","181.72",".00",".00","181.72","7483.16",".00","7494.88",".00","170.00","170.00","7664.88",".00","181.72","181.72","7483.16","","{4CFF5AA0-397D-BC8D-4800-BC3F5B26C625}"
"440458","505315","7483.16","174.00",".00",".00","174.00","7657.16","4.90",".00",".00","4.90","7652.26",".00","7494.88","170.00","174.00","344.00","7838.88","181.72","4.90","186.62","7652.26","","{5148BEC3-FBE5-99EA-80A2-8B6416167FC3}"
"440459","505316","7652.26","450.00",".00",".00","450.00","8102.26","218.76",".00",".00","218.76","7883.50",".00","7494.88","344.00","450.00","794.00","8288.88","186.62","218.76","405.38","7883.50","","{B105712F-279C-166E-3339-ECE34B177F8B}"
"440460","505317","7883.50","12295.00",".00",".00","12295.00","20178.50","16800.89",".00",".00","16800.89","3377.61",".00","7494.88","794.00","12295.00","13089.00","20583.88","405.38","16800.89","17206.27","3377.61","","{C8EC0063-10FD-758C-1046-CCF751DBC9D7}"
"440461","505318","3377.61","1495.00",".00",".00","1495.00","4872.61","58.11",".00",".00","58.11","4814.50",".00","7494.88","13089.00","1495.00","14584.00","22078.88","17206.27","58.11","17264.38","4814.50","","{F8A5F8EF-5B73-2955-7BFF-7E0138226380}"
"440462","505319","4814.50","295.00",".00",".00","295.00","5109.50","11.70",".00",".00","11.70","5097.80",".00","4814.50",".00","295.00","295.00","5109.50",".00","11.70","11.70","5097.80","","{D4D52BA1-79A6-8B1E-23C6-B7A17AEC78A0}"
"440463","505320","5097.80","90.00",".00",".00","90.00","5187.80","3.57",".00",".00","3.57","5184.23",".00","4814.50","295.00","90.00","385.00","5199.50","11.70","3.57","15.27","5184.23","","{97916DB4-5074-05B7-9934-44E41C70A2BC}"
"440464","505321","100.00",".00",".00","656.68","656.68","756.68","656.68",".00",".00","656.68","100.00","1427.72",".00","1514.56","656.68","2171.24","2171.24","1414.56","656.68","2071.24","100.00","","{634F944F-5CCF-49EB-30A5-53CA46DDB719}"
"440465","505322","10882.71","7440.00",".00",".00","7440.00","18322.71","4635.59",".00",".00","4635.59","13687.12",".00","7842.61","5106.00","7440.00","12546.00","20388.61","2065.90","4635.59","6701.49","13687.12","","{2199D729-9CB0-1FDB-CA6F-17815CC69E03}"
"440466","505323","46.00","860.00",".00",".00","860.00","906.00","868.22",".00",".00","868.22","37.78",".00",".00","260.00","860.00","1120.00","1120.00","214.00","868.22","1082.22","37.78","","{3E9F19B8-32BD-28C0-5D08-F728BCDB4624}"
"440467","505324","887.08","400.00",".00",".00","400.00","1287.08","995.33",".00",".00","995.33","291.75",".00",".00","3100.00","400.00","3500.00","3500.00","2212.92","995.33","3208.25","291.75","","{BDB5C5F6-8E49-E789-2F67-8222E8FC4170}"
"440469","505326","394692.90",".00",".00",".00",".00","394692.90","19668.63",".00",".00","19668.63","375024.27",".00","419264.39",".00",".00",".00","419264.39","24571.49","19668.63","44240.12","375024.27","","{FC8D76C1-4D76-234E-62E3-742D4D9AF3D3}"
"440470","505329","55.75",".00",".00",".00",".00","55.75",".00",".00",".00",".00","55.75","90.00",".00","90.00",".00","90.00","90.00","34.25",".00","34.25","55.75","","{FB6B9975-833E-D146-989A-6B3947549ECE}"
"440471","505330","2605.05","719.84",".00",".00","719.84","3324.89","1546.90",".00",".00","1546.90","1777.99",".00",".00","5675.00","719.84","6394.84","6394.84","3069.95","1546.90","4616.85","1777.99","","{D3E9C246-4BA0-3E03-FAE8-B5CFE161049E}"
"440472","505331","818.79","1595.00",".00",".00","1595.00","2413.79","495.00",".00",".00","495.00","1918.79",".00","564.14","300.00","1595.00","1895.00","2459.14","45.35","495.00","540.35","1918.79","","{C10E1998-9CF4-2F1D-E46F-071420556553}"
"440473","505332","5.59","800.00",".00","2068.08","2868.08","2873.67","1168.08",".00",".00","1168.08","1705.59","8961.22","5.59",".00","2868.08","2868.08","2873.67",".00","1168.08","1168.08","1705.59","","{2DF14FEF-EC29-4013-77A7-2B1E30808AC6}"
"440474","505333","5.05","800.00",".00",".00","800.00","805.05","100.00",".00",".00","100.00","705.05","6427.76","5.05",".00","800.00","800.00","805.05",".00","100.00","100.00","705.05","","{C015FCB8-C177-C48F-378C-1ADE80F29880}"
"440475","505334","200.00",".00",".00",".00",".00","200.00",".00",".00",".00",".00","200.00",".00",".00","200.00",".00","200.00","200.00",".00",".00",".00","200.00","","{1A30F854-40C0-D239-8C27-39D20AACB0EF}"
"440476","505335",".00",".00",".00",".00",".00",".00",".00",".00",".00",".00",".00",".00",".00",".00",".00",".00",".00",".00",".00",".00",".00","","{BB39DC1C-BCBA-0749-D4A0-5D7DABB357DA}"
"440479","505338","763.44",".00",".00",".00",".00","763.44",".00",".00",".00",".00","763.44","6539.11","763.44",".00",".00",".00","763.44",".00",".00",".00","763.44","","{693C77A1-718D-A04A-928D-ABD434494A90}"
"440480","505339","314.80",".00",".00",".00",".00","314.80",".00",".00",".00",".00","314.80",".00","314.80",".00",".00",".00","314.80",".00",".00",".00","314.80","","{05D32AC7-8A66-93BB-6006-AC96A78B655C}"
"440484","505343","5674.00","275.00","50.00",".00","325.00","5999.00",".00",".00",".00",".00","5999.00",".00",".00","22902.05","325.00","23227.05","23227.05","17228.05",".00","17228.05","5999.00","","{131F7783-2EBC-F1C9-4B9C-2CF58EC5ABE6}"
"440486","505345",".00","935.34",".00",".00","935.34","935.34","935.34",".00",".00","935.34",".00",".00",".00",".00","935.34","935.34","935.34",".00","935.34","935.34",".00","","{794D0D66-7753-CACB-4F8E-6F7684A7148D}"
"440487","505346","24013.17","19315.78",".00",".00","19315.78","43328.95","6464.23",".00",".00","6464.23","36864.72",".00","26032.37","45980.00","19315.78","65295.78","91328.15","47999.20","6464.23","54463.43","36864.72","","{2A9999E1-98FF-E89A-5776-3B5A6EA54493}"
"440489","505348","54453.27","6215.71",".00",".00","6215.71","60668.98","15110.00",".00",".00","15110.00","45558.98",".00","35815.19","16196.46","6215.71","22412.17","58227.36","1250.00","15110.00","16360.00","41867.36","","{F4F560FE-25A1-35E6-AE9A-26D1BF15E551}"
"440492","505351","11886.33","1055.00",".00",".00","1055.00","12941.33","3116.02",".00",".00","3116.02","9825.31",".00","1463.60","15390.60","1055.00","16445.60","17909.20","4967.87","3116.02","8083.89","9825.31","","{F33DF12F-08E2-67EB-03EA-506450DD8E18}"
"440493","505352","13.60",".00",".00",".00",".00","13.60",".00",".00",".00",".00","13.60",".00","3.60","10.00",".00","10.00","13.60",".00",".00",".00","13.60","","{35722D89-ACD7-553B-A21C-67C92EEFDAAF}"
"440498","505359",".00","160.00",".00",".00","160.00","160.00",".00",".00",".00",".00","160.00",".00",".00",".00","160.00","160.00","160.00",".00",".00",".00","160.00","","{15ED1657-4DE8-4009-FE25-B0969D877344}"
"440501","505363","32455.90","11901.68",".00",".00","11901.68","44357.58","3392.86",".00",".00","3392.86","40964.72","50.00","9338.59","30613.18","11901.68","42514.86","51853.45","7495.87","3392.86","10888.73","40964.72","","{057CA5B1-B555-4EA2-981F-53A0A22A9817}"
"440504","505370","150.00","2275.00",".00",".00","2275.00","2425.00","2305.00",".00",".00","2305.00","120.00",".00","1500.00","4406.47","2275.00","6681.47","8181.47","5756.47","2305.00","8061.47","120.00","","{144C4838-3C9B-F48B-8CC3-BA00766CB24C}"
"440505","505371","6887.87","25.00",".00",".00","25.00","6912.87","263.72",".00",".00","263.72","6649.15",".00","9207.12","10000.00","25.00","10025.00","19232.12","12319.25","263.72","12582.97","6649.15","","{926B7449-E4BD-371B-BDAF-867540276CE6}"
"440506","505372","11425.46","3694.48",".00",".00","3694.48","15119.94","3094.73",".00",".00","3094.73","12025.21",".00",".00","18353.41","3694.48","22047.89","22047.89","6927.95","3094.73","10022.68","12025.21","","{22646866-2078-E8F6-B2B5-CC52E53AF058}"
"440507","505373","120.00",".00",".00",".00",".00","120.00",".00",".00",".00",".00","120.00",".00","120.00",".00",".00",".00","120.00",".00",".00",".00","120.00","","{3CBB8059-0666-8B8C-78B5-D0CA6BE390A5}"
"440514","505380","179.38",".00",".00",".00",".00","179.38","12.00",".00",".00","12.00","167.38",".00",".00","415.00",".00","415.00","415.00","235.62","12.00","247.62","167.38","","{3E135C2D-75A7-4932-5D79-067F28DE22E5}"
"440516","505382","6474.67","3740.00",".17",".00","3740.17","10214.84","1576.00",".00",".00","1576.00","8638.84",".00","7513.74","1693.17","3740.17","5433.34","12947.08","2732.24","1576.00","4308.24","8638.84","","{C0A0BBE4-D701-E0DF-99A9-E0BA208282A9}"
"440517","505383","52.96",".00",".00",".00",".00","52.96",".00",".00",".00",".00","52.96","3120.11","52.96",".00",".00",".00","52.96",".00",".00",".00","52.96","","{0534C7D1-BA00-E24C-96F2-41E0AE20DF35}"
"440521","505387","59411.56",".00",".00",".00",".00","59411.56","24879.69",".00",".00","24879.69","34531.87",".00","55489.06","4972.50",".00","4972.50","60461.56","1050.00","24879.69","25929.69","34531.87","","{C0E8F036-B976-2BD4-982A-5D77080423C6}"
"440527","505393","4548.25","10620.00",".00",".00","10620.00","15168.25","1490.60",".00",".00","1490.60","13677.65","500.00",".00","7074.00","10620.00","17694.00","17694.00","2525.75","1490.60","4016.35","13677.65","","{A0AA7869-11B6-E189-7253-1B12BAB8C0C4}"
"440528","505388","57626.06","1092.00",".00",".00","1092.00","58718.06","50.00",".00",".00","50.00","58668.06",".00","55489.06","3137.00","1092.00","4229.00","59718.06","1000.00","50.00","1050.00","58668.06","","{91B68EFE-26B4-D74F-36FD-72E704A2AC06}"
"440529","505394","2831.40","3829.00",".00",".00","3829.00","6660.40","1603.15","159.00",".00","1762.15","4898.25","500.00",".00","3595.00","3829.00","7424.00","7424.00","763.60","1762.15","2525.75","4898.25","","{C5F71184-33E9-42DC-4490-A9874BD8C5BD}"
"440532","505397","4898.25","10620.00",".00",".00","10620.00","15518.25","1490.60",".00",".00","1490.60","14027.65","500.00",".00","7424.00","10620.00","18044.00","18044.00","2525.75","1490.60","4016.35","14027.65","","{A0AA7869-11B6-E189-7253-1B12BAB8C0C4}"
"440533","505398","256192.19","23748.16",".00",".00","23748.16","279940.35","73611.11",".00",".00","73611.11","206329.24",".00","227357.16","40913.02","23748.16","64661.18","292018.34","12077.99","73611.11","85689.10","206329.24","","{24275919-32BC-3323-2914-410328810D83}"
"440534","505399","22791.35","11050.00",".00",".00","11050.00","33841.35","421.73",".00",".00","421.73","33419.62",".00","32138.62","1000.00","11050.00","12050.00","44188.62","10347.27","421.73","10769.00","33419.62","","{C223B866-15AC-3870-4B19-2345A713A935}"
"440538","505403","525.66",".00",".00",".00",".00","525.66","102.30",".00",".00","102.30","423.36",".00","525.66",".00",".00",".00","525.66",".00","102.30","102.30","423.36","","{8B5D22E8-6C9C-0FB6-3D82-4ADA24696AA8}"
"440540","505405","2536.88","1063.00",".00","2000.00","3063.00","5599.88","1457.32",".00",".00","1457.32","4142.56","3450.00",".00","7110.00","3063.00","10173.00","10173.00","4573.12","1457.32","6030.44","4142.56","","{3CF1122F-BAA9-FF0A-6942-6593448081E8}"
"440544","505410","659.53","410.00",".00",".00","410.00","1069.53","888.39",".00",".00","888.39","181.14","607.11","659.53",".00","410.00","410.00","1069.53",".00","888.39","888.39","181.14","","{90E89B5D-C7CF-02BD-3686-E3186EF15FE5}"
"440546","505412","10882.71","7440.00",".00",".00","7440.00","18322.71","4635.59",".00",".00","4635.59","13687.12",".00","7842.61","5106.00","7440.00","12546.00","20388.61","2065.90","4635.59","6701.49","13687.12","","{2199D729-9CB0-1FDB-CA6F-17815CC69E03}"
"440547","505413","207.57",".00",".00",".00",".00","207.57",".00",".00",".00",".00","207.57",".00","327.57",".00",".00",".00","327.57","120.00",".00","120.00","207.57","","{071E1AEB-4D56-FFF2-78E3-175B136C57AF}"
"440552","505428","10882.71","7440.00",".00",".00","7440.00","18322.71","4635.59",".00",".00","4635.59","13687.12",".00","7842.61","5106.00","7440.00","12546.00","20388.61","2065.90","4635.59","6701.49","13687.12","","{2199D729-9CB0-1FDB-CA6F-17815CC69E03}"
"440553","505430","10882.71","7440.00",".00",".00","7440.00","18322.71","4635.59",".00",".00","4635.59","13687.12",".00","7842.61","5106.00","7440.00","12546.00","20388.61","2065.90","4635.59","6701.49","13687.12","","{2199D729-9CB0-1FDB-CA6F-17815CC69E03}"
"440556","505432","667.69",".00",".00",".00",".00","667.69",".00",".00",".00",".00","667.69",".00","356.41","831.00",".00","831.00","1187.41","519.72",".00","519.72","667.69","","{A7DC13B8-10C9-0526-D8D4-516B5FD0D66F}"
"440558","505437","10882.71","7440.00",".00",".00","7440.00","18322.71","4635.59",".00",".00","4635.59","13687.12",".00","7842.61","5106.00","7440.00","12546.00","20388.61","2065.90","4635.59","6701.49","13687.12","","{2199D729-9CB0-1FDB-CA6F-17815CC69E03}"
"440559","505438","7679.30","440.00",".00",".00","440.00","8119.30",".00",".00",".00",".00","8119.30",".00","7811.71","800.00","440.00","1240.00","9051.71","932.41",".00","932.41","8119.30","","{FDD14520-3D52-8AE9-F06B-D0A036872922}"
"440561","505440","102.00","1690.00",".00","2040.73","3730.73","3832.73","1180.00",".00",".00","1180.00","2652.73","2040.73",".00","840.00","3730.73","4570.73","4570.73","738.00","1180.00","1918.00","2652.73","","{8174C055-5954-17D2-67DC-34C2E77974B6}"
"440570","505448",".00","800.60",".00","500.00","1300.60","1300.60","254.65",".00",".00","254.65","1045.95","500.00",".00",".00","1300.60","1300.60","1300.60",".00","254.65","254.65","1045.95","","{68BEE369-EEEB-D329-830E-7E6EA094A58B}"
"440572","505450","7436.02","7350.00",".00",".00","7350.00","14786.02","5077.31","100.00",".00","5177.31","9608.71",".00",".00","9388.00","7350.00","16738.00","16738.00","1951.98","5177.31","7129.29","9608.71","","{0EB09292-992F-910E-0098-64213001F503}"
"440574","505452","3931.84",".00",".00",".00",".00","3931.84",".00",".00",".00",".00","3931.84","5631.00","3931.84",".00",".00",".00","3931.84",".00",".00",".00","3931.84","","{2292A2A4-D94C-4046-83CC-2F926E9C96F7}"
"440575","505454","30070.00",".00",".00",".00",".00","30070.00",".00",".00",".00",".00","30070.00",".00","30070.00",".00",".00",".00","30070.00",".00",".00",".00","30070.00","","{8E71E12B-1182-0C74-7086-C95E14A97D22}"
"440576","505455","81.06",".00",".00",".00",".00","81.06","9.99",".00",".00","9.99","71.07",".00","121.02",".00",".00",".00","121.02","39.96","9.99","49.95","71.07","","{4EBCCDE3-46E1-98F9-AE14-B86F6D4BFF6D}"
"440577","505456","81.06",".00",".00",".00",".00","81.06","39.97",".00",".00","39.97","41.09",".00","121.02",".00",".00",".00","121.02","39.96","39.97","79.93","41.09","","{4EBCCDE3-46E1-98F9-AE14-B86F6D4BFF6D}"
"440578","505457","5184.23","220.00",".00",".00","220.00","5404.23","8.73",".00",".00","8.73","5395.50",".00","4814.50","385.00","220.00","605.00","5419.50","15.27","8.73","24.00","5395.50","","{7B781335-EF46-CB01-0C2F-CB8DE6FC7063}"
"440580","505459","2808.20","15.00",".00",".00","15.00","2823.20",".60",".00",".00",".60","2822.60",".00","1844.45","3128.00","15.00","3143.00","4987.45","2164.25",".60","2164.85","2822.60","","{2C4F639F-557F-83F0-3930-6BED3EB3AB36}"
"440581","505460",".00",".00",".00",".00",".00",".00",".00",".00",".00",".00",".00",".00",".00",".00",".00",".00",".00",".00",".00",".00",".00","","{6BBD317E-243B-D8CE-758C-4B53119C13A1}"
"440583","505463","913512.35","80738.61",".00",".00","80738.61","994250.96","70515.00",".00",".00","70515.00","923735.96",".00","794616.04","164396.31","80738.61","245134.92","1039750.96","45500.00","70515.00","116015.00","923735.96","","{F8F58387-B256-59A1-AB41-990CABD11876}"
"440584","505464","19678.87","81.67","7375.66",".00","7457.33","27136.20","6173.31",".00",".00","6173.31","20962.89",".00","20678.87","88.67","7457.33","7546.00","28224.87","1088.67","6173.31","7261.98","20962.89","","{D423F8ED-97A6-DFDC-EDCA-9FE5D7C10071}"
"440586","505466","20254.57","2642.00",".00",".00","2642.00","22896.57","6817.75",".00",".00","6817.75","16078.82",".00","3184.92","18966.25","2642.00","21608.25","24793.17","1896.60","6817.75","8714.35","16078.82","","{9711DF9C-4C14-0440-A380-959E18398D6A}"
"440587","505467","18305.67","2648.50",".00",".00","2648.50","20954.17","699.60",".00",".00","699.60","20254.57",".00","3184.92","16317.75","2648.50","18966.25","22151.17","1197.00","699.60","1896.60","20254.57","","{3E9777F7-F049-D223-6407-4EEA68600B69}"
"440589","505470","14962.25",".00",".00",".00",".00","14962.25",".00",".00",".00",".00","14962.25",".00","15.09","27108.02",".00","27108.02","27123.11","12160.86",".00","12160.86","14962.25","","{C2C72FDD-F3B8-C29D-813F-95F656ECEA30}"
"440590","505471","76.35","73.32",".00",".00","73.32","149.67","91.66",".00",".00","91.66","58.01",".00",".00","1396.47","73.32","1469.79","1469.79","1320.12","91.66","1411.78","58.01","","{5BA1A2FA-0325-B573-2343-A10513E3D434}"
"440591","505472","1249.35",".00",".00",".00",".00","1249.35","236.90",".00",".00","236.90","1012.45",".00",".00","1410.00",".00","1410.00","1410.00","160.65","236.90","397.55","1012.45","","{E46E47C1-66E6-3694-6638-73A1CD876E62}"
"440593","505474","15235.50","6825.14",".22",".00","6825.36","22060.86","4251.70",".00",".00","4251.70","17809.16",".00",".00","48790.70","6825.36","55616.06","55616.06","33555.20","4251.70","37806.90","17809.16","","{DFA9CB1A-89D3-636C-AFCC-B2204F376E41}"
"440595","505476",".00",".00",".00",".00",".00",".00",".00",".00",".00",".00",".00",".00",".00",".00",".00",".00",".00",".00",".00",".00",".00","","{82DFADC9-171C-D7E4-389A-81B4684BB436}"
"440600","505480","22791.35","11050.00",".00",".00","11050.00","33841.35","908.27",".00",".00","908.27","32933.08",".00","32138.62","1000.00","11050.00","12050.00","44188.62","10347.27","908.27","11255.54","32933.08","","{C223B866-15AC-3870-4B19-2345A713A935}"
"440601","505481","2434.67","212.86",".00",".00","212.86","2647.53","1624.89",".00",".00","1624.89","1022.64",".00",".00","2715.84","212.86","2928.70","2928.70","281.17","1624.89","1906.06","1022.64","","{E837E52E-04B4-4D91-C6BF-F1575937C9EE}"
"440602","505482","75237.51",".00",".00",".00",".00","75237.51",".00",".00",".00",".00","75237.51",".00","75237.51",".00",".00",".00","75237.51",".00",".00",".00","75237.51","","{F1C37286-6372-D2E7-8D6F-6574EFDD7C0C}"
"440605","505486","100.00",".00",".00",".00",".00","100.00",".00",".00",".00",".00","100.00",".00",".00","100.00",".00","100.00","100.00",".00",".00",".00","100.00","","{DD35C2EB-C278-F98C-82C3-1786163F7225}"
"440608","505493","973.71","4457.00",".00",".00","4457.00","5430.71","4667.28",".00",".00","4667.28","763.43",".00",".00","20236.99","4457.00","24693.99","24693.99","19263.28","4667.28","23930.56","763.43","","{992F61CA-EAEF-B3DC-E9EE-83F483BDCD06}"
"440611","505496","100.00",".00",".00",".00",".00","100.00",".00",".00",".00",".00","100.00",".00","100.00",".00",".00",".00","100.00",".00",".00",".00","100.00","","{BC38161B-133C-8150-045C-AFF277F82508}"
"440613","505498","290.69",".00",".00",".00",".00","290.69",".00",".00",".00",".00","290.69",".00","1612.56","1197.00",".00","1197.00","2809.56","2518.87",".00","2518.87","290.69","","{13215122-7264-FA7D-A327-8466767BD318}"
"440615","505500","2612.75",".00",".00",".00",".00","2612.75",".00",".00",".00",".00","2612.75",".00","2612.75",".00",".00",".00","2612.75",".00",".00",".00","2612.75","","{0B6C853E-BBBB-09F9-9B36-3809591D6AF2}"
"440616","505501",".00","9757.81",".00",".00","9757.81","9757.81","4510.04",".00",".00","4510.04","5247.77",".00",".00",".00","9757.81","9757.81","9757.81",".00","4510.04","4510.04","5247.77","","{08EF6602-ACF7-6B92-DBBD-4874E22A845C}"
"440618","505502","12481.36","25321.00",".00",".00","25321.00","37802.36","7250.00",".00",".00","7250.00","30552.36",".00","9145.36","3336.00","25321.00","28657.00","37802.36",".00","7250.00","7250.00","30552.36","","{D290F544-C43F-35C1-596F-F1729F6FF1E8}"
"440619","505503","47.67",".00",".00",".00",".00","47.67",".00",".00",".00",".00","47.67",".00","747.67","250.00",".00","250.00","997.67","950.00",".00","950.00","47.67","","{7696C96E-FA27-04CC-7A91-102456E50699}"
"440620","505504","4949.00",".00",".00",".00",".00","4949.00",".00",".00",".00",".00","4949.00",".00","5199.00",".00",".00",".00","5199.00",".00",".00",".00","5199.00","","{4F330E1B-82E1-39D3-EAF8-7A9DAB282E75}"
"440621","505505",".00","2578.62",".00","42000.00","44578.62","44578.62","164.23",".00",".00","164.23","44414.39","42000.00",".00",".00","44578.62","44578.62","44578.62",".00","164.23","164.23","44414.39","","{A7456CE8-E0B5-082D-51E3-C7181A5208BA}"
"440624","505510","1709.44","3425.00",".00",".00","3425.00","5134.44","2021.28",".00",".00","2021.28","3113.16",".00","1934.66","1840.00","3425.00","5265.00","7199.66","2065.22","2021.28","4086.50","3113.16","","{C652D28A-FEAE-E95A-6FEB-8AA167DDD6CC}"
"440626","505512","1811.18",".00",".00",".00",".00","1811.18","15.00",".00",".00","15.00","1796.18",".00","676.71","1140.00",".00","1140.00","1816.71","5.53","15.00","20.53","1796.18","","{CED2DF18-66AA-7685-F660-292DA3A67214}"
"440627","505513","1555.85","2225.00",".00",".00","2225.00","3780.85","2260.00",".00",".00","2260.00","1520.85",".00",".00","6159.00","2225.00","8384.00","8384.00","4603.15","2260.00","6863.15","1520.85","","{DA3FD87D-6F95-C627-7515-2A61CCF9B93B}"
"440628","505514","1796.18",".00",".00",".00",".00","1796.18","60.00",".00",".00","60.00","1736.18",".00","676.71","1140.00",".00","1140.00","1816.71","20.53","60.00","80.53","1736.18","","{C7041783-2477-94E1-C632-BC6FB6D6B562}"
"440631","505517","600.00","200.00",".00",".00","200.00","800.00",".00",".00",".00",".00","800.00",".00",".00","600.00","200.00","800.00","800.00",".00",".00",".00","800.00","","{A4CCBA74-2AD4-D435-AF30-E6823E4CFAEA}"
"440636","505522","372.31",".00",".00",".00",".00","372.31","371.30",".00",".00","371.30","1.01","1150.00","100.00","1520.00",".00","1520.00","1620.00","1247.69","371.30","1618.99","1.01","","{C0F8807E-323E-7DDA-C1A3-E683D549FD8B}"
"440638","505524","5115.81","136.50",".00",".00","136.50","5252.31",".00",".00",".00",".00","5252.31",".00","4657.64","483.17","136.50","619.67","5277.31","25.00",".00","25.00","5252.31","","{3071DF6F-C529-C580-353F-87564475680A}"
"440639","505525","893.76","82.21",".00",".00","82.21","975.97",".00",".00",".00",".00","975.97",".00","893.76",".00","82.21","82.21","975.97",".00",".00",".00","975.97","","{8EF299C2-5FA7-74AD-92D3-CD7B87D94362}"
"440640","505526","25.00",".00",".00",".00",".00","25.00",".00",".00",".00",".00","25.00",".00",".00","25.00",".00","25.00","25.00",".00",".00",".00","25.00","","{10D887D3-0430-1BEF-B6B2-BA568E2F5CA8}"
"440641","505527","25.00",".00",".00",".00",".00","25.00",".00",".00",".00",".00","25.00",".00",".00","25.00",".00","25.00","25.00",".00",".00",".00","25.00","","{34D77C09-D6B2-F477-05C6-B64946A4A17C}"
"440642","505528","25.00",".00",".00",".00",".00","25.00",".00",".00",".00",".00","25.00",".00",".00","25.00",".00","25.00","25.00",".00",".00",".00","25.00","","{57DBD4C4-FFC6-BE41-7633-592727803911}"
"440643","505529","248818.09","100.00","355.50",".00","455.50","249273.59","40541.02",".00",".00","40541.02","208732.57",".00","214520.82","66130.00","455.50","66585.50","281106.32","31832.73","40541.02","72373.75","208732.57","","{DC58A2F3-2300-2393-463B-8E8CACDE4ED4}"
"440647","505533","1639.93","4906.00",".00",".00","4906.00","6545.93","1445.18",".00",".00","1445.18","5100.75",".00","607.26","2644.83","4906.00","7550.83","8158.09","1612.16","1445.18","3057.34","5100.75","","{435839DD-06DB-EC1D-F818-D89A955706D3}"
"440648","505534","25.00","23.79",".00",".00","23.79","48.79","15.93",".00",".00","15.93","32.86",".00",".00","25.00","23.79","48.79","48.79",".00","15.93","15.93","32.86","","{98B57D30-5099-03CD-4022-75A27B268924}"
"440649","505535","137.92","283.28",".00",".00","283.28","421.20","210.60",".00",".00","210.60","210.60",".00",".00","800.00","283.28","1083.28","1083.28","662.08","210.60","872.68","210.60","","{CE69D449-F15E-0C45-D398-AC279E95FA35}"
"440651","505538","107.12",".00",".00",".00",".00","107.12",".00",".00",".00",".00","107.12",".00","107.12",".00",".00",".00","107.12",".00",".00",".00","107.12","","{B9EE7708-78C1-71AC-12CC-E11F12C0C07D}"
"440656","505542","107.12",".00",".00",".00",".00","107.12",".00",".00",".00",".00","107.12",".00","107.12",".00",".00",".00","107.12",".00",".00",".00","107.12","","{883E8E50-4689-20FD-C321-AFDA2F7F3BB6}"
"440657","505543","559.88",".00",".00",".00",".00","559.88","224.00",".00",".00","224.00","335.88",".00",".00","950.00",".00","950.00","950.00","390.12","224.00","614.12","335.88","","{86675F30-477B-14B7-5B81-4661946BE6B6}"
"440658","505544","107.12",".00",".00",".00",".00","107.12",".00",".00",".00",".00","107.12",".00","107.12",".00",".00",".00","107.12",".00",".00",".00","107.12","","{0EA1499D-A578-2152-06FE-596DED91E662}"
"440660","505546","3624.94",".00",".00",".00",".00","3624.94",".00",".00",".00",".00","3624.94",".00","1139.94","5000.00",".00","5000.00","6139.94","2515.00",".00","2515.00","3624.94","","{5181CCD3-889D-D39C-421F-E9D71AB96F3B}"
"440661","505547","45.00",".00",".00",".00",".00","45.00",".00",".00",".00",".00","45.00",".00","1500.00",".00",".00",".00","1500.00","1455.00",".00","1455.00","45.00","","{B583283E-621C-553D-8B3F-5384A74C2CBE}"
"440663","505549","107.12","500.00",".00",".00","500.00","607.12","487.49",".00",".00","487.49","119.63",".00","107.12",".00","500.00","500.00","607.12",".00","487.49","487.49","119.63","","{5088B3A7-1202-970B-0239-E3B7F5A4E9F2}"
"440664","505550","555.46","1460.00",".00","103.41","1563.41","2118.87","1909.51",".00",".00","1909.51","209.36","1208.41",".00","4352.95","1563.41","5916.36","5916.36","3797.49","1909.51","5707.00","209.36","","{1CD657C2-A823-C8B1-B92B-B6ADF97E6A92}"
"440665","505551","1282.97","50.00",".00",".00","50.00","1332.97","131.44",".00",".00","131.44","1201.53","857.12",".00","6477.12","50.00","6527.12","6527.12","5194.15","131.44","5325.59","1201.53","","{4C22875C-648F-499E-87BB-A6C32AA132F8}"
"440668","505554","5564.07","75.00",".00",".00","75.00","5639.07","1287.59",".00",".00","1287.59","4351.48",".00","7594.13","1655.00","75.00","1730.00","9324.13","3685.06","1287.59","4972.65","4351.48","","{9CDA02F7-12F0-B9B6-5F15-290A90D7153F}"
"440669","505555","498.96","420.00",".00",".00","420.00","918.96","702.62",".00",".00","702.62","216.34",".00",".00","4871.98","420.00","5291.98","5291.98","4580.15","702.62","5282.77","9.21","","{3B16F81F-58D3-353B-0C39-7738C49A11C5}"
"440670","505556","534.40",".00",".00",".00",".00","534.40",".00",".00",".00",".00","534.40",".00","534.40",".00",".00",".00","534.40",".00",".00",".00","534.40","","{AF55EBB1-4229-0AF2-2889-A2CA4D5C6002}"
"440672","505558","1880.00",".00",".00",".00",".00","1880.00","80.00",".00",".00","80.00","1800.00",".00","1880.00",".00",".00",".00","1880.00",".00","80.00","80.00","1800.00","","{7127E0E1-30DC-52A7-9056-50A549A86D1D}"
"440675","505563","14638.32",".00",".00",".00",".00","14638.32","1113.75",".00",".00","1113.75","13524.57",".00","10210.32","10588.42",".00","10588.42","20798.74","6160.42","1113.75","7274.17","13524.57","","{EC999C64-9CDC-BA4B-1B2E-271CBA9B7DE9}"
"440677","505565","22232.00","21900.00",".00",".00","21900.00","44132.00","3652.79",".00",".00","3652.79","40479.21",".00","13511.22","15000.00","21900.00","36900.00","50411.22","6279.22","3652.79","9932.01","40479.21","","{8F265183-2520-DC65-40D4-1BBA723FB794}"
"440683","505571","461.17","320.40",".00",".00","320.40","781.57","486.84",".00",".00","486.84","294.73","5408.00","1294.27","1186.99","320.40","1507.39","2801.66","2020.09","486.84","2506.93","294.73","","{57700CB1-D896-9927-7BDF-1239A498756E}"
"440686","505574",".00",".00",".00",".00",".00",".00",".00",".00",".00",".00",".00",".00",".00",".00",".00",".00",".00",".00",".00",".00",".00","","{E01EFA54-DEB5-C4D8-1DBD-FB6F54CAE8B4}"
"440688","505576","588.84","510.00",".00",".00","510.00","1098.84","858.62",".00",".00","858.62","240.22",".00",".00","755.10","510.00","1265.10","1265.10","166.26","858.62","1024.88","240.22","","{7E20411A-B88E-3ED2-EB5C-88EACC91D6C7}"
"440690","505578",".00",".00",".00",".00",".00",".00",".00",".00",".00",".00",".00",".00",".00",".00",".00",".00",".00",".00",".00",".00",".00","","{0CA552B4-52CD-EA76-3478-A0A200B72322}"
"440691","505579","82.62",".00",".00",".00",".00","82.62",".00",".00",".00",".00","82.62",".00","82.62",".00",".00",".00","82.62",".00",".00",".00","82.62","","{1F4E8DF7-056A-21F3-370A-68EFDDE31C10}"
"440692","505583","100.00","520.00",".00",".00","520.00","620.00",".00",".00",".00",".00","620.00",".00","100.00",".00","520.00","520.00","620.00",".00",".00",".00","620.00","","{CA375AD8-EEF6-5B55-0A6C-E6FF9C7E6BE3}"
"440694","505586","5907.60","120.00",".00",".00","120.00","6027.60","3039.47",".00",".00","3039.47","2988.13",".00","5842.80","3030.00","120.00","3150.00","8992.80","2965.20","3039.47","6004.67","2988.13","","{43FB4C46-B3DC-4BD9-DA01-50F15A82B79B}"
"440699","505591","1690.79","995.72",".00","215.89","1211.61","2902.40","2133.31",".00",".00","2133.31","769.09","215.89",".00","2275.02","1211.61","3486.63","3486.63","584.23","2133.31","2717.54","769.09","","{5C429716-5AE4-A751-F94E-BC43DF203B49}"
"440700","505592","7910.90",".00",".00",".00",".00","7910.90",".00",".00",".00",".00","7910.90",".00","7910.90",".00",".00",".00","7910.90",".00",".00",".00","7910.90","","{1060D1FC-67B3-AA67-AFA5-CAC0F4EAD238}"
"440702","505594","2210.37","9675.00",".00",".00","9675.00","11885.37","1144.90",".00",".00","1144.90","10740.47",".00","994.48","2430.00","9675.00","12105.00","13099.48","1214.11","1144.90","2359.01","10740.47","","{F81447A7-7E70-A6A0-EB6E-6314E994803A}"
"440704","505596","297.00",".00",".00",".00",".00","297.00",".00",".00",".00",".00","297.00",".00",".00","7297.00",".00","7297.00","7297.00","7000.00",".00","7000.00","297.00","","{D9761B98-EDD2-8020-1676-EEF19846ADA1}"
"440705","505597","54883.00","2450.00",".00",".00","2450.00","57333.00","514.00",".00",".00","514.00","56819.00",".00","56308.00","850.00","2450.00","3300.00","59608.00","2275.00","514.00","2789.00","56819.00","","{B6BBBE56-6714-E925-FE59-FD296AA26DCD}"
"440706","505598",".00","5865.59",".00",".00","5865.59","5865.59","5865.59",".00",".00","5865.59",".00",".00",".00",".00","5865.59","5865.59","5865.59",".00","5865.59","5865.59",".00","","{32111E39-4490-9F14-7793-F9FB11C562D1}"
"440710","505604","6084.60",".00",".00",".00",".00","6084.60","4.00",".00",".00","4.00","6080.60",".00","19759.75",".00",".00",".00","19759.75","13675.15","4.00","13679.15","6080.60","","{0C24DD85-800E-3D83-7C7D-F516E6C713A0}"
"440711","505606","8334.84",".00",".00",".00",".00","8334.84",".00",".00",".00",".00","8334.84","4689.07","9065.44","96.05",".00","96.05","9161.49","826.65",".00","826.65","8334.84","","{79582D71-AB43-11B7-962D-C1D975E7746A}"
"440714","505609",".00",".00",".00",".00",".00",".00",".00",".00",".00",".00",".00",".00",".00",".00",".00",".00",".00",".00",".00",".00",".00","","{E5D82061-8C28-1343-47FD-51B44A6E23A4}"
"440718","505610","57626.06","1693.50",".00",".00","1693.50","59319.56","50.00",".00",".00","50.00","59269.56",".00","55489.06","3137.00","1693.50","4830.50","60319.56","1000.00","50.00","1050.00","59269.56","","{91B68EFE-26B4-D74F-36FD-72E704A2AC06}"
"440719","505612",".00",".00",".00",".00",".00",".00",".00",".00",".00",".00",".00",".00",".00","33.00",".00","33.00","33.00","33.00",".00","33.00",".00","","{5A998A7E-5382-06E0-A06C-47F9F8037BD0}"
"440723","505618","4854.39",".00",".00",".00",".00","4854.39",".00",".00",".00",".00","4854.39",".00","4854.39",".00",".00",".00","4854.39",".00",".00",".00","4854.39","","{C0269F99-2702-A2A9-7C6D-E28AF818B7CD}"
"440724","505616","1130.66","721.49",".00",".00","721.49","1852.15",".00",".00",".00",".00","1852.15",".00","830.66","5450.00","721.49","6171.49","7002.15","5150.00",".00","5150.00","1852.15","","{8F974A22-B1C0-3F7D-35FF-A6112E62A4DA}"
"440726","505620","3037.09",".00",".00",".00",".00","3037.09",".00",".00",".00",".00","3037.09",".00","3037.09",".00",".00",".00","3037.09",".00",".00",".00","3037.09","","{946322F4-7648-3548-5408-40E409445C68}"
"440728","505621","240.00","2445.06",".00",".00","2445.06","2685.06","2188.71",".00",".00","2188.71","496.35","140.00",".00","240.00","2445.06","2685.06","2685.06",".00","2188.71","2188.71","496.35","","{48391D12-F589-E2E4-635F-781B387DCAC3}"
"440729","505622","21948.86",".00",".00",".00",".00","21948.86","506.56",".00",".00","506.56","21442.30",".00","15847.06","13500.00",".00","13500.00","29347.06","7398.20","506.56","7904.76","21442.30","","{3929A0C0-8154-35E8-6BD9-24B4AEA5DB01}"
"440732","505625","738.53",".00",".00",".00",".00","738.53","45.00",".00",".00","45.00","693.53",".00","813.53",".00",".00",".00","813.53","75.00","45.00","120.00","693.53","","{7C361FDF-E936-C67C-B060-B4BEE18C0CE6}"
"440733","505626","68425.97",".00",".00",".00",".00","68425.97",".00",".00",".00",".00","68425.97",".00","68425.97",".00",".00",".00","68425.97",".00",".00",".00","68425.97","","{D7E55D2F-71A6-75B2-6661-DD24223D8B83}"
"440734","505627",".00","6050.00",".00",".00","6050.00","6050.00","3000.00",".00",".00","3000.00","3050.00",".00",".00",".00","6050.00","6050.00","6050.00",".00","3000.00","3000.00","3050.00","","{18D9B097-1DDE-1B58-B570-E3DFD3FCC53E}"
"440735","505628",".00","1125.00",".00",".00","1125.00","1125.00",".00",".00",".00",".00","1125.00",".00",".00",".00","1125.00","1125.00","1125.00",".00",".00",".00","1125.00","","{9DDE8963-6A9B-418E-0E73-D41D1566233D}"
"440737","505630","9500.00","14300.00",".00",".00","14300.00","23800.00","30.50",".00",".00","30.50","23769.50",".00",".00","9500.00","14300.00","23800.00","23800.00",".00","30.50","30.50","23769.50","","{551A05DE-33FE-A7E8-8873-BBDF5C06E18C}"
"440741","505634","8179.65",".00",".00",".00",".00","8179.65",".00",".00",".00",".00","8179.65",".00","8188.91",".00",".00",".00","8188.91","9.26",".00","9.26","8179.65","","{06430095-1EB8-5DFD-BE06-761D2E693927}"
"440743","505636","59269.56",".00",".00",".00",".00","59269.56","24879.69",".00",".00","24879.69","34389.87",".00","55489.06","4830.50",".00","4830.50","60319.56","1050.00","24879.69","25929.69","34389.87","","{C0E8F036-B976-2BD4-982A-5D77080423C6}"
"440748","505641","5016.33",".00",".00",".00",".00","5016.33","3377.10",".00",".00","3377.10","1639.23",".00","8500.47",".00",".00",".00","8500.47","3484.14","3377.10","6861.24","1639.23","","{D4A00BE9-68AE-3D0C-73C0-F5D6FA02EE69}"
"440749","505642","5935.23",".00",".00",".00",".00","5935.23",".00",".00",".00",".00","5935.23",".00","5935.23",".00",".00",".00","5935.23",".00",".00",".00","5935.23","","{2EE28FEB-E686-89C3-0E86-E64850E218BD}"
"440750","505643","2988.13",".00",".00",".00",".00","2988.13","2988.13",".00",".00","2988.13",".00",".00","5842.80","3150.00",".00","3150.00","8992.80","6004.67","2988.13","8992.80",".00","","{D0CCA9A7-819D-00CD-B296-DDD6564B6D41}"
"440751","505644","55.00","1357.94",".00",".00","1357.94","1412.94","1008.87",".00",".00","1008.87","404.07",".00",".00","55.00","1357.94","1412.94","1412.94",".00","1008.87","1008.87","404.07","","{6FCDC572-77DC-3012-9312-353F1F13E611}"
"440756","505648","5691.63",".00",".00",".00",".00","5691.63","2292.40",".00",".00","2292.40","3399.23",".00","7317.63",".00",".00",".00","7317.63","1626.00","2292.40","3918.40","3399.23","","{51CFE746-A80B-C74F-B90B-8AA7338CCADD}"
"440758","505650","17691.88","1587.40",".00",".00","1587.40","19279.28","4638.82",".00",".00","4638.82","14640.46",".00","12870.25","6321.63","1587.40","7909.03","20779.28","1500.00","4638.82","6138.82","14640.46","","{501DC3B4-14DA-D0C2-965F-6CF72B04B624}"
"440759","505651",".00","50100.00","4.50",".00","50104.50","50104.50","5864.50",".00",".00","5864.50","44240.00",".00",".00",".00","50104.50","50104.50","50104.50",".00","5864.50","5864.50","44240.00","","{E618CE34-0BF7-B0E5-0973-8A41F8F19690}"
"440760","505653","9086.24","300.00",".00",".00","300.00","9386.24","15.60",".00",".00","15.60","9370.64",".00","8612.24","500.00","300.00","800.00","9412.24","26.00","15.60","41.60","9370.64","","{D4F1A548-6955-C16F-79B0-FF7ACF5B2AC8}"
"440761","505654","9000.00","52750.00",".00",".00","52750.00","61750.00","4017.89",".00",".00","4017.89","57732.11",".00","5500.00","3500.00","52750.00","56250.00","61750.00",".00","4017.89","4017.89","57732.11","","{64B334BF-7CEE-DDC8-ED96-B3133D9445CA}"
"440762","505656","51637.65",".00",".00",".00",".00","51637.65","250.00",".00",".00","250.00","51387.65",".00","51637.65",".00",".00",".00","51637.65",".00","250.00","250.00","51387.65","","{7B65290E-6072-30BC-88A6-07F5AEB4C301}"
"440763","505657","132771.31","40858.50",".00",".00","40858.50","173629.81","7609.13",".00",".00","7609.13","166020.68",".00","123950.01","11643.30","40858.50","52501.80","176451.81","2822.00","7609.13","10431.13","166020.68","","{6BB30524-EBA7-5317-CAC2-6ECF1741854D}"
"440764","505658","61806.12","2100.00",".00",".00","2100.00","63906.12","8425.00",".00",".00","8425.00","55481.12",".00","59406.12","6150.00","2100.00","8250.00","67656.12","3750.00","8425.00","12175.00","55481.12","","{0F34E529-9449-99B0-77E6-D18D064BB223}"
"440765","505659","714.08","264.85",".00",".00","264.85","978.93","645.75",".00",".00","645.75","333.18",".00","19573.32","538.00","264.85","802.85","20376.17","19397.24","645.75","20042.99","333.18","","{0BDEA316-5AD1-8A56-3210-BDD183373196}"
"440767","505661","97398.97","5238.72",".00",".00","5238.72","102637.69",".00",".00",".00",".00","102637.69",".00","91474.73","8174.24","5238.72","13412.96","104887.69","2250.00",".00","2250.00","102637.69","","{4D2F93AF-0FB3-3C10-A86C-FC2145A653CA}"
"440768","505663","10036.46",".00",".00",".00",".00","10036.46",".00",".00",".00",".00","10036.46",".00","10036.46",".00",".00",".00","10036.46",".00",".00",".00","10036.46","","{A74252EB-526B-0273-43E7-6653CC03111D}"
"440769","505664","324.75","5906.36",".00",".00","5906.36","6231.11",".00",".00",".00",".00","6231.11",".00",".00","6105.30","5906.36","12011.66","12011.66","5780.55",".00","5780.55","6231.11","","{6394634A-AFD5-464D-53BC-2CDA6ACEAE6E}"
"440770","505665","417428.58",".00","1463.48",".00","1463.48","418892.06","2307.46",".00",".00","2307.46","416584.60",".00","416560.78","1392.70","1463.48","2856.18","419416.96","524.90","2307.46","2832.36","416584.60","","{F9158071-1F9E-6CEC-0C0E-8C7EE292BA75}"
"440774","505668","34389.87","2001.00",".00",".00","2001.00","36390.87","2700.00",".00",".00","2700.00","33690.87",".00","55489.06","4830.50","2001.00","6831.50","62320.56","25929.69","2700.00","28629.69","33690.87","","{B377B993-61CC-E15C-6D12-B3CCC1474945}"
"440776","505670","33690.87",".00",".00",".00",".00","33690.87",".00",".00",".00",".00","33690.87",".00","33690.87",".00",".00",".00","33690.87",".00",".00",".00","33690.87","","{B81E9346-0FC1-AA1C-8525-9E7E34C76423}"
"440777","505671","97265.27",".00",".00",".00",".00","97265.27","812.00",".00",".00","812.00","96453.27",".00","97769.27",".00",".00",".00","97769.27","504.00","812.00","1316.00","96453.27","","{3734A1CD-DE13-7612-3181-45AA6C19200C}"
"440783","505677","68022.49",".00",".00",".00",".00","68022.49","180.00",".00",".00","180.00","67842.49",".00","85247.49","2970.00",".00","2970.00","88217.49","20195.00","180.00","20375.00","67842.49","","{F918386B-4C5A-4DC7-9C3B-02AD5BB1ADC5}"
"440784","505678","119.29","126.00",".00",".00","126.00","245.29","7.35",".00",".00","7.35","237.94",".00",".00","175.00","126.00","301.00","301.00","55.71","7.35","63.06","237.94","","{0328ADF5-7F92-C789-ECEB-77F1DFFE0A39}"
"440785","505679","13174.18","1750.00",".00",".00","1750.00","14924.18","2060.63",".00",".00","2060.63","12863.55","3600.00",".00","22174.98","1750.00","23924.98","23924.98","9000.80","2060.63","11061.43","12863.55","","{3961BCF5-3C1C-11E8-B119-B64FA2BBCBBF}"
"440786","505680","4651.66",".00",".00",".00",".00","4651.66",".00",".00",".00",".00","4651.66",".00",".00","5938.00",".00","5938.00","5938.00","1286.34",".00","1286.34","4651.66","","{5BAF055A-1299-671D-8F18-4BA530749607}"
"440788","505682","1488.32","100.00",".00",".00","100.00","1588.32",".00",".00",".00",".00","1588.32","295.00",".00","2180.00","100.00","2280.00","2280.00","691.68",".00","691.68","1588.32","","{41D29DBE-681D-868A-D0FA-1432B4150C4C}"
"440790","505684",".00","434.00",".00",".00","434.00","434.00","150.00",".00",".00","150.00","284.00",".00",".00",".00","434.00","434.00","434.00",".00","150.00","150.00","284.00","","{FBFFE239-81C1-CA6F-EDAD-58180EE2846B}"
"440792","505686","33690.87",".00",".00",".00",".00","33690.87",".00",".00",".00",".00","33690.87",".00","33690.87",".00",".00",".00","33690.87",".00",".00",".00","33690.87","","{086B2B59-F616-A55D-56EC-3396CC9D05E6}"
"440795","505689","33690.87",".00",".00",".00",".00","33690.87",".00",".00",".00",".00","33690.87",".00","33690.87",".00",".00",".00","33690.87",".00",".00",".00","33690.87","","{73129AC2-1F89-2086-79FE-2F414E8B7941}"
"440797","505691","33690.87","300000.00",".00",".00","300000.00","333690.87",".00",".00",".00",".00","333690.87",".00","33690.87",".00","300000.00","300000.00","333690.87",".00",".00",".00","333690.87","","{145C47A1-B91C-C4AA-8745-369E20DE1983}"
"440798","505692","890.00",".00",".00",".00",".00","890.00","25.00",".00",".00","25.00","865.00",".00","890.00",".00",".00",".00","890.00",".00","25.00","25.00","865.00","","{80620D0D-927D-B233-352B-1144DAD6DE05}"
"440801","505695","39.24",".00",".00",".00",".00","39.24","39.24",".00",".00","39.24",".00","348.17","39.24",".00",".00",".00","39.24",".00","39.24","39.24",".00","","{EB3E5E18-B9C1-80F0-7106-DE88CAA28FD4}"
"440803","505697","62117.31",".00",".00",".00",".00","62117.31","275.40",".00",".00","275.40","61841.91",".00","62726.31",".00",".00",".00","62726.31","609.00","275.40","884.40","61841.91","","{A48E4799-2ED7-5C6D-DDED-E08E94B43076}"
"440808","505701","32525.30",".00","1.07",".00","1.07","32526.37","195.00",".00",".00","195.00","32331.37",".00","33694.24","1.06","1.07","2.13","33696.37","1170.00","195.00","1365.00","32331.37","","{A94168FF-6BE2-D960-5D6C-73D089729B6D}"
"440809","505702","7922.23",".00","3.18",".00","3.18","7925.41",".00",".00",".00",".00","7925.41",".00","7919.13","3.10","3.18","6.28","7925.41",".00",".00",".00","7925.41","","{FCCBB0CA-7BC7-8EBC-151E-1DE3753BF8D0}"
"440810","505703","210.00","3699.53",".00",".00","3699.53","3909.53","499.33",".00",".00","499.33","3410.20",".00",".00","1409.40","3699.53","5108.93","5108.93","1199.40","499.33","1698.73","3410.20","","{B992FDCA-69CA-5290-331A-480FBDF65DAC}"
"440811","505705","64001.87","168500.00","8500.00",".00","177000.00","241001.87","230120.00",".00",".00","230120.00","10881.87",".00","171999.98","428000.02","177000.00","605000.02","777000.00","535998.13","230120.00","766118.13","10881.87","","{1B476E3D-943B-0C51-F955-2E547485F356}"
"440812","505706",".00",".00",".00",".00",".00",".00",".00",".00",".00",".00",".00",".00",".00",".00",".00",".00",".00",".00",".00",".00",".00","","{C15F32A8-E8FA-95E0-0A85-3E89830E34B7}"
"440813","505707","2865.00","1000.00",".00",".00","1000.00","3865.00","3580.00",".00",".00","3580.00","285.00",".00","10615.00",".00","1000.00","1000.00","11615.00","7750.00","3580.00","11330.00","285.00","","{FB357C2B-959C-4CE6-CB59-10890AD874FA}"
"440814","505708","24017.33","4190.00",".00",".00","4190.00","28207.33",".00",".00",".00",".00","28207.33",".00","13923.58","10093.75","4190.00","14283.75","28207.33",".00",".00",".00","28207.33","","{9EF88229-CECC-75FA-5066-F2F297A72024}"
"440815","505709","14840.00",".00",".00",".00",".00","14840.00","2953.18",".00",".00","2953.18","11886.82",".00","15995.00",".00",".00",".00","15995.00","1155.00","2953.18","4108.18","11886.82","","{6CBA7D6F-A314-C8A3-344A-9C74E557896A}"
"440816","505710","1380.02","200.00",".00",".00","200.00","1580.02","140.00",".00",".00","140.00","1440.02",".00",".00","2224.00","200.00","2424.00","2424.00","843.98","140.00","983.98","1440.02","","{9EB6F656-05CD-15C9-3D8F-BEFE3640E210}"
"440817","505711","13174.18","1950.00",".00",".00","1950.00","15124.18","2060.63",".00",".00","2060.63","13063.55","3600.00",".00","22174.98","1950.00","24124.98","24124.98","9000.80","2060.63","11061.43","13063.55","","{3961BCF5-3C1C-11E8-B119-B64FA2BBCBBF}"
"440819","505713","317.82","1595.00",".00",".00","1595.00","1912.82","964.30",".00",".00","964.30","948.52",".00",".00","325.00","1595.00","1920.00","1920.00","7.18","964.30","971.48","948.52","","{7DB794B1-0E2A-4AA4-6E17-2C99F7061CF8}"
"440820","505714","1440.02","1198.00",".00",".00","1198.00","2638.02","1042.69",".00",".00","1042.69","1595.33",".00",".00","2424.00","1198.00","3622.00","3622.00","983.98","1042.69","2026.67","1595.33","","{F16995D1-267F-76DF-2A15-3F1E4ABFD541}"
"440821","505716",".00",".00",".00",".00",".00",".00",".00",".00",".00",".00",".00",".00",".00",".00",".00",".00",".00",".00",".00",".00",".00","","{80DBB964-A5F7-7DEB-45A9-C8B44883ED45}"
"440823","505717","804.49","1230.00",".00",".00","1230.00","2034.49","1161.60",".00",".00","1161.60","872.89","800.00","66.54","2638.20","1230.00","3868.20","3934.74","1900.25","1161.60","3061.85","872.89","","{443D01AA-ECBA-CA6A-E5F2-669AE0126E29}"
"440824","505718","381960.35","1600.00",".00",".00","1600.00","383560.35","3400.40",".00",".00","3400.40","380159.95",".00","334811.92","50000.00","1600.00","51600.00","386411.92","2851.57","3400.40","6251.97","380159.95","","{EB44C434-2CC0-DF7E-DBB0-210C7EB33DDA}"
"440827","505722","2838.96",".00",".00",".00",".00","2838.96","49.00",".00",".00","49.00","2789.96",".00",".00","3455.05",".00","3455.05","3455.05","616.09","49.00","665.09","2789.96","","{160D4C92-9D09-3AB8-4995-F35379F7E5E4}"
"440828","505723","2200.18","1900.30",".00",".00","1900.30","4100.48","1564.48",".00",".00","1564.48","2536.00","1392.77",".00","21142.66","1900.30","23042.96","23042.96","18942.48","1564.48","20506.96","2536.00","","{B9D5A7FF-68CD-8948-F6BC-B9A4362A6F20}"
"440829","505724","240.08","450.00",".00",".00","450.00","690.08","460.24",".00",".00","460.24","229.84",".00","317.82",".00","450.00","450.00","767.82","77.74","460.24","537.98","229.84","","{D0C63305-E5A1-57D8-10C9-2AE321F91397}"
"440831","505726","77057.80","78000.00",".00",".00","78000.00","155057.80","92404.60",".00",".00","92404.60","62653.20",".00","38874.61","203000.00","78000.00","281000.00","319874.61","164816.81","92404.60","257221.41","62653.20","","{D8408D26-92B2-E9D7-35B1-DD81F7915A8A}"
"440836","505731","288653.16","5150.00","9.35",".00","5159.35","293812.51","37267.50",".00",".00","37267.50","256545.01",".00","212818.00","98153.12","5159.35","103312.47","316130.47","22317.96","37267.50","59585.46","256545.01","","{B301DAC2-BA99-CDB1-9B93-4749DB95490D}"
"440837","505732","715.68","10000.00",".00",".00","10000.00","10715.68",".00",".00",".00",".00","10715.68",".00","2657.68",".00","10000.00","10000.00","12657.68","1942.00",".00","1942.00","10715.68","","{3419167D-0DDC-6003-5A43-A704EDC7D61D}"
"440843","505737","13109.47","617.00","1381.55",".00","1998.55","15108.02","60.40",".00",".00","60.40","15047.62",".00","11855.96","5411.86","1998.55","7410.41","19266.37","4158.35","60.40","4218.75","15047.62","","{3CCEFA36-FA03-B970-F078-E36185392EB5}"
"440847","505742","32680.89",".00",".00",".00",".00","32680.89",".00",".00",".00",".00","32680.89",".00","20349.64","23050.00",".00","23050.00","43399.64","10718.75",".00","10718.75","32680.89","","{DD72035A-B7C6-8BE1-FA75-50A0DDEE9C55}"
"440849","505743","3753.00",".00",".00",".00",".00","3753.00",".00",".00",".00",".00","3753.00","1129.22",".00","5379.22",".00","5379.22","5379.22","1626.22",".00","1626.22","3753.00","","{BFB3635D-5ED4-367C-A7ED-94849ED9EF7A}"
"440851","505745","191.53",".00",".00",".00",".00","191.53","60.00",".00",".00","60.00","131.53",".00","276.53",".00",".00",".00","276.53","85.00","60.00","145.00","131.53","","{BC6C5492-CF34-F877-868E-9BD2A111410A}"
"440853","505747","56035.07","16224.08","333.15",".00","16557.23","72592.30","67291.37",".00",".00","67291.37","5300.93",".00","110850.43","5015.79","16557.23","21573.02","132423.45","59831.15","67291.37","127122.52","5300.93","","{44BE304C-719F-0712-102B-CC415F6B5500}"
"440859","505753","67346.51","20433.00",".00",".00","20433.00","87779.51","2726.36",".00",".00","2726.36","85053.15","7585.93","1323.07","86199.63","20433.00","106632.63","107955.70","20176.19","2726.36","22902.55","85053.15","","{62F53952-80E9-DB0A-8621-1DD691AF5775}"
"440862","505756","25101.76","4170.00","20500.00",".00","24670.00","49771.76","7520.00",".00",".00","7520.00","42251.76",".00","22002.76","4119.00","24670.00","28789.00","50791.76","1020.00","7520.00","8540.00","42251.76","","{CF29E317-4909-638A-862C-1D12711C9D63}"
"440863","505757","100.00",".00",".00",".00",".00","100.00",".00",".00",".00",".00","100.00","100.00",".00","100.00",".00","100.00","100.00",".00",".00",".00","100.00","","{5456F602-F358-1A29-10DA-2646AA65BD9E}"
"440864","505759","333690.87","50000.01","11885.17",".00","61885.18","395576.05","328848.38",".00",".00","328848.38","66727.67",".00","33690.87","300000.00","61885.18","361885.18","395576.05",".00","328848.38","328848.38","66727.67","","{41ED50E2-B0F4-E189-274F-D99233945A09}"
"440868","505763","993.55","3100.00",".00",".00","3100.00","4093.55",".00",".00",".00",".00","4093.55",".00",".00","1239.08","3100.00","4339.08","4339.08","245.53",".00","245.53","4093.55","","{863C5B4E-6A65-466D-E017-EB28945506A0}"
"440870","505765","8231.96","196.00",".00",".00","196.00","8427.96","140.00",".00",".00","140.00","8287.96","5.00","7873.99","490.00","196.00","686.00","8559.99","132.03","140.00","272.03","8287.96","","{17C3B992-0D81-8482-6190-5EFA2C5273D1}"
"440871","505762","66727.67","4588.00",".00",".00","4588.00","71315.67",".00",".00",".00",".00","71315.67",".00","66727.67",".00","4588.00","4588.00","71315.67",".00",".00",".00","71315.67","","{4ADB6265-96FF-476D-A1F0-177074B83513}"
"440875","505769",".00","929.82",".00",".00","929.82","929.82",".00",".00",".00",".00","929.82",".00",".00",".00","929.82","929.82","929.82",".00",".00",".00","929.82","","{7A6DD19B-4AB3-38B5-18C0-6A62206A019E}"
"440879","505774","182206.86",".00","730.68",".00","730.68","182937.54","6000.00",".00",".00","6000.00","176937.54",".00",".00","182206.86","730.68","182937.54","182937.54",".00","6000.00","6000.00","176937.54","","{123DC37A-6D36-3D11-8136-E172FE5739C6}"
"440880","505775",".00",".00",".00",".00",".00",".00",".00",".00",".00",".00",".00",".00",".00",".00",".00",".00",".00",".00",".00",".00",".00","","{C8F341B6-8EE2-EE3D-EB3A-92E2658FB789}"
"440881","505776","1100.00","1250.00",".00",".00","1250.00","2350.00","44.62",".00",".00","44.62","2305.38",".00",".00","1100.00","1250.00","2350.00","2350.00",".00","44.62","44.62","2305.38","","{67BE0C52-EF46-476A-6299-12F5A08DA373}"
"440883","505778","176937.54",".00","1545.94",".00","1545.94","178483.48","1400.00",".00",".00","1400.00","177083.48",".00",".00","182937.54","1545.94","184483.48","184483.48","6000.00","1400.00","7400.00","177083.48","","{0DBCC2F5-11C5-BA24-5927-E8DD879286A5}"
"440886","505782","2985.00",".00",".00",".00",".00","2985.00",".00",".00",".00",".00","2985.00",".00","2985.00",".00",".00",".00","2985.00",".00",".00",".00","2985.00","","{F1F19A7A-7FA1-7EA7-92DE-9886BFB3B044}"
"440889","505784","71315.67","105.00",".00",".00","105.00","71420.67","28470.00",".00",".00","28470.00","42950.67",".00","66727.67","4588.00","105.00","4693.00","71420.67",".00","28470.00","28470.00","42950.67","","{BE95FD6A-12A0-4B15-632B-E600BF19B2D8}"
"440894","505789","6985.63",".00",".00",".00",".00","6985.63",".00",".00",".00",".00","6985.63",".00","7489.80","88.00",".00","88.00","7577.80","592.17",".00","592.17","6985.63","","{FAD207B8-C797-A152-4F45-8233E9DBB5E3}"
"440898","505793",".00",".00",".00",".00",".00",".00",".00",".00",".00",".00",".00",".00",".00",".00",".00",".00",".00",".00",".00",".00",".00","","{AA3CA36E-6BBC-2F99-E192-8DF1170A146C}"
"440900","505792","42950.67","18356.00","2570.00",".00","20926.00","63876.67","62.00",".00",".00","62.00","63814.67",".00","66727.67","4693.00","20926.00","25619.00","92346.67","28470.00","62.00","28532.00","63814.67","","{612B3EEE-F52D-EA29-A8A0-E0097004F48E}"
"440904","505797","39500.00","36702.11",".00",".00","36702.11","76202.11","21447.21",".00",".00","21447.21","54754.90",".00",".00","50000.00","36702.11","86702.11","86702.11","10500.00","21447.21","31947.21","54754.90","","{C824BD80-5DD7-74E9-0564-9507100BBA7F}"
"440906","505799","1298.78",".00",".00",".00",".00","1298.78","1298.78",".00",".00","1298.78",".00","1298.78","1298.78",".00",".00",".00","1298.78",".00","1298.78","1298.78",".00","","{9FF370AF-8357-F534-E539-515B2BD3FB54}"
"440907","505800","68980.27","4130.09",".00",".00","4130.09","73110.36","20940.19",".00",".00","20940.19","52170.17",".00",".00","101997.45","4130.09","106127.54","106127.54","33017.18","20940.19","53957.37","52170.17","","{93CA16FD-2D48-40C1-2E32-B1BAAFDFDD3D}"
"440909","505803","2622.23",".00",".00",".00",".00","2622.23",".00",".00",".00",".00","2622.23",".00","4715.30",".00",".00",".00","4715.30","2093.07",".00","2093.07","2622.23","","{03094278-E06B-1702-8D4B-97C4DC576441}"
"440911","505805","12477.21",".00",".00",".00",".00","12477.21",".00",".00",".00",".00","12477.21",".00","12477.21",".00",".00",".00","12477.21",".00",".00",".00","12477.21","","{FEF6EB0C-04BC-DA84-BAD4-7A2E5F46FBF3}"
"440912","505806","10370.02","583.32",".00",".00","583.32","10953.34","1000.00",".00",".00","1000.00","9953.34",".00","7956.74","2413.28","583.32","2996.60","10953.34",".00","1000.00","1000.00","9953.34","","{41775E5B-A5D0-23AF-52F3-6F18F060C821}"
"440917","505811","1286.00",".00",".00",".00",".00","1286.00","30.82",".00",".00","30.82","1255.18",".00","786.00","1025.00",".00","1025.00","1811.00","525.00","30.82","555.82","1255.18","","{7DDC4D04-D560-A813-BE8D-52A4EBDCF984}"
"440919","505813","200.00","1950.00",".00",".00","1950.00","2150.00","1417.50",".00",".00","1417.50","732.50",".00",".00","200.00","1950.00","2150.00","2150.00",".00","1417.50","1417.50","732.50","","{B517B6E4-5D2B-C1EB-AC0C-21D8E0A01B39}"
"440920","505815","92.00",".00",".00",".00",".00","92.00",".00",".00",".00",".00","92.00",".00","92.00",".00",".00",".00","92.00",".00",".00",".00","92.00","","{C55F2D58-6E68-8B66-511B-00900C6D1B56}"
"440925","505820","2194.98","375.00",".00",".00","375.00","2569.98",".00",".00",".00",".00","2569.98",".00","3082.80","50.00","375.00","425.00","3507.80","937.82",".00","937.82","2569.98","","{586EBD52-3F42-B53A-6077-2C11AEE568B9}"
"440926","505821",".00",".00",".00",".00",".00",".00",".00",".00",".00",".00",".00",".00",".00",".00",".00",".00",".00",".00",".00",".00",".00","","{63F960A9-6F2D-3223-28B0-4830AE7CA4FD}"
"440928","505824","8648.87","1.64",".00",".00","1.64","8650.51",".00",".00",".00",".00","8650.51",".00","8746.51","2.36","1.64","4.00","8750.51","100.00",".00","100.00","8650.51","","{F8B1C5D4-9DB9-3874-4493-278D8DC4D54A}"
"440929","505825","164151.11",".00",".00",".00",".00","164151.11","2515.00",".00",".00","2515.00","161636.11",".00","115549.86","48626.25",".00","48626.25","164176.11","25.00","2515.00","2540.00","161636.11","","{9EFE5A6A-5669-6661-6D2B-73DB89D1CFBB}"
"440933","505831","65613.83",".00",".93",".00",".93","65614.76","3500.00",".00",".00","3500.00","62114.76",".00","47107.31","26006.52",".93","26007.45","73114.76","7500.00","3500.00","11000.00","62114.76","","{35B9CE0F-9792-75CE-DAFF-B4F1A8425584}"
"440938","505837","526.28",".00",".00",".00",".00","526.28",".00",".00",".00",".00","526.28",".00","526.28",".00",".00",".00","526.28",".00",".00",".00","526.28","","{FFC1F60F-623E-4A81-4B6F-D47ECA3F7522}"
"440939","505838","21821.60",".00",".88",".00",".88","21822.48","5.00",".00",".00","5.00","21817.48",".00","21820.73",".87",".88","1.75","21822.48",".00","5.00","5.00","21817.48","","{AECD8C39-7AA1-1F13-207A-4967377F8294}"
"440940","505839","12931.67",".00",".00",".00",".00","12931.67",".00",".00",".00",".00","12931.67",".00","12931.67",".00",".00",".00","12931.67",".00",".00",".00","12931.67","","{C0645234-C565-860E-1CF0-0F3979548B93}"
"440942","505841","235273.74","1000.00","15500.00",".00","16500.00","251773.74","91500.00",".00",".00","91500.00","160273.74",".00","203704.45","336569.29","16500.00","353069.29","556773.74","305000.00","91500.00","396500.00","160273.74","","{124C33A4-B227-4D2C-857B-089FF2F9B5D2}"
"440944","505844","411.04","500.00",".00",".00","500.00","911.04",".00",".00",".00",".00","911.04",".00",".00","1000.00","500.00","1500.00","1500.00","588.96",".00","588.96","911.04","","{90186D2F-7616-27F8-1714-F0EB686E14CB}"
"440945","505845","733.48",".00",".00",".00",".00","733.48",".00",".00",".00",".00","733.48",".00","733.48",".00",".00",".00","733.48",".00",".00",".00","733.48","","{14633936-9281-B00A-D0DA-72C72C5C4EE8}"
"440948","505848","733.48",".00",".00",".00",".00","733.48",".00",".00",".00",".00","733.48",".00","733.48",".00",".00",".00","733.48",".00",".00",".00","733.48","","{1B5C63CD-6808-03F1-280F-976C7A55A79A}"
"440951","505851","733.48",".00",".00",".00",".00","733.48",".00",".00",".00",".00","733.48",".00","733.48",".00",".00",".00","733.48",".00",".00",".00","733.48","","{D453C048-6596-5A0E-261B-84290BF07854}"
"440952","505852","733.48",".00",".00",".00",".00","733.48",".00",".00",".00",".00","733.48",".00","733.48",".00",".00",".00","733.48",".00",".00",".00","733.48","","{D453C048-6596-5A0E-261B-84290BF07854}"
"440953","505853","380.99","3330.00",".00",".00","3330.00","3710.99","3330.00",".00",".00","3330.00","380.99",".00","380.99",".00","3330.00","3330.00","3710.99",".00","3330.00","3330.00","380.99","","{13E2D278-4BDD-B301-CAA0-AC5341EBA5F5}"
"440954","505854","733.48",".00",".00",".00",".00","733.48",".00",".00",".00",".00","733.48",".00","733.48",".00",".00",".00","733.48",".00",".00",".00","733.48","","{D453C048-6596-5A0E-261B-84290BF07854}"
"440955","505855","733.48",".00",".00",".00",".00","733.48",".00",".00",".00",".00","733.48",".00","733.48",".00",".00",".00","733.48",".00",".00",".00","733.48","","{5CAC5E06-4A68-BF98-4011-DF8100F11DD2}"
"440956","505856","733.48",".00",".00",".00",".00","733.48",".00",".00",".00",".00","733.48",".00","733.48",".00",".00",".00","733.48",".00",".00",".00","733.48","","{5CAC5E06-4A68-BF98-4011-DF8100F11DD2}"
"440957","505857","733.48",".00",".00",".00",".00","733.48",".00",".00",".00",".00","733.48",".00","733.48",".00",".00",".00","733.48",".00",".00",".00","733.48","","{5CAC5E06-4A68-BF98-4011-DF8100F11DD2}"
"440960","505860","733.48",".00",".00",".00",".00","733.48",".00",".00",".00",".00","733.48",".00","733.48",".00",".00",".00","733.48",".00",".00",".00","733.48","","{210582A1-85D0-4BB5-DDE0-95FE05BCA3A6}"
"440961","505861","733.48",".00",".00",".00",".00","733.48",".00",".00",".00",".00","733.48",".00","733.48",".00",".00",".00","733.48",".00",".00",".00","733.48","","{210582A1-85D0-4BB5-DDE0-95FE05BCA3A6}"
"440964","505864","8117.21","7517.33",".00",".00","7517.33","15634.54","2723.12",".00",".00","2723.12","12911.42",".00",".00","10000.00","7517.33","17517.33","17517.33","1882.79","2723.12","4605.91","12911.42","","{269010CE-0012-2077-31F3-5A2712480404}"
"440965","505865","254.43",".00",".00",".00",".00","254.43","28.66",".00",".00","28.66","225.77",".00",".00","350.00",".00","350.00","350.00","95.57","28.66","124.23","225.77","","{CCA47E5B-5F4A-18EA-222E-B820041F276C}"
"440966","505866","11363.29","603.66",".00",".00","603.66","11966.95","1819.96",".00",".00","1819.96","10146.99",".00","1903.97","14006.20","603.66","14609.86","16513.83","4546.88","1819.96","6366.84","10146.99","","{87256F53-F67E-058A-20D7-43B14DBB348E}"
"440968","505868","1409.26","610.00",".00",".00","610.00","2019.26","961.33",".00",".00","961.33","1057.93",".00",".00","1460.00","610.00","2070.00","2070.00","50.74","961.33","1012.07","1057.93","","{0ED6C3CB-6C8C-21F2-DB51-43BA9A04BA97}"
"440969","505869","130.00","200.00",".00","600.00","800.00","930.00","650.80",".00",".00","650.80","279.20","730.00",".00","130.00","800.00","930.00","930.00",".00","650.80","650.80","279.20","","{62706D4F-C4EC-6CC2-84B7-1C5F530B79A3}"
"440970","505870","300262.87",".00","3434.92",".00","3434.92","303697.79","4351.51",".00",".00","4351.51","299346.28",".00","323442.60","3455.06","3434.92","6889.98","330332.58","26634.79","4351.51","30986.30","299346.28","","{2CFE215E-AD46-5DD5-D27D-4FD4AFA8AD91}"
"440972","505872","23862.14","225000.00",".00",".00","225000.00","248862.14","209000.00",".00",".00","209000.00","39862.14",".00","27362.14","272500.00","225000.00","497500.00","524862.14","276000.00","209000.00","485000.00","39862.14","","{00F92140-C060-694A-B82C-2CFE9274B9B8}"
"440973","505873","175.00",".00",".00",".00",".00","175.00",".00",".00",".00",".00","175.00","50.00",".00","175.00",".00","175.00","175.00",".00",".00",".00","175.00","","{30956DFA-7CDA-3B98-DACD-3E3C498C1742}"
"440976","505875","6186.13","972.84",".00",".00","972.84","7158.97","1747.55",".00",".00","1747.55","5411.42","149.71",".00","16059.56","972.84","17032.40","17032.40","9873.43","1747.55","11620.98","5411.42","","{D688AB75-D935-907B-7C18-78ADC65CD93C}"
"440978","505877",".00","1000025.00",".00",".00","1000025.00","1000025.00","115641.00",".00",".00","115641.00","884384.00",".00",".00",".00","1000025.00","1000025.00","1000025.00",".00","115641.00","115641.00","884384.00","","{EEEC4CCE-41FC-0FAD-6AA9-E25161D493A5}"
"440979","505878","1037124.73","1231174.53",".00",".00","1231174.53","2268299.26","683024.57",".00",".00","683024.57","1585274.69",".00",".00","1617298.24","1231174.53","2848472.77","2848472.77","580173.51","683024.57","1263198.08","1585274.69","","{D1EF09AB-82FD-58B3-33EF-A92601C48DAA}"
"440982","505881","4947.85","19236.41",".00",".00","19236.41","24184.26","1782.93",".00",".00","1782.93","22401.33",".00","5696.62",".00","19236.41","19236.41","24933.03","748.77","1782.93","2531.70","22401.33","","{EE88FDAC-215A-45AC-A8A0-5357145C61F2}"
"440983","505882","583.41","4900.00",".00",".00","4900.00","5483.41","779.64",".00",".00","779.64","4703.77",".00","621.56","1185.06","4900.00","6085.06","6706.62","1223.21","779.64","2002.85","4703.77","","{964C25B9-30A9-0FDA-60EF-B6E058083BF6}"
"440984","505883","1670.84","809.00",".00",".00","809.00","2479.84","1588.50",".00",".00","1588.50","891.34",".00",".00","2641.00","809.00","3450.00","3450.00","970.16","1588.50","2558.66","891.34","","{B3DF0DDF-2989-173A-F588-ACB640CA1ECD}"
"440986","505885","20383.42","27000.00",".00",".00","27000.00","47383.42",".00",".00",".00",".00","47383.42",".00","19383.42","1000.00","27000.00","28000.00","47383.42",".00",".00",".00","47383.42","","{F721AD1C-B53E-ABAE-A9D9-446CA0AED672}"
"440990","505889",".00",".00",".00",".00",".00",".00",".00",".00",".00",".00",".00",".00",".00",".00",".00",".00",".00",".00",".00",".00",".00","","{BCD96D35-CCC9-34D9-53CD-97A5EF481A58}"
"440992","505891","27960.64","10000.00",".00",".00","10000.00","37960.64","8765.00",".00",".00","8765.00","29195.64",".00","40235.64","250.00","10000.00","10250.00","50485.64","12525.00","8765.00","21290.00","29195.64","","{5231EC18-0BF1-1A3F-C6AA-8EEC4B643A18}"
"440993","505892","12277.79","200.00",".00",".00","200.00","12477.79","127.15",".00",".00","127.15","12350.64",".00","12790.22","200.00","200.00","400.00","13190.22","712.43","127.15","839.58","12350.64","","{E498EDE5-C50B-3374-33D5-E9430C0A4C2C}"
"440994","505894",".00",".00",".00",".00",".00",".00",".00",".00",".00",".00",".00",".00",".00",".00",".00",".00",".00",".00",".00",".00",".00","","{B91A9944-46D2-7F4B-1B44-6FB6887BEFE9}"
"440996","505895","15000.00","13821.13",".00",".00","13821.13","28821.13","13821.13",".00",".00","13821.13","15000.00",".00",".00","54475.93","13821.13","68297.06","68297.06","39475.93","13821.13","53297.06","15000.00","","{DB37A69A-5671-1514-1A68-48E9C8F3C594}"
"440997","505896","500.00","1000.00",".00",".00","1000.00","1500.00",".00",".00",".00",".00","1500.00",".00",".00","500.00","1000.00","1500.00","1500.00",".00",".00",".00","1500.00","","{2F6C2781-FD85-1502-452B-72DD480A90CD}"
"441001","505900","2279.87","4130.00",".00",".00","4130.00","6409.87","6390.65",".00",".00","6390.65","19.22",".00",".00","11040.00","4130.00","15170.00","15170.00","8760.13","6390.65","15150.78","19.22","","{47EBBF78-E2D0-5685-F273-EBF09EC1FD71}"
"441002","505901","2279.87","4130.00",".00",".00","4130.00","6409.87","6390.65",".00",".00","6390.65","19.22",".00",".00","11040.00","4130.00","15170.00","15170.00","8760.13","6390.65","15150.78","19.22","","{47EBBF78-E2D0-5685-F273-EBF09EC1FD71}"
"441004","505903","1364.18","21.86",".00",".00","21.86","1386.04","114.12",".00",".00","114.12","1271.92",".00","1321.76","42.42","21.86","64.28","1386.04",".00","114.12","114.12","1271.92","","{78F385DC-EB0E-08ED-2171-3EA4608858C9}"
"441005","505904","14490.29","600.00",".00",".00","600.00","15090.29","1879.73",".00",".00","1879.73","13210.56","1000.00","3187.55","16934.41","600.00","17534.41","20721.96","5631.67","1879.73","7511.40","13210.56","","{8DF4E855-4F4E-A984-C233-17F57F8EDFB1}"
"441006","505905","39.00","428.53",".00",".00","428.53","467.53",".00",".00",".00",".00","467.53",".00","39.00",".00","428.53","428.53","467.53",".00",".00",".00","467.53","","{563BBABA-B979-BF6C-4222-9851197A139B}"
"441009","505908","13.39","3019.00",".00",".00","3019.00","3032.39","2012.53",".00",".00","2012.53","1019.86",".00","522.21","4604.50","3019.00","7623.50","8145.71","5113.32","2012.53","7125.85","1019.86","","{BD977533-C919-9B22-5454-AD94C26541A7}"
"441012","505911","20000.00","7000.36",".34",".00","7000.70","27000.70","3000.52",".00",".00","3000.52","24000.18",".00","21998.93","1000.68","7000.70","8001.38","30000.31","2999.61","3000.52","6000.13","24000.18","","{18492E28-05D1-FF50-9B99-6B9C15031C78}"
"441015","505919","2876.83","8497.66",".00",".00","8497.66","11374.49","4234.99",".00",".00","4234.99","7139.50",".00","3440.60","10279.22","8497.66","18776.88","22217.48","10842.99","4234.99","15077.98","7139.50","","{748EC6C9-CAFD-A130-E6FE-994E02D2A83A}"
"441017","505921","107.00",".00",".00",".00",".00","107.00",".00",".00",".00",".00","107.00","923.38","107.00",".00",".00",".00","107.00",".00",".00",".00","107.00","","{1CAF6596-BA39-27A8-FC09-1764FB423026}"
"441018","505922","68545.88","267.00",".00",".00","267.00","68812.88",".00",".00",".00",".00","68812.88","2955.24","67270.82","1275.06","267.00","1542.06","68812.88",".00",".00",".00","68812.88","","{4108C018-3944-E249-5EF8-3F9E4263319B}"
"441021","505925","373.99",".00",".00",".00",".00","373.99","104.25",".00",".00","104.25","269.74",".00",".00","475.00",".00","475.00","475.00","101.01","104.25","205.26","269.74","","{026F7197-261C-8135-2754-A5E74E232819}"
"441023","505927","269.74","500.00",".00",".00","500.00","769.74","188.57",".00",".00","188.57","581.17",".00",".00","475.00","500.00","975.00","975.00","205.26","188.57","393.83","581.17","","{58C1F2E8-210C-4A6D-367C-151E52936584}"
"441024","505928","269.74","500.00",".00",".00","500.00","769.74","188.57",".00",".00","188.57","581.17",".00",".00","475.00","500.00","975.00","975.00","205.26","188.57","393.83","581.17","","{58C1F2E8-210C-4A6D-367C-151E52936584}"
"441025","505929",".00",".00",".00",".00",".00",".00",".00",".00",".00",".00",".00",".00",".00",".00",".00",".00",".00",".00",".00",".00",".00","","{6FB3C678-D7EF-9B30-B013-37448D53C9E6}"
"441027","505931",".00",".00",".00",".00",".00",".00",".00",".00",".00",".00",".00",".00",".00",".00",".00",".00",".00",".00",".00",".00",".00","","{6FB3C678-D7EF-9B30-B013-37448D53C9E6}"
"441028","505932","1913.05","3776.00",".00",".00","3776.00","5689.05","2706.45",".00",".00","2706.45","2982.60",".00",".00","1950.00","3776.00","5726.00","5726.00","36.95","2706.45","2743.40","2982.60","","{6418B1E1-B910-A59C-C042-546878DAFD4B}"
"441029","505933",".00",".00",".00",".00",".00",".00",".00",".00",".00",".00",".00",".00",".00",".00",".00",".00",".00",".00",".00",".00",".00","","{B0F0EB0F-7C4D-F892-54A4-7DC5E9F3A8EF}"
"441031","505936",".00",".00",".00",".00",".00",".00",".00",".00",".00",".00",".00",".00",".00",".00",".00",".00",".00",".00",".00",".00",".00","","{C0D34F59-549F-7ACF-9422-E251D27AFC0F}"
"441034","505939","750.00",".00",".00","1000.00","1000.00","1750.00","832.10",".00",".00","832.10","917.90","1500.00",".00","750.00","1000.00","1750.00","1750.00",".00","832.10","832.10","917.90","","{6A350937-C2E0-B2D3-DE9E-35F380F2CACA}"
"441035","505940","150.00",".00",".00",".00",".00","150.00",".00",".00",".00",".00","150.00",".00","150.00",".00",".00",".00","150.00",".00",".00",".00","150.00","","{F0F41224-BD0D-4675-53A3-1B4AB2A8FA43}"
"441036","505941","53678.13",".00",".00",".00",".00","53678.13","212.00",".00",".00","212.00","53466.13",".00","5648.87","48029.26",".00","48029.26","53678.13",".00","212.00","212.00","53466.13","","{2C8ACE36-74D9-9DDE-0BAB-56DAF13CFE30}"
"441038","505943","1190.52",".00",".00",".00",".00","1190.52",".00",".00",".00",".00","1190.52",".00",".00","1750.00",".00","1750.00","1750.00","559.48",".00","559.48","1190.52","","{BF0A123B-E7B3-D1BE-D2C7-BA62147985B9}"
"441045","505950",".00","1062.81",".00",".00","1062.81","1062.81","102.81",".00",".00","102.81","960.00",".00",".00",".00","1062.81","1062.81","1062.81",".00","102.81","102.81","960.00","","{2F07EC00-BA34-41B2-1FEB-4341D6E09721}"
"441046","505951","4134.36",".00",".00",".00",".00","4134.36",".00",".00",".00",".00","4134.36",".00","4134.36",".00",".00",".00","4134.36",".00",".00",".00","4134.36","","{22FAAC3B-EC33-9DB8-3710-8E94A6F2BF42}"
"441048","505953","1000.00","619.13",".00",".00","619.13","1619.13",".00",".00",".00",".00","1619.13",".00","1000.00",".00","619.13","619.13","1619.13",".00",".00",".00","1619.13","","{E84B89E6-0EC1-C65D-228C-F445AA29A303}"
"441050","505956","4820.00","4175.00",".00",".00","4175.00","8995.00","477.82",".00",".00","477.82","8517.18",".00",".00","4820.00","4175.00","8995.00","8995.00",".00","477.82","477.82","8517.18","","{69665769-B3FB-D804-43CA-1CCB0CE11DE6}"
"441052","505958","4696.66",".00",".00",".00",".00","4696.66",".00",".00",".00",".00","4696.66","868.00",".00","10936.29",".00","10936.29","10936.29","6239.63",".00","6239.63","4696.66","","{3861EB87-0713-7BC5-11A1-CB6596E740BD}"
"441055","505961","36184.28",".00",".00",".00",".00","36184.28","11593.80",".00",".00","11593.80","24590.48",".00","42514.59","13500.00",".00","13500.00","56014.59","19830.31","11593.80","31424.11","24590.48","","{61C0CC0F-512F-B685-8006-0DDEF41B7AAF}"
"441056","505962","12443.36","440.00",".00",".00","440.00","12883.36","2812.36",".00",".00","2812.36","10071.00",".00","14618.84","177.38","440.00","617.38","15236.22","2352.86","2812.36","5165.22","10071.00","","{D4E712BF-5E1F-EC9E-6410-E10F7F50E1DF}"
"441057","505963","100.00","716.96",".00",".00","716.96","816.96","157.71",".00",".00","157.71","659.25",".00","100.00",".00","716.96","716.96","816.96",".00","157.71","157.71","659.25","","{F2D1CDD9-4515-83CF-39D8-89A4872FD08F}"
"441059","505965","800.85","525.00",".00",".00","525.00","1325.85","435.92",".00",".00","435.92","889.93",".00",".00","840.22","525.00","1365.22","1365.22","39.37","435.92","475.29","889.93","","{736DE076-037B-E92D-5B08-FF84F9A2A541}"
"441065","505971","112.79",".00",".00","100.00","100.00","212.79","65.00",".00",".00","65.00","147.79","1100.00","151.79",".00","100.00","100.00","251.79","39.00","65.00","104.00","147.79","","{1D8475B5-D990-C25F-4C42-8518867EB4A5}"
"441066","505972","1297.45",".00",".00",".00",".00","1297.45",".00",".00",".00",".00","1297.45",".00","1297.45",".00",".00",".00","1297.45",".00",".00",".00","1297.45","","{590096FD-1ADD-C563-B134-D1E6E1B95EAC}"
"441070","505983","25665.15","5027.10",".00",".00","5027.10","30692.25","7890.63",".00",".00","7890.63","22801.62",".00",".00","43279.98","5027.10","48307.08","48307.08","17614.83","7890.63","25505.46","22801.62","","{6ADAEA11-C66E-0628-730E-0BD45E883A9D}"
"441072","505988","1255.10","1750.00",".00",".00","1750.00","3005.10","451.78",".00",".00","451.78","2553.32",".00","660.00","1060.00","1750.00","2810.00","3470.00","464.90","451.78","916.68","2553.32","","{0106D99C-BA4D-1F3A-95FF-5EB8F099AD84}"
"441075","505993",".00",".00",".00",".00",".00",".00",".00",".00",".00",".00",".00",".00",".00",".00",".00",".00",".00",".00",".00",".00",".00","","{93B8FE21-41BE-5F85-9E34-FC06F0367FDD}"
"441076","505994","1958.53",".00",".00",".00",".00","1958.53",".00",".00",".00",".00","1958.53","649.06","1958.53",".00",".00",".00","1958.53",".00",".00",".00","1958.53","","{37E5AD82-2FBC-C57A-AEB4-57A9FA53A99B}"
"441077","505995","1205.88","100.00",".00",".00","100.00","1305.88","3.96",".00",".00","3.96","1301.92",".00","1109.84","100.00","100.00","200.00","1309.84","3.96","3.96","7.92","1301.92","","{70E7CAC6-49FC-231B-5295-00EADAF311DF}"
"441079","505998",".00",".00",".00",".00",".00",".00",".00",".00",".00",".00",".00",".00",".00",".00",".00",".00",".00",".00",".00",".00",".00","","{A6FE4509-E8FD-724B-6568-89A5CE25068C}"
"441080","505999","1958.53",".00",".00",".00",".00","1958.53",".00",".00",".00",".00","1958.53","649.06","1958.53",".00",".00",".00","1958.53",".00",".00",".00","1958.53","","{37E5AD82-2FBC-C57A-AEB4-57A9FA53A99B}"
"441081","505996",".00","340.00",".00",".00","340.00","340.00",".00",".00",".00",".00","340.00",".00",".00",".00","340.00","340.00","340.00",".00",".00",".00","340.00","","{39048543-CBA0-18D9-8423-7A887FB5D7C7}"
"441082","506000","1958.53",".00",".00",".00",".00","1958.53",".00",".00",".00",".00","1958.53","649.06","1958.53",".00",".00",".00","1958.53",".00",".00",".00","1958.53","","{37E5AD82-2FBC-C57A-AEB4-57A9FA53A99B}"
"441083","506001","7.12",".00",".00",".00",".00","7.12",".00",".00",".00",".00","7.12","700.00","34.55","2002.75",".00","2002.75","2037.30","2030.18",".00","2030.18","7.12","","{D92E12A3-DA15-B2E2-774F-C7AC207B44C5}"
"441084","506002","1958.53",".00",".00",".00",".00","1958.53",".00",".00",".00",".00","1958.53","649.06","1958.53",".00",".00",".00","1958.53",".00",".00",".00","1958.53","","{06A118D7-3403-8B3E-7A04-6305E3C51723}"
"441085","506003","750.00","500.00",".00",".00","500.00","1250.00","769.63",".00",".00","769.63","480.37",".00",".00","750.00","500.00","1250.00","1250.00",".00","769.63","769.63","480.37","","{EA0E0AC8-EC99-8D13-A1C6-CB6FD064487D}"
"441086","506004","1958.53",".00",".00",".00",".00","1958.53",".00",".00",".00",".00","1958.53","649.06","1958.53",".00",".00",".00","1958.53",".00",".00",".00","1958.53","","{06A118D7-3403-8B3E-7A04-6305E3C51723}"
"441087","506005","343.43",".00",".00",".00",".00","343.43",".00",".00",".00",".00","343.43",".00","343.43",".00",".00",".00","343.43",".00",".00",".00","343.43","","{0F214BED-68D6-8BEE-F5CE-CAFB55F46B7A}"
"441088","506006","7655.32","1265.00",".00",".00","1265.00","8920.32","4584.00",".00",".00","4584.00","4336.32",".00","5000.00","11529.56","1265.00","12794.56","17794.56","8874.24","4584.00","13458.24","4336.32","","{13FDE92E-3B69-251D-912F-DCE3E9EF3EEE}"
"441089","506007","386.38",".00",".00",".00",".00","386.38",".00",".00",".00",".00","386.38",".00","72.41","350.00",".00","350.00","422.41","36.03",".00","36.03","386.38","","{9BD99026-BCEB-072A-59AC-3F4D5475B6BA}"
"441090","506008","502.75","1200.00",".00",".00","1200.00","1702.75","764.21",".00",".00","764.21","938.54",".00","1157.07","1045.03","1200.00","2245.03","3402.10","1699.35","764.21","2463.56","938.54","","{1607EC5C-2111-F8DF-8D2C-671AF24CD843}"
"441091","506009","15937.00",".00",".00",".00",".00","15937.00",".00",".00",".00",".00","15937.00",".00","15937.00",".00",".00",".00","15937.00",".00",".00",".00","15937.00","","{D217090B-5E32-9412-2A6A-DF4ED9107261}"
"441093","506011","45430.38","21821.00",".00",".00","21821.00","67251.38","2632.00",".00",".00","2632.00","64619.38",".00","32245.38","17985.00","21821.00","39806.00","72051.38","4800.00","2632.00","7432.00","64619.38","","{1C2F1CD9-5DA1-3875-10BD-C0CB3D2C7F5B}"
"441094","506013","34.82",".00",".00",".00",".00","34.82","34.82",".00",".00","34.82",".00",".00","1577.82",".00",".00",".00","1577.82","1543.00","34.82","1577.82",".00","","{1F48A69D-7DFD-9497-0244-CE53DD4A5962}"
"441096","506015","60.00","46.76",".00",".00","46.76","106.76","46.76",".00",".00","46.76","60.00",".00",".00","60.00","46.76","106.76","106.76",".00","46.76","46.76","60.00","","{8DB9F92B-B989-E81C-F4EB-4D3DCBF36FBD}"
"441097","506016","860.31",".00",".00",".00",".00","860.31",".00",".00",".00",".00","860.31",".00","860.31",".00",".00",".00","860.31",".00",".00",".00","860.31","","{97E87BE8-015D-9DC9-63BC-5E23C5F009E2}"
"441098","506017","567.36","300.00",".00",".00","300.00","867.36","554.19",".00",".00","554.19","313.17","200.00","91.55","500.00","300.00","800.00","891.55","24.19","554.19","578.38","313.17","","{9EFB361D-A1DD-2ACA-E7E7-7CA335825BC2}"
"441099","506018","60.00","46.76",".00",".00","46.76","106.76","46.76",".00",".00","46.76","60.00",".00",".00","60.00","46.76","106.76","106.76",".00","46.76","46.76","60.00","","{8DB9F92B-B989-E81C-F4EB-4D3DCBF36FBD}"
"441103","506022","900.00","1382.34",".00",".00","1382.34","2282.34","1974.20",".00",".00","1974.20","308.14",".00",".00","1626.51","1382.34","3008.85","3008.85","726.51","1974.20","2700.71","308.14","","{E4CDF644-30D3-20B8-6433-D79585DFE29F}"
"441104","506023","15161.92",".00",".00",".00",".00","15161.92",".00",".00",".00",".00","15161.92","1071.00","17861.92",".00",".00",".00","17861.92","2700.00",".00","2700.00","15161.92","","{F3F30027-5E23-988F-7C73-E69EEDEE7517}"
"441105","506024","9728.88","5813.51",".00",".00","5813.51","15542.39","5050.26",".00",".00","5050.26","10492.13",".00",".00","10925.67","5813.51","16739.18","16739.18","1196.79","5050.26","6247.05","10492.13","","{C2FBB59B-E10B-AEFD-1EC4-31F023F970D4}"
"441106","506025","18120.40","5920.00",".00",".00","5920.00","24040.40","2428.61",".00",".00","2428.61","21611.79","1450.00","293.73","24011.30","5920.00","29931.30","30225.03","6184.63","2428.61","8613.24","21611.79","","{7D038E64-A302-C5AC-0E90-1A874B65DB5B}"
"441111","506032","3778.35","144.08",".00",".00","144.08","3922.43",".00",".00",".00",".00","3922.43",".00","308.35","3470.00","144.08","3614.08","3922.43",".00",".00",".00","3922.43","","{778B5C56-84CA-838F-307B-CFF58DAF55EB}"
"441112","506033","3320.82",".00",".00",".00",".00","3320.82",".00",".00",".00",".00","3320.82",".00","9928.35","500.00",".00","500.00","10428.35","7107.53",".00","7107.53","3320.82","","{833971D3-2845-62A6-965F-080D7D75A69C}"
"441113","506034","100.00",".00",".00",".00",".00","100.00",".00",".00",".00",".00","100.00","100.00",".00","100.00",".00","100.00","100.00",".00",".00",".00","100.00","","{CB530D62-5ED1-199E-0907-13343FF73614}"
"441114","506035","2111.32",".00",".00",".00",".00","2111.32","75.00",".00",".00","75.00","2036.32",".00","1571.32","540.00",".00","540.00","2111.32",".00","75.00","75.00","2036.32","","{228EE01B-0EF2-EA23-9790-9734EE403856}"
"441115","506036","200.05","17498.00",".00",".00","17498.00","17698.05","11482.34",".00",".00","11482.34","6215.71","95.00",".00","220.00","17498.00","17718.00","17718.00","19.95","11482.34","11502.29","6215.71","","{3D7100FC-1E7D-03C6-E6F0-A2B528A81479}"
"441117","506038","72.18",".00",".00",".00",".00","72.18",".00",".00",".00",".00","72.18",".00","72.18",".00",".00",".00","72.18",".00",".00",".00","72.18","","{00E73468-E176-DC80-F55B-BF419E10943D}"
"441118","506039","284.36",".00",".00",".00",".00","284.36",".00",".00",".00",".00","284.36",".00","255.96","325.00",".00","325.00","580.96","296.60",".00","296.60","284.36","","{0F533C0D-CC50-7127-4D2B-1AA86EFC03C3}"
"441119","506040","200.89",".00",".00",".00",".00","200.89","200.89",".00",".00","200.89",".00",".00","1805.89","400.00",".00","400.00","2205.89","2005.00","200.89","2205.89",".00","","{FA3B121F-33A0-67AB-2C82-C9D13E8B3E3A}"
"441120","506041","73412.43","1830.00","628.18",".00","2458.18","75870.61","46.35",".00",".00","46.35","75824.26",".00","68850.74","7182.24","2458.18","9640.42","78491.16","2620.55","46.35","2666.90","75824.26","","{D24725E9-8B0E-6F7F-B037-210DF30132C8}"
"441122","506044","5244.88",".00",".00",".00",".00","5244.88",".00",".00",".00",".00","5244.88",".00","5244.88",".00",".00",".00","5244.88",".00",".00",".00","5244.88","","{8C31E331-2237-851D-C1F0-68569D713BAC}"
"441123","506043","625.38","629.89",".00",".00","629.89","1255.27","909.97",".00",".00","909.97","345.30",".00",".00","3141.61","629.89","3771.50","3771.50","2516.23","909.97","3426.20","345.30","","{3B737DCF-5F9F-986D-8041-A686C614407E}"
"441128","506049","2729.46","1285.00",".00",".00","1285.00","4014.46","2019.50",".00",".00","2019.50","1994.96",".00",".00","5225.00","1285.00","6510.00","6510.00","2495.54","2019.50","4515.04","1994.96","","{B17B91C3-B15B-9355-C4BC-3011D3EFD916}"
"441131","506052","7577.77",".16",".00",".00",".16","7577.93",".00",".00",".00",".00","7577.93",".00","7227.50","350.27",".16","350.43","7577.93",".00",".00",".00","7577.93","","{CE2569D5-C4F0-6AA0-0A60-269E9D2063FA}"
"441134","506055","526.28",".00",".00",".00",".00","526.28",".00",".00",".00",".00","526.28",".00","526.28",".00",".00",".00","526.28",".00",".00",".00","526.28","","{52FBC4EF-1671-37AD-ECF0-3343A6DBCE7E}"
"441136","506057","49422.52",".00",".00",".00",".00","49422.52",".00",".00",".00",".00","49422.52",".00","49422.52",".00",".00",".00","49422.52",".00",".00",".00","49422.52","","{E569A809-4B04-53CB-2485-9F4F61E68969}"
"441137","506058","49422.52",".00",".00",".00",".00","49422.52",".00",".00",".00",".00","49422.52",".00","49422.52",".00",".00",".00","49422.52",".00",".00",".00","49422.52","","{E569A809-4B04-53CB-2485-9F4F61E68969}"
"441140","506061",".00","102.00",".00","191.66","293.66","293.66","11.58",".00",".00","11.58","282.08","191.66",".00",".00","293.66","293.66","293.66",".00","11.58","11.58","282.08","","{90D1E7EC-3B31-83A2-4279-A282C21863C8}"
"441142","506063","8361.20",".00",".00",".00",".00","8361.20",".00",".00",".00",".00","8361.20",".00","39304.65",".00",".00",".00","39304.65","30943.45",".00","30943.45","8361.20","","{5B15F3B0-A8AE-66E2-3528-AFD782541E90}"
"441143","506064","282.08","385.00",".00",".00","385.00","667.08","8.85",".00",".00","8.85","658.23","191.66",".00","293.66","385.00","678.66","678.66","11.58","8.85","20.43","658.23","","{7B741E4E-FFE7-A3D9-BD05-35754F7D8231}"
"441145","506066","25465.67","10495.00",".00",".00","10495.00","35960.67","7841.80",".00",".00","7841.80","28118.87","17000.00","1162.15","37225.07","10495.00","47720.07","48882.22","12921.55","7841.80","20763.35","28118.87","","{632E71A9-B90A-158F-FF4E-76B7BE9B2568}"
"441146","506067",".00",".00",".00",".00",".00",".00",".00",".00",".00",".00",".00",".00",".00",".00",".00",".00",".00",".00",".00",".00",".00","","{0B949B0B-A50C-092A-E5F2-157D83945FDA}"
"441147","506068","658.23","315.00",".00",".00","315.00","973.23",".00",".00",".00",".00","973.23","191.66",".00","678.66","315.00","993.66","993.66","20.43",".00","20.43","973.23","","{7D9CAF71-F547-8809-3EA0-A1DA409FEF30}"
"441149","506070","973.23","900.00",".00",".00","900.00","1873.23","876.14",".00",".00","876.14","997.09","191.66",".00","993.66","900.00","1893.66","1893.66","20.43","876.14","896.57","997.09","","{83155AD3-BE1B-ACA0-34AC-D87134182321}"
"441150","506071","1526.47",".00",".00",".00",".00","1526.47",".00",".00",".00",".00","1526.47",".00","287.55","5238.92",".00","5238.92","5526.47","4000.00",".00","4000.00","1526.47","","{12E293C7-F6F6-6A7E-574A-E24D87234868}"
"441151","506072","997.09","285.55",".00",".00","285.55","1282.64","851.62",".00",".00","851.62","431.02","191.66",".00","1893.66","285.55","2179.21","2179.21","896.57","851.62","1748.19","431.02","","{0EF6D964-2EBA-6CFE-0354-F34C761DB22E}"
"441152","506074","431.02","611.66",".00",".00","611.66","1042.68","851.02","191.66",".00","1042.68",".00",".00",".00","2179.21","611.66","2790.87","2790.87","1748.19","1042.68","2790.87",".00","","{18DB08C2-9900-6FA5-948B-5731C5B2CC84}"
"441155","506078","434.48","230.00",".00",".00","230.00","664.48","476.70",".00",".00","476.70","187.78",".00",".00","2625.00","230.00","2855.00","2855.00","2190.52","476.70","2667.22","187.78","","{90C56877-318A-4BE7-8E9D-836D810D74E4}"
"441160","506083","8650.51",".00",".00",".00",".00","8650.51",".00",".00",".00",".00","8650.51",".00","8746.51","4.00",".00","4.00","8750.51","100.00",".00","100.00","8650.51","","{ACCE4CF2-E7B0-0A8D-AFB1-58D111E317FA}"
"441163","506086",".00",".00",".00",".00",".00",".00",".00",".00",".00",".00",".00",".00",".00",".00",".00",".00",".00",".00",".00",".00",".00","","{6A66D971-9D9D-06BA-2740-6267560C6B58}"
"441164","506087","23363.34",".00",".00",".00",".00","23363.34","131.34",".00",".00","131.34","23232.00",".00","23515.02",".26",".00",".26","23515.28","151.94","131.34","283.28","23232.00","","{84EE57F8-E4F5-D9C9-746E-91DD5119E180}"
"441167","506090","777.92",".00",".00",".00",".00","777.92",".00",".00",".00",".00","777.92","500.00",".00","1080.00",".00","1080.00","1080.00","302.08",".00","302.08","777.92","","{DB4DE99C-8B49-663A-58AC-A84030CE4D8D}"
"441168","506092","1000.00","43795.00","2250.00",".00","46045.00","47045.00","22372.40",".00",".00","22372.40","24672.60",".00",".00","1000.00","46045.00","47045.00","47045.00",".00","22372.40","22372.40","24672.60","","{4CE3025E-B0A0-6E5D-9F89-E5909E9CF23F}"
"441170","506093","228.50",".00",".00",".00",".00","228.50",".00",".00",".00",".00","228.50","900.00","100.00","1250.00",".00","1250.00","1350.00","1121.50",".00","1121.50","228.50","","{365B6C46-9A5F-AC0A-B5B2-551FD8915DC7}"
"441172","506095","1040.95","2127.78",".00",".00","2127.78","3168.73","2268.46",".00",".00","2268.46","900.27","1750.00",".00","21536.88","2127.78","23664.66","23664.66","20495.93","2268.46","22764.39","900.27","","{DE1D5007-2952-2EF9-F12D-0B1217E73D19}"
"441174","506098","1040.10",".40",".00",".00",".40","1040.50",".00",".00",".00",".00","1040.50",".00","1136.80","3.30",".40","3.70","1140.50","100.00",".00","100.00","1040.50","","{19FA1FB5-D936-F901-DB46-062F25CF8EC9}"
"441176","506100","1040.50",".00",".00",".00",".00","1040.50",".00",".00",".00",".00","1040.50",".00","1136.80","3.70",".00","3.70","1140.50","100.00",".00","100.00","1040.50","","{6190ACF2-8B37-B55A-AD8E-E9A89F64CE42}"
"441178","506102","10494.55","100125.00","3250.00",".00","103375.00","113869.55","25100.00",".00",".00","25100.00","88769.55",".00","9044.55","3450.00","103375.00","106825.00","115869.55","2000.00","25100.00","27100.00","88769.55","","{8CE3CCC6-2E30-299B-7343-299B989EDE2B}"
"441179","506105",".00",".00",".00",".00",".00",".00",".00",".00",".00",".00",".00",".00",".00",".00",".00",".00",".00",".00",".00",".00",".00","","{49BA4B0C-3068-A352-DED6-CA197325C764}"
"441180","506103","56.03","1875.00",".00","1000.00","2875.00","2931.03","1759.16",".00",".00","1759.16","1171.87","1000.00","56.03",".00","2875.00","2875.00","2931.03",".00","1759.16","1759.16","1171.87","","{269F1502-9A7E-C610-53B9-1ACA4BACDEEE}"
"441182","506106",".00",".00",".00",".00",".00",".00",".00",".00",".00",".00",".00",".00",".00",".00",".00",".00",".00",".00",".00",".00",".00","","{B18FE0E4-6402-199A-F1B4-EF909E3D1A20}"
"441184","506108","1922.70","2205.00",".00",".00","2205.00","4127.70","2110.77",".00",".00","2110.77","2016.93",".00",".00","2260.00","2205.00","4465.00","4465.00","337.30","2110.77","2448.07","2016.93","","{B005A9FE-F422-04E7-BED2-3307D0D95192}"
"441187","506111",".00",".00",".00",".00",".00",".00",".00",".00",".00",".00",".00",".00",".00",".00",".00",".00",".00",".00",".00",".00",".00","","{6300FA75-2CB3-A336-F752-AB40AA829A19}"
"441188","506112","2042.70","90.00",".00",".00","90.00","2132.70",".00",".00",".00",".00","2132.70",".00","1642.70","400.00","90.00","490.00","2132.70",".00",".00",".00","2132.70","","{0CC1B4EA-0768-3B95-C69E-8D67195079DC}"
"441189","506113","33545.36","6095.00",".00",".00","6095.00","39640.36","4670.60",".00",".00","4670.60","34969.76",".00","25102.66","8460.00","6095.00","14555.00","39657.66","17.30","4670.60","4687.90","34969.76","","{CD3CB9AE-FBE1-9EF9-1EA9-6A30D56CE399}"
"441190","506114",".00",".00",".00",".00",".00",".00",".00",".00",".00",".00",".00",".00",".00",".00",".00",".00",".00",".00",".00",".00",".00","","{6300FA75-2CB3-A336-F752-AB40AA829A19}"
"441191","506115","201.25","361.40",".00",".00","361.40","562.65","381.40",".00",".00","381.40","181.25",".00","201.25",".00","361.40","361.40","562.65",".00","381.40","381.40","181.25","","{D600D6A1-3706-C227-69A9-EC2319060D0E}"
"441192","506116","30831.65","3088.48",".00",".00","3088.48","33920.13","2500.00",".00",".00","2500.00","31420.13",".00","32148.79","4207.86","3088.48","7296.34","39445.13","5525.00","2500.00","8025.00","31420.13","","{0F76724A-14B8-92E4-CDD7-1E694FD7960F}"
"441195","506124","36374.79",".00",".00",".00",".00","36374.79","4674.86",".00",".00","4674.86","31699.93",".00","36792.89","100.00",".00","100.00","36892.89","518.10","4674.86","5192.96","31699.93","","{B190F10C-A9C2-7249-1512-28C26C6FB9AD}"
"441200","506132",".00",".00",".00",".00",".00",".00",".00",".00",".00",".00",".00",".00",".00",".00",".00",".00",".00",".00",".00",".00",".00","","{5A605D09-A8D0-D57B-18B8-DE52549FFC8B}"
"441205","506142","8858.73","6219.70",".15",".00","6219.85","15078.58","4454.55",".00",".00","4454.55","10624.03",".00",".00","13489.95","6219.85","19709.80","19709.80","4631.22","4454.55","9085.77","10624.03","","{26CB719B-4C43-7526-406E-97680AE4D307}"
"441206","506143","56.03","1875.00",".00","1000.00","2875.00","2931.03","1759.16",".00",".00","1759.16","1171.87","1000.00","56.03",".00","2875.00","2875.00","2931.03",".00","1759.16","1759.16","1171.87","","{269F1502-9A7E-C610-53B9-1ACA4BACDEEE}"
"441209","506147",".00","462.26",".00",".00","462.26","462.26","458.88",".00",".00","458.88","3.38",".00",".00",".00","462.26","462.26","462.26",".00","458.88","458.88","3.38","","{FD2BDABE-5D3A-7728-AFBC-F8A91D0F723E}"
"441210","506148","261904.27",".00",".00",".00",".00","261904.27","4000.00",".00",".00","4000.00","257904.27",".00","112040.82","228863.45",".00","228863.45","340904.27","79000.00","4000.00","83000.00","257904.27","","{062D3E57-BA2A-8B2A-7474-B5FC3F0B76D1}"
"441211","506149","56.03","1875.00",".00","1000.00","2875.00","2931.03","1759.16",".00",".00","1759.16","1171.87","1000.00","56.03",".00","2875.00","2875.00","2931.03",".00","1759.16","1759.16","1171.87","","{269F1502-9A7E-C610-53B9-1ACA4BACDEEE}"
"441217","506155",".00","7000.00",".00",".00","7000.00","7000.00","4974.70",".00",".00","4974.70","2025.30",".00",".00",".00","7000.00","7000.00","7000.00",".00","4974.70","4974.70","2025.30","","{F4BDFF9B-3270-AAFA-FD64-9A8396042CE0}"
"441218","506157",".00",".00",".00",".00",".00",".00",".00",".00",".00",".00",".00",".00",".00",".00",".00",".00",".00",".00",".00",".00",".00","","{FFD772AE-F5FA-3568-71CD-01E02F232BDF}"
"441219","506156","14367.38","16796.00",".00",".00","16796.00","31163.38","5129.39",".00",".00","5129.39","26033.99","500.00",".00","15745.00","16796.00","32541.00","32541.00","1377.62","5129.39","6507.01","26033.99","","{8894D41F-8672-C638-6714-3A17BD55F708}"
"441221","506159",".00","7000.00",".00",".00","7000.00","7000.00","4974.70",".00",".00","4974.70","2025.30",".00",".00",".00","7000.00","7000.00","7000.00",".00","4974.70","4974.70","2025.30","","{F4BDFF9B-3270-AAFA-FD64-9A8396042CE0}"
"441222","506160","5810.94","100.00",".00",".00","100.00","5910.94","3231.78",".00",".00","3231.78","2679.16","20000.00",".00","25761.02","100.00","25861.02","25861.02","19950.08","3231.78","23181.86","2679.16","","{72A013CA-EE8B-F1FC-1214-5FBAA49FF30A}"
"441223","506161","83044.48","24700.00",".00",".00","24700.00","107744.48","8457.55",".00",".00","8457.55","99286.93","67157.67","8329.42","130656.99","24700.00","155356.99","163686.41","55941.93","8457.55","64399.48","99286.93","","{0AEEB4B2-33A3-28FE-0C98-8ECAB75560C4}"
"441224","506162","2700.00",".00",".00",".00",".00","2700.00","1070.00",".00",".00","1070.00","1630.00",".00",".00","2700.00",".00","2700.00","2700.00",".00","1070.00","1070.00","1630.00","","{F748D53E-DFF9-C044-B6DE-0510C019D44E}"
"441226","506165","46872.38","4870.00",".00",".00","4870.00","51742.38","8010.46",".00",".00","8010.46","43731.92",".00",".00","78710.80","4870.00","83580.80","83580.80","31838.42","8010.46","39848.88","43731.92","","{E888648D-A5C8-77A1-A928-2C194AE1C687}"
"441228","506167","3799.07","4050.00",".00","10000.00","14050.00","17849.07","12666.00",".00",".00","12666.00","5183.07","10504.00","3799.07",".00","14050.00","14050.00","17849.07",".00","12666.00","12666.00","5183.07","","{EBFF8149-CD84-DE92-4B17-D1F2E3F7DFDB}"
"441230","506169","3350.50",".00",".00",".00",".00","3350.50",".00",".00",".00",".00","3350.50",".00","3350.50",".00",".00",".00","3350.50",".00",".00",".00","3350.50","","{E23CE4C3-D0D4-635A-A412-E4219D8C62CF}"
"441232","506171","5991.28","1500.00",".00",".00","1500.00","7491.28",".00",".00",".00",".00","7491.28",".00","6991.28","500.00","1500.00","2000.00","8991.28","1500.00",".00","1500.00","7491.28","","{779609EB-3505-D4A2-2E10-D49C0CE55FC0}"
"441234","506175","210.00",".00",".00",".00",".00","210.00",".00",".00",".00",".00","210.00",".00",".00","10.00",".00","10.00","10.00","10.00",".00","10.00",".00","","{8722D71F-AA03-A37E-8B41-1229A3184C32}"
"441235","506173","3140.97","3120.00","349.17",".00","3469.17","6610.14","4041.94",".00",".00","4041.94","2568.20",".00",".00","4834.56","3469.17","8303.73","8303.73","1693.59","4041.94","5735.53","2568.20","","{D515714D-648A-5678-689D-1F8C71759765}"
"441237","506177","4270.86",".00",".00",".00",".00","4270.86","1000.00",".00",".00","1000.00","3270.86",".00","4370.86",".00",".00",".00","4370.86","100.00","1000.00","1100.00","3270.86","","{ADDE592B-E404-1901-D3CD-1D24285687AA}"
"441238","506178","263.00",".00",".00",".00",".00","263.00","49.69",".00",".00","49.69","213.31","1000.00","422.02",".00",".00",".00","422.02","159.02","49.69","208.71","213.31","","{6896DAEB-B15F-0FE9-D76F-A88B4DA3D37A}"
"441239","506179","6009.61","1060.00",".00",".00","1060.00","7069.61","560.00",".00",".00","560.00","6509.61",".00","4605.00","2150.00","1060.00","3210.00","7815.00","745.39","560.00","1305.39","6509.61","","{5A51803E-1F9E-9F44-C006-3F85B0226FD8}"
"441240","506180","3248.21","3960.55",".00",".00","3960.55","7208.76","1983.75","2299.45",".00","4283.20","2925.56","3960.77",".00","10535.22","3960.55","14495.77","14495.77","7287.01","4283.20","11570.21","2925.56","","{8AB63A6A-308A-9BE3-F742-F55C0AC53514}"
"441245","506185","4600.95","2250.00",".00",".00","2250.00","6850.95",".00",".00",".00",".00","6850.95",".00","5005.95","1595.00","2250.00","3845.00","8850.95","2000.00",".00","2000.00","6850.95","","{E86EF1EC-D58C-D12F-B63B-A132B830D0EC}"
"441249","506189","1046.56",".00",".00",".00",".00","1046.56","28.00",".00",".00","28.00","1018.56",".00","1074.56",".00",".00",".00","1074.56","28.00","28.00","56.00","1018.56","","{1E6FFECE-9AB2-9527-16E8-3335EB7508C8}"
"441252","506194","100.00",".00",".00",".00",".00","100.00",".00",".00",".00",".00","100.00",".00","100.00",".00",".00",".00","100.00",".00",".00",".00","100.00","","{584BE99E-8740-A9AD-19F7-A49A2BB3F4AC}"
"441254","506198",".00","3825.80",".00",".00","3825.80","3825.80","3825.80",".00",".00","3825.80",".00",".00",".00","999.94","3825.80","4825.74","4825.74","999.94","3825.80","4825.74",".00","","{CCB82C6F-278B-2526-9C28-172186F69D9F}"
"441257","506202",".00",".00",".00",".00",".00",".00",".00",".00",".00",".00",".00",".00",".00",".00",".00",".00",".00",".00",".00",".00",".00","","{7A94B1FA-CF49-D31E-4D56-FDE2A667D396}"
"441259","506204","171218.89","35500.00",".00",".00","35500.00","206718.89","18000.00",".00",".00","18000.00","188718.89",".00","156718.89","19500.00","35500.00","55000.00","211718.89","5000.00","18000.00","23000.00","188718.89","","{B2FE7224-14A8-CB31-4D08-74381959B055}"
"441260","506205","51671.46","3816.63",".00",".00","3816.63","55488.09","10000.00",".00",".00","10000.00","45488.09",".00","56521.50","7899.96","3816.63","11716.59","68238.09","12750.00","10000.00","22750.00","45488.09","","{19E15A00-DB08-E953-8F10-424BE69C8719}"
"441262","506208",".00","1599.20",".00",".00","1599.20","1599.20","1599.20",".00",".00","1599.20",".00",".00",".00",".00","1599.20","1599.20","1599.20",".00","1599.20","1599.20",".00","","{4A74EE02-85DE-C380-5329-34DE19DB3582}"
"441264","506210","10.26",".00",".00",".00",".00","10.26",".00",".00",".00",".00","10.26",".00","4.49","25.00",".00","25.00","29.49","19.23",".00","19.23","10.26","","{5A7270CD-6A92-A5F1-FD22-930DD57A2078}"
"441265","506211","1179.19",".00",".00",".00",".00","1179.19",".00",".00",".00",".00","1179.19",".00","1179.19",".00",".00",".00","1179.19",".00",".00",".00","1179.19","","{EB63DD11-261C-6415-F514-F4F942EFE11A}"
"441268","506214","100.00","4000.00",".00",".00","4000.00","4100.00","1108.32","100.00",".00","1208.32","2891.68",".00",".00","100.00","4000.00","4100.00","4100.00",".00","1208.32","1208.32","2891.68","","{F2F5AE0D-0BD4-FF0A-3DF3-FCE47F5DF94C}"
"441271","506217","458.89","706.00",".00",".00","706.00","1164.89","273.71",".00",".00","273.71","891.18",".00",".00","2276.00","706.00","2982.00","2982.00","1817.11","273.71","2090.82","891.18","","{41016C7A-342A-266C-D85A-399401061B03}"
"441273","506219","53466.13",".00",".00",".00",".00","53466.13","6.00",".00",".00","6.00","53460.13",".00","53466.13",".00",".00",".00","53466.13",".00","6.00","6.00","53460.13","","{E382AFFB-4685-73D3-12DF-1114842A0434}"
"441274","506220","30197.88","25000.00",".00",".00","25000.00","55197.88","41175.00",".00",".00","41175.00","14022.88",".00","11322.88","25000.00","25000.00","50000.00","61322.88","6125.00","41175.00","47300.00","14022.88","","{63B371C5-4553-1E5C-5A4D-180D0B07CE2E}"
"441275","506221","5576.81","4875.33",".00",".00","4875.33","10452.14","2211.65",".00",".00","2211.65","8240.49","26890.30","990.81","6102.30","4875.33","10977.63","11968.44","1516.30","2211.65","3727.95","8240.49","","{B824B8B0-9A54-B735-A5B9-EC2D99B080BA}"
"441276","506222",".00",".00",".00",".00",".00",".00",".00",".00",".00",".00",".00",".00",".00",".00",".00",".00",".00",".00",".00",".00",".00","","{6A780160-532D-970C-1D06-01240BAAEFC1}"
"441277","506223","53460.13",".00",".00",".00",".00","53460.13","2.00",".00",".00","2.00","53458.13",".00","53466.13",".00",".00",".00","53466.13","6.00","2.00","8.00","53458.13","","{C6465531-9DC5-DBE7-5E72-01D33EB445C9}"
"441280","506226","5841.06",".00",".00",".00",".00","5841.06",".00",".00",".00",".00","5841.06",".00","5485.32","355.74",".00","355.74","5841.06",".00",".00",".00","5841.06","","{68975AC0-A040-E428-F8D3-913D212753F9}"
"441283","506231","11540.02",".00",".00","4.83","4.83","11544.85","5.00","3261.64",".00","3266.64","8278.21","5087.49","11540.02",".00","4.83","4.83","11544.85",".00","3266.64","3266.64","8278.21","","{ABE1A0E9-43CF-37C5-D2D7-FC0721B1A45D}"
"441289","506237","11637.66","631.63",".00",".00","631.63","12269.29","382.27",".00",".00","382.27","11887.02",".00","7802.10","6224.12","631.63","6855.75","14657.85","2388.56","382.27","2770.83","11887.02","","{D3E2E756-0CF1-1D8D-418A-F5423A830C5B}"
"441290","506238","6819.06",".00",".00",".00",".00","6819.06","14.00","546.45",".00","560.45","6258.61","4541.04","11540.02","50004.83",".00","50004.83","61544.85","54725.79","560.45","55286.24","6258.61","","{FA66299A-7288-1D76-8155-882BBA331313}"
"441291","506239","53458.13",".00",".00",".00",".00","53458.13","8.00",".00",".00","8.00","53450.13",".00","53466.13",".00",".00",".00","53466.13","8.00","8.00","16.00","53450.13","","{2642AF59-5D06-0ECF-CB7E-C61188682E5A}"
"441293","506241","35245.29","5049.00",".00",".00","5049.00","40294.29","251.96",".00",".00","251.96","40042.33",".00","44251.93","19.00","5049.00","5068.00","49319.93","9025.64","251.96","9277.60","40042.33","","{9904D742-F874-377C-DA3E-D75BBDEC81E5}"
"441295","506243","383572.59","6471.57",".00",".00","6471.57","390044.16",".00",".00",".00",".00","390044.16",".00","365023.20","18549.39","6471.57","25020.96","390044.16",".00",".00",".00","390044.16","","{3A5BB31B-23E7-B168-DFC8-973BFA65774C}"
"441297","506245","1037124.73","1231945.83",".00",".00","1231945.83","2269070.56","683795.87",".00",".00","683795.87","1585274.69",".00",".00","1617298.24","1231945.83","2849244.07","2849244.07","580173.51","683795.87","1263969.38","1585274.69","","{D1EF09AB-82FD-58B3-33EF-A92601C48DAA}"
"441298","506246","8511.86",".00",".00",".00",".00","8511.86",".00",".00",".00",".00","8511.86",".00","9011.86",".00",".00",".00","9011.86","500.00",".00","500.00","8511.86","","{73B61D9F-C77F-9119-E622-11B6B249ABF1}"
"441300","506249","8511.86",".00",".00",".00",".00","8511.86",".00",".00",".00",".00","8511.86",".00","9011.86",".00",".00",".00","9011.86","500.00",".00","500.00","8511.86","","{73B61D9F-C77F-9119-E622-11B6B249ABF1}"
"441302","506251","8511.86",".00",".00",".00",".00","8511.86",".00",".00",".00",".00","8511.86",".00","9011.86",".00",".00",".00","9011.86","500.00",".00","500.00","8511.86","","{73B61D9F-C77F-9119-E622-11B6B249ABF1}"
"441305","506253","5673.63","10900.00",".00",".00","10900.00","16573.63","2765.89",".00",".00","2765.89","13807.74",".00",".00","30902.24","10900.00","41802.24","41802.24","25228.61","2765.89","27994.50","13807.74","","{A3B8DFD0-B169-5C21-E41A-730BFB92C7E2}"
"441306","506254","356.47","436.71",".00","350.00","786.71","1143.18","865.14",".00",".00","865.14","278.04","350.00",".00","1570.76","786.71","2357.47","2357.47","1214.29","865.14","2079.43","278.04","","{4CA723CC-BEA3-2331-928C-58F37F4F65FF}"
"441307","506255","5495.16","815.00",".00",".00","815.00","6310.16","3085.46",".00",".00","3085.46","3224.70",".00",".00","6977.00","815.00","7792.00","7792.00","1481.84","3085.46","4567.30","3224.70","","{D2C2085F-D64F-1EBA-18B5-E32A31F9810C}"
"441313","506261","468.16","80.00",".00",".00","80.00","548.16","252.60",".00",".00","252.60","295.56",".00",".00","800.00","80.00","880.00","880.00","331.84","252.60","584.44","295.56","","{70E25EE0-D6A8-C65F-823B-B50FBE2B4427}"
"441315","506263","500.00",".00",".00",".00",".00","500.00",".00",".00",".00",".00","500.00",".00","500.00",".00",".00",".00","500.00",".00",".00",".00","500.00","","{5687D04B-B2E5-1629-6536-3FA60375B4F5}"
"441317","506265","500.00",".00",".00",".00",".00","500.00",".00",".00",".00",".00","500.00",".00","500.00",".00",".00",".00","500.00",".00",".00",".00","500.00","","{DB36B07A-656B-33F7-FC76-F9A34A9AEEA7}"
"441318","506268","500.00",".00",".00",".00",".00","500.00",".00",".00",".00",".00","500.00",".00","500.00",".00",".00",".00","500.00",".00",".00",".00","500.00","","{5A605D09-A8D0-D57B-18B8-DE52549FFC8B}"
"441320","506267","468.16","80.00",".00",".00","80.00","548.16","252.60",".00",".00","252.60","295.56",".00",".00","800.00","80.00","880.00","880.00","331.84","252.60","584.44","295.56","","{70E25EE0-D6A8-C65F-823B-B50FBE2B4427}"
"441321","506269","2984.41","1896.60",".00","93.00","1989.60","4974.01","457.90","24.00",".00","481.90","4492.11","93.00","100.00","4316.07","1989.60","6305.67","6405.67","1431.66","481.90","1913.56","4492.11","","{DB9248A3-A674-CBFF-F15B-BA930B9B5965}"
"441322","506270","13852.82","8542.50",".00",".00","8542.50","22395.32","2258.65",".00",".00","2258.65","20136.67",".00","271.20","18424.42","8542.50","26966.92","27238.12","4842.80","2258.65","7101.45","20136.67","","{4654F79C-6B2F-438B-475B-DBDDDDC93DD2}"
"441323","506271","1250.00",".00",".00",".00",".00","1250.00","250.00",".00",".00","250.00","1000.00",".00",".00","1250.00",".00","1250.00","1250.00",".00","250.00","250.00","1000.00","","{8109B289-279C-2CE9-0513-ECDE73EE73B3}"
"441324","506272","600.00","500.00",".00",".00","500.00","1100.00",".00",".00",".00",".00","1100.00",".00",".00","600.00","500.00","1100.00","1100.00",".00",".00",".00","1100.00","","{396547B8-1A21-41FE-D9DF-1648B34FA182}"
"441326","506275","34247.98","2304.23",".00",".00","2304.23","36552.21",".00",".00",".00",".00","36552.21",".00","7436.97","26811.01","2304.23","29115.24","36552.21",".00",".00",".00","36552.21","","{BDDA39B4-92C5-7CE3-6FFB-E5989884BB29}"
"441328","506278","46584.40","450.00",".00",".00","450.00","47034.40",".00",".00",".00",".00","47034.40",".00","44584.40","2000.00","450.00","2450.00","47034.40",".00",".00",".00","47034.40","","{7D2245D2-3625-23D2-ECDA-96B96A9EF131}"
"441330","506280","7851.00","203.42",".00",".00","203.42","8054.42","25.00",".00",".00","25.00","8029.42",".00","7509.03","361.97","203.42","565.39","8074.42","20.00","25.00","45.00","8029.42","","{3F3FCF1A-46F8-FC3C-6A8E-667F8A8420BF}"
"441332","506282","16692.63",".00","2500.00",".00","2500.00","19192.63","44.00",".00",".00","44.00","19148.63",".00","16692.63",".00","2500.00","2500.00","19192.63",".00","44.00","44.00","19148.63","","{52F7B144-9AC9-E0C3-2D52-CBBE5B36C4A3}"
"441333","506283","402419.31","565000.00","1125.26",".00","566125.26","968544.57","699246.93",".00",".00","699246.93","269297.64",".00","252614.74","831225.43","566125.26","1397350.69","1649965.43","681420.86","699246.93","1380667.79","269297.64","","{E3C0B1C1-1096-227A-100C-BF0D28DE4F7E}"
"441334","506284","834.16","3310.00",".00",".00","3310.00","4144.16","447.44",".00",".00","447.44","3696.72",".00",".00","1910.00","3310.00","5220.00","5220.00","1075.84","447.44","1523.28","3696.72","","{F8B8291F-FA48-A888-64E2-44CD5693F761}"
"441335","506285","33064.50","5205.00",".00",".00","5205.00","38269.50","4628.63",".00",".00","4628.63","33640.87",".00",".00","48025.00","5205.00","53230.00","53230.00","14960.50","4628.63","19589.13","33640.87","","{3213C77C-5CB1-56E5-A692-44807D45022E}"
"441336","506286","3866.16","900.00",".00",".00","900.00","4766.16","2167.45",".00",".00","2167.45","2598.71",".00","547.81","4190.45","900.00","5090.45","5638.26","872.10","2167.45","3039.55","2598.71","","{DAE59616-2E7F-3B08-BECD-3791E0D060B1}"
"441337","506287","76.09","1157.01",".00",".00","1157.01","1233.10","757.01",".00",".00","757.01","476.09",".00",".00","500.00","1157.01","1657.01","1657.01","423.91","757.01","1180.92","476.09","","{B9DCDAB3-4FF4-6EB2-108E-C9D3F7162790}"
"441338","506288",".00","559.00",".00",".00","559.00","559.00","460.00",".00",".00","460.00","99.00",".00",".00","1009.12","559.00","1568.12","1568.12","1009.12","460.00","1469.12","99.00","","{C5DA4734-4E08-743A-D5FE-89681C9FE8C1}"
"441340","506290","3230.51","4600.00",".00",".00","4600.00","7830.51","321.54",".00",".00","321.54","7508.97",".00","734.21","4108.20","4600.00","8708.20","9442.41","1611.90","321.54","1933.44","7508.97","","{564A155C-07F5-2FDF-B3E2-1B232DB638FD}"
"441343","506294",".00","3825.80",".00",".00","3825.80","3825.80","565.55",".00",".00","565.55","3260.25",".00",".00","999.94","3825.80","4825.74","4825.74","999.94","565.55","1565.49","3260.25","","{7A0131EB-1744-CE0F-C6AF-EF07D16A8EA8}"
"441346","506297","3610.28","2885.00",".00",".00","2885.00","6495.28","4578.06",".00",".00","4578.06","1917.22",".00",".00","8140.60","2885.00","11025.60","11025.60","4530.32","4578.06","9108.38","1917.22","","{6B342E69-2336-6415-13C5-BBA7C0F073EC}"
"441348","506300",".00","800.00",".00",".00","800.00","800.00","62.00",".00",".00","62.00","738.00",".00",".00",".00","800.00","800.00","800.00",".00","62.00","62.00","738.00","","{52462B09-9299-88B0-A898-40DFEA2ECD14}"
"441350","506302","344765.94","51185.95","2450.28",".00","53636.23","398402.17","71358.00",".00",".00","71358.00","327044.17",".00","364677.56","33393.79","53636.23","87030.02","451707.58","53305.41","71358.00","124663.41","327044.17","","{381FB916-185B-F150-AD59-05EA7C53B240}"
"441351","506303","201.73",".00",".00",".00",".00","201.73",".00",".00",".00",".00","201.73",".00","201.73",".00",".00",".00","201.73",".00",".00",".00","201.73","","{9B8CDC7D-08FE-2704-30A5-9E11025D13D9}"
"441354","506307","40336.24","164585.50","1799.04",".00","166384.54","206720.78","166541.49",".00",".00","166541.49","40179.29",".00","46218.92","286367.91","166384.54","452752.45","498971.37","292250.59","166541.49","458792.08","40179.29","","{85BAA817-3852-6F96-66CA-02C244CA35FB}"
"441356","506308","26.40",".00",".00",".00",".00","26.40",".00",".00",".00",".00","26.40",".00","2026.40",".00",".00",".00","2026.40","2000.00",".00","2000.00","26.40","","{7B870A8A-A2D3-2906-1760-12AE839FA626}"
"441357","506309","432.19",".00",".00",".00",".00","432.19","31.40",".00",".00","31.40","400.79","5671.76","55.73","1500.00",".00","1500.00","1555.73","1123.54","31.40","1154.94","400.79","","{E72B2DB7-D860-E13C-58FD-5B837F8720A3}"
"441359","506312",".00",".00",".00",".00",".00",".00",".00",".00",".00",".00",".00",".00",".00",".00",".00",".00",".00",".00",".00",".00",".00","","{A5FA7E47-AFA4-32B8-ECD4-914FC33A5AFD}"
"441361","506313","3943.00",".00",".00",".00",".00","3943.00",".00",".00",".00",".00","3943.00",".00","3943.00",".00",".00",".00","3943.00",".00",".00",".00","3943.00","","{EFE81DDB-DFA3-B861-A455-F1BFBA97DDB4}"
"441362","506314","3447.30",".00",".00",".00",".00","3447.30",".00",".00",".00",".00","3447.30",".00","1622.30","22000.00",".00","22000.00","23622.30","20175.00",".00","20175.00","3447.30","","{D0067705-DC2F-39C3-22F6-4F5AC2FBCF90}"
"441364","506316","79229.70",".00",".00",".00",".00","79229.70","5000.00",".00",".00","5000.00","74229.70",".00","54229.70","90000.00",".00","90000.00","144229.70","65000.00","5000.00","70000.00","74229.70","","{29733687-029C-AD22-77D3-3306E36749BF}"
"441365","506317","856.56","1591.57",".00",".00","1591.57","2448.13","415.55",".00",".00","415.55","2032.58",".00","261.33","1800.00","1591.57","3391.57","3652.90","1204.77","415.55","1620.32","2032.58","","{E9CD6691-09E6-CB45-DA07-D447C9925E59}"
"441366","506318",".00","100.00",".00",".00","100.00","100.00",".00",".00",".00",".00","100.00",".00",".00",".00","100.00","100.00","100.00",".00",".00",".00","100.00","","{818A3D62-AAE3-7209-9A3A-A8640FA9E1B9}"
"441367","506319","25919.26","4239.81",".00",".00","4239.81","30159.07","162.50",".00",".00","162.50","29996.57",".00","8770.00","17327.37","4239.81","21567.18","30337.18","178.11","162.50","340.61","29996.57","","{8FA5A2D4-0080-7C67-91FC-4A47E2CEE80C}"
"441368","506320","29996.57","3810.03",".00",".00","3810.03","33806.60","121.80",".00",".00","121.80","33684.80",".00","8770.00","21567.18","3810.03","25377.21","34147.21","340.61","121.80","462.41","33684.80","","{E851919E-E610-F47E-4699-F1C14DBE1C76}"
"441369","506321","973.35","1015.00",".00",".00","1015.00","1988.35","534.27",".00",".00","534.27","1454.08",".00",".00","7745.00","1015.00","8760.00","8760.00","6771.65","534.27","7305.92","1454.08","","{ECD311DE-4BA3-71BC-758C-86F689EF6E22}"
"441370","506322","7584.37","30.00",".00",".00","30.00","7614.37","1.20",".00",".00","1.20","7613.17",".00","7536.37","50.00","30.00","80.00","7616.37","2.00","1.20","3.20","7613.17","","{702B1010-B905-2D68-06FB-17B6C9AE2DBF}"
"441371","506323","3761.89","1549.24",".00",".00","1549.24","5311.13","3404.53",".00",".00","3404.53","1906.60",".00",".00","4650.00","1549.24","6199.24","6199.24","888.11","3404.53","4292.64","1906.60","","{5A47FF72-48E6-DCCF-DC2C-DEFC7147D43A}"
"441372","506324","973.35","1015.00",".00",".00","1015.00","1988.35","534.27",".00",".00","534.27","1454.08",".00",".00","7745.00","1015.00","8760.00","8760.00","6771.65","534.27","7305.92","1454.08","","{ECD311DE-4BA3-71BC-758C-86F689EF6E22}"
"441373","506326","1454.08","2450.00",".00",".00","2450.00","3904.08","2416.55",".00",".00","2416.55","1487.53",".00",".00","8760.00","2450.00","11210.00","11210.00","7305.92","2416.55","9722.47","1487.53","","{90B5FB0F-BCED-7F51-63D2-6697195A6F51}"
"441376","506329","1487.53","1778.48",".00",".00","1778.48","3266.01","1540.32",".00",".00","1540.32","1725.69",".00",".00","11210.00","1778.48","12988.48","12988.48","9722.47","1540.32","11262.79","1725.69","","{E846A68F-83F8-6476-AE54-D43BC227FF4F}"
"441377","506330","251208.44",".00",".00",".00",".00","251208.44",".00",".00",".00",".00","251208.44",".00","251208.44",".00",".00",".00","251208.44",".00",".00",".00","251208.44","","{67B26887-0C60-0683-EAA3-C81CF8FFCF88}"
"441378","506331","943.56","650.00",".00",".00","650.00","1593.56","435.79",".00",".00","435.79","1157.77",".00","943.56",".00","650.00","650.00","1593.56",".00","435.79","435.79","1157.77","","{AEA894E7-E154-8DC3-FF17-7C8FD45AC9AF}"
"441379","506332",".00",".00",".00","1036.74","1036.74","1036.74","653.32",".00",".00","653.32","383.42","1036.74",".00",".00","1036.74","1036.74","1036.74",".00","653.32","653.32","383.42","","{EA704B3E-F31A-900B-873C-81FCCDC4061C}"
"441380","506333","917.55",".00",".00",".00",".00","917.55","915.60",".00",".00","915.60","1.95",".00","60.95","2105.90",".00","2105.90","2166.85","1249.30","915.60","2164.90","1.95","","{CF66289E-79C3-3368-7919-DA1B6F68A1F8}"
"441383","506337","17644.73","355.27",".00",".00","355.27","18000.00","17000.00",".00",".00","17000.00","1000.00",".00","19385.33",".00","355.27","355.27","19740.60","1740.60","17000.00","18740.60","1000.00","","{821428FD-115D-5D95-49EF-519F27B5B4F5}"
"441385","506339","5611.00",".00",".00",".00",".00","5611.00","500.00",".00",".00","500.00","5111.00",".00","850.00","5768.52",".00","5768.52","6618.52","1007.52","500.00","1507.52","5111.00","","{92514646-E1DA-3662-FDEB-F976B753139E}"
"441386","506340",".00","2075.00",".00","2000.00","4075.00","4075.00","1998.94",".00",".00","1998.94","2076.06","2000.00",".00",".00","4075.00","4075.00","4075.00",".00","1998.94","1998.94","2076.06","","{4EE5596D-C8AB-C14D-E80B-FA2D38E344FB}"
"441387","506341","4590.29","333.79",".00",".00","333.79","4924.08","1541.66",".00",".00","1541.66","3382.42",".00",".00","14788.78","333.79","15122.57","15122.57","10198.49","1541.66","11740.15","3382.42","","{5B7869F1-B60E-D0DC-8876-4FB7205F61AE}"
"441390","506344","3382.42",".00",".00",".00",".00","3382.42","107.14",".00",".00","107.14","3275.28",".00",".00","15122.57",".00","15122.57","15122.57","11740.15","107.14","11847.29","3275.28","","{F2CD6D15-4397-A8EB-3C43-413009C34829}"
"441391","506345","579276.89","154779.79",".00",".00","154779.79","734056.68","55098.68",".00",".00","55098.68","678958.00",".00","432232.42","150000.00","154779.79","304779.79","737012.21","2955.53","55098.68","58054.21","678958.00","","{D5CD5E6B-E086-CD00-DCB6-ABE61A096CF5}"
"441392","506347","40502.44","101302.14",".00",".00","101302.14","141804.58","51860.05",".00",".00","51860.05","89944.53",".00","55896.55","185031.93","101302.14","286334.07","342230.62","200426.04","51860.05","252286.09","89944.53","","{3C042280-0653-4838-3997-019528E976C1}"
"441394","506349","2058.50",".00",".00",".00",".00","2058.50","1000.00",".00",".00","1000.00","1058.50","4689.00","2058.50",".00",".00",".00","2058.50",".00","1000.00","1000.00","1058.50","","{D1C9EDCB-4E2F-430E-4DBB-6CDFACC09B8B}"
"441395","506350","250.00","550.00",".00",".00","550.00","800.00","493.54",".00",".00","493.54","306.46",".00",".00","250.00","550.00","800.00","800.00",".00","493.54","493.54","306.46","","{D485ABC8-86C7-50B2-8002-F21EE800A5CB}"
"441396","506351","3275.28",".00",".00",".00",".00","3275.28",".00",".00",".00",".00","3275.28",".00",".00","15122.57",".00","15122.57","15122.57","11847.29",".00","11847.29","3275.28","","{E98A9329-00F6-05D3-D938-D40863CAF304}"
"441397","506352","3743.64",".00",".00",".00",".00","3743.64",".00",".00",".00",".00","3743.64",".00","2659.69","1083.95",".00","1083.95","3743.64",".00",".00",".00","3743.64","","{A8F2E869-1496-9FED-B998-A719AC32864B}"
"441398","506353","3275.28",".00",".00",".00",".00","3275.28",".00",".00",".00",".00","3275.28",".00",".00","15122.57",".00","15122.57","15122.57","11847.29",".00","11847.29","3275.28","","{47FFDB26-9205-1922-6C70-7F3693DAFF6C}"
"441400","506355","104886.54",".00","5.26",".00","5.26","104891.80","59359.60",".00",".00","59359.60","45532.20",".00","52288.43","100001.72","5.26","100006.98","152295.41","47403.61","59359.60","106763.21","45532.20","","{1F6FB97E-9C29-0BC7-9CDD-CC46E16F6300}"
"441401","506356","3275.28","2900.00",".00",".00","2900.00","6175.28","1992.00",".00",".00","1992.00","4183.28",".00","3275.28",".00","2900.00","2900.00","6175.28",".00","1992.00","1992.00","4183.28","","{B9BF7370-23EE-3576-43FD-9F0A09B9317F}"
"441402","506357","2345.00","8078.10",".00",".00","8078.10","10423.10","3365.45",".00",".00","3365.45","7057.65",".00",".00","3225.00","8078.10","11303.10","11303.10","880.00","3365.45","4245.45","7057.65","","{79F74CD6-47B3-4B7C-9F96-1D8AD956D8A4}"
"441403","506358","4183.28","2030.00",".00",".00","2030.00","6213.28","808.49",".00",".00","808.49","5404.79",".00","3275.28","2900.00","2030.00","4930.00","8205.28","1992.00","808.49","2800.49","5404.79","","{53FE9D3C-58A9-41F5-BCDF-7735D57AEFEE}"
"441405","506360","158.47",".00",".00",".00",".00","158.47",".00",".00",".00",".00","158.47","20476.45","1558.47",".00",".00",".00","1558.47","1400.00",".00","1400.00","158.47","","{D62E660C-FD1A-7514-66E8-0E9452C97AD7}"
"441406","506361","5404.79","530.00",".00",".00","530.00","5934.79","1565.21",".00",".00","1565.21","4369.58",".00","3275.28","4930.00","530.00","5460.00","8735.28","2800.49","1565.21","4365.70","4369.58","","{F340FE42-E9B6-A70F-853A-F354F1A0955E}"
"441407","506362",".00","1599.21",".00",".00","1599.21","1599.21","1599.21",".00",".00","1599.21",".00",".00",".00",".00","1599.21","1599.21","1599.21",".00","1599.21","1599.21",".00","","{09863012-FA61-1CD0-9DE6-C9830E813362}"
"441408","506363","58063.66","3600.00",".00",".00","3600.00","61663.66","1070.20",".00",".00","1070.20","60593.46",".00","50220.94","9045.00","3600.00","12645.00","62865.94","1202.28","1070.20","2272.48","60593.46","","{11200509-14FD-3C8A-3293-A0A414B3B54B}"
"441412","506368","24404.53","423.27",".00",".00","423.27","24827.80",".00",".00",".00",".00","24827.80",".00","24404.53",".00","423.27","423.27","24827.80",".00",".00",".00","24827.80","","{ADD9C9C9-7C51-C0EA-A10B-F21647A9F5E9}"
"441413","506369","3087.66",".00",".00",".00",".00","3087.66","1000.00",".00",".00","1000.00","2087.66",".00","12043.28",".00",".00",".00","12043.28","8955.62","1000.00","9955.62","2087.66","","{35B84270-3A9E-7853-E807-A1813366DD62}"
"441414","506370","53796.94","550.00",".00",".00","550.00","54346.94","10752.12",".00",".00","10752.12","43594.82",".00","11057.14","74855.00","550.00","75405.00","86462.14","32115.20","10752.12","42867.32","43594.82","","{CA6D17F9-805C-68DC-9B34-AF1FB4D33EAF}"
"441418","506374","11995.05","1478.62",".00",".00","1478.62","13473.67","2500.00",".00",".00","2500.00","10973.67",".00",".00","15808.79","1478.62","17287.41","17287.41","3813.74","2500.00","6313.74","10973.67","","{A089CCBF-A111-757D-DAAB-562DD42DB9B6}"
"441421","506377","1396.38",".00",".00",".00",".00","1396.38",".00",".00",".00",".00","1396.38",".00","1476.11",".00",".00",".00","1476.11","79.73",".00","79.73","1396.38","","{9654623C-6C66-BE27-C345-76A03AB9DBA1}"
"441422","506378","1935.66",".00",".00",".00",".00","1935.66","314.93",".00",".00","314.93","1620.73",".00","2105.66",".00",".00",".00","2105.66","170.00","314.93","484.93","1620.73","","{53477158-C36B-2301-151E-DD94D3CA460A}"
"441423","506381",".00",".00",".00",".00",".00",".00",".00",".00",".00",".00",".00",".00",".00",".00",".00",".00",".00",".00",".00",".00",".00","","{A9EC5BD1-91E5-E4EA-07FB-C08F56A6450B}"
"441424","506379",".00","1599.21",".00",".00","1599.21","1599.21","1599.21",".00",".00","1599.21",".00",".00",".00",".00","1599.21","1599.21","1599.21",".00","1599.21","1599.21",".00","","{1DC30CF4-754E-05F8-E327-9709739B8DBB}"
"441427","506383","10979.17","10769.20",".00",".00","10769.20","21748.37","4688.73",".00",".00","4688.73","17059.64",".00","2500.00","48509.90","10769.20","59279.10","61779.10","40030.73","4688.73","44719.46","17059.64","","{023F2C0C-7CF1-DD9A-6B76-E83FDBFE6E1D}"
"441428","506384",".00",".00",".00",".00",".00",".00",".00",".00",".00",".00",".00",".00",".00",".00",".00",".00",".00",".00",".00",".00",".00","","{6CDBF296-A656-E6A1-4203-27BABAB0F98B}"
"441431","506388","8096.24","2362.24",".00",".00","2362.24","10458.48","93.57",".00",".00","93.57","10364.91",".00","8096.24",".00","2362.24","2362.24","10458.48",".00","93.57","93.57","10364.91","","{AD4955F2-FC97-845E-9004-C40934994182}"
"441432","506389","119.16","2391.30",".00",".00","2391.30","2510.46","45.33","400.00",".00","445.33","2065.13",".00",".00","1200.00","2391.30","3591.30","3591.30","1080.84","445.33","1526.17","2065.13","","{33367592-2007-EC48-4598-0FCF84E0B36E}"
"441433","506390",".00",".00",".00",".00",".00",".00",".00",".00",".00",".00",".00",".00",".00",".00",".00",".00",".00",".00",".00",".00",".00","","{B9E0129D-4013-6DC8-82F6-A2B0FDBC1978}"
"441434","506391","10364.91","8850.24",".00",".00","8850.24","19215.15","810.33",".00",".00","810.33","18404.82",".00","8096.24","2362.24","8850.24","11212.48","19308.72","93.57","810.33","903.90","18404.82","","{CE2E9344-55C5-47EC-9744-9F5F0FB3D800}"
"441436","506393","18404.82","836.24",".00",".00","836.24","19241.06","4652.64",".00",".00","4652.64","14588.42",".00","8096.24","11212.48","836.24","12048.72","20144.96","903.90","4652.64","5556.54","14588.42","","{FDE10C61-6092-AF33-2C8E-5572FEC72E64}"
"441438","506395","14588.42","1776.24",".00",".00","1776.24","16364.66","109.24",".00",".00","109.24","16255.42",".00","8096.24","12048.72","1776.24","13824.96","21921.20","5556.54","109.24","5665.78","16255.42","","{EA5056D4-4EF9-95D2-CF74-B647F16D2551}"
"441439","506396","16255.42","14783.24",".00",".00","14783.24","31038.66","949.47",".00",".00","949.47","30089.19",".00","16255.42",".00","14783.24","14783.24","31038.66",".00","949.47","949.47","30089.19","","{399D00F6-DF82-ABAA-3FBC-33E449EFECD7}"
"441440","506397","30089.19","12541.24",".00",".00","12541.24","42630.43","4464.11",".00",".00","4464.11","38166.32",".00","16255.42","14783.24","12541.24","27324.48","43579.90","949.47","4464.11","5413.58","38166.32","","{3593850D-A3CA-5652-F201-48C377EC0DD6}"
"441441","506398","1900945.72","1153907.40","37849.21",".00","1191756.61","3092702.33","397160.06",".00",".00","397160.06","2695542.27",".00","16674.69","2092821.27","1191756.61","3284577.88","3301252.57","208550.24","397160.06","605710.30","2695542.27","","{3A2BF2D8-9A76-EABC-12A8-B14D83789CD9}"
"441442","506400","2839.78","203.68",".00",".00","203.68","3043.46","5.02",".00",".00","5.02","3038.44",".00","2397.44","442.34","203.68","646.02","3043.46",".00","5.02","5.02","3038.44","","{3209AD5F-02FD-46A7-29C4-F9EB5BC1561C}"
"441443","506401","38166.32","1471.24",".00",".00","1471.24","39637.56","29207.14",".00",".00","29207.14","10430.42",".00","16255.42","27324.48","1471.24","28795.72","45051.14","5413.58","29207.14","34620.72","10430.42","","{737449FD-F58F-5A6E-10CD-9FBC522F5CF2}"
"441444","506402","26805.49","16600.00",".00",".00","16600.00","43405.49","4879.18",".00",".00","4879.18","38526.31",".00",".00","204208.66","16600.00","220808.66","220808.66","179403.17","4879.18","184282.35","36526.31","","{A8E62271-490C-B257-D590-1EC995990852}"
"441445","506403","10430.42","3186.24",".00",".00","3186.24","13616.66","2966.23",".00",".00","2966.23","10650.43",".00","16255.42","28795.72","3186.24","31981.96","48237.38","34620.72","2966.23","37586.95","10650.43","","{BD8D58B3-DD50-7AA5-9F2C-2390742EDEF1}"
"441447","506405","10650.43","24833.00",".00",".00","24833.00","35483.43","13971.47",".00",".00","13971.47","21511.96",".00","10650.43",".00","24833.00","24833.00","35483.43",".00","13971.47","13971.47","21511.96","","{FCE2BAAE-51EE-2FAA-9E62-C4ACC6DF7B3C}"
"441448","506408","234274.28","551288.22","631.67",".00","551919.89","786194.17","265467.68",".00",".00","265467.68","520726.49",".00","169866.00","303696.38","551919.89","855616.27","1025482.27","239288.10","265467.68","504755.78","520726.49","","{7F4F27C5-D6ED-DC8D-F190-DB6327BC1FE4}"
"441449","506406",".00",".00",".00",".00",".00",".00",".00",".00",".00",".00",".00","200.00",".00",".00",".00",".00",".00",".00",".00",".00",".00","","{C495F436-B172-CD78-49C1-4BEF90EB78DC}"
"441450","506407","21511.96","23982.00","458.06",".00","24440.06","45952.02","35975.42",".00",".00","35975.42","9976.60",".00","10650.43","24833.00","24440.06","49273.06","59923.49","13971.47","35975.42","49946.89","9976.60","","{FB058BE1-4D0A-B536-FC75-A82219FFE42A}"
"441451","506409","2838.96","2175.00",".00",".00","2175.00","5013.96","2907.67",".00",".00","2907.67","2106.29",".00",".00","3455.05","2175.00","5630.05","5630.05","616.09","2907.67","3523.76","2106.29","","{160D4C92-9D09-3AB8-4995-F35379F7E5E4}"
"441452","506410","9976.60","7321.98",".00",".00","7321.98","17298.58","1325.36",".00",".00","1325.36","15973.22",".00","10650.43","49273.06","7321.98","56595.04","67245.47","49946.89","1325.36","51272.25","15973.22","","{689F5902-7F61-2D9F-C21F-F3B847462E2D}"
"441453","506412","1326.89",".00",".00",".00",".00","1326.89",".00",".00",".00",".00","1326.89","1000.00","1326.89",".00",".00",".00","1326.89",".00",".00",".00","1326.89","","{5D582D36-28C7-E2C2-51C4-0B0DA05F76FE}"
"441454","506411","15973.22","18190.45",".00",".00","18190.45","34163.67","7270.75",".00",".00","7270.75","26892.92",".00","10650.43","56595.04","18190.45","74785.49","85435.92","51272.25","7270.75","58543.00","26892.92","","{35974611-0284-050F-6F33-DBA8C46C7DB3}"
"441456","506414","1312.12","951.00",".00",".00","951.00","2263.12","643.20",".00",".00","643.20","1619.92",".00","1595.26",".00","951.00","951.00","2546.26","283.14","643.20","926.34","1619.92","","{DFE44091-752E-5AB8-2520-3707D1B67981}"
"441457","506415","26892.92","30957.31",".00",".00","30957.31","57850.23","32041.49",".00",".00","32041.49","25808.74",".00","10650.43","74785.49","30957.31","105742.80","116393.23","58543.00","32041.49","90584.49","25808.74","","{C44C08CA-6CFA-F8B8-9F41-7C50AE76B914}"
"441458","506416",".00","2075.00",".00","2000.00","4075.00","4075.00","1998.94",".00",".00","1998.94","2076.06","2000.00",".00",".00","4075.00","4075.00","4075.00",".00","1998.94","1998.94","2076.06","","{4EE5596D-C8AB-C14D-E80B-FA2D38E344FB}"
"441461","506418","25808.74","23183.00",".00",".00","23183.00","48991.74","21181.00",".00",".00","21181.00","27810.74",".00","25808.74",".00","23183.00","23183.00","48991.74",".00","21181.00","21181.00","27810.74","","{A2CBC8F1-3168-CAD6-33D3-2EA54EB6CB72}"
"441462","506420","27810.74","3845.06",".00",".00","3845.06","31655.80","20333.78",".00",".00","20333.78","11322.02",".00","25808.74","23183.00","3845.06","27028.06","52836.80","21181.00","20333.78","41514.78","11322.02","","{F3D6E9EA-993C-C289-20D3-34AD7C5FEAD4}"
"441464","506421","11322.02","5734.24",".00",".00","5734.24","17056.26","11511.00",".00",".00","11511.00","5545.26",".00","25808.74","27028.06","5734.24","32762.30","58571.04","41514.78","11511.00","53025.78","5545.26","","{AAE77118-4FC5-FBF5-B7BA-6B945B80BB33}"
"441465","506424","1326.89",".00",".00",".00",".00","1326.89",".00",".00",".00",".00","1326.89","1000.00","1326.89",".00",".00",".00","1326.89",".00",".00",".00","1326.89","","{96B4B839-BCAC-23D6-4AF3-3E304EE7C844}"
"441467","506425","6547.03","5380.00",".00",".00","5380.00","11927.03","4348.11",".00",".00","4348.11","7578.92",".00",".00","9485.61","5380.00","14865.61","14865.61","2938.58","4348.11","7286.69","7578.92","","{2417D188-4BDE-F044-AF6F-2D7B66CF93C2}"
"441468","506426","5545.26","3885.00",".00",".00","3885.00","9430.26","1984.33",".00",".00","1984.33","7445.93",".00","25808.74","32762.30","3885.00","36647.30","62456.04","53025.78","1984.33","55010.11","7445.93","","{0BBD54B2-2292-AEA5-F9BF-BEAE174AA1DC}"
"441469","506429","30026.31","18653.05",".00",".00","18653.05","48679.36","10668.59",".00",".00","10668.59","38010.77",".00",".00","212308.66","18653.05","230961.71","230961.71","184282.35","10668.59","194950.94","36010.77","","{D97FB8D5-D7BA-FBE0-3BE7-62E4F49F4A24}"
"441470","506427","70.00","340.00",".00",".00","340.00","410.00",".00",".00",".00",".00","410.00",".00",".00","70.00","340.00","410.00","410.00",".00",".00",".00","410.00","","{FEE7A8AA-80D5-BB91-CC8A-A67207805646}"
"441471","506428","7445.93","5130.00",".00",".00","5130.00","12575.93","4479.69",".00",".00","4479.69","8096.24",".00","25808.74","36647.30","5130.00","41777.30","67586.04","55010.11","4479.69","59489.80","8096.24","","{5CCF04B8-0163-2120-F7DC-100C30BC8720}"
"441472","506430","8096.24","45236.81",".00",".00","45236.81","53333.05","43458.15",".00",".00","43458.15","9874.90",".00","8096.24",".00","45236.81","45236.81","53333.05",".00","43458.15","43458.15","9874.90","","{DDFC3954-6D85-8AAE-FC65-83C6D4372C36}"
"441473","506432","8413.06","8500.00",".00",".00","8500.00","16913.06","6543.90",".00",".00","6543.90","10369.16","66.29","421.05","33049.06","8500.00","41549.06","41970.11","25057.05","6543.90","31600.95","10369.16","","{45282F3E-999C-7EC1-E1D6-44FF00028A7D}"
"441474","506433","9874.90","1780.00",".00",".00","1780.00","11654.90","2414.29",".00",".00","2414.29","9240.61",".00","8096.24","45236.81","1780.00","47016.81","55113.05","43458.15","2414.29","45872.44","9240.61","","{378DD8B1-9E5A-F7E6-AB07-749A986722F0}"
"441477","506440",".00",".00",".00",".00",".00",".00",".00",".00",".00",".00",".00",".00",".00",".00",".00",".00",".00",".00",".00",".00",".00","","{32947352-782E-F96F-FC2A-79252432313E}"
"441479","506443","3535.42","1545.58",".00",".00","1545.58","5081.00","697.84",".00",".00","697.84","4383.16",".00","2197.32","1625.00","1545.58","3170.58","5367.90","286.90","697.84","984.74","4383.16","","{08E5E0EA-3849-97D1-B1F7-1D160FD4B226}"
"441481","506446","17165.62",".00",".00",".00",".00","17165.62",".00",".00",".00",".00","17165.62",".00","17165.62",".00",".00",".00","17165.62",".00",".00",".00","17165.62","","{9EBCB2FF-6EFC-BD9D-3A6C-FC5091B819FB}"
"441484","506451","19225.86","640.00",".00",".00","640.00","19865.86","5134.27",".00",".00","5134.27","14731.59",".00","15275.71","21929.63","640.00","22569.63","37845.34","17979.48","5134.27","23113.75","14731.59","","{C391937A-2150-0E23-47B3-5F06A6199BD9}"
"441485","506452","469.17","87.50",".00",".00","87.50","556.67","7.00",".00",".00","7.00","549.67",".00","258.38","225.00","87.50","312.50","570.88","14.21","7.00","21.21","549.67","","{5254222C-4AC2-0D78-B98E-C8D9570F0139}"
"441486","506453","633.59","2905.04",".00",".00","2905.04","3538.63","3112.97",".00",".00","3112.97","425.66",".00",".00","5517.17","2905.04","8422.21","8422.21","4883.58","3112.97","7996.55","425.66","","{F92AEAA9-BDB1-23C6-4046-93FEC0ADE4DA}"
"441488","506454","35454.32","1127.00",".00",".00","1127.00","36581.32",".00",".00",".00",".00","36581.32",".00","34359.32","1610.00","1127.00","2737.00","37096.32",".00",".00",".00","37096.32","","{DA44E8B7-6C6E-6FD7-E494-6D609ED2F604}"
"441490","506456","7259.25","4288.54",".00",".00","4288.54","11547.79","2120.99",".00",".00","2120.99","9426.80",".00",".00","17486.00","4288.54","21774.54","21774.54","10226.75","2120.99","12347.74","9426.80","","{E0576016-6414-BEFF-6921-19FD501AD5E0}"
"441496","506462","7996.07","4980.00",".00","426.30","5406.30","13402.37","449.54",".00",".00","449.54","12952.83","5426.30",".00","14969.48","5406.30","20375.78","20375.78","6973.41","449.54","7422.95","12952.83","","{78D4223E-352B-76AA-FE7A-2516876C0C48}"
"441497","506463","1817.32","1266.73",".00",".00","1266.73","3084.05","143.96",".00",".00","143.96","2940.09",".00",".00","2341.10","1266.73","3607.83","3607.83","523.78","143.96","667.74","2940.09","","{08366C51-70F6-BE99-69D5-05614B6AFFE1}"
"441499","506465","7276.03","136677.50",".00",".00","136677.50","143953.53","28572.35",".00",".00","28572.35","115381.18",".00",".00","127200.00","136677.50","263877.50","263877.50","119923.97","28572.35","148496.32","115381.18","","{1706A67E-84C4-EE60-785F-9AFC6B6CF99A}"
"441500","506466","88026.18","12257.00",".00",".00","12257.00","100283.18","23250.00",".00",".00","23250.00","77033.18",".00","69415.18","18611.00","12257.00","30868.00","100283.18",".00","23250.00","23250.00","77033.18","","{0B8FF9F0-9504-48CB-948A-7A3A4D4D833E}"
"441502","506468","52.64","163.28",".00",".00","163.28","215.92","27.94",".00",".00","27.94","187.98",".00",".00","140.00","163.28","303.28","303.28","87.36","27.94","115.30","187.98","","{29144A80-B29C-9962-9436-03772D8BF077}"
"441503","506469",".00","530.32",".00",".00","530.32","530.32","430.32",".00",".00","430.32","100.00",".00",".00",".00","530.32","530.32","530.32",".00","430.32","430.32","100.00","","{4957EAA6-9BC7-E690-DBB0-271293558886}"
"441505","506471","158.47",".00",".00",".00",".00","158.47",".00",".00",".00",".00","158.47","20476.45","1558.47",".00",".00",".00","1558.47","1400.00",".00","1400.00","158.47","","{3395F992-320A-38CA-DA94-34F8F33AA2C8}"
"441510","506475","8248.32","2682.42",".00",".00","2682.42","10930.74","4469.44",".00",".00","4469.44","6461.30",".00",".00","12327.37","2682.42","15009.79","15009.79","4079.05","4469.44","8548.49","6461.30","","{ED374033-9DEE-06D2-1C4E-A7F3783AC766}"
"441511","506477",".00","25.55",".00",".00","25.55","25.55","25.55",".00",".00","25.55",".00","327.46",".00","327.46","25.55","353.01","353.01","327.46","25.55","353.01",".00","","{2D30DAAE-D794-1427-1167-F7FB4918450E}"
"441513","506479","753378.54","267288.50",".00",".00","267288.50","1020667.04","40615.60",".00",".00","40615.60","980051.44",".00","681687.46","89025.00","267288.50","356313.50","1038000.96","17333.92","40615.60","57949.52","980051.44","","{E53666D3-2FF2-7019-B3A7-AC103DB33D42}"
"441515","506481","6922.21","775.00",".00",".00","775.00","7697.21","1555.41",".00",".00","1555.41","6141.80",".00",".00","11510.29","775.00","12285.29","12285.29","4588.08","1555.41","6143.49","6141.80","","{30A94265-C2A0-09EE-6C5A-6E49DCBCD8D1}"
"441518","506485","240011.23","85862.40",".00",".00","85862.40","325873.63","117273.53",".00",".00","117273.53","208600.10",".00","77892.80","232775.43","85862.40","318637.83","396530.63","70657.00","117273.53","187930.53","208600.10","","{8C4D79A3-9065-1636-159C-E02B305AFB0E}"
"441525","506493","1988.39","1900.00",".00",".00","1900.00","3888.39","849.32",".00",".00","849.32","3039.07",".00",".00","3631.58","1900.00","5531.58","5531.58","1643.19","849.32","2492.51","3039.07","","{39F8D8FB-E609-8389-B2B6-6EDFF5C0C8D2}"
"441526","506494","1074.28","100.00",".00",".00","100.00","1174.28","1000.00",".00",".00","1000.00","174.28",".00",".00","6458.01","100.00","6558.01","6558.01","5383.73","1000.00","6383.73","174.28","","{86825BC4-C47E-D389-30D2-AA7E80C4E24B}"
"441527","506495","5347.82",".00",".00",".00",".00","5347.82",".00",".00",".00",".00","5347.82",".00","5240.27","107.55",".00","107.55","5347.82",".00",".00",".00","5347.82","","{A8409487-BAD9-DF93-42AD-1B153B6DD133}"
"441528","506496","4163.21",".00",".00",".00",".00","4163.21",".00",".00",".00",".00","4163.21","3200.00",".00","7942.28",".00","7942.28","7942.28","3779.07",".00","3779.07","4163.21","","{109839B3-0F93-B7AE-0491-EA527C805346}"
"441529","506497","174.28","25.00",".00",".00","25.00","199.28",".00",".00",".00",".00","199.28",".00",".00","6558.01","25.00","6583.01","6583.01","6383.73",".00","6383.73","199.28","","{BADB0903-AA94-85CC-3E8B-52E8D1FD087C}"
"441530","506498","19457.37","9054.51","43.26",".00","9097.77","28555.14","397.60",".00",".00","397.60","28157.54",".00","154.36","22042.28","9097.77","31140.05","31294.41","2739.27","397.60","3136.87","28157.54","","{F7EFCF2B-D638-27D3-F194-43A897CF310D}"
"441531","506499","174.28","25.00",".00",".00","25.00","199.28",".00",".00",".00",".00","199.28",".00",".00","6558.01","25.00","6583.01","6583.01","6383.73",".00","6383.73","199.28","","{BADB0903-AA94-85CC-3E8B-52E8D1FD087C}"
"441533","506501","201.25","361.40",".00",".00","361.40","562.65","381.40",".00",".00","381.40","181.25",".00","201.25",".00","361.40","361.40","562.65",".00","381.40","381.40","181.25","","{D600D6A1-3706-C227-69A9-EC2319060D0E}"
"441537","506505","1962.15",".00",".00",".00",".00","1962.15","129.80",".00",".00","129.80","1832.35",".00","2510.78","36659.84",".00","36659.84","39170.62","36696.85","129.80","36826.65","2343.97","","{4DCAA629-CD87-2346-EF40-32A5C054A8A5}"
"441538","506506","457630.88","243927.80","1726.72",".00","245654.52","703285.40","135236.12",".00",".00","135236.12","568049.28",".00","306610.01","563255.32","245654.52","808909.84","1115519.85","412234.45","135236.12","547470.57","568049.28","","{6A05E97E-DBF7-7929-E617-617D55DDEBD2}"
"441539","506507","125.00",".00",".00",".00",".00","125.00",".00",".00",".00",".00","125.00","25.00","25.00","100.00",".00","100.00","125.00",".00",".00",".00","125.00","","{F3C9D293-09C8-4804-1E28-10D4C4BBE64C}"
"441540","506508","329650.07","105750.00",".00",".00","105750.00","435400.07","128249.06",".00",".00","128249.06","307151.01",".00","275813.22","62243.63","105750.00","167993.63","443806.85","8406.78","128249.06","136655.84","307151.01","","{07E3A249-FB35-1E7B-E217-6BADE84583FC}"
"441541","506512","241.80",".00",".00",".00",".00","241.80",".00",".00",".00",".00","241.80","5700.00","41.80","200.00",".00","200.00","241.80",".00",".00",".00","241.80","","{B9F93A24-E602-72A6-C2B4-B98E26A6E5B8}"
"441544","506511",".00","2656.09",".00","2000.00","4656.09","4656.09","1466.11",".00",".00","1466.11","3189.98","2648.00",".00","648.00","4656.09","5304.09","5304.09","648.00","1466.11","2114.11","3189.98","","{F57AE916-471B-0DEA-CDFD-6D0E52F31098}"
"441545","506513","6890.77","3749.66",".00","1164.41","4914.07","11804.84","2323.01",".00",".00","2323.01","9481.83","3371.12",".00","13654.83","4914.07","18568.90","18568.90","6764.06","2323.01","9087.07","9481.83","","{1F4A8C4F-7127-2143-29BB-9D3DC2A705A2}"
"441548","506516","10443.94",".00",".00",".00",".00","10443.94",".00",".00",".00",".00","10443.94",".00","11344.72","24.22",".00","24.22","11368.94","925.00",".00","925.00","10443.94","","{0EBAB490-1DA9-FFEB-8118-C5AE4262F67A}"
"441549","506517",".00",".00",".00",".00",".00",".00",".00",".00",".00",".00",".00",".00",".00",".00",".00",".00",".00",".00",".00",".00",".00","","{54C85955-71F3-89AD-02A4-B07A815EB27A}"
"441550","506518","166.17","35.00",".00",".00","35.00","201.17","173.27",".00",".00","173.27","27.90",".00",".00","762.14","35.00","797.14","797.14","595.97","173.27","769.24","27.90","","{606F2275-D342-F6F6-C97A-02AF3ED74A9C}"
"441553","506522","11130.10","11662.73","169.00",".00","11831.73","22961.83","6055.31",".00",".00","6055.31","16906.52",".00",".00","19192.89","11831.73","31024.62","31024.62","8062.79","6055.31","14118.10","16906.52","","{2A20CD4C-7799-C372-3407-A69B340C198B}"
"441554","506523","1926.00","6145.55",".00",".00","6145.55","8071.55","4984.10",".00",".00","4984.10","3087.45","955.75",".00","5955.75","6145.55","12101.30","12101.30","4029.75","4984.10","9013.85","3087.45","","{6C174756-B75E-783A-9934-3845F0764783}"
"441555","506524","181.25","14070.10",".00","1000.00","15070.10","15251.35","15226.39",".00",".00","15226.39","24.96","1000.00","201.25","361.40","15070.10","15431.50","15632.75","381.40","15226.39","15607.79","24.96","","{372DF994-1B6A-432B-0CD7-1570E6DB82EB}"
"441556","506525","7444.31","16320.00",".00",".00","16320.00","23764.31","5393.04",".00",".00","5393.04","18371.27",".00","9627.31","2275.00","16320.00","18595.00","28222.31","4458.00","5393.04","9851.04","18371.27","","{148ECEB2-8DB9-7BC9-B139-7FBC26E5D277}"
"441560","506529","500.00","1300.00",".00",".00","1300.00","1800.00","423.83",".00",".00","423.83","1376.17",".00",".00","500.00","1300.00","1800.00","1800.00",".00","423.83","423.83","1376.17","","{C529739D-8B14-3CA0-8475-3793F8EC47C6}"
"441561","506530","6001.76",".00",".00",".00",".00","6001.76",".00",".00",".00",".00","6001.76",".00","6001.76",".00",".00",".00","6001.76",".00",".00",".00","6001.76","","{4386EC1C-620C-3CAC-90C6-ABDF623791D4}"
"441562","506530","6001.76",".00",".00",".00",".00","6001.76",".00",".00",".00",".00","6001.76",".00","6001.76",".00",".00",".00","6001.76",".00",".00",".00","6001.76","","{4386EC1C-620C-3CAC-90C6-ABDF623791D4}"
"441563","506531","747.10","750.00",".00",".00","750.00","1497.10","16.90",".00",".00","16.90","1480.20",".00",".00","3869.00","750.00","4619.00","4619.00","3121.90","16.90","3138.80","1480.20","","{F7B9B367-CF60-CA45-376E-6BE6CDF3B4FE}"
"441565","506533","1082.91","2775.00",".00",".00","2775.00","3857.91","2883.63",".00",".00","2883.63","974.28","2406.07",".00","9225.36","2775.00","12000.36","12000.36","8155.17","2883.63","11038.80","961.56","","{EDDF8419-3782-2A4C-3CB7-09849D38C23D}"
"441569","506536","9240.61","7140.00",".00",".00","7140.00","16380.61","15829.81",".00",".00","15829.81","550.80",".00","8096.24","47016.81","7140.00","54156.81","62253.05","45872.44","15829.81","61702.25","550.80","","{822485EA-E445-73EE-AFE8-6F8B2CE326D6}"
"441570","506537","2210.94",".00",".00",".00",".00","2210.94",".00",".00",".00",".00","2210.94",".00","2210.94",".00",".00",".00","2210.94",".00",".00",".00","2210.94","","{59A44A0E-B5FA-E7E4-8DE2-36750063C7BF}"
"441571","506537","2210.94",".00",".00",".00",".00","2210.94",".00",".00",".00",".00","2210.94",".00","2210.94",".00",".00",".00","2210.94",".00",".00",".00","2210.94","","{59A44A0E-B5FA-E7E4-8DE2-36750063C7BF}"
"441574","506540","17014.95","3000.00",".00",".00","3000.00","20014.95","3378.80",".00",".00","3378.80","16636.15","1500.00",".00","31991.00","3000.00","34991.00","34991.00","14976.05","3378.80","18354.85","16636.15","","{4160990B-07FE-CB4B-12BB-57B664C35C47}"
"441575","506541","6518.06","7790.00",".00",".00","7790.00","14308.06","783.96",".00",".00","783.96","13524.10","7500.00","4756.17","62505.45","7790.00","70295.45","75051.62","60743.56","783.96","61527.52","13524.10","","{BC8EFF0B-72D6-682E-7E90-0C79A07D9D04}"
"441576","506542","33833.57","6594.69",".00",".00","6594.69","40428.26","7593.96",".00",".00","7593.96","32834.30",".00","38043.16","12415.15","6594.69","19009.84","57053.00","16624.74","7593.96","24218.70","32834.30","","{E5A1E0BA-9860-B266-A0D0-F32523B3DFC7}"
"441578","506544","1154.23","350.00",".00",".00","350.00","1504.23","779.71",".00",".00","779.71","724.52",".00",".00","2385.77","350.00","2735.77","2735.77","1231.54","779.71","2011.25","724.52","","{5D0AF7A8-B790-4D33-E2A0-9B0AC842481C}"
"441580","506547","147.00",".00",".00",".00",".00","147.00",".00",".00",".00",".00","147.00",".00","147.00",".00",".00",".00","147.00",".00",".00",".00","147.00","","{FB8868D1-3135-A5E2-1A99-233915AFFE4F}"
"441581","506550","100000.00","568291.43","1.78",".00","568293.21","668293.21","402463.31",".00",".00","402463.31","265829.90",".00",".00","100000.00","568293.21","668293.21","668293.21",".00","402463.31","402463.31","265829.90","","{39CAAFCB-5FAE-57D0-D8CA-330BA86A606F}"
"441582","506552","550.80","1575.00",".00",".00","1575.00","2125.80","80.70",".00",".00","80.70","2045.10",".00","8096.24","54156.81","1575.00","55731.81","63828.05","61702.25","80.70","61782.95","2045.10","","{3CD4C375-8016-2658-D923-44013D19A153}"
"441584","506557","15720.25","120870.09",".00",".00","120870.09","136590.34","50787.09",".00",".00","50787.09","85803.25",".00",".00","121759.37","120870.09","242629.46","242629.46","106039.12","50787.09","156826.21","85803.25","","{BAD6AB3C-CC64-743E-DCED-81ADF18DD7B2}"
"441585","506559","550.80","1575.00",".00",".00","1575.00","2125.80","80.70",".00",".00","80.70","2045.10",".00","8096.24","54156.81","1575.00","55731.81","63828.05","61702.25","80.70","61782.95","2045.10","","{3CD4C375-8016-2658-D923-44013D19A153}"
"441587","506562","12015.88",".00",".00",".00",".00","12015.88",".00",".00",".00",".00","12015.88",".00","12015.88",".00",".00",".00","12015.88",".00",".00",".00","12015.88","","{41C7AEBF-E108-F8A2-D892-84E74065DB84}"
"441589","506565","2066.50","4250.00",".00",".00","4250.00","6316.50","3473.06",".00",".00","3473.06","2843.44","117.65","3406.76","4460.10","4250.00","8710.10","12116.86","5800.36","3473.06","9273.42","2843.44","","{376CA469-B119-B015-8889-E295FC08D069}"
"441591","506568","2045.10","1000.00",".00",".00","1000.00","3045.10","91.61",".00",".00","91.61","2953.49",".00","8096.24","55731.81","1000.00","56731.81","64828.05","61782.95","91.61","61874.56","2953.49","","{B2C0E4B3-27BA-4359-BD09-8285D802AAFD}"
"441592","506569","5347.82","111.35",".00",".00","111.35","5459.17",".00",".00",".00",".00","5459.17",".00","5240.27","107.55","111.35","218.90","5459.17",".00",".00",".00","5459.17","","{A8409487-BAD9-DF93-42AD-1B153B6DD133}"
"441593","506570",".00","925.00",".00",".00","925.00","925.00","908.68",".00",".00","908.68","16.32","100.00",".00",".00","925.00","925.00","925.00",".00","908.68","908.68","16.32","","{BF78E6A4-464F-F601-668E-B02CCBE80C4E}"
"441596","506573","2953.49","43846.00",".00",".00","43846.00","46799.49","16336.23",".00",".00","16336.23","30463.26",".00","2953.49",".00","43846.00","43846.00","46799.49",".00","16336.23","16336.23","30463.26","","{02FFFCEB-5105-4ED4-932E-7DBEBDB78E54}"
"441597","506574","100.00","7033.00",".00",".00","7033.00","7133.00",".00",".00",".00",".00","7133.00",".00",".00","100.00","7033.00","7133.00","7133.00",".00",".00",".00","7133.00","","{81ED2650-2B65-EA81-4CBD-015521E8D20E}"
"441599","506575","30463.26","5150.00",".00",".00","5150.00","35613.26","5990.12",".00",".00","5990.12","29623.14",".00","2953.49","43846.00","5150.00","48996.00","51949.49","16336.23","5990.12","22326.35","29623.14","","{A568B3E7-DE0C-87A6-1C4B-0C8D2550212E}"
"441600","506577",".00",".00",".00",".00",".00",".00",".00",".00",".00",".00",".00",".00",".00",".00",".00",".00",".00",".00",".00",".00",".00","","{06B9C093-E9CB-3E14-B4F3-113DF607EAC2}"
"441601","506578",".00",".00",".00","1218.37","1218.37","1218.37","1218.37",".00",".00","1218.37",".00","1218.37",".00",".00","1218.37","1218.37","1218.37",".00","1218.37","1218.37",".00","","{49006111-8420-3F74-4218-5369D058008F}"
"441603","506580","29236.18","2317.50",".00",".00","2317.50","31553.68","1500.00",".00",".00","1500.00","30053.68",".00","26900.68","2335.50","2317.50","4653.00","31553.68",".00","1500.00","1500.00","30053.68","","{E00271C2-2914-999A-DC9F-E0753590D898}"
"441605","506582","29623.14","15020.00",".00",".00","15020.00","44643.14","41530.34",".00",".00","41530.34","3112.80",".00","2953.49","48996.00","15020.00","64016.00","66969.49","22326.35","41530.34","63856.69","3112.80","","{6F85A613-41F8-D04D-905D-B9DDA21DD685}"
"441607","506584","7503.66","21010.54",".00",".00","21010.54","28514.20","9661.53",".00",".00","9661.53","18852.67","1000.00",".00","17560.77","21010.54","38571.31","38571.31","10057.11","9661.53","19718.64","18852.67","","{1EFBB2D7-6AFF-83C9-4C4C-23B3850901DC}"
"441609","506586","1473.10","104.50",".24",".00","104.74","1577.84","230.44",".00",".00","230.44","1347.40",".00","1335.19","2775.58","104.74","2880.32","4215.51","2637.67","230.44","2868.11","1347.40","","{76C3D8ED-3D7C-7E25-A53C-DDA17E04DF72}"
"441613","506590","437.92",".00",".00",".00",".00","437.92",".00",".00",".00",".00","437.92",".00","207.92","350.00",".00","350.00","557.92","120.00",".00","120.00","437.92","","{CEECB408-F1FF-783E-C5FF-C191DF16F7E8}"
"441615","506592","86116.77","53222.17",".00",".00","53222.17","139338.94","6806.33",".00",".00","6806.33","132532.61",".00",".00","181610.00","53222.17","234832.17","234832.17","95493.23","6806.33","102299.56","132532.61","","{A280345C-23E7-1DD5-82F0-CCD78E40146C}"
"441616","506594","119.61",".00",".00",".00",".00","119.61",".00",".00",".00",".00","119.61","880.00",".00","1895.00",".00","1895.00","1895.00","1775.39",".00","1775.39","119.61","","{7815CF40-A034-A949-00AB-B0C40BBF1B33}"
"441621","506598","127883.97",".00",".00",".00",".00","127883.97",".00",".00",".00",".00","127883.97",".00","101628.87","208899.81",".00","208899.81","310528.68","140478.23",".00","140478.23","170050.45","","{D7EE71F6-B24E-65A2-4E4A-72786C7993AC}"
"441623","506600","133573.69","150000.00",".00",".00","150000.00","283573.69","75759.00",".00",".00","75759.00","207814.69",".00","31173.69","350000.00","150000.00","500000.00","531173.69","247600.00","75759.00","323359.00","207814.69","","{BD3D1AC5-3126-9060-8E89-3812B8137BBC}"
"441626","506603","969737.35","309924.44",".00",".00","309924.44","1279661.00","165009.30",".00",".00","165009.30","1114651.70",".00","838664.85","213733.96","309924.44","523658.40","1362323.25","82661.46","165009.30","247670.76","1114652.49","","{2DAEB31B-BF77-1235-02EF-4B0EADABECC7}"
"441627","506604","3051.52","1675.00",".00",".00","1675.00","4726.52","2047.00",".00",".00","2047.00","2679.52",".00",".00","4410.00","1675.00","6085.00","6085.00","1358.48","2047.00","3405.48","2679.52","","{94143A91-F4A3-3941-4355-F6ADC31447B1}"
"441629","506606","8.93","471.22",".00",".00","471.22","480.15","471.22",".00",".00","471.22","8.93",".00","8.93",".00","471.22","471.22","480.15",".00","471.22","471.22","8.93","","{515CD46F-CED3-D9A1-D089-4894206C255F}"
"441634","506612","22232.00","22400.00",".00",".00","22400.00","44632.00","3652.79",".00",".00","3652.79","40979.21",".00","13511.22","15000.00","22400.00","37400.00","50911.22","6279.22","3652.79","9932.01","40979.21","","{8F265183-2520-DC65-40D4-1BBA723FB794}"
"441635","506613","1922.31","1236.00",".00","150.00","1386.00","3308.31","1535.64","486.00",".00","2021.64","1286.67",".00",".00","6466.91","1386.00","7852.91","7852.91","4544.60","2021.64","6566.24","1286.67","","{3627C314-13E1-4051-A752-0B97258378E1}"
"441636","506614","252631.19","148500.00",".00","332.00","148832.00","401463.19","3793.18","300.00",".00","4093.18","397370.01","32.00","129217.58","125500.00","148832.00","274332.00","403549.58","2086.39","4093.18","6179.57","397370.01","","{18587842-D708-8757-B203-3A76AA081613}"
"441638","506616","3866.16","900.00",".00",".00","900.00","4766.16","2317.45",".00",".00","2317.45","2448.71",".00","547.81","4190.45","900.00","5090.45","5638.26","872.10","2317.45","3189.55","2448.71","","{DAE59616-2E7F-3B08-BECD-3791E0D060B1}"
"441639","506617",".00","1332.00",".00",".00","1332.00","1332.00","482.76",".00",".00","482.76","849.24",".00",".00",".00","1332.00","1332.00","1332.00",".00","482.76","482.76","849.24","","{74B7878F-C11E-ACE5-8D87-39DEA0A5A529}"
"441641","506621",".00","2532.00",".00",".00","2532.00","2532.00","482.76",".00",".00","482.76","2049.24",".00",".00",".00","2532.00","2532.00","2532.00",".00","482.76","482.76","2049.24","","{74B7878F-C11E-ACE5-8D87-39DEA0A5A529}"
"441642","506622","9774.11","577.50",".00",".00","577.50","10351.61",".00",".00",".00",".00","10351.61",".00","3379.67","10085.40","577.50","10662.90","14042.57","3690.96",".00","3690.96","10351.61","","{60BD494B-003D-9A0E-B5C7-EBE17A29FDDD}"
"441643","506623","2049.24","2123.05",".00",".00","2123.05","4172.29","133.33",".00",".00","133.33","4038.96",".00",".00","2532.00","2123.05","4655.05","4655.05","482.76","133.33","616.09","4038.96","","{698CB67F-659C-C2B5-E251-AF5775555BFD}"
"441645","506625","200.00","200.00",".00",".00","200.00","400.00",".00",".00",".00",".00","400.00",".00","200.00",".00","200.00","200.00","400.00",".00",".00",".00","400.00","","{E090C474-A3F9-F123-18A3-4A579E69FB9D}"
"441647","506628","1413.37","1520.00",".00",".00","1520.00","2933.37","1148.56",".00",".00","1148.56","1784.81",".00",".00","1870.86","1520.00","3390.86","3390.86","457.49","1148.56","1606.05","1784.81","","{323AB801-CADD-30FA-3865-31A8DA76AF6E}"
"441648","506629","400.00",".00",".00",".00",".00","400.00",".00",".00",".00",".00","400.00",".00","200.00","200.00",".00","200.00","400.00",".00",".00",".00","400.00","","{6BEFEDF5-AF96-18C3-98B6-3A43F47A5CC7}"
"441650","506633","400.00",".00",".00",".00",".00","400.00",".00",".00",".00",".00","400.00",".00","200.00","200.00",".00","200.00","400.00",".00",".00",".00","400.00","","{6BEFEDF5-AF96-18C3-98B6-3A43F47A5CC7}"
"441651","506631","2862.30","2964.04",".00","897.08","3861.12","6723.42","2400.22","910.00",".00","3310.22","3413.20","3528.23",".00","5565.10","3861.12","9426.22","9426.22","2702.80","3310.22","6013.02","3413.20","","{D0AAC560-F52B-13CA-90BC-271CA92F1694}"
"441653","506635",".00",".00",".00",".00",".00",".00",".00",".00",".00",".00",".00",".00",".00",".00",".00",".00",".00",".00",".00",".00",".00","","{23119816-EF58-9811-AA60-A4FA8216EA4F}"
"441655","506636","750.00","2246.00",".00","9000.00","11246.00","11996.00","1988.47",".00",".00","1988.47","10007.53","10000.00",".00","2182.55","11246.00","13428.55","13428.55","1432.55","1988.47","3421.02","10007.53","","{1ED94037-51DE-ED5E-0BC5-D5D8CF7DA809}"
"441657","506638","1216.51","758.40",".00",".00","758.40","1974.91","1219.84",".00",".00","1219.84","755.07",".00",".00","3280.00","758.40","4038.40","4038.40","2063.49","1219.84","3283.33","755.07","","{0C9F4DFA-6192-B709-0317-052EB211B7CF}"
"441658","506640",".00",".00",".00",".00",".00",".00",".00",".00",".00",".00",".00",".00",".00",".00",".00",".00",".00",".00",".00",".00",".00","","{23119816-EF58-9811-AA60-A4FA8216EA4F}"
"441659","506639","400.00",".00",".00",".00",".00","400.00","87.39",".00",".00","87.39","312.61",".00","200.00","200.00",".00","200.00","400.00",".00","87.39","87.39","312.61","","{CEE9BE8C-FF2E-4FE3-6E67-1CC2AC8F4285}"
"441660","506641","3903.04","8819.84",".00",".00","8819.84","12722.88","1004.12",".00",".00","1004.12","11718.76",".00","229.53","6350.00","8819.84","15169.84","15399.37","2676.49","1004.12","3680.61","11718.76","","{0F51AE9F-AA0B-BC59-56B9-23A460485EB6}"
"441661","506642","7587.78","500.00",".00",".00","500.00","8087.78","997.93",".00",".00","997.93","7089.85",".00",".00","7587.78","500.00","8087.78","8087.78",".00","997.93","997.93","7089.85","","{9F000AAF-14B5-3C47-31B9-29A7BA73212C}"
"441662","506643","3667.03","850.00",".00","724.56","1574.56","5241.59","1982.29",".00",".00","1982.29","3259.30","744.56","1344.50","8387.32","1574.56","9961.88","11306.38","6064.79","1982.29","8047.08","3259.30","","{590440D5-9B04-BEE2-746D-A6C8898A1E7E}"
"441663","506644",".00",".00",".00",".00",".00",".00",".00",".00",".00",".00",".00",".00",".00",".00",".00",".00",".00",".00",".00",".00",".00","","{CF1185C4-F701-8CC0-7101-EB2A5326E7A9}"
"441665","506646","144202.13","79855.00",".00",".00","79855.00","224057.13","21739.55",".00",".00","21739.55","202317.58",".00",".00","163315.25","79855.00","243170.25","243170.25","19113.12","21739.55","40852.67","202317.58","","{783B8B36-12E7-7EF3-EEEC-C06AF09CC813}"
"441667","506648","500.00","1120.00",".00",".00","1120.00","1620.00","1485.21",".00",".00","1485.21","134.79",".00",".00","500.00","1120.00","1620.00","1620.00",".00","1485.21","1485.21","134.79","","{D779729D-5ADB-631D-464A-DD9F7D71E6AC}"
"441672","506654","9873.81","3408.00",".00",".00","3408.00","13281.81","1012.34",".00",".00","1012.34","12269.47",".00","7921.81","3170.00","3408.00","6578.00","14499.81","1218.00","1012.34","2230.34","12269.47","","{73E1D018-05EA-7AEF-BC8D-19C0B435BACB}"
"441676","506658",".00","4783.56",".00","252.50","5036.06","5036.06","4878.07",".00",".00","4878.07","157.99","252.50",".00",".00","5036.06","5036.06","5036.06",".00","4878.07","4878.07","157.99","","{181B5AC2-487D-958B-C5CC-630D0F247F58}"
"441677","506659","4401.82","9500.00",".10",".00","9500.10","13901.92","1620.84",".00",".00","1620.84","12281.08","10650.00","3380.06","5000.00","9500.10","14500.10","17880.16","3978.24","1620.84","5599.08","12281.08","","{6C29485D-CA65-A7C4-EAFD-210C6145EB2F}"
"441680","506662","3093.19",".00",".00",".00",".00","3093.19","900.00",".00",".00","900.00","2193.19",".00",".00","8125.00",".00","8125.00","8125.00","5031.81","900.00","5931.81","2193.19","","{57710676-5796-6DEF-F657-935F81CAEF60}"
"441681","506663",".00",".00",".00",".00",".00",".00",".00",".00",".00",".00",".00",".00",".00",".00",".00",".00",".00",".00",".00",".00",".00","","{7F698D3A-7BC3-A369-DAA7-7A74B569871E}"
"441682","506664",".00",".00",".00",".00",".00",".00",".00",".00",".00",".00",".00",".00",".00",".00",".00",".00",".00",".00",".00",".00",".00","","{DAD0386C-8F7F-7C36-6757-12E0C0CD9B7A}"
"441684","506666","4038.96","5975.00",".00",".00","5975.00","10013.96","3907.67",".00",".00","3907.67","6106.29",".00",".00","4655.05","5975.00","10630.05","10630.05","616.09","3907.67","4523.76","6106.29","","{160D4C92-9D09-3AB8-4995-F35379F7E5E4}"
"441685","506667","5943.87","445.00",".00",".00","445.00","6388.87","1033.00",".00",".00","1033.00","5355.87","3244.98",".00","9453.91","445.00","9898.91","9898.91","3510.04","1033.00","4543.04","5355.87","","{3C170582-2174-A840-905F-01E18980BA02}"
"441686","506668","608.15","1965.25",".00",".00","1965.25","2573.40","920.25",".00",".00","920.25","1653.15",".00",".00","3150.09","1965.25","5115.34","5115.34","2541.94","920.25","3462.19","1653.15","","{ECD05FEC-415B-51D4-B054-E90D46E9A440}"
"441688","506670","2203.28","157.97",".00",".00","157.97","2361.25","655.75",".00",".00","655.75","1705.50",".00","653.69","2939.76","157.97","3097.73","3751.42","1390.17","655.75","2045.92","1705.50","","{DFD0420C-8754-28CF-03CD-B5E76AE45E2F}"
"441689","506671","5274.29","2650.00",".00",".00","2650.00","7924.29","4760.97",".00",".00","4760.97","3163.32",".00",".00","5634.00","2650.00","8284.00","8284.00","359.71","4760.97","5120.68","3163.32","","{AE41B1CD-6445-E942-73B6-C04E0F39435F}"
"441691","506673","608.15","1965.25",".00",".00","1965.25","2573.40","920.25",".00",".00","920.25","1653.15",".00",".00","3150.09","1965.25","5115.34","5115.34","2541.94","920.25","3462.19","1653.15","","{ECD05FEC-415B-51D4-B054-E90D46E9A440}"
"441692","506674","109.74","1560.30",".00",".00","1560.30","1670.04","1013.15",".00",".00","1013.15","656.89","700.00","56.57","4400.24","1560.30","5960.54","6017.11","4347.07","1013.15","5360.22","656.89","","{8224B9EA-581A-C31A-4BD2-4BE438A99691}"
"441693","506675","4804.10","2215.00",".00",".00","2215.00","7019.10","3371.32",".00",".00","3371.32","3647.78",".00",".00","6894.00","2215.00","9109.00","9109.00","2089.90","3371.32","5461.22","3647.78","","{6EAD4F81-6D04-C29F-9F44-2C86C27B2D38}"
"441694","506676","59859.66","1000.00",".00",".00","1000.00","60859.66",".00",".00",".00",".00","60859.66","40.00","54097.66","6750.00","1000.00","7750.00","61847.66","988.00",".00","988.00","60859.66","","{7F29FD7B-C461-D319-BCC4-B4A25FF0B3A3}"
"441696","506679","32926.31",".00",".00",".00",".00","32926.31",".00",".00",".00",".00","32926.31","20.00",".00","76205.00",".00","76205.00","76205.00","45385.42",".00","45385.42","30819.58","","{52230343-29C2-8F7F-3CDA-2496EF8172B6}"
"441697","506680","3349.53","1820.00",".00",".00","1820.00","5169.53","3260.46",".00",".00","3260.46","1909.07",".00",".00","6296.60","1820.00","8116.60","8116.60","2947.07","3260.46","6207.53","1909.07","","{EEC6DF7A-F2A8-F525-E512-4FE73DAA1845}"
"441698","506681","1250.00",".00",".00",".00",".00","1250.00",".00",".00",".00",".00","1250.00",".00",".00","5750.00",".00","5750.00","5750.00","4500.00",".00","4500.00","1250.00","","{4C0CE7BA-CE68-F5BB-1207-A8202F4B8A77}"
"441699","506682",".00","2949.98",".00",".00","2949.98","2949.98","2131.93",".00",".00","2131.93","818.05",".00",".00","400.00","2949.98","3349.98","3349.98","400.00","2131.93","2531.93","818.05","","{A012B9EF-3203-5F35-F9E9-A033A6C21712}"
"441700","506683","100.00","200.00",".00",".00","200.00","300.00",".00",".00",".00",".00","300.00","100.00",".00","169.07","200.00","369.07","369.07","69.07",".00","69.07","300.00","","{123FC394-63C5-2460-6979-62C8FC471631}"
"441701","506684","1300.64","725.00",".00",".00","725.00","2025.64","1174.91",".00",".00","1174.91","850.73",".00",".00","1354.00","725.00","2079.00","2079.00","53.36","1174.91","1228.27","850.73","","{75DE8480-2E53-1BD1-78D2-D7CF8867CCF7}"
"441704","506688","1163.41",".00",".00",".00",".00","1163.41",".00",".00",".00",".00","1163.41",".00","875.43","530.00",".00","530.00","1405.43","242.02",".00","242.02","1163.41","","{01A5EB80-98ED-AFFE-6577-F7AF4FCAF34B}"
"441705","506687","33821.20","460.36",".00",".00","460.36","34281.56","26278.51",".00",".00","26278.51","8003.05",".00",".00","60643.63","460.36","61103.99","61103.99","26822.43","26278.51","53100.94","8003.05","","{3ABB3736-5B17-CB28-3CAF-002237ED383D}"
"441706","506689","7587.78","500.00",".00",".00","500.00","8087.78","997.93",".00",".00","997.93","7089.85",".00",".00","7587.78","500.00","8087.78","8087.78",".00","997.93","997.93","7089.85","","{9F000AAF-14B5-3C47-31B9-29A7BA73212C}"
"441708","506691","813.71","3110.14","21.20",".00","3131.34","3945.05","3945.05",".00",".00","3945.05",".00",".00",".00","3300.00","3131.34","6431.34","6431.34","2486.29","3945.05","6431.34",".00","","{B75800A0-8547-8E13-C422-D22DE137D2B7}"
"441712","506695",".00",".00",".00",".00",".00",".00",".00",".00",".00",".00",".00",".00",".00",".00",".00",".00",".00",".00",".00",".00",".00","","{4FAC847D-2EF6-1364-2391-9B207B6E86E5}"
"441713","506696","11060.62",".00",".00",".00",".00","11060.62",".00",".00",".00",".00","11060.62",".00","11060.62",".00",".00",".00","11060.62",".00",".00",".00","11060.62","","{D7996D64-D601-E9C6-D549-0A8F4173233E}"
"441715","506698","172567.40",".00",".00",".00",".00","172567.40","346.50",".00",".00","346.50","172220.90",".00","179163.76","21500.00",".00","21500.00","200663.76","28096.36","346.50","28442.86","172220.90","","{F8D9397D-0F85-F484-A365-E44C402EB9C0}"
"441720","506703",".00","58748.84",".00",".00","58748.84","58748.84","11513.38",".00",".00","11513.38","47235.46",".00",".00",".00","58748.84","58748.84","58748.84",".00","11513.38","11513.38","47235.46","","{904D05A9-9DF1-3BCA-2520-D32A2C4737E6}"
"441721","506704",".00",".00",".00",".00",".00",".00",".00",".00",".00",".00",".00",".00",".00",".00",".00",".00",".00",".00",".00",".00",".00","","{9F1CDF1F-AF6E-D837-4EBD-8F71F8BEC4E2}"
"441722","506706","3388.25",".00",".00",".00",".00","3388.25",".00",".00",".00",".00","3388.25",".00","5888.25",".00",".00",".00","5888.25","2500.00",".00","2500.00","3388.25","","{50FC9733-1116-E4F9-453F-47215D0AAAAF}"
"441724","506708","4411.20",".00",".00",".00",".00","4411.20",".00",".00",".00",".00","4411.20","30.00","4411.20",".00",".00",".00","4411.20",".00",".00",".00","4411.20","","{C2F57384-4513-F366-B420-8C93B30EA144}"
"441725","506709","42.74",".00",".00",".00",".00","42.74",".00",".00",".00",".00","42.74",".00","42.74",".00",".00",".00","42.74",".00",".00",".00","42.74","","{87CBC6B9-E028-931A-4E79-F63B43AFA9BB}"
"441726","506710","42.74",".00",".00",".00",".00","42.74",".00",".00",".00",".00","42.74",".00","42.74",".00",".00",".00","42.74",".00",".00",".00","42.74","","{87CBC6B9-E028-931A-4E79-F63B43AFA9BB}"
"441728","506712","7049.35",".00",".00",".00",".00","7049.35",".00",".00",".00",".00","7049.35",".00","6998.35","51.00",".00","51.00","7049.35",".00",".00",".00","7049.35","","{B74FD902-E60F-5867-8687-4CF42C190720}"
"441729","506713","18585.28",".00",".00",".00",".00","18585.28",".00",".00",".00",".00","18585.28",".00","18455.24","130.04",".00","130.04","18585.28",".00",".00",".00","18585.28","","{101F8ADC-561B-382F-B94F-8B748E3D3911}"
"441731","506715","501.51",".00",".00",".00",".00","501.51",".00",".00",".00",".00","501.51",".00","481.51","20.00",".00","20.00","501.51",".00",".00",".00","501.51","","{9BC5E1AD-23D4-8BB1-B3F8-1B2FA0B3B17E}"
"441732","506716","501.51",".00",".00",".00",".00","501.51",".00",".00",".00",".00","501.51",".00","481.51","20.00",".00","20.00","501.51",".00",".00",".00","501.51","","{81482298-5D49-AFEC-E96A-E4AD35748989}"
"441734","506718","501.51","10110.00",".00",".00","10110.00","10611.51","6000.00",".00",".00","6000.00","4611.51",".00","481.51","20.00","10110.00","10130.00","10611.51",".00","6000.00","6000.00","4611.51","","{21A7C852-D8BE-78C7-9B1C-E4E11743B8ED}"
"441735","506719","34834.19","1481.01",".00",".00","1481.01","36315.20","2415.32",".00",".00","2415.32","33899.88",".00","30320.83","16139.72","1481.01","17620.73","47941.56","11626.36","2415.32","14041.68","33899.88","","{77FE406A-E6F9-6474-B843-E732147B4171}"
"441738","506722","42950.67","17550.00","2570.00",".00","20120.00","63070.67","3519.79",".00",".00","3519.79","59550.88",".00","66727.67","4693.00","20120.00","24813.00","91540.67","28470.00","3519.79","31989.79","59550.88","","{612B3EEE-F52D-EA29-A8A0-E0097004F48E}"
"441743","506727","2500.00","35000.00",".00","35000.00","70000.00","72500.00","24.99",".00",".00","24.99","72475.01","37500.00",".00","2500.00","70000.00","72500.00","72500.00",".00","24.99","24.99","72475.01","","{DA790209-D400-9E37-F5CE-9F53E99792AD}"
"441747","506731",".00",".00",".00",".00",".00",".00",".00",".00",".00",".00",".00",".00",".00",".00",".00",".00",".00",".00",".00",".00",".00","","{0258C1FD-FAEC-FB78-4C4C-524B3D757F92}"
"441748","506732","44593.84",".00",".00",".00",".00","44593.84",".00",".00",".00",".00","44593.84",".00","44593.84",".00",".00",".00","44593.84",".00",".00",".00","44593.84","","{4D6AD7C9-886C-5829-052B-C2D11611CC3C}"
"441749","506733","4234.28",".00",".00",".00",".00","4234.28","250.00",".00",".00","250.00","3984.28","530.70","444.28","6190.00",".00","6190.00","6634.28","2400.00","250.00","2650.00","3984.28","","{DD047AB0-E2D2-6576-F395-E2C525CD681C}"
"441752","506737",".00",".00",".00",".00",".00",".00",".00",".00",".00",".00",".00",".00",".00",".00",".00",".00",".00",".00",".00",".00",".00","","{7FE236B6-6E65-B851-C8FE-34D0D581DFB8}"
"441753","506739","20817.06",".00",".00",".00",".00","20817.06","802.20",".00",".00","802.20","20014.86",".00","21500.97","500.00",".00","500.00","22000.97","1183.91","802.20","1986.11","20014.86","","{33BC3A6A-E384-05B8-B5C2-DE07009EA478}"
"441758","506744","1006.94",".00",".00",".00",".00","1006.94",".00",".00",".00",".00","1006.94",".00","1053.76","250.00",".00","250.00","1303.76","296.82",".00","296.82","1006.94","","{F38958F8-665C-0B44-FB1D-E40DE0B93333}"
"441761","506748","432.58",".00",".00",".00",".00","432.58",".00",".00",".00",".00","432.58",".00","432.58",".00",".00",".00","432.58",".00",".00",".00","432.58","","{BDAD1330-8CA2-53C8-E2DA-9E3482AD978E}"
"441763","506750","62.90","340.00",".00",".00","340.00","402.90","121.90",".00",".00","121.90","281.00","2172.03",".00","2272.03","340.00","2612.03","2612.03","2209.13","121.90","2331.03","281.00","","{E6B98722-7A60-11B4-A53B-205CA045D2EE}"
"441765","506752","43241.84","4326.73",".00",".00","4326.73","47568.57","862.09",".00",".00","862.09","46706.48","1500.00","28144.93","76019.96","4326.73","80346.69","108491.62","60923.05","862.09","61785.14","46706.48","","{1C017FBC-1443-8AAD-22A7-7E0A09AB3D98}"
"441767","506754","356.38",".00",".00",".00",".00","356.38",".00",".00",".00",".00","356.38",".00","356.38",".00",".00",".00","356.38",".00",".00",".00","356.38","","{C5DA2000-21B5-46A6-5199-534806122A24}"
"441768","506755","3132.80",".00",".00",".00",".00","3132.80","895.65",".00",".00","895.65","2237.15",".00","3082.80","50.00",".00","50.00","3132.80",".00","895.65","895.65","2237.15","","{498EEA6A-1614-55ED-F111-E3E60D11FF34}"
"441769","506756","2194.98","545.45",".00",".00","545.45","2740.43",".00",".00",".00",".00","2740.43",".00","3082.80","50.00","545.45","595.45","3678.25","937.82",".00","937.82","2740.43","","{586EBD52-3F42-B53A-6077-2C11AEE568B9}"
"441771","506759","83292.56","675.20",".00",".00","675.20","83967.76",".00",".00",".00",".00","83967.76",".00","81593.31","2751.00","675.20","3426.20","85019.51","1051.75",".00","1051.75","83967.76","","{4D026CC7-E839-7883-8456-C6775C9F9BF8}"
"441773","506761","150.00",".00",".00",".00",".00","150.00",".00",".00",".00",".00","150.00",".00","150.00",".00",".00",".00","150.00",".00",".00",".00","150.00","","{E31301B2-0368-BDBC-E108-AAA111D3324F}"
"441782","506780","640.66",".00",".00",".00",".00","640.66","640.66",".00",".00","640.66",".00",".00","2455.24",".00",".00",".00","2455.24","1814.58","640.66","2455.24",".00","","{F36D04F3-9F28-EC80-3D7E-8979C485C497}"
"441788","506788","741.80",".00",".00",".00",".00","741.80",".00",".00",".00",".00","741.80",".00","741.80",".00",".00",".00","741.80",".00",".00",".00","741.80","","{20368F50-7A36-C1D6-B77B-04F2DC4C8131}"
"441796","506805","2511.96",".00",".00",".00",".00","2511.96",".00",".00",".00",".00","2511.96",".00","2511.96",".00",".00",".00","2511.96",".00",".00",".00","2511.96","","{D991ABAD-0FA9-18E1-99A4-79757453D453}"
"441797","506807","21643.69",".00",".00",".00",".00","21643.69","1000.00",".00",".00","1000.00","20643.69",".00","21643.69",".00",".00",".00","21643.69",".00","1000.00","1000.00","20643.69","","{C2C55983-FDD7-115C-E769-24DBE55B1FB4}"
"441799","506812","160.00",".00",".00",".00",".00","160.00",".00",".00",".00",".00","160.00",".00","160.00",".00",".00",".00","160.00",".00",".00",".00","160.00","","{04E8F7EB-12A4-6EAC-14C6-4986BFF2ECAC}"
"441803","506817","16435.45","18570.00",".00",".00","18570.00","35005.45","20388.19",".00",".00","20388.19","14617.26","10000.00","37360.63","51190.00","18570.00","69760.00","107120.63","72115.18","20388.19","92503.37","14617.26","","{05E1DDA8-CFE5-D66E-24B1-22715D830DE1}"
"441822","506842","1343.02",".00",".00",".00",".00","1343.02",".00",".00",".00",".00","1343.02",".00","1343.02",".00",".00",".00","1343.02",".00",".00",".00","1343.02","","{3A7F1564-3784-2F32-BC12-68248477AEA9}"
"441823","506843","1343.02",".00",".00",".00",".00","1343.02",".00",".00",".00",".00","1343.02",".00","1343.02",".00",".00",".00","1343.02",".00",".00",".00","1343.02","","{3A7F1564-3784-2F32-BC12-68248477AEA9}"
"441824","506844","1343.02",".00",".00",".00",".00","1343.02",".00",".00",".00",".00","1343.02",".00","1343.02",".00",".00",".00","1343.02",".00",".00",".00","1343.02","","{1899CDF1-856C-F475-4153-1A4C4D0B1FD3}"
"441826","506847","2409.14",".00",".00",".00",".00","2409.14",".00",".00",".00",".00","2409.14",".00","2409.14",".00",".00",".00","2409.14",".00",".00",".00","2409.14","","{2715AC42-4E37-8A54-5B55-359D22DB2115}"
"441828","506872","185.00",".00",".00",".00",".00","185.00",".00",".00",".00",".00","185.00",".00","185.00",".00",".00",".00","185.00",".00",".00",".00","185.00","","{DABC6716-C24B-BAF6-BFF2-8744AC80BACD}"
"441829","506873",".00",".00",".00",".00",".00",".00",".00",".00",".00",".00",".00",".00",".00",".00",".00",".00",".00",".00",".00",".00",".00","","{7FE76FE3-C5FA-0710-D920-6E162EC4774E}"
"441830","506874",".00",".00",".00",".00",".00",".00",".00",".00",".00",".00",".00",".00",".00",".00",".00",".00",".00",".00",".00",".00",".00","","{7FE76FE3-C5FA-0710-D920-6E162EC4774E}"
"441831","506875","625.38","629.89",".00",".00","629.89","1255.27","917.81",".00",".00","917.81","337.46",".00",".00","3141.61","629.89","3771.50","3771.50","2516.23","917.81","3434.04","337.46","","{3B737DCF-5F9F-986D-8041-A686C614407E}"
"441832","506876","13338.42","4400.00","10.83",".00","4410.83","17749.25","25.00",".00",".00","25.00","17724.25",".00","12928.45","17005.83","4410.83","21416.66","34345.11","16595.86","25.00","16620.86","17724.25","","{E02E417B-449F-2428-660A-6F112B853602}"
"441836","506886","21562.23",".00",".00",".00",".00","21562.23",".00",".00",".00",".00","21562.23",".00","21928.96","70.00",".00","70.00","21998.96","436.73",".00","436.73","21562.23","","{1181956A-4B6E-F1A5-D845-1EE99F846D79}"
"441842","506892",".00",".00",".00",".00",".00",".00",".00",".00",".00",".00",".00",".00",".00",".00",".00",".00",".00",".00",".00",".00",".00","","{31934703-5FE4-251B-8FA4-7B337856FB85}"
"441844","506894",".00",".00",".00",".00",".00",".00",".00",".00",".00",".00",".00",".00",".00",".00",".00",".00",".00",".00",".00",".00",".00","","{EA48C184-B93D-D2A4-B334-113BEDC09689}"
"441845","506895",".00",".00",".00",".00",".00",".00",".00",".00",".00",".00",".00",".00",".00",".00",".00",".00",".00",".00",".00",".00",".00","","{EA48C184-B93D-D2A4-B334-113BEDC09689}"
"441847","506899",".00",".00",".00",".00",".00",".00",".00",".00",".00",".00",".00",".00",".00",".00",".00",".00",".00",".00",".00",".00",".00","","{2585FFB2-8A7C-7DC2-4243-5E9641DC140A}"
"441851","506904","14617.26","2000.00",".00",".00","2000.00","16617.26","1750.00","10000.00","4867.26","16617.26",".00",".00","37360.63","69760.00","2000.00","71760.00","109120.63","92503.37","16617.26","109120.63",".00","","{537D03F5-066B-2DD1-7481-61D60BA89041}"
"441854","506911","544.61","9862.38",".00",".00","9862.38","10406.99","4215.15",".00",".00","4215.15","6191.84",".00",".00","63282.26","9862.38","73144.64","73144.64","62737.65","4215.15","66952.80","6191.84","","{7883877B-83CB-82BA-11BF-75F7B86E6170}"
"441855","506912","6191.84","10.00",".00",".00","10.00","6201.84","1700.00",".00",".00","1700.00","4501.84",".00",".00","73144.64","10.00","73154.64","73154.64","66952.80","1700.00","68652.80","4501.84","","{246362B4-EAF5-0CA0-714C-33392A5526C7}"
"441858","506915","4501.84",".00",".00",".00",".00","4501.84",".00",".00",".00",".00","4501.84",".00",".00","73154.64",".00","73154.64","73154.64","68652.80",".00","68652.80","4501.84","","{2F3F78E6-F7B7-DF78-B8D8-F2D0B3BCB7E3}"
"441859","506916","4501.84",".00",".00",".00",".00","4501.84","443.37",".00",".00","443.37","4058.47",".00",".00","73154.64",".00","73154.64","73154.64","68652.80","443.37","69096.17","4058.47","","{435CE117-576E-9A7A-B2A7-895718C618E7}"
"441860","506917","4501.84",".00",".00",".00",".00","4501.84","443.37",".00",".00","443.37","4058.47",".00",".00","73154.64",".00","73154.64","73154.64","68652.80","443.37","69096.17","4058.47","","{435CE117-576E-9A7A-B2A7-895718C618E7}"
"441861","506918","4058.47",".00",".00",".00",".00","4058.47",".00",".00",".00",".00","4058.47",".00",".00","73154.64",".00","73154.64","73154.64","69096.17",".00","69096.17","4058.47","","{E5123F1B-8549-38EB-EA7F-C89BEDA94375}"
"441862","506919","4058.47",".00",".00",".00",".00","4058.47",".00",".00",".00",".00","4058.47",".00",".00","73154.64",".00","73154.64","73154.64","69096.17",".00","69096.17","4058.47","","{247C077D-B1FC-1CDC-149E-65D1D729369E}"
"441863","506920","4058.47",".00",".00",".00",".00","4058.47",".00",".00",".00",".00","4058.47",".00",".00","73154.64",".00","73154.64","73154.64","69096.17",".00","69096.17","4058.47","","{247C077D-B1FC-1CDC-149E-65D1D729369E}"
"441865","506922","4058.47",".00",".00",".00",".00","4058.47",".00",".00",".00",".00","4058.47",".00",".00","73154.64",".00","73154.64","73154.64","69096.17",".00","69096.17","4058.47","","{247C077D-B1FC-1CDC-149E-65D1D729369E}"
"441866","506923","4058.47",".00",".00",".00",".00","4058.47",".00",".00",".00",".00","4058.47",".00","4058.47",".00",".00",".00","4058.47",".00",".00",".00","4058.47","","{B1CBA7E7-3297-F65A-DE50-4B2693C7A2F4}"
"441868","506925","4058.47",".00",".00",".00",".00","4058.47",".00",".00",".00",".00","4058.47",".00","4058.47",".00",".00",".00","4058.47",".00",".00",".00","4058.47","","{B1CBA7E7-3297-F65A-DE50-4B2693C7A2F4}"
"441870","506927","4058.47",".00",".00",".00",".00","4058.47",".00",".00",".00",".00","4058.47",".00","4058.47",".00",".00",".00","4058.47",".00",".00",".00","4058.47","","{B1CBA7E7-3297-F65A-DE50-4B2693C7A2F4}"
"441871","506928","4058.47",".00",".00",".00",".00","4058.47","443.85",".00",".00","443.85","3614.62",".00","4058.47",".00",".00",".00","4058.47",".00","443.85","443.85","3614.62","","{A8D1884B-743B-AB48-FBC5-1F4FC67D7CA1}"
"441872","506929","4058.47",".00",".00",".00",".00","4058.47","443.85",".00",".00","443.85","3614.62",".00","4058.47",".00",".00",".00","4058.47",".00","443.85","443.85","3614.62","","{A8D1884B-743B-AB48-FBC5-1F4FC67D7CA1}"
"441873","506931","4058.47",".00",".00",".00",".00","4058.47","443.85",".00",".00","443.85","3614.62",".00","4058.47",".00",".00",".00","4058.47",".00","443.85","443.85","3614.62","","{A8D1884B-743B-AB48-FBC5-1F4FC67D7CA1}"
"441874","506932","3614.62",".00",".00",".00",".00","3614.62",".00",".00",".00",".00","3614.62",".00","4058.47",".00",".00",".00","4058.47","443.85",".00","443.85","3614.62","","{2E82C581-9709-2D9B-F848-B2F781077072}"
"441875","506933","3614.62",".00",".00",".00",".00","3614.62",".00",".00",".00",".00","3614.62",".00","4058.47",".00",".00",".00","4058.47","443.85",".00","443.85","3614.62","","{2E82C581-9709-2D9B-F848-B2F781077072}"
"441876","506935","3614.62",".00",".00",".00",".00","3614.62",".00",".00",".00",".00","3614.62",".00","4058.47",".00",".00",".00","4058.47","443.85",".00","443.85","3614.62","","{2E82C581-9709-2D9B-F848-B2F781077072}"
"441878","506937","3614.62",".00",".00",".00",".00","3614.62","299.85",".00",".00","299.85","3314.77",".00","4058.47",".00",".00",".00","4058.47","443.85","299.85","743.70","3314.77","","{F4CD7809-2583-7ADC-2E04-356884692D90}"
"441879","506938","3614.62",".00",".00",".00",".00","3614.62","299.85",".00",".00","299.85","3314.77",".00","4058.47",".00",".00",".00","4058.47","443.85","299.85","743.70","3314.77","","{F4CD7809-2583-7ADC-2E04-356884692D90}"
"441880","506939","3314.77",".00",".00",".00",".00","3314.77",".00",".00",".00",".00","3314.77",".00","4058.47",".00",".00",".00","4058.47","743.70",".00","743.70","3314.77","","{07BC3A34-AD51-F1FB-2C45-B1BD9225D016}"
"441881","506940","3314.77",".00",".00",".00",".00","3314.77",".00",".00",".00",".00","3314.77",".00","4058.47",".00",".00",".00","4058.47","743.70",".00","743.70","3314.77","","{07BC3A34-AD51-F1FB-2C45-B1BD9225D016}"
"441882","506941","3314.77",".00",".00",".00",".00","3314.77",".00",".00",".00",".00","3314.77",".00","4058.47",".00",".00",".00","4058.47","743.70",".00","743.70","3314.77","","{07BC3A34-AD51-F1FB-2C45-B1BD9225D016}"
"441895","506958","13.39","3069.52",".00",".00","3069.52","3082.91","2012.53",".00",".00","2012.53","1070.38",".00","522.21","4604.50","3069.52","7674.02","8196.23","5113.32","2012.53","7125.85","1070.38","","{BD977533-C919-9B22-5454-AD94C26541A7}"
"441905","506971",".00","1000.00",".00",".00","1000.00","1000.00",".00",".00",".00",".00","1000.00",".00",".00",".00","1000.00","1000.00","1000.00",".00",".00",".00","1000.00","","{48F57EDE-3E33-E27C-944E-F3E5BE42EB07}"
